ID_Registro,Nombre_Estudiante,Email_Estudiante,Curso_Asignado,Profesor_Curso,Email_Profesor,Departamento,Aula,Estado_Pago,Metodo_Pago
10001,Diego luna,Dluna@email.com,Redes ii,Lic. martínez,Martinez@uni.com,Telecom,B-202,Pagado,Efectivo
10002,Sofía vega,S.vega@email.com,Base de datos i,Ing. garcía,Garcia@uni.com,Sistemas,A-101,Cancelado,Transferencia
10003,Ana torres,Ana.t@email.com,Base de datos i,Ing. garcía,Garcia@uni.com,Sistemas,A-101,Pagado,Efectivo
10004,Laura paz,L.paz@email.com,Ia aplicada,Dra. chen,Drchen@uni.com,Sistemas,C-303,Pendiente,Efectivo
10005,Luis gómez,Luis.g@email.com,Ia aplicada,Dra. chen,Drchen@uni.com,Sistemas,C-303,Pagado,Transferencia
10006,Ana torres,Ana.t@email.com,Ia aplicada,Dra. chen,Drchen@uni.com,Sistemas,C-303,Cancelado,Transferencia
10007,Pedro soto,Psoto@email.com,Redes ii,Lic. martínez,Martinez@uni.com,Telecom,B-202,Pagado,Transferencia
10008,Elena díaz,E.diaz@email.com,Ia aplicada,Dra. chen,Drchen@uni.com,Sistemas,C-303,Cancelado,Transferencia
10009,Carlos ruiz,Cruiz@email.com,Redes ii,Lic. martínez,Martinez@uni.com,Telecom,B-202,Cancelado,Transferencia
10010,Pedro soto,Psoto@email.com,Redes ii,Lic. martínez,Martinez@uni.com,Telecom,B-202,Pagado,Efectivo
10011,Ana torres,Ana.t@email.com,Matemáticas iii,Dr. gómez,Gomez@uni.com,Ciencias,D-404,Cancelado,Efectivo
10012,María lópez,M.lopez@email.com,Base de datos i,Ing. garcía,Garcia@uni.com,Sistemas,A-101,Cancelado,Efectivo
10013,María lópez,M.lopez@email.com,Redes ii,Lic. martínez,Martinez@uni.com,Telecom,B-202,Cancelado,Transferencia
10014,Ana torres,Ana.t@email.com,Matemáticas iii,Dr. gómez,Gomez@uni.com,Ciencias,D-404,Pagado,Efectivo
10015,Elena díaz,E.diaz@email.com,Ia aplicada,Dra. chen,Drchen@uni.com,Sistemas,C-303,Pendiente,Efectivo
10016,Diego luna,Dluna@email.com,Redes ii,Lic. martínez,Martinez@uni.com,Telecom,B-202,Cancelado,Efectivo
10017,Carlos ruiz,Cruiz@email.com,Ia aplicada,Dra. chen,Drchen@uni.com,Sistemas,C-303,Cancelado,Efectivo
10018,Laura paz,L.paz@email.com,Base de datos i,Ing. garcía,Garcia@uni.com,Sistemas,A-101,Cancelado,Tarjeta
10019,Ana torres,Ana.t@email.com,Redes ii,Lic. martínez,Martinez@uni.com,Telecom,B-202,Pendiente,Transferencia
10020,Pedro soto,Psoto@email.com,Matemáticas iii,Dr. gómez,Gomez@uni.com,Ciencias,D-404,Pendiente,Efectivo
10021,Sofía vega,S.vega@email.com,Redes ii,Lic. martínez,Martinez@uni.com,Telecom,B-202,Cancelado,Efectivo
10022,Pedro soto,Psoto@email.com,Base de datos i,Ing. garcía,Garcia@uni.com,Sistemas,A-101,Pendiente,Transferencia
10023,Ana torres,Ana.t@email.com,Ia aplicada,Dra. chen,Drchen@uni.com,Sistemas,C-303,Pagado,Tarjeta
10024,Pedro soto,Psoto@email.com,Matemáticas iii,Dr. gómez,Gomez@uni.com,Ciencias,D-404,Pagado,Tarjeta
10025,Pedro soto,Psoto@email.com,Base de datos i,Ing. garcía,Garcia@uni.com,Sistemas,A-101,Pagado,Efectivo
10026,María lópez,M.lopez@email.com,Base de datos i,Ing. garcía,Garcia@uni.com,Sistemas,A-101,Cancelado,Efectivo
10027,Juan pérez,Juan.p@email.com,Ia aplicada,Dra. chen,Drchen@uni.com,Sistemas,C-303,Pendiente,Tarjeta
10028,Diego luna,Dluna@email.com,Matemáticas iii,Dr. gómez,Gomez@uni.com,Ciencias,D-404,Cancelado,Transferencia
10029,María lópez,M.lopez@email.com,Matemáticas iii,Dr. gómez,Gomez@uni.com,Ciencias,D-404,Pendiente,Tarjeta
10030,Carlos ruiz,Cruiz@email.com,Matemáticas iii,Dr. gómez,Gomez@uni.com,Ciencias,D-404,Pendiente,Tarjeta
10031,Luis gómez,Luis.g@email.com,Matemáticas iii,Dr. gómez,Gomez@uni.com,Ciencias,D-404,Cancelado,Efectivo
10032,Sofía vega,S.vega@email.com,Redes ii,Lic. martínez,Martinez@uni.com,Telecom,B-202,Pendiente,Transferencia
10033,Pedro soto,Psoto@email.com,Ia aplicada,Dra. chen,Drchen@uni.com,Sistemas,C-303,Pagado,Transferencia
10034,Sofía vega,S.vega@email.com,Redes ii,Lic. martínez,Martinez@uni.com,Telecom,B-202,Pendiente,Efectivo
10035,Diego luna,Dluna@email.com,Matemáticas iii,Dr. gómez,Gomez@uni.com,Ciencias,D-404,Cancelado,Efectivo
10036,Ana torres,Ana.t@email.com,Matemáticas iii,Dr. gómez,Gomez@uni.com,Ciencias,D-404,Pagado,Tarjeta
10037,María lópez,M.lopez@email.com,Matemáticas iii,Dr. gómez,Gomez@uni.com,Ciencias,D-404,Cancelado,Tarjeta
10038,Elena díaz,E.diaz@email.com,Matemáticas iii,Dr. gómez,Gomez@uni.com,Ciencias,D-404,Pendiente,Transferencia
10039,Pedro soto,Psoto@email.com,Base de datos i,Ing. garcía,Garcia@uni.com,Sistemas,A-101,Pendiente,Transferencia
10040,Ana torres,Ana.t@email.com,Matemáticas iii,Dr. gómez,Gomez@uni.com,Ciencias,D-404,Pagado,Tarjeta
10041,María lópez,M.lopez@email.com,Matemáticas iii,Dr. gómez,Gomez@uni.com,Ciencias,D-404,Pagado,Tarjeta
10042,Laura paz,L.paz@email.com,Ia aplicada,Dra. chen,Drchen@uni.com,Sistemas,C-303,Cancelado,Efectivo
10043,Sofía vega,S.vega@email.com,Redes ii,Lic. martínez,Martinez@uni.com,Telecom,B-202,Pagado,Transferencia
10044,Laura paz,L.paz@email.com,Base de datos i,Ing. garcía,Garcia@uni.com,Sistemas,A-101,Cancelado,Transferencia
10045,María lópez,M.lopez@email.com,Redes ii,Lic. martínez,Martinez@uni.com,Telecom,B-202,Pagado,Tarjeta
10046,María lópez,M.lopez@email.com,Redes ii,Lic. martínez,Martinez@uni.com,Telecom,B-202,Pendiente,Efectivo
10047,Juan pérez,Juan.p@email.com,Base de datos i,Ing. garcía,Garcia@uni.com,Sistemas,A-101,Cancelado,Efectivo
10048,Juan pérez,Juan.p@email.com,Matemáticas iii,Dr. gómez,Gomez@uni.com,Ciencias,D-404,Pendiente,Transferencia
10049,Diego luna,Dluna@email.com,Redes ii,Lic. martínez,Martinez@uni.com,Telecom,B-202,Pagado,Transferencia
10050,Laura paz,L.paz@email.com,Matemáticas iii,Dr. gómez,Gomez@uni.com,Ciencias,D-404,Pagado,Transferencia
10051,Elena díaz,E.diaz@email.com,Ia aplicada,Dra. chen,Drchen@uni.com,Sistemas,C-303,Cancelado,Transferencia
10052,Elena díaz,E.diaz@email.com,Redes ii,Lic. martínez,Martinez@uni.com,Telecom,B-202,Pendiente,Transferencia
10053,Carlos ruiz,Cruiz@email.com,Matemáticas iii,Dr. gómez,Gomez@uni.com,Ciencias,D-404,Cancelado,Tarjeta
10054,Ana torres,Ana.t@email.com,Base de datos i,Ing. garcía,Garcia@uni.com,Sistemas,A-101,Pagado,Tarjeta
10055,Juan pérez,Juan.p@email.com,Base de datos i,Ing. garcía,Garcia@uni.com,Sistemas,A-101,Pendiente,Efectivo
10056,Diego luna,Dluna@email.com,Base de datos i,Ing. garcía,Garcia@uni.com,Sistemas,A-101,Pagado,Transferencia
10057,Luis gómez,Luis.g@email.com,Ia aplicada,Dra. chen,Drchen@uni.com,Sistemas,C-303,Pendiente,Transferencia
10058,Ana torres,Ana.t@email.com,Redes ii,Lic. martínez,Martinez@uni.com,Telecom,B-202,Cancelado,Transferencia
10059,Elena díaz,E.diaz@email.com,Matemáticas iii,Dr. gómez,Gomez@uni.com,Ciencias,D-404,Cancelado,Tarjeta
10060,Pedro soto,Psoto@email.com,Redes ii,Lic. martínez,Martinez@uni.com,Telecom,B-202,Cancelado,Transferencia
10061,Pedro soto,Psoto@email.com,Redes ii,Lic. martínez,Martinez@uni.com,Telecom,B-202,Cancelado,Tarjeta
10062,Elena díaz,E.diaz@email.com,Matemáticas iii,Dr. gómez,Gomez@uni.com,Ciencias,D-404,Pagado,Transferencia
10063,Elena díaz,E.diaz@email.com,Ia aplicada,Dra. chen,Drchen@uni.com,Sistemas,C-303,Pagado,Efectivo
10064,Laura paz,L.paz@email.com,Matemáticas iii,Dr. gómez,Gomez@uni.com,Ciencias,D-404,Pagado,Efectivo
10065,Elena díaz,E.diaz@email.com,Base de datos i,Ing. garcía,Garcia@uni.com,Sistemas,A-101,Pagado,Transferencia
10066,Ana torres,Ana.t@email.com,Matemáticas iii,Dr. gómez,Gomez@uni.com,Ciencias,D-404,Cancelado,Tarjeta
10067,Luis gómez,Luis.g@email.com,Ia aplicada,Dra. chen,Drchen@uni.com,Sistemas,C-303,Pagado,Tarjeta
10068,Luis gómez,Luis.g@email.com,Ia aplicada,Dra. chen,Drchen@uni.com,Sistemas,C-303,Cancelado,Efectivo
10069,María lópez,M.lopez@email.com,Base de datos i,Ing. garcía,Garcia@uni.com,Sistemas,A-101,Cancelado,Tarjeta
10070,Luis gómez,Luis.g@email.com,Base de datos i,Ing. garcía,Garcia@uni.com,Sistemas,A-101,Cancelado,Efectivo
10071,María lópez,M.lopez@email.com,Base de datos i,Ing. garcía,Garcia@uni.com,Sistemas,A-101,Cancelado,Tarjeta
10072,Sofía vega,S.vega@email.com,Matemáticas iii,Dr. gómez,Gomez@uni.com,Ciencias,D-404,Pagado,Transferencia
10073,Diego luna,Dluna@email.com,Base de datos i,Ing. garcía,Garcia@uni.com,Sistemas,A-101,Cancelado,Transferencia
10074,Luis gómez,Luis.g@email.com,Redes ii,Lic. martínez,Martinez@uni.com,Telecom,B-202,Pendiente,Efectivo
10075,Pedro soto,Psoto@email.com,Redes ii,Lic. martínez,Martinez@uni.com,Telecom,B-202,Cancelado,Transferencia
10076,Carlos ruiz,Cruiz@email.com,Ia aplicada,Dra. chen,Drchen@uni.com,Sistemas,C-303,Cancelado,Efectivo
10077,Carlos ruiz,Cruiz@email.com,Matemáticas iii,Dr. gómez,Gomez@uni.com,Ciencias,D-404,Pagado,Tarjeta
10078,Ana torres,Ana.t@email.com,Base de datos i,Ing. garcía,Garcia@uni.com,Sistemas,A-101,Cancelado,Tarjeta
10079,Pedro soto,Psoto@email.com,Ia aplicada,Dra. chen,Drchen@uni.com,Sistemas,C-303,Pagado,Efectivo
10080,Ana torres,Ana.t@email.com,Ia aplicada,Dra. chen,Drchen@uni.com,Sistemas,C-303,Cancelado,Tarjeta
10081,Sofía vega,S.vega@email.com,Ia aplicada,Dra. chen,Drchen@uni.com,Sistemas,C-303,Cancelado,Efectivo
10082,Luis gómez,Luis.g@email.com,Ia aplicada,Dra. chen,Drchen@uni.com,Sistemas,C-303,Cancelado,Transferencia
10083,María lópez,M.lopez@email.com,Matemáticas iii,Dr. gómez,Gomez@uni.com,Ciencias,D-404,Cancelado,Tarjeta
10084,Laura paz,L.paz@email.com,Base de datos i,Ing. garcía,Garcia@uni.com,Sistemas,A-101,Pagado,Tarjeta
10085,Laura paz,L.paz@email.com,Base de datos i,Ing. garcía,Garcia@uni.com,Sistemas,A-101,Pendiente,Transferencia
10086,Carlos ruiz,Cruiz@email.com,Matemáticas iii,Dr. gómez,Gomez@uni.com,Ciencias,D-404,Pagado,Efectivo
10087,Elena díaz,E.diaz@email.com,Ia aplicada,Dra. chen,Drchen@uni.com,Sistemas,C-303,Pagado,Transferencia
10088,Diego luna,Dluna@email.com,Base de datos i,Ing. garcía,Garcia@uni.com,Sistemas,A-101,Pendiente,Tarjeta
10089,Carlos ruiz,Cruiz@email.com,Redes ii,Lic. martínez,Martinez@uni.com,Telecom,B-202,Pagado,Transferencia
10090,Diego luna,Dluna@email.com,Base de datos i,Ing. garcía,Garcia@uni.com,Sistemas,A-101,Pendiente,Transferencia
10091,María lópez,M.lopez@email.com,Matemáticas iii,Dr. gómez,Gomez@uni.com,Ciencias,D-404,Pagado,Efectivo
10092,Diego luna,Dluna@email.com,Base de datos i,Ing. garcía,Garcia@uni.com,Sistemas,A-101,Cancelado,Transferencia
10093,Sofía vega,S.vega@email.com,Matemáticas iii,Dr. gómez,Gomez@uni.com,Ciencias,D-404,Pagado,Efectivo
10094,Sofía vega,S.vega@email.com,Matemáticas iii,Dr. gómez,Gomez@uni.com,Ciencias,D-404,Pagado,Efectivo
10095,Juan pérez,Juan.p@email.com,Ia aplicada,Dra. chen,Drchen@uni.com,Sistemas,C-303,Pagado,Tarjeta
10096,Sofía vega,S.vega@email.com,Ia aplicada,Dra. chen,Drchen@uni.com,Sistemas,C-303,Pendiente,Efectivo
10097,Elena díaz,E.diaz@email.com,Redes ii,Lic. martínez,Martinez@uni.com,Telecom,B-202,Pagado,Transferencia
10098,Pedro soto,Psoto@email.com,Ia aplicada,Dra. chen,Drchen@uni.com,Sistemas,C-303,Pagado,Efectivo
10099,Pedro soto,Psoto@email.com,Matemáticas iii,Dr. gómez,Gomez@uni.com,Ciencias,D-404,Pendiente,Transferencia
10100,Sofía vega,S.vega@email.com,Base de datos i,Ing. garcía,Garcia@uni.com,Sistemas,A-101,Cancelado,Transferencia
10101,Diego luna,Dluna@email.com,Redes ii,Lic. martínez,Martinez@uni.com,Telecom,B-202,Cancelado,Efectivo
10102,Sofía vega,S.vega@email.com,Base de datos i,Ing. garcía,Garcia@uni.com,Sistemas,A-101,Cancelado,Tarjeta
10103,Carlos ruiz,Cruiz@email.com,Matemáticas iii,Dr. gómez,Gomez@uni.com,Ciencias,D-404,Cancelado,Tarjeta
10104,Laura paz,L.paz@email.com,Base de datos i,Ing. garcía,Garcia@uni.com,Sistemas,A-101,Cancelado,Transferencia
10105,Carlos ruiz,Cruiz@email.com,Ia aplicada,Dra. chen,Drchen@uni.com,Sistemas,C-303,Cancelado,Transferencia
10106,Carlos ruiz,Cruiz@email.com,Redes ii,Lic. martínez,Martinez@uni.com,Telecom,B-202,Cancelado,Transferencia
10107,Sofía vega,S.vega@email.com,Ia aplicada,Dra. chen,Drchen@uni.com,Sistemas,C-303,Pendiente,Transferencia
10108,Carlos ruiz,Cruiz@email.com,Ia aplicada,Dra. chen,Drchen@uni.com,Sistemas,C-303,Pagado,Tarjeta
10109,Diego luna,Dluna@email.com,Base de datos i,Ing. garcía,Garcia@uni.com,Sistemas,A-101,Cancelado,Tarjeta
10110,Sofía vega,S.vega@email.com,Matemáticas iii,Dr. gómez,Gomez@uni.com,Ciencias,D-404,Pendiente,Tarjeta
10111,Ana torres,Ana.t@email.com,Ia aplicada,Dra. chen,Drchen@uni.com,Sistemas,C-303,Pagado,Tarjeta
10112,Pedro soto,Psoto@email.com,Redes ii,Lic. martínez,Martinez@uni.com,Telecom,B-202,Pendiente,Tarjeta
10113,Diego luna,Dluna@email.com,Ia aplicada,Dra. chen,Drchen@uni.com,Sistemas,C-303,Cancelado,Tarjeta
10114,Sofía vega,S.vega@email.com,Matemáticas iii,Dr. gómez,Gomez@uni.com,Ciencias,D-404,Pendiente,Tarjeta
10115,María lópez,M.lopez@email.com,Base de datos i,Ing. garcía,Garcia@uni.com,Sistemas,A-101,Pagado,Tarjeta
10116,Diego luna,Dluna@email.com,Base de datos i,Ing. garcía,Garcia@uni.com,Sistemas,A-101,Cancelado,Transferencia
10117,Sofía vega,S.vega@email.com,Base de datos i,Ing. garcía,Garcia@uni.com,Sistemas,A-101,Pendiente,Transferencia
10118,Laura paz,L.paz@email.com,Redes ii,Lic. martínez,Martinez@uni.com,Telecom,B-202,Pagado,Transferencia
10119,Pedro soto,Psoto@email.com,Redes ii,Lic. martínez,Martinez@uni.com,Telecom,B-202,Pendiente,Transferencia
10120,Ana torres,Ana.t@email.com,Ia aplicada,Dra. chen,Drchen@uni.com,Sistemas,C-303,Pagado,Tarjeta
10121,Juan pérez,Juan.p@email.com,Matemáticas iii,Dr. gómez,Gomez@uni.com,Ciencias,D-404,Pagado,Efectivo
10122,Juan pérez,Juan.p@email.com,Redes ii,Lic. martínez,Martinez@uni.com,Telecom,B-202,Pendiente,Tarjeta
10123,Juan pérez,Juan.p@email.com,Matemáticas iii,Dr. gómez,Gomez@uni.com,Ciencias,D-404,Pendiente,Transferencia
10124,Sofía vega,S.vega@email.com,Base de datos i,Ing. garcía,Garcia@uni.com,Sistemas,A-101,Pagado,Transferencia
10125,María lópez,M.lopez@email.com,Redes ii,Lic. martínez,Martinez@uni.com,Telecom,B-202,Cancelado,Efectivo
10126,Luis gómez,Luis.g@email.com,Matemáticas iii,Dr. gómez,Gomez@uni.com,Ciencias,D-404,Pendiente,Tarjeta
10127,Laura paz,L.paz@email.com,Ia aplicada,Dra. chen,Drchen@uni.com,Sistemas,C-303,Pagado,Tarjeta
10128,Ana torres,Ana.t@email.com,Base de datos i,Ing. garcía,Garcia@uni.com,Sistemas,A-101,Cancelado,Transferencia
10129,Luis gómez,Luis.g@email.com,Ia aplicada,Dra. chen,Drchen@uni.com,Sistemas,C-303,Cancelado,Transferencia
10130,Diego luna,Dluna@email.com,Matemáticas iii,Dr. gómez,Gomez@uni.com,Ciencias,D-404,Cancelado,Tarjeta
10131,María lópez,M.lopez@email.com,Matemáticas iii,Dr. gómez,Gomez@uni.com,Ciencias,D-404,Pendiente,Tarjeta
10132,Juan pérez,Juan.p@email.com,Matemáticas iii,Dr. gómez,Gomez@uni.com,Ciencias,D-404,Pendiente,Transferencia
10133,Carlos ruiz,Cruiz@email.com,Ia aplicada,Dra. chen,Drchen@uni.com,Sistemas,C-303,Pendiente,Efectivo
10134,Diego luna,Dluna@email.com,Ia aplicada,Dra. chen,Drchen@uni.com,Sistemas,C-303,Cancelado,Transferencia
10135,Juan pérez,Juan.p@email.com,Ia aplicada,Dra. chen,Drchen@uni.com,Sistemas,C-303,Cancelado,Tarjeta
10136,Diego luna,Dluna@email.com,Base de datos i,Ing. garcía,Garcia@uni.com,Sistemas,A-101,Pendiente,Tarjeta
10137,María lópez,M.lopez@email.com,Redes ii,Lic. martínez,Martinez@uni.com,Telecom,B-202,Pagado,Tarjeta
10138,Luis gómez,Luis.g@email.com,Redes ii,Lic. martínez,Martinez@uni.com,Telecom,B-202,Pagado,Transferencia
10139,Laura paz,L.paz@email.com,Matemáticas iii,Dr. gómez,Gomez@uni.com,Ciencias,D-404,Cancelado,Transferencia
10140,Sofía vega,S.vega@email.com,Matemáticas iii,Dr. gómez,Gomez@uni.com,Ciencias,D-404,Pendiente,Efectivo
10141,Ana torres,Ana.t@email.com,Matemáticas iii,Dr. gómez,Gomez@uni.com,Ciencias,D-404,Cancelado,Transferencia
10142,María lópez,M.lopez@email.com,Matemáticas iii,Dr. gómez,Gomez@uni.com,Ciencias,D-404,Pagado,Transferencia
10143,Laura paz,L.paz@email.com,Redes ii,Lic. martínez,Martinez@uni.com,Telecom,B-202,Cancelado,Transferencia
10144,Diego luna,Dluna@email.com,Redes ii,Lic. martínez,Martinez@uni.com,Telecom,B-202,Pagado,Efectivo
10145,Laura paz,L.paz@email.com,Ia aplicada,Dra. chen,Drchen@uni.com,Sistemas,C-303,Pendiente,Tarjeta
10146,Pedro soto,Psoto@email.com,Redes ii,Lic. martínez,Martinez@uni.com,Telecom,B-202,Pendiente,Efectivo
10147,Pedro soto,Psoto@email.com,Matemáticas iii,Dr. gómez,Gomez@uni.com,Ciencias,D-404,Pendiente,Efectivo
10148,Juan pérez,Juan.p@email.com,Matemáticas iii,Dr. gómez,Gomez@uni.com,Ciencias,D-404,Pendiente,Transferencia
10149,Laura paz,L.paz@email.com,Redes ii,Lic. martínez,Martinez@uni.com,Telecom,B-202,Cancelado,Efectivo
10150,Juan pérez,Juan.p@email.com,Base de datos i,Ing. garcía,Garcia@uni.com,Sistemas,A-101,Pagado,Efectivo
10151,Carlos ruiz,Cruiz@email.com,Redes ii,Lic. martínez,Martinez@uni.com,Telecom,B-202,Pendiente,Transferencia
10152,Luis gómez,Luis.g@email.com,Base de datos i,Ing. garcía,Garcia@uni.com,Sistemas,A-101,Cancelado,Transferencia
10153,Elena díaz,E.diaz@email.com,Redes ii,Lic. martínez,Martinez@uni.com,Telecom,B-202,Pagado,Transferencia
10154,Sofía vega,S.vega@email.com,Redes ii,Lic. martínez,Martinez@uni.com,Telecom,B-202,Pendiente,Transferencia
10155,Carlos ruiz,Cruiz@email.com,Matemáticas iii,Dr. gómez,Gomez@uni.com,Ciencias,D-404,Pagado,Tarjeta
10156,Elena díaz,E.diaz@email.com,Matemáticas iii,Dr. gómez,Gomez@uni.com,Ciencias,D-404,Pagado,Efectivo
10157,Ana torres,Ana.t@email.com,Redes ii,Lic. martínez,Martinez@uni.com,Telecom,B-202,Pagado,Efectivo
10158,Diego luna,Dluna@email.com,Base de datos i,Ing. garcía,Garcia@uni.com,Sistemas,A-101,Cancelado,Tarjeta
10159,Pedro soto,Psoto@email.com,Ia aplicada,Dra. chen,Drchen@uni.com,Sistemas,C-303,Pagado,Tarjeta
10160,Diego luna,Dluna@email.com,Redes ii,Lic. martínez,Martinez@uni.com,Telecom,B-202,Pagado,Efectivo
10161,María lópez,M.lopez@email.com,Matemáticas iii,Dr. gómez,Gomez@uni.com,Ciencias,D-404,Pagado,Efectivo
10162,Juan pérez,Juan.p@email.com,Redes ii,Lic. martínez,Martinez@uni.com,Telecom,B-202,Pagado,Tarjeta
10163,Luis gómez,Luis.g@email.com,Redes ii,Lic. martínez,Martinez@uni.com,Telecom,B-202,Pendiente,Transferencia
10164,Sofía vega,S.vega@email.com,Ia aplicada,Dra. chen,Drchen@uni.com,Sistemas,C-303,Pagado,Transferencia
10165,Ana torres,Ana.t@email.com,Base de datos i,Ing. garcía,Garcia@uni.com,Sistemas,A-101,Pendiente,Transferencia
10166,María lópez,M.lopez@email.com,Matemáticas iii,Dr. gómez,Gomez@uni.com,Ciencias,D-404,Pagado,Efectivo
10167,Juan pérez,Juan.p@email.com,Base de datos i,Ing. garcía,Garcia@uni.com,Sistemas,A-101,Cancelado,Efectivo
10168,Diego luna,Dluna@email.com,Base de datos i,Ing. garcía,Garcia@uni.com,Sistemas,A-101,Pagado,Efectivo
10169,Carlos ruiz,Cruiz@email.com,Ia aplicada,Dra. chen,Drchen@uni.com,Sistemas,C-303,Pagado,Tarjeta
10170,Ana torres,Ana.t@email.com,Base de datos i,Ing. garcía,Garcia@uni.com,Sistemas,A-101,Pendiente,Tarjeta
10171,Juan pérez,Juan.p@email.com,Base de datos i,Ing. garcía,Garcia@uni.com,Sistemas,A-101,Cancelado,Efectivo
10172,Laura paz,L.paz@email.com,Base de datos i,Ing. garcía,Garcia@uni.com,Sistemas,A-101,Cancelado,Efectivo
10173,Ana torres,Ana.t@email.com,Ia aplicada,Dra. chen,Drchen@uni.com,Sistemas,C-303,Pagado,Transferencia
10174,Luis gómez,Luis.g@email.com,Ia aplicada,Dra. chen,Drchen@uni.com,Sistemas,C-303,Pendiente,Transferencia
10175,Juan pérez,Juan.p@email.com,Base de datos i,Ing. garcía,Garcia@uni.com,Sistemas,A-101,Cancelado,Tarjeta
10176,Carlos ruiz,Cruiz@email.com,Redes ii,Lic. martínez,Martinez@uni.com,Telecom,B-202,Pendiente,Efectivo
10177,Juan pérez,Juan.p@email.com,Matemáticas iii,Dr. gómez,Gomez@uni.com,Ciencias,D-404,Pagado,Efectivo
10178,María lópez,M.lopez@email.com,Base de datos i,Ing. garcía,Garcia@uni.com,Sistemas,A-101,Pendiente,Transferencia
10179,Luis gómez,Luis.g@email.com,Redes ii,Lic. martínez,Martinez@uni.com,Telecom,B-202,Pendiente,Transferencia
10180,Diego luna,Dluna@email.com,Redes ii,Lic. martínez,Martinez@uni.com,Telecom,B-202,Pagado,Efectivo
10181,Elena díaz,E.diaz@email.com,Ia aplicada,Dra. chen,Drchen@uni.com,Sistemas,C-303,Pendiente,Transferencia
10182,Laura paz,L.paz@email.com,Redes ii,Lic. martínez,Martinez@uni.com,Telecom,B-202,Pendiente,Transferencia
10183,María lópez,M.lopez@email.com,Matemáticas iii,Dr. gómez,Gomez@uni.com,Ciencias,D-404,Pendiente,Tarjeta
10184,María lópez,M.lopez@email.com,Redes ii,Lic. martínez,Martinez@uni.com,Telecom,B-202,Cancelado,Transferencia
10185,María lópez,M.lopez@email.com,Matemáticas iii,Dr. gómez,Gomez@uni.com,Ciencias,D-404,Pendiente,Efectivo
10186,Sofía vega,S.vega@email.com,Redes ii,Lic. martínez,Martinez@uni.com,Telecom,B-202,Pagado,Tarjeta
10187,Sofía vega,S.vega@email.com,Matemáticas iii,Dr. gómez,Gomez@uni.com,Ciencias,D-404,Pagado,Efectivo
10188,Ana torres,Ana.t@email.com,Base de datos i,Ing. garcía,Garcia@uni.com,Sistemas,A-101,Pagado,Tarjeta
10189,María lópez,M.lopez@email.com,Ia aplicada,Dra. chen,Drchen@uni.com,Sistemas,C-303,Cancelado,Efectivo
10190,Carlos ruiz,Cruiz@email.com,Matemáticas iii,Dr. gómez,Gomez@uni.com,Ciencias,D-404,Cancelado,Transferencia
10191,Juan pérez,Juan.p@email.com,Ia aplicada,Dra. chen,Drchen@uni.com,Sistemas,C-303,Pagado,Tarjeta
10192,Ana torres,Ana.t@email.com,Ia aplicada,Dra. chen,Drchen@uni.com,Sistemas,C-303,Pagado,Transferencia
10193,Elena díaz,E.diaz@email.com,Base de datos i,Ing. garcía,Garcia@uni.com,Sistemas,A-101,Cancelado,Efectivo
10194,Elena díaz,E.diaz@email.com,Ia aplicada,Dra. chen,Drchen@uni.com,Sistemas,C-303,Pagado,Tarjeta
10195,Luis gómez,Luis.g@email.com,Base de datos i,Ing. garcía,Garcia@uni.com,Sistemas,A-101,Pagado,Tarjeta
10196,Ana torres,Ana.t@email.com,Redes ii,Lic. martínez,Martinez@uni.com,Telecom,B-202,Pendiente,Efectivo
10197,Sofía vega,S.vega@email.com,Matemáticas iii,Dr. gómez,Gomez@uni.com,Ciencias,D-404,Cancelado,Tarjeta
10198,Ana torres,Ana.t@email.com,Ia aplicada,Dra. chen,Drchen@uni.com,Sistemas,C-303,Pagado,Efectivo
10199,Sofía vega,S.vega@email.com,Ia aplicada,Dra. chen,Drchen@uni.com,Sistemas,C-303,Cancelado,Tarjeta
10200,Elena díaz,E.diaz@email.com,Ia aplicada,Dra. chen,Drchen@uni.com,Sistemas,C-303,Pendiente,Transferencia
10201,Laura paz,L.paz@email.com,Matemáticas iii,Dr. gómez,Gomez@uni.com,Ciencias,D-404,Pendiente,Tarjeta
10202,Ana torres,Ana.t@email.com,Matemáticas iii,Dr. gómez,Gomez@uni.com,Ciencias,D-404,Pendiente,Tarjeta
10203,Carlos ruiz,Cruiz@email.com,Ia aplicada,Dra. chen,Drchen@uni.com,Sistemas,C-303,Pagado,Tarjeta
10204,Sofía vega,S.vega@email.com,Base de datos i,Ing. garcía,Garcia@uni.com,Sistemas,A-101,Pagado,Efectivo
10205,Juan pérez,Juan.p@email.com,Base de datos i,Ing. garcía,Garcia@uni.com,Sistemas,A-101,Pagado,Efectivo
10206,Pedro soto,Psoto@email.com,Redes ii,Lic. martínez,Martinez@uni.com,Telecom,B-202,Cancelado,Transferencia
10207,Diego luna,Dluna@email.com,Ia aplicada,Dra. chen,Drchen@uni.com,Sistemas,C-303,Pendiente,Transferencia
10208,Juan pérez,Juan.p@email.com,Redes ii,Lic. martínez,Martinez@uni.com,Telecom,B-202,Pagado,Efectivo
10209,Diego luna,Dluna@email.com,Base de datos i,Ing. garcía,Garcia@uni.com,Sistemas,A-101,Pendiente,Tarjeta
10210,Diego luna,Dluna@email.com,Base de datos i,Ing. garcía,Garcia@uni.com,Sistemas,A-101,Cancelado,Tarjeta
10211,Juan pérez,Juan.p@email.com,Ia aplicada,Dra. chen,Drchen@uni.com,Sistemas,C-303,Pendiente,Transferencia
10212,Pedro soto,Psoto@email.com,Ia aplicada,Dra. chen,Drchen@uni.com,Sistemas,C-303,Pendiente,Transferencia
10213,Ana torres,Ana.t@email.com,Matemáticas iii,Dr. gómez,Gomez@uni.com,Ciencias,D-404,Pendiente,Transferencia
10214,Carlos ruiz,Cruiz@email.com,Ia aplicada,Dra. chen,Drchen@uni.com,Sistemas,C-303,Cancelado,Efectivo
10215,Laura paz,L.paz@email.com,Redes ii,Lic. martínez,Martinez@uni.com,Telecom,B-202,Cancelado,Transferencia
10216,Diego luna,Dluna@email.com,Redes ii,Lic. martínez,Martinez@uni.com,Telecom,B-202,Pendiente,Efectivo
10217,Ana torres,Ana.t@email.com,Redes ii,Lic. martínez,Martinez@uni.com,Telecom,B-202,Pendiente,Efectivo
10218,Juan pérez,Juan.p@email.com,Redes ii,Lic. martínez,Martinez@uni.com,Telecom,B-202,Cancelado,Transferencia
10219,Laura paz,L.paz@email.com,Redes ii,Lic. martínez,Martinez@uni.com,Telecom,B-202,Pagado,Efectivo
10220,Diego luna,Dluna@email.com,Ia aplicada,Dra. chen,Drchen@uni.com,Sistemas,C-303,Cancelado,Efectivo
10221,Diego luna,Dluna@email.com,Base de datos i,Ing. garcía,Garcia@uni.com,Sistemas,A-101,Pagado,Efectivo
10222,Laura paz,L.paz@email.com,Base de datos i,Ing. garcía,Garcia@uni.com,Sistemas,A-101,Pagado,Efectivo
10223,Luis gómez,Luis.g@email.com,Matemáticas iii,Dr. gómez,Gomez@uni.com,Ciencias,D-404,Pagado,Tarjeta
10224,María lópez,M.lopez@email.com,Base de datos i,Ing. garcía,Garcia@uni.com,Sistemas,A-101,Pagado,Transferencia
10225,Ana torres,Ana.t@email.com,Ia aplicada,Dra. chen,Drchen@uni.com,Sistemas,C-303,Pagado,Efectivo
10226,Carlos ruiz,Cruiz@email.com,Redes ii,Lic. martínez,Martinez@uni.com,Telecom,B-202,Cancelado,Efectivo
10227,María lópez,M.lopez@email.com,Redes ii,Lic. martínez,Martinez@uni.com,Telecom,B-202,Cancelado,Efectivo
10228,Laura paz,L.paz@email.com,Redes ii,Lic. martínez,Martinez@uni.com,Telecom,B-202,Pagado,Transferencia
10229,Pedro soto,Psoto@email.com,Ia aplicada,Dra. chen,Drchen@uni.com,Sistemas,C-303,Pendiente,Efectivo
10230,Juan pérez,Juan.p@email.com,Redes ii,Lic. martínez,Martinez@uni.com,Telecom,B-202,Cancelado,Transferencia
10231,Diego luna,Dluna@email.com,Matemáticas iii,Dr. gómez,Gomez@uni.com,Ciencias,D-404,Pendiente,Tarjeta
10232,Pedro soto,Psoto@email.com,Ia aplicada,Dra. chen,Drchen@uni.com,Sistemas,C-303,Cancelado,Efectivo
10233,Pedro soto,Psoto@email.com,Matemáticas iii,Dr. gómez,Gomez@uni.com,Ciencias,D-404,Pendiente,Tarjeta
10234,Sofía vega,S.vega@email.com,Matemáticas iii,Dr. gómez,Gomez@uni.com,Ciencias,D-404,Cancelado,Efectivo
10235,María lópez,M.lopez@email.com,Base de datos i,Ing. garcía,Garcia@uni.com,Sistemas,A-101,Pagado,Transferencia
10236,Ana torres,Ana.t@email.com,Ia aplicada,Dra. chen,Drchen@uni.com,Sistemas,C-303,Pagado,Transferencia
10237,Luis gómez,Luis.g@email.com,Redes ii,Lic. martínez,Martinez@uni.com,Telecom,B-202,Pagado,Transferencia
10238,Juan pérez,Juan.p@email.com,Redes ii,Lic. martínez,Martinez@uni.com,Telecom,B-202,Pagado,Transferencia
10239,María lópez,M.lopez@email.com,Matemáticas iii,Dr. gómez,Gomez@uni.com,Ciencias,D-404,Cancelado,Transferencia
10240,María lópez,M.lopez@email.com,Ia aplicada,Dra. chen,Drchen@uni.com,Sistemas,C-303,Cancelado,Tarjeta
10241,Ana torres,Ana.t@email.com,Base de datos i,Ing. garcía,Garcia@uni.com,Sistemas,A-101,Pendiente,Tarjeta
10242,Ana torres,Ana.t@email.com,Ia aplicada,Dra. chen,Drchen@uni.com,Sistemas,C-303,Pagado,Tarjeta
10243,Carlos ruiz,Cruiz@email.com,Base de datos i,Ing. garcía,Garcia@uni.com,Sistemas,A-101,Cancelado,Tarjeta
10244,Sofía vega,S.vega@email.com,Redes ii,Lic. martínez,Martinez@uni.com,Telecom,B-202,Pagado,Efectivo
10245,Elena díaz,E.diaz@email.com,Ia aplicada,Dra. chen,Drchen@uni.com,Sistemas,C-303,Pagado,Tarjeta
10246,Laura paz,L.paz@email.com,Ia aplicada,Dra. chen,Drchen@uni.com,Sistemas,C-303,Pendiente,Transferencia
10247,Diego luna,Dluna@email.com,Base de datos i,Ing. garcía,Garcia@uni.com,Sistemas,A-101,Cancelado,Transferencia
10248,Elena díaz,E.diaz@email.com,Base de datos i,Ing. garcía,Garcia@uni.com,Sistemas,A-101,Pagado,Tarjeta
10249,Ana torres,Ana.t@email.com,Base de datos i,Ing. garcía,Garcia@uni.com,Sistemas,A-101,Pagado,Transferencia
10250,María lópez,M.lopez@email.com,Ia aplicada,Dra. chen,Drchen@uni.com,Sistemas,C-303,Pendiente,Efectivo
10251,Pedro soto,Psoto@email.com,Ia aplicada,Dra. chen,Drchen@uni.com,Sistemas,C-303,Cancelado,Efectivo
10252,Sofía vega,S.vega@email.com,Matemáticas iii,Dr. gómez,Gomez@uni.com,Ciencias,D-404,Cancelado,Tarjeta
10253,María lópez,M.lopez@email.com,Matemáticas iii,Dr. gómez,Gomez@uni.com,Ciencias,D-404,Pagado,Efectivo
10254,María lópez,M.lopez@email.com,Base de datos i,Ing. garcía,Garcia@uni.com,Sistemas,A-101,Pendiente,Transferencia
10255,Carlos ruiz,Cruiz@email.com,Ia aplicada,Dra. chen,Drchen@uni.com,Sistemas,C-303,Pendiente,Transferencia
10256,Luis gómez,Luis.g@email.com,Ia aplicada,Dra. chen,Drchen@uni.com,Sistemas,C-303,Pendiente,Tarjeta
10257,Juan pérez,Juan.p@email.com,Matemáticas iii,Dr. gómez,Gomez@uni.com,Ciencias,D-404,Cancelado,Tarjeta
10258,Juan pérez,Juan.p@email.com,Base de datos i,Ing. garcía,Garcia@uni.com,Sistemas,A-101,Cancelado,Tarjeta
10259,Ana torres,Ana.t@email.com,Matemáticas iii,Dr. gómez,Gomez@uni.com,Ciencias,D-404,Cancelado,Efectivo
10260,Ana torres,Ana.t@email.com,Matemáticas iii,Dr. gómez,Gomez@uni.com,Ciencias,D-404,Pendiente,Transferencia
10261,Laura paz,L.paz@email.com,Ia aplicada,Dra. chen,Drchen@uni.com,Sistemas,C-303,Pendiente,Transferencia
10262,María lópez,M.lopez@email.com,Matemáticas iii,Dr. gómez,Gomez@uni.com,Ciencias,D-404,Pagado,Transferencia
10263,Sofía vega,S.vega@email.com,Base de datos i,Ing. garcía,Garcia@uni.com,Sistemas,A-101,Pagado,Transferencia
10264,Carlos ruiz,Cruiz@email.com,Base de datos i,Ing. garcía,Garcia@uni.com,Sistemas,A-101,Pendiente,Tarjeta
10265,Pedro soto,Psoto@email.com,Matemáticas iii,Dr. gómez,Gomez@uni.com,Ciencias,D-404,Pagado,Tarjeta
10266,Diego luna,Dluna@email.com,Redes ii,Lic. martínez,Martinez@uni.com,Telecom,B-202,Cancelado,Tarjeta
10267,Luis gómez,Luis.g@email.com,Ia aplicada,Dra. chen,Drchen@uni.com,Sistemas,C-303,Pagado,Tarjeta
10268,Carlos ruiz,Cruiz@email.com,Base de datos i,Ing. garcía,Garcia@uni.com,Sistemas,A-101,Cancelado,Efectivo
10269,Elena díaz,E.diaz@email.com,Redes ii,Lic. martínez,Martinez@uni.com,Telecom,B-202,Pagado,Tarjeta
10270,Ana torres,Ana.t@email.com,Matemáticas iii,Dr. gómez,Gomez@uni.com,Ciencias,D-404,Pagado,Transferencia
10271,Juan pérez,Juan.p@email.com,Ia aplicada,Dra. chen,Drchen@uni.com,Sistemas,C-303,Cancelado,Efectivo
10272,Ana torres,Ana.t@email.com,Base de datos i,Ing. garcía,Garcia@uni.com,Sistemas,A-101,Pendiente,Efectivo
10273,Ana torres,Ana.t@email.com,Redes ii,Lic. martínez,Martinez@uni.com,Telecom,B-202,Pendiente,Tarjeta
10274,Pedro soto,Psoto@email.com,Redes ii,Lic. martínez,Martinez@uni.com,Telecom,B-202,Pendiente,Tarjeta
10275,Pedro soto,Psoto@email.com,Matemáticas iii,Dr. gómez,Gomez@uni.com,Ciencias,D-404,Pendiente,Efectivo
10276,Elena díaz,E.diaz@email.com,Matemáticas iii,Dr. gómez,Gomez@uni.com,Ciencias,D-404,Cancelado,Efectivo
10277,Ana torres,Ana.t@email.com,Redes ii,Lic. martínez,Martinez@uni.com,Telecom,B-202,Pendiente,Efectivo
10278,María lópez,M.lopez@email.com,Ia aplicada,Dra. chen,Drchen@uni.com,Sistemas,C-303,Pagado,Efectivo
10279,Juan pérez,Juan.p@email.com,Redes ii,Lic. martínez,Martinez@uni.com,Telecom,B-202,Cancelado,Transferencia
10280,Carlos ruiz,Cruiz@email.com,Matemáticas iii,Dr. gómez,Gomez@uni.com,Ciencias,D-404,Pendiente,Efectivo
10281,Sofía vega,S.vega@email.com,Ia aplicada,Dra. chen,Drchen@uni.com,Sistemas,C-303,Pendiente,Efectivo
10282,Ana torres,Ana.t@email.com,Ia aplicada,Dra. chen,Drchen@uni.com,Sistemas,C-303,Pagado,Efectivo
10283,Diego luna,Dluna@email.com,Base de datos i,Ing. garcía,Garcia@uni.com,Sistemas,A-101,Pagado,Tarjeta
10284,Elena díaz,E.diaz@email.com,Redes ii,Lic. martínez,Martinez@uni.com,Telecom,B-202,Pagado,Efectivo
10285,Juan pérez,Juan.p@email.com,Base de datos i,Ing. garcía,Garcia@uni.com,Sistemas,A-101,Pendiente,Transferencia
10286,Diego luna,Dluna@email.com,Redes ii,Lic. martínez,Martinez@uni.com,Telecom,B-202,Pendiente,Transferencia
10287,Sofía vega,S.vega@email.com,Matemáticas iii,Dr. gómez,Gomez@uni.com,Ciencias,D-404,Pagado,Tarjeta
10288,Sofía vega,S.vega@email.com,Ia aplicada,Dra. chen,Drchen@uni.com,Sistemas,C-303,Cancelado,Tarjeta
10289,María lópez,M.lopez@email.com,Base de datos i,Ing. garcía,Garcia@uni.com,Sistemas,A-101,Cancelado,Transferencia
10290,Juan pérez,Juan.p@email.com,Matemáticas iii,Dr. gómez,Gomez@uni.com,Ciencias,D-404,Pagado,Efectivo
10291,Juan pérez,Juan.p@email.com,Ia aplicada,Dra. chen,Drchen@uni.com,Sistemas,C-303,Pagado,Tarjeta
10292,Elena díaz,E.diaz@email.com,Redes ii,Lic. martínez,Martinez@uni.com,Telecom,B-202,Pagado,Efectivo
10293,Juan pérez,Juan.p@email.com,Base de datos i,Ing. garcía,Garcia@uni.com,Sistemas,A-101,Cancelado,Transferencia
10294,Pedro soto,Psoto@email.com,Matemáticas iii,Dr. gómez,Gomez@uni.com,Ciencias,D-404,Pagado,Tarjeta
10295,Juan pérez,Juan.p@email.com,Base de datos i,Ing. garcía,Garcia@uni.com,Sistemas,A-101,Pagado,Tarjeta
10296,Carlos ruiz,Cruiz@email.com,Matemáticas iii,Dr. gómez,Gomez@uni.com,Ciencias,D-404,Cancelado,Efectivo
10297,Laura paz,L.paz@email.com,Redes ii,Lic. martínez,Martinez@uni.com,Telecom,B-202,Pendiente,Tarjeta
10298,Sofía vega,S.vega@email.com,Base de datos i,Ing. garcía,Garcia@uni.com,Sistemas,A-101,Pendiente,Efectivo
10299,Carlos ruiz,Cruiz@email.com,Matemáticas iii,Dr. gómez,Gomez@uni.com,Ciencias,D-404,Pagado,Tarjeta
10300,Carlos ruiz,Cruiz@email.com,Matemáticas iii,Dr. gómez,Gomez@uni.com,Ciencias,D-404,Pagado,Transferencia
10301,Juan pérez,Juan.p@email.com,Ia aplicada,Dra. chen,Drchen@uni.com,Sistemas,C-303,Pendiente,Tarjeta
10302,Laura paz,L.paz@email.com,Base de datos i,Ing. garcía,Garcia@uni.com,Sistemas,A-101,Pendiente,Transferencia
10303,Juan pérez,Juan.p@email.com,Ia aplicada,Dra. chen,Drchen@uni.com,Sistemas,C-303,Pagado,Transferencia
10304,Elena díaz,E.diaz@email.com,Ia aplicada,Dra. chen,Drchen@uni.com,Sistemas,C-303,Pendiente,Tarjeta
10305,Luis gómez,Luis.g@email.com,Redes ii,Lic. martínez,Martinez@uni.com,Telecom,B-202,Cancelado,Efectivo
10306,Carlos ruiz,Cruiz@email.com,Base de datos i,Ing. garcía,Garcia@uni.com,Sistemas,A-101,Pendiente,Tarjeta
10307,Luis gómez,Luis.g@email.com,Base de datos i,Ing. garcía,Garcia@uni.com,Sistemas,A-101,Pendiente,Efectivo
10308,Diego luna,Dluna@email.com,Matemáticas iii,Dr. gómez,Gomez@uni.com,Ciencias,D-404,Pagado,Efectivo
10309,Pedro soto,Psoto@email.com,Matemáticas iii,Dr. gómez,Gomez@uni.com,Ciencias,D-404,Pendiente,Efectivo
10310,María lópez,M.lopez@email.com,Base de datos i,Ing. garcía,Garcia@uni.com,Sistemas,A-101,Pagado,Efectivo
10311,Diego luna,Dluna@email.com,Base de datos i,Ing. garcía,Garcia@uni.com,Sistemas,A-101,Pendiente,Efectivo
10312,Elena díaz,E.diaz@email.com,Matemáticas iii,Dr. gómez,Gomez@uni.com,Ciencias,D-404,Cancelado,Tarjeta
10313,Ana torres,Ana.t@email.com,Base de datos i,Ing. garcía,Garcia@uni.com,Sistemas,A-101,Cancelado,Tarjeta
10314,Diego luna,Dluna@email.com,Ia aplicada,Dra. chen,Drchen@uni.com,Sistemas,C-303,Pendiente,Tarjeta
10315,Sofía vega,S.vega@email.com,Matemáticas iii,Dr. gómez,Gomez@uni.com,Ciencias,D-404,Cancelado,Tarjeta
10316,Ana torres,Ana.t@email.com,Base de datos i,Ing. garcía,Garcia@uni.com,Sistemas,A-101,Pagado,Transferencia
10317,Elena díaz,E.diaz@email.com,Redes ii,Lic. martínez,Martinez@uni.com,Telecom,B-202,Pagado,Transferencia
10318,Ana torres,Ana.t@email.com,Base de datos i,Ing. garcía,Garcia@uni.com,Sistemas,A-101,Pagado,Transferencia
10319,Pedro soto,Psoto@email.com,Ia aplicada,Dra. chen,Drchen@uni.com,Sistemas,C-303,Pendiente,Tarjeta
10320,Sofía vega,S.vega@email.com,Ia aplicada,Dra. chen,Drchen@uni.com,Sistemas,C-303,Pendiente,Efectivo
10321,Diego luna,Dluna@email.com,Ia aplicada,Dra. chen,Drchen@uni.com,Sistemas,C-303,Cancelado,Tarjeta
10322,Laura paz,L.paz@email.com,Base de datos i,Ing. garcía,Garcia@uni.com,Sistemas,A-101,Pendiente,Transferencia
10323,Ana torres,Ana.t@email.com,Matemáticas iii,Dr. gómez,Gomez@uni.com,Ciencias,D-404,Pendiente,Efectivo
10324,Ana torres,Ana.t@email.com,Redes ii,Lic. martínez,Martinez@uni.com,Telecom,B-202,Pendiente,Transferencia
10325,Carlos ruiz,Cruiz@email.com,Matemáticas iii,Dr. gómez,Gomez@uni.com,Ciencias,D-404,Cancelado,Tarjeta
10326,Juan pérez,Juan.p@email.com,Matemáticas iii,Dr. gómez,Gomez@uni.com,Ciencias,D-404,Cancelado,Tarjeta
10327,Elena díaz,E.diaz@email.com,Ia aplicada,Dra. chen,Drchen@uni.com,Sistemas,C-303,Pagado,Efectivo
10328,Ana torres,Ana.t@email.com,Matemáticas iii,Dr. gómez,Gomez@uni.com,Ciencias,D-404,Pendiente,Tarjeta
10329,Diego luna,Dluna@email.com,Ia aplicada,Dra. chen,Drchen@uni.com,Sistemas,C-303,Pendiente,Efectivo
10330,Elena díaz,E.diaz@email.com,Redes ii,Lic. martínez,Martinez@uni.com,Telecom,B-202,Cancelado,Transferencia
10331,María lópez,M.lopez@email.com,Matemáticas iii,Dr. gómez,Gomez@uni.com,Ciencias,D-404,Pagado,Transferencia
10332,María lópez,M.lopez@email.com,Matemáticas iii,Dr. gómez,Gomez@uni.com,Ciencias,D-404,Cancelado,Tarjeta
10333,Juan pérez,Juan.p@email.com,Ia aplicada,Dra. chen,Drchen@uni.com,Sistemas,C-303,Pendiente,Efectivo
10334,Laura paz,L.paz@email.com,Ia aplicada,Dra. chen,Drchen@uni.com,Sistemas,C-303,Cancelado,Transferencia
10335,Sofía vega,S.vega@email.com,Redes ii,Lic. martínez,Martinez@uni.com,Telecom,B-202,Pagado,Efectivo
10336,Juan pérez,Juan.p@email.com,Base de datos i,Ing. garcía,Garcia@uni.com,Sistemas,A-101,Cancelado,Tarjeta
10337,Sofía vega,S.vega@email.com,Ia aplicada,Dra. chen,Drchen@uni.com,Sistemas,C-303,Cancelado,Transferencia
10338,Laura paz,L.paz@email.com,Base de datos i,Ing. garcía,Garcia@uni.com,Sistemas,A-101,Pendiente,Efectivo
10339,Ana torres,Ana.t@email.com,Base de datos i,Ing. garcía,Garcia@uni.com,Sistemas,A-101,Cancelado,Efectivo
10340,Pedro soto,Psoto@email.com,Ia aplicada,Dra. chen,Drchen@uni.com,Sistemas,C-303,Cancelado,Efectivo
10341,María lópez,M.lopez@email.com,Redes ii,Lic. martínez,Martinez@uni.com,Telecom,B-202,Pagado,Tarjeta
10342,Carlos ruiz,Cruiz@email.com,Ia aplicada,Dra. chen,Drchen@uni.com,Sistemas,C-303,Pagado,Tarjeta
10343,María lópez,M.lopez@email.com,Ia aplicada,Dra. chen,Drchen@uni.com,Sistemas,C-303,Pendiente,Tarjeta
10344,María lópez,M.lopez@email.com,Base de datos i,Ing. garcía,Garcia@uni.com,Sistemas,A-101,Cancelado,Tarjeta
10345,Diego luna,Dluna@email.com,Base de datos i,Ing. garcía,Garcia@uni.com,Sistemas,A-101,Pendiente,Efectivo
10346,Sofía vega,S.vega@email.com,Matemáticas iii,Dr. gómez,Gomez@uni.com,Ciencias,D-404,Cancelado,Efectivo
10347,Elena díaz,E.diaz@email.com,Base de datos i,Ing. garcía,Garcia@uni.com,Sistemas,A-101,Cancelado,Tarjeta
10348,Carlos ruiz,Cruiz@email.com,Redes ii,Lic. martínez,Martinez@uni.com,Telecom,B-202,Cancelado,Efectivo
10349,Ana torres,Ana.t@email.com,Matemáticas iii,Dr. gómez,Gomez@uni.com,Ciencias,D-404,Pagado,Efectivo
10350,Pedro soto,Psoto@email.com,Matemáticas iii,Dr. gómez,Gomez@uni.com,Ciencias,D-404,Cancelado,Efectivo
10351,Elena díaz,E.diaz@email.com,Redes ii,Lic. martínez,Martinez@uni.com,Telecom,B-202,Pendiente,Efectivo
10352,Pedro soto,Psoto@email.com,Matemáticas iii,Dr. gómez,Gomez@uni.com,Ciencias,D-404,Cancelado,Efectivo
10353,Carlos ruiz,Cruiz@email.com,Ia aplicada,Dra. chen,Drchen@uni.com,Sistemas,C-303,Cancelado,Tarjeta
10354,Juan pérez,Juan.p@email.com,Redes ii,Lic. martínez,Martinez@uni.com,Telecom,B-202,Pagado,Tarjeta
10355,Pedro soto,Psoto@email.com,Base de datos i,Ing. garcía,Garcia@uni.com,Sistemas,A-101,Pagado,Efectivo
10356,Elena díaz,E.diaz@email.com,Base de datos i,Ing. garcía,Garcia@uni.com,Sistemas,A-101,Pendiente,Efectivo
10357,Pedro soto,Psoto@email.com,Redes ii,Lic. martínez,Martinez@uni.com,Telecom,B-202,Pendiente,Transferencia
10358,Pedro soto,Psoto@email.com,Ia aplicada,Dra. chen,Drchen@uni.com,Sistemas,C-303,Cancelado,Transferencia
10359,Elena díaz,E.diaz@email.com,Matemáticas iii,Dr. gómez,Gomez@uni.com,Ciencias,D-404,Pendiente,Tarjeta
10360,Elena díaz,E.diaz@email.com,Matemáticas iii,Dr. gómez,Gomez@uni.com,Ciencias,D-404,Pendiente,Transferencia
10361,Juan pérez,Juan.p@email.com,Ia aplicada,Dra. chen,Drchen@uni.com,Sistemas,C-303,Pagado,Tarjeta
10362,Ana torres,Ana.t@email.com,Base de datos i,Ing. garcía,Garcia@uni.com,Sistemas,A-101,Pendiente,Transferencia
10363,Ana torres,Ana.t@email.com,Matemáticas iii,Dr. gómez,Gomez@uni.com,Ciencias,D-404,Cancelado,Efectivo
10364,Juan pérez,Juan.p@email.com,Redes ii,Lic. martínez,Martinez@uni.com,Telecom,B-202,Pagado,Transferencia
10365,Diego luna,Dluna@email.com,Matemáticas iii,Dr. gómez,Gomez@uni.com,Ciencias,D-404,Pendiente,Efectivo
10366,María lópez,M.lopez@email.com,Matemáticas iii,Dr. gómez,Gomez@uni.com,Ciencias,D-404,Pendiente,Transferencia
10367,Elena díaz,E.diaz@email.com,Ia aplicada,Dra. chen,Drchen@uni.com,Sistemas,C-303,Pendiente,Tarjeta
10368,Pedro soto,Psoto@email.com,Matemáticas iii,Dr. gómez,Gomez@uni.com,Ciencias,D-404,Pendiente,Transferencia
10369,María lópez,M.lopez@email.com,Ia aplicada,Dra. chen,Drchen@uni.com,Sistemas,C-303,Pendiente,Efectivo
10370,Elena díaz,E.diaz@email.com,Ia aplicada,Dra. chen,Drchen@uni.com,Sistemas,C-303,Cancelado,Transferencia
10371,Juan pérez,Juan.p@email.com,Ia aplicada,Dra. chen,Drchen@uni.com,Sistemas,C-303,Cancelado,Tarjeta
10372,Elena díaz,E.diaz@email.com,Redes ii,Lic. martínez,Martinez@uni.com,Telecom,B-202,Pagado,Tarjeta
10373,Ana torres,Ana.t@email.com,Matemáticas iii,Dr. gómez,Gomez@uni.com,Ciencias,D-404,Pagado,Tarjeta
10374,Sofía vega,S.vega@email.com,Base de datos i,Ing. garcía,Garcia@uni.com,Sistemas,A-101,Pendiente,Tarjeta
10375,Sofía vega,S.vega@email.com,Redes ii,Lic. martínez,Martinez@uni.com,Telecom,B-202,Pendiente,Efectivo
10376,Diego luna,Dluna@email.com,Ia aplicada,Dra. chen,Drchen@uni.com,Sistemas,C-303,Cancelado,Efectivo
10377,Diego luna,Dluna@email.com,Ia aplicada,Dra. chen,Drchen@uni.com,Sistemas,C-303,Pendiente,Transferencia
10378,Carlos ruiz,Cruiz@email.com,Redes ii,Lic. martínez,Martinez@uni.com,Telecom,B-202,Pagado,Transferencia
10379,Diego luna,Dluna@email.com,Base de datos i,Ing. garcía,Garcia@uni.com,Sistemas,A-101,Cancelado,Transferencia
10380,Carlos ruiz,Cruiz@email.com,Matemáticas iii,Dr. gómez,Gomez@uni.com,Ciencias,D-404,Cancelado,Transferencia
10381,Sofía vega,S.vega@email.com,Matemáticas iii,Dr. gómez,Gomez@uni.com,Ciencias,D-404,Pagado,Efectivo
10382,Luis gómez,Luis.g@email.com,Base de datos i,Ing. garcía,Garcia@uni.com,Sistemas,A-101,Pagado,Tarjeta
10383,Luis gómez,Luis.g@email.com,Ia aplicada,Dra. chen,Drchen@uni.com,Sistemas,C-303,Pagado,Tarjeta
10384,Laura paz,L.paz@email.com,Ia aplicada,Dra. chen,Drchen@uni.com,Sistemas,C-303,Pendiente,Transferencia
10385,Diego luna,Dluna@email.com,Base de datos i,Ing. garcía,Garcia@uni.com,Sistemas,A-101,Pendiente,Transferencia
10386,María lópez,M.lopez@email.com,Redes ii,Lic. martínez,Martinez@uni.com,Telecom,B-202,Pagado,Efectivo
10387,Ana torres,Ana.t@email.com,Matemáticas iii,Dr. gómez,Gomez@uni.com,Ciencias,D-404,Cancelado,Tarjeta
10388,Juan pérez,Juan.p@email.com,Ia aplicada,Dra. chen,Drchen@uni.com,Sistemas,C-303,Pagado,Tarjeta
10389,Ana torres,Ana.t@email.com,Redes ii,Lic. martínez,Martinez@uni.com,Telecom,B-202,Pendiente,Transferencia
10390,Ana torres,Ana.t@email.com,Matemáticas iii,Dr. gómez,Gomez@uni.com,Ciencias,D-404,Cancelado,Tarjeta
10391,Luis gómez,Luis.g@email.com,Base de datos i,Ing. garcía,Garcia@uni.com,Sistemas,A-101,Pagado,Transferencia
10392,Luis gómez,Luis.g@email.com,Ia aplicada,Dra. chen,Drchen@uni.com,Sistemas,C-303,Pendiente,Tarjeta
10393,Pedro soto,Psoto@email.com,Base de datos i,Ing. garcía,Garcia@uni.com,Sistemas,A-101,Cancelado,Tarjeta
10394,Laura paz,L.paz@email.com,Ia aplicada,Dra. chen,Drchen@uni.com,Sistemas,C-303,Pagado,Efectivo
10395,Ana torres,Ana.t@email.com,Ia aplicada,Dra. chen,Drchen@uni.com,Sistemas,C-303,Pendiente,Efectivo
10396,Juan pérez,Juan.p@email.com,Ia aplicada,Dra. chen,Drchen@uni.com,Sistemas,C-303,Cancelado,Transferencia
10397,Sofía vega,S.vega@email.com,Matemáticas iii,Dr. gómez,Gomez@uni.com,Ciencias,D-404,Pagado,Efectivo
10398,Laura paz,L.paz@email.com,Matemáticas iii,Dr. gómez,Gomez@uni.com,Ciencias,D-404,Pagado,Tarjeta
10399,Juan pérez,Juan.p@email.com,Ia aplicada,Dra. chen,Drchen@uni.com,Sistemas,C-303,Pagado,Transferencia
10400,Elena díaz,E.diaz@email.com,Base de datos i,Ing. garcía,Garcia@uni.com,Sistemas,A-101,Pagado,Efectivo
10401,Luis gómez,Luis.g@email.com,Base de datos i,Ing. garcía,Garcia@uni.com,Sistemas,A-101,Cancelado,Efectivo
10402,Juan pérez,Juan.p@email.com,Ia aplicada,Dra. chen,Drchen@uni.com,Sistemas,C-303,Pagado,Transferencia
10403,María lópez,M.lopez@email.com,Matemáticas iii,Dr. gómez,Gomez@uni.com,Ciencias,D-404,Pendiente,Transferencia
10404,Ana torres,Ana.t@email.com,Ia aplicada,Dra. chen,Drchen@uni.com,Sistemas,C-303,Pendiente,Efectivo
10405,Diego luna,Dluna@email.com,Ia aplicada,Dra. chen,Drchen@uni.com,Sistemas,C-303,Pagado,Tarjeta
10406,Juan pérez,Juan.p@email.com,Matemáticas iii,Dr. gómez,Gomez@uni.com,Ciencias,D-404,Pagado,Tarjeta
10407,Pedro soto,Psoto@email.com,Ia aplicada,Dra. chen,Drchen@uni.com,Sistemas,C-303,Pagado,Transferencia
10408,Sofía vega,S.vega@email.com,Matemáticas iii,Dr. gómez,Gomez@uni.com,Ciencias,D-404,Cancelado,Transferencia
10409,Elena díaz,E.diaz@email.com,Redes ii,Lic. martínez,Martinez@uni.com,Telecom,B-202,Pagado,Efectivo
10410,Pedro soto,Psoto@email.com,Redes ii,Lic. martínez,Martinez@uni.com,Telecom,B-202,Pagado,Transferencia
10411,Juan pérez,Juan.p@email.com,Base de datos i,Ing. garcía,Garcia@uni.com,Sistemas,A-101,Pagado,Transferencia
10412,Juan pérez,Juan.p@email.com,Ia aplicada,Dra. chen,Drchen@uni.com,Sistemas,C-303,Pendiente,Transferencia
10413,Juan pérez,Juan.p@email.com,Base de datos i,Ing. garcía,Garcia@uni.com,Sistemas,A-101,Cancelado,Transferencia
10414,Carlos ruiz,Cruiz@email.com,Ia aplicada,Dra. chen,Drchen@uni.com,Sistemas,C-303,Pagado,Tarjeta
10415,Sofía vega,S.vega@email.com,Ia aplicada,Dra. chen,Drchen@uni.com,Sistemas,C-303,Pagado,Efectivo
10416,María lópez,M.lopez@email.com,Matemáticas iii,Dr. gómez,Gomez@uni.com,Ciencias,D-404,Cancelado,Tarjeta
10417,María lópez,M.lopez@email.com,Redes ii,Lic. martínez,Martinez@uni.com,Telecom,B-202,Pendiente,Tarjeta
10418,Juan pérez,Juan.p@email.com,Base de datos i,Ing. garcía,Garcia@uni.com,Sistemas,A-101,Pendiente,Tarjeta
10419,Sofía vega,S.vega@email.com,Matemáticas iii,Dr. gómez,Gomez@uni.com,Ciencias,D-404,Pagado,Transferencia
10420,Laura paz,L.paz@email.com,Ia aplicada,Dra. chen,Drchen@uni.com,Sistemas,C-303,Pagado,Tarjeta
10421,Sofía vega,S.vega@email.com,Ia aplicada,Dra. chen,Drchen@uni.com,Sistemas,C-303,Pendiente,Transferencia
10422,María lópez,M.lopez@email.com,Redes ii,Lic. martínez,Martinez@uni.com,Telecom,B-202,Pendiente,Transferencia
10423,Laura paz,L.paz@email.com,Matemáticas iii,Dr. gómez,Gomez@uni.com,Ciencias,D-404,Pagado,Efectivo
10424,Elena díaz,E.diaz@email.com,Ia aplicada,Dra. chen,Drchen@uni.com,Sistemas,C-303,Pagado,Efectivo
10425,Pedro soto,Psoto@email.com,Matemáticas iii,Dr. gómez,Gomez@uni.com,Ciencias,D-404,Pagado,Tarjeta
10426,Pedro soto,Psoto@email.com,Ia aplicada,Dra. chen,Drchen@uni.com,Sistemas,C-303,Pagado,Tarjeta
10427,Sofía vega,S.vega@email.com,Ia aplicada,Dra. chen,Drchen@uni.com,Sistemas,C-303,Pagado,Transferencia
10428,Diego luna,Dluna@email.com,Base de datos i,Ing. garcía,Garcia@uni.com,Sistemas,A-101,Pendiente,Efectivo
10429,Sofía vega,S.vega@email.com,Ia aplicada,Dra. chen,Drchen@uni.com,Sistemas,C-303,Cancelado,Efectivo
10430,Sofía vega,S.vega@email.com,Redes ii,Lic. martínez,Martinez@uni.com,Telecom,B-202,Pendiente,Tarjeta
10431,Luis gómez,Luis.g@email.com,Ia aplicada,Dra. chen,Drchen@uni.com,Sistemas,C-303,Pagado,Efectivo
10432,Carlos ruiz,Cruiz@email.com,Ia aplicada,Dra. chen,Drchen@uni.com,Sistemas,C-303,Cancelado,Tarjeta
10433,Sofía vega,S.vega@email.com,Base de datos i,Ing. garcía,Garcia@uni.com,Sistemas,A-101,Cancelado,Transferencia
10434,Diego luna,Dluna@email.com,Redes ii,Lic. martínez,Martinez@uni.com,Telecom,B-202,Cancelado,Tarjeta
10435,Pedro soto,Psoto@email.com,Ia aplicada,Dra. chen,Drchen@uni.com,Sistemas,C-303,Pagado,Transferencia
10436,Juan pérez,Juan.p@email.com,Redes ii,Lic. martínez,Martinez@uni.com,Telecom,B-202,Pagado,Tarjeta
10437,Laura paz,L.paz@email.com,Redes ii,Lic. martínez,Martinez@uni.com,Telecom,B-202,Pendiente,Transferencia
10438,Diego luna,Dluna@email.com,Ia aplicada,Dra. chen,Drchen@uni.com,Sistemas,C-303,Pendiente,Tarjeta
10439,Pedro soto,Psoto@email.com,Base de datos i,Ing. garcía,Garcia@uni.com,Sistemas,A-101,Cancelado,Efectivo
10440,Ana torres,Ana.t@email.com,Base de datos i,Ing. garcía,Garcia@uni.com,Sistemas,A-101,Pagado,Transferencia
10441,Diego luna,Dluna@email.com,Matemáticas iii,Dr. gómez,Gomez@uni.com,Ciencias,D-404,Pendiente,Tarjeta
10442,Laura paz,L.paz@email.com,Ia aplicada,Dra. chen,Drchen@uni.com,Sistemas,C-303,Cancelado,Tarjeta
10443,María lópez,M.lopez@email.com,Matemáticas iii,Dr. gómez,Gomez@uni.com,Ciencias,D-404,Pendiente,Tarjeta
10444,Pedro soto,Psoto@email.com,Base de datos i,Ing. garcía,Garcia@uni.com,Sistemas,A-101,Pagado,Transferencia
10445,Luis gómez,Luis.g@email.com,Base de datos i,Ing. garcía,Garcia@uni.com,Sistemas,A-101,Pagado,Tarjeta
10446,Sofía vega,S.vega@email.com,Matemáticas iii,Dr. gómez,Gomez@uni.com,Ciencias,D-404,Cancelado,Transferencia
10447,Sofía vega,S.vega@email.com,Base de datos i,Ing. garcía,Garcia@uni.com,Sistemas,A-101,Pendiente,Tarjeta
10448,Juan pérez,Juan.p@email.com,Matemáticas iii,Dr. gómez,Gomez@uni.com,Ciencias,D-404,Cancelado,Efectivo
10449,Luis gómez,Luis.g@email.com,Redes ii,Lic. martínez,Martinez@uni.com,Telecom,B-202,Cancelado,Efectivo
10450,Laura paz,L.paz@email.com,Base de datos i,Ing. garcía,Garcia@uni.com,Sistemas,A-101,Pendiente,Transferencia
10451,Luis gómez,Luis.g@email.com,Base de datos i,Ing. garcía,Garcia@uni.com,Sistemas,A-101,Cancelado,Efectivo
10452,Diego luna,Dluna@email.com,Redes ii,Lic. martínez,Martinez@uni.com,Telecom,B-202,Pagado,Transferencia
10453,Luis gómez,Luis.g@email.com,Matemáticas iii,Dr. gómez,Gomez@uni.com,Ciencias,D-404,Cancelado,Efectivo
10454,Luis gómez,Luis.g@email.com,Base de datos i,Ing. garcía,Garcia@uni.com,Sistemas,A-101,Pagado,Transferencia
10455,María lópez,M.lopez@email.com,Ia aplicada,Dra. chen,Drchen@uni.com,Sistemas,C-303,Pendiente,Efectivo
10456,Juan pérez,Juan.p@email.com,Matemáticas iii,Dr. gómez,Gomez@uni.com,Ciencias,D-404,Cancelado,Tarjeta
10457,Pedro soto,Psoto@email.com,Matemáticas iii,Dr. gómez,Gomez@uni.com,Ciencias,D-404,Pagado,Tarjeta
10458,Diego luna,Dluna@email.com,Ia aplicada,Dra. chen,Drchen@uni.com,Sistemas,C-303,Pagado,Efectivo
10459,Carlos ruiz,Cruiz@email.com,Base de datos i,Ing. garcía,Garcia@uni.com,Sistemas,A-101,Pendiente,Efectivo
10460,Elena díaz,E.diaz@email.com,Redes ii,Lic. martínez,Martinez@uni.com,Telecom,B-202,Pagado,Transferencia
10461,Diego luna,Dluna@email.com,Ia aplicada,Dra. chen,Drchen@uni.com,Sistemas,C-303,Cancelado,Efectivo
10462,Pedro soto,Psoto@email.com,Matemáticas iii,Dr. gómez,Gomez@uni.com,Ciencias,D-404,Pagado,Transferencia
10463,Laura paz,L.paz@email.com,Base de datos i,Ing. garcía,Garcia@uni.com,Sistemas,A-101,Cancelado,Transferencia
10464,Sofía vega,S.vega@email.com,Base de datos i,Ing. garcía,Garcia@uni.com,Sistemas,A-101,Pendiente,Tarjeta
10465,María lópez,M.lopez@email.com,Matemáticas iii,Dr. gómez,Gomez@uni.com,Ciencias,D-404,Pendiente,Tarjeta
10466,Diego luna,Dluna@email.com,Ia aplicada,Dra. chen,Drchen@uni.com,Sistemas,C-303,Pendiente,Tarjeta
10467,Elena díaz,E.diaz@email.com,Redes ii,Lic. martínez,Martinez@uni.com,Telecom,B-202,Pendiente,Efectivo
10468,María lópez,M.lopez@email.com,Redes ii,Lic. martínez,Martinez@uni.com,Telecom,B-202,Pendiente,Tarjeta
10469,Juan pérez,Juan.p@email.com,Redes ii,Lic. martínez,Martinez@uni.com,Telecom,B-202,Pagado,Tarjeta
10470,Pedro soto,Psoto@email.com,Ia aplicada,Dra. chen,Drchen@uni.com,Sistemas,C-303,Cancelado,Tarjeta
10471,María lópez,M.lopez@email.com,Base de datos i,Ing. garcía,Garcia@uni.com,Sistemas,A-101,Cancelado,Efectivo
10472,María lópez,M.lopez@email.com,Redes ii,Lic. martínez,Martinez@uni.com,Telecom,B-202,Cancelado,Transferencia
10473,Carlos ruiz,Cruiz@email.com,Redes ii,Lic. martínez,Martinez@uni.com,Telecom,B-202,Pagado,Tarjeta
10474,Diego luna,Dluna@email.com,Base de datos i,Ing. garcía,Garcia@uni.com,Sistemas,A-101,Pagado,Tarjeta
10475,Sofía vega,S.vega@email.com,Matemáticas iii,Dr. gómez,Gomez@uni.com,Ciencias,D-404,Pendiente,Efectivo
10476,Diego luna,Dluna@email.com,Base de datos i,Ing. garcía,Garcia@uni.com,Sistemas,A-101,Cancelado,Tarjeta
10477,Luis gómez,Luis.g@email.com,Base de datos i,Ing. garcía,Garcia@uni.com,Sistemas,A-101,Pagado,Efectivo
10478,Ana torres,Ana.t@email.com,Base de datos i,Ing. garcía,Garcia@uni.com,Sistemas,A-101,Pagado,Tarjeta
10479,Juan pérez,Juan.p@email.com,Ia aplicada,Dra. chen,Drchen@uni.com,Sistemas,C-303,Cancelado,Tarjeta
10480,Sofía vega,S.vega@email.com,Redes ii,Lic. martínez,Martinez@uni.com,Telecom,B-202,Cancelado,Tarjeta
10481,Juan pérez,Juan.p@email.com,Matemáticas iii,Dr. gómez,Gomez@uni.com,Ciencias,D-404,Pendiente,Tarjeta
10482,Laura paz,L.paz@email.com,Ia aplicada,Dra. chen,Drchen@uni.com,Sistemas,C-303,Cancelado,Transferencia
10483,Sofía vega,S.vega@email.com,Ia aplicada,Dra. chen,Drchen@uni.com,Sistemas,C-303,Pendiente,Tarjeta
10484,Pedro soto,Psoto@email.com,Matemáticas iii,Dr. gómez,Gomez@uni.com,Ciencias,D-404,Pendiente,Efectivo
10485,Pedro soto,Psoto@email.com,Ia aplicada,Dra. chen,Drchen@uni.com,Sistemas,C-303,Pendiente,Efectivo
10486,María lópez,M.lopez@email.com,Redes ii,Lic. martínez,Martinez@uni.com,Telecom,B-202,Pendiente,Tarjeta
10487,Elena díaz,E.diaz@email.com,Matemáticas iii,Dr. gómez,Gomez@uni.com,Ciencias,D-404,Pendiente,Efectivo
10488,Sofía vega,S.vega@email.com,Base de datos i,Ing. garcía,Garcia@uni.com,Sistemas,A-101,Pagado,Tarjeta
10489,María lópez,M.lopez@email.com,Matemáticas iii,Dr. gómez,Gomez@uni.com,Ciencias,D-404,Cancelado,Transferencia
10490,Luis gómez,Luis.g@email.com,Ia aplicada,Dra. chen,Drchen@uni.com,Sistemas,C-303,Pagado,Efectivo
10491,Laura paz,L.paz@email.com,Base de datos i,Ing. garcía,Garcia@uni.com,Sistemas,A-101,Pendiente,Tarjeta
10492,Juan pérez,Juan.p@email.com,Base de datos i,Ing. garcía,Garcia@uni.com,Sistemas,A-101,Pagado,Efectivo
10493,Laura paz,L.paz@email.com,Base de datos i,Ing. garcía,Garcia@uni.com,Sistemas,A-101,Pendiente,Transferencia
10494,Pedro soto,Psoto@email.com,Redes ii,Lic. martínez,Martinez@uni.com,Telecom,B-202,Cancelado,Transferencia
10495,Carlos ruiz,Cruiz@email.com,Matemáticas iii,Dr. gómez,Gomez@uni.com,Ciencias,D-404,Cancelado,Transferencia
10496,Diego luna,Dluna@email.com,Ia aplicada,Dra. chen,Drchen@uni.com,Sistemas,C-303,Pagado,Transferencia
10497,Juan pérez,Juan.p@email.com,Matemáticas iii,Dr. gómez,Gomez@uni.com,Ciencias,D-404,Cancelado,Transferencia
10498,Elena díaz,E.diaz@email.com,Redes ii,Lic. martínez,Martinez@uni.com,Telecom,B-202,Pagado,Efectivo
10499,Laura paz,L.paz@email.com,Matemáticas iii,Dr. gómez,Gomez@uni.com,Ciencias,D-404,Pendiente,Efectivo
10500,Elena díaz,E.diaz@email.com,Base de datos i,Ing. garcía,Garcia@uni.com,Sistemas,A-101,Pagado,Tarjeta
10501,Elena díaz,E.diaz@email.com,Redes ii,Lic. martínez,Martinez@uni.com,Telecom,B-202,Pendiente,Transferencia
10502,Sofía vega,S.vega@email.com,Matemáticas iii,Dr. gómez,Gomez@uni.com,Ciencias,D-404,Pagado,Tarjeta
10503,Juan pérez,Juan.p@email.com,Base de datos i,Ing. garcía,Garcia@uni.com,Sistemas,A-101,Cancelado,Transferencia
10504,Sofía vega,S.vega@email.com,Base de datos i,Ing. garcía,Garcia@uni.com,Sistemas,A-101,Pendiente,Tarjeta
10505,Pedro soto,Psoto@email.com,Redes ii,Lic. martínez,Martinez@uni.com,Telecom,B-202,Pagado,Tarjeta
10506,Ana torres,Ana.t@email.com,Base de datos i,Ing. garcía,Garcia@uni.com,Sistemas,A-101,Pagado,Transferencia
10507,Sofía vega,S.vega@email.com,Base de datos i,Ing. garcía,Garcia@uni.com,Sistemas,A-101,Pendiente,Tarjeta
10508,Ana torres,Ana.t@email.com,Matemáticas iii,Dr. gómez,Gomez@uni.com,Ciencias,D-404,Pendiente,Tarjeta
10509,Juan pérez,Juan.p@email.com,Base de datos i,Ing. garcía,Garcia@uni.com,Sistemas,A-101,Cancelado,Transferencia
10510,Diego luna,Dluna@email.com,Base de datos i,Ing. garcía,Garcia@uni.com,Sistemas,A-101,Pendiente,Tarjeta
10511,Juan pérez,Juan.p@email.com,Ia aplicada,Dra. chen,Drchen@uni.com,Sistemas,C-303,Pagado,Transferencia
10512,Diego luna,Dluna@email.com,Ia aplicada,Dra. chen,Drchen@uni.com,Sistemas,C-303,Pagado,Transferencia
10513,Sofía vega,S.vega@email.com,Matemáticas iii,Dr. gómez,Gomez@uni.com,Ciencias,D-404,Pagado,Efectivo
10514,Elena díaz,E.diaz@email.com,Matemáticas iii,Dr. gómez,Gomez@uni.com,Ciencias,D-404,Pagado,Efectivo
10515,Sofía vega,S.vega@email.com,Ia aplicada,Dra. chen,Drchen@uni.com,Sistemas,C-303,Pendiente,Efectivo
10516,Laura paz,L.paz@email.com,Redes ii,Lic. martínez,Martinez@uni.com,Telecom,B-202,Pagado,Tarjeta
10517,Carlos ruiz,Cruiz@email.com,Matemáticas iii,Dr. gómez,Gomez@uni.com,Ciencias,D-404,Pagado,Transferencia
10518,Pedro soto,Psoto@email.com,Base de datos i,Ing. garcía,Garcia@uni.com,Sistemas,A-101,Pagado,Efectivo
10519,Sofía vega,S.vega@email.com,Ia aplicada,Dra. chen,Drchen@uni.com,Sistemas,C-303,Pagado,Transferencia
10520,Ana torres,Ana.t@email.com,Redes ii,Lic. martínez,Martinez@uni.com,Telecom,B-202,Pendiente,Tarjeta
10521,Pedro soto,Psoto@email.com,Base de datos i,Ing. garcía,Garcia@uni.com,Sistemas,A-101,Cancelado,Transferencia
10522,Carlos ruiz,Cruiz@email.com,Ia aplicada,Dra. chen,Drchen@uni.com,Sistemas,C-303,Pendiente,Tarjeta
10523,Ana torres,Ana.t@email.com,Ia aplicada,Dra. chen,Drchen@uni.com,Sistemas,C-303,Pagado,Tarjeta
10524,Juan pérez,Juan.p@email.com,Matemáticas iii,Dr. gómez,Gomez@uni.com,Ciencias,D-404,Pagado,Transferencia
10525,Carlos ruiz,Cruiz@email.com,Matemáticas iii,Dr. gómez,Gomez@uni.com,Ciencias,D-404,Cancelado,Tarjeta
10526,Pedro soto,Psoto@email.com,Base de datos i,Ing. garcía,Garcia@uni.com,Sistemas,A-101,Pagado,Tarjeta
10527,Pedro soto,Psoto@email.com,Ia aplicada,Dra. chen,Drchen@uni.com,Sistemas,C-303,Pagado,Tarjeta
10528,Elena díaz,E.diaz@email.com,Base de datos i,Ing. garcía,Garcia@uni.com,Sistemas,A-101,Cancelado,Tarjeta
10529,Juan pérez,Juan.p@email.com,Redes ii,Lic. martínez,Martinez@uni.com,Telecom,B-202,Pagado,Transferencia
10530,Sofía vega,S.vega@email.com,Ia aplicada,Dra. chen,Drchen@uni.com,Sistemas,C-303,Cancelado,Transferencia
10531,Juan pérez,Juan.p@email.com,Redes ii,Lic. martínez,Martinez@uni.com,Telecom,B-202,Pagado,Tarjeta
10532,Carlos ruiz,Cruiz@email.com,Matemáticas iii,Dr. gómez,Gomez@uni.com,Ciencias,D-404,Cancelado,Efectivo
10533,María lópez,M.lopez@email.com,Base de datos i,Ing. garcía,Garcia@uni.com,Sistemas,A-101,Pendiente,Efectivo
10534,Elena díaz,E.diaz@email.com,Base de datos i,Ing. garcía,Garcia@uni.com,Sistemas,A-101,Cancelado,Tarjeta
10535,Pedro soto,Psoto@email.com,Ia aplicada,Dra. chen,Drchen@uni.com,Sistemas,C-303,Pendiente,Transferencia
10536,Luis gómez,Luis.g@email.com,Matemáticas iii,Dr. gómez,Gomez@uni.com,Ciencias,D-404,Cancelado,Transferencia
10537,María lópez,M.lopez@email.com,Redes ii,Lic. martínez,Martinez@uni.com,Telecom,B-202,Pendiente,Tarjeta
10538,María lópez,M.lopez@email.com,Redes ii,Lic. martínez,Martinez@uni.com,Telecom,B-202,Cancelado,Efectivo
10539,Juan pérez,Juan.p@email.com,Ia aplicada,Dra. chen,Drchen@uni.com,Sistemas,C-303,Pendiente,Transferencia
10540,Elena díaz,E.diaz@email.com,Matemáticas iii,Dr. gómez,Gomez@uni.com,Ciencias,D-404,Cancelado,Transferencia
10541,Carlos ruiz,Cruiz@email.com,Redes ii,Lic. martínez,Martinez@uni.com,Telecom,B-202,Cancelado,Tarjeta
10542,María lópez,M.lopez@email.com,Redes ii,Lic. martínez,Martinez@uni.com,Telecom,B-202,Pagado,Efectivo
10543,Elena díaz,E.diaz@email.com,Matemáticas iii,Dr. gómez,Gomez@uni.com,Ciencias,D-404,Pendiente,Efectivo
10544,Laura paz,L.paz@email.com,Ia aplicada,Dra. chen,Drchen@uni.com,Sistemas,C-303,Pagado,Transferencia
10545,Laura paz,L.paz@email.com,Base de datos i,Ing. garcía,Garcia@uni.com,Sistemas,A-101,Cancelado,Tarjeta
10546,María lópez,M.lopez@email.com,Ia aplicada,Dra. chen,Drchen@uni.com,Sistemas,C-303,Pendiente,Transferencia
10547,Diego luna,Dluna@email.com,Redes ii,Lic. martínez,Martinez@uni.com,Telecom,B-202,Pendiente,Tarjeta
10548,María lópez,M.lopez@email.com,Ia aplicada,Dra. chen,Drchen@uni.com,Sistemas,C-303,Cancelado,Tarjeta
10549,Carlos ruiz,Cruiz@email.com,Ia aplicada,Dra. chen,Drchen@uni.com,Sistemas,C-303,Cancelado,Tarjeta
10550,Elena díaz,E.diaz@email.com,Base de datos i,Ing. garcía,Garcia@uni.com,Sistemas,A-101,Pagado,Tarjeta
10551,Carlos ruiz,Cruiz@email.com,Ia aplicada,Dra. chen,Drchen@uni.com,Sistemas,C-303,Pagado,Transferencia
10552,Ana torres,Ana.t@email.com,Matemáticas iii,Dr. gómez,Gomez@uni.com,Ciencias,D-404,Cancelado,Transferencia
10553,Juan pérez,Juan.p@email.com,Redes ii,Lic. martínez,Martinez@uni.com,Telecom,B-202,Pagado,Transferencia
10554,Carlos ruiz,Cruiz@email.com,Matemáticas iii,Dr. gómez,Gomez@uni.com,Ciencias,D-404,Pagado,Tarjeta
10555,Luis gómez,Luis.g@email.com,Matemáticas iii,Dr. gómez,Gomez@uni.com,Ciencias,D-404,Pagado,Transferencia
10556,Luis gómez,Luis.g@email.com,Ia aplicada,Dra. chen,Drchen@uni.com,Sistemas,C-303,Pagado,Transferencia
10557,Luis gómez,Luis.g@email.com,Redes ii,Lic. martínez,Martinez@uni.com,Telecom,B-202,Cancelado,Efectivo
10558,Pedro soto,Psoto@email.com,Redes ii,Lic. martínez,Martinez@uni.com,Telecom,B-202,Pendiente,Transferencia
10559,Laura paz,L.paz@email.com,Matemáticas iii,Dr. gómez,Gomez@uni.com,Ciencias,D-404,Pagado,Efectivo
10560,María lópez,M.lopez@email.com,Base de datos i,Ing. garcía,Garcia@uni.com,Sistemas,A-101,Pagado,Transferencia
10561,María lópez,M.lopez@email.com,Matemáticas iii,Dr. gómez,Gomez@uni.com,Ciencias,D-404,Cancelado,Transferencia
10562,Ana torres,Ana.t@email.com,Redes ii,Lic. martínez,Martinez@uni.com,Telecom,B-202,Pagado,Efectivo
10563,Elena díaz,E.diaz@email.com,Redes ii,Lic. martínez,Martinez@uni.com,Telecom,B-202,Pendiente,Tarjeta
10564,Laura paz,L.paz@email.com,Ia aplicada,Dra. chen,Drchen@uni.com,Sistemas,C-303,Cancelado,Transferencia
10565,Diego luna,Dluna@email.com,Redes ii,Lic. martínez,Martinez@uni.com,Telecom,B-202,Cancelado,Efectivo
10566,Elena díaz,E.diaz@email.com,Matemáticas iii,Dr. gómez,Gomez@uni.com,Ciencias,D-404,Pendiente,Tarjeta
10567,María lópez,M.lopez@email.com,Ia aplicada,Dra. chen,Drchen@uni.com,Sistemas,C-303,Pendiente,Tarjeta
10568,Luis gómez,Luis.g@email.com,Matemáticas iii,Dr. gómez,Gomez@uni.com,Ciencias,D-404,Pendiente,Efectivo
10569,Ana torres,Ana.t@email.com,Redes ii,Lic. martínez,Martinez@uni.com,Telecom,B-202,Pagado,Tarjeta
10570,Pedro soto,Psoto@email.com,Matemáticas iii,Dr. gómez,Gomez@uni.com,Ciencias,D-404,Cancelado,Efectivo
10571,Pedro soto,Psoto@email.com,Ia aplicada,Dra. chen,Drchen@uni.com,Sistemas,C-303,Pagado,Transferencia
10572,Diego luna,Dluna@email.com,Ia aplicada,Dra. chen,Drchen@uni.com,Sistemas,C-303,Pendiente,Efectivo
10573,Diego luna,Dluna@email.com,Redes ii,Lic. martínez,Martinez@uni.com,Telecom,B-202,Pagado,Transferencia
10574,Carlos ruiz,Cruiz@email.com,Redes ii,Lic. martínez,Martinez@uni.com,Telecom,B-202,Cancelado,Tarjeta
10575,Sofía vega,S.vega@email.com,Matemáticas iii,Dr. gómez,Gomez@uni.com,Ciencias,D-404,Cancelado,Tarjeta
10576,Carlos ruiz,Cruiz@email.com,Base de datos i,Ing. garcía,Garcia@uni.com,Sistemas,A-101,Pagado,Tarjeta
10577,Elena díaz,E.diaz@email.com,Matemáticas iii,Dr. gómez,Gomez@uni.com,Ciencias,D-404,Pagado,Tarjeta
10578,Juan pérez,Juan.p@email.com,Matemáticas iii,Dr. gómez,Gomez@uni.com,Ciencias,D-404,Cancelado,Transferencia
10579,Sofía vega,S.vega@email.com,Matemáticas iii,Dr. gómez,Gomez@uni.com,Ciencias,D-404,Pendiente,Transferencia
10580,Laura paz,L.paz@email.com,Ia aplicada,Dra. chen,Drchen@uni.com,Sistemas,C-303,Cancelado,Tarjeta
10581,Pedro soto,Psoto@email.com,Redes ii,Lic. martínez,Martinez@uni.com,Telecom,B-202,Pendiente,Transferencia
10582,Pedro soto,Psoto@email.com,Redes ii,Lic. martínez,Martinez@uni.com,Telecom,B-202,Pagado,Efectivo
10583,Carlos ruiz,Cruiz@email.com,Ia aplicada,Dra. chen,Drchen@uni.com,Sistemas,C-303,Pendiente,Transferencia
10584,Elena díaz,E.diaz@email.com,Base de datos i,Ing. garcía,Garcia@uni.com,Sistemas,A-101,Cancelado,Tarjeta
10585,Luis gómez,Luis.g@email.com,Matemáticas iii,Dr. gómez,Gomez@uni.com,Ciencias,D-404,Pagado,Tarjeta
10586,Diego luna,Dluna@email.com,Matemáticas iii,Dr. gómez,Gomez@uni.com,Ciencias,D-404,Cancelado,Efectivo
10587,Carlos ruiz,Cruiz@email.com,Base de datos i,Ing. garcía,Garcia@uni.com,Sistemas,A-101,Cancelado,Efectivo
10588,Pedro soto,Psoto@email.com,Ia aplicada,Dra. chen,Drchen@uni.com,Sistemas,C-303,Pendiente,Efectivo
10589,Diego luna,Dluna@email.com,Base de datos i,Ing. garcía,Garcia@uni.com,Sistemas,A-101,Pendiente,Transferencia
10590,Carlos ruiz,Cruiz@email.com,Ia aplicada,Dra. chen,Drchen@uni.com,Sistemas,C-303,Pagado,Efectivo
10591,Luis gómez,Luis.g@email.com,Matemáticas iii,Dr. gómez,Gomez@uni.com,Ciencias,D-404,Pendiente,Tarjeta
10592,Carlos ruiz,Cruiz@email.com,Redes ii,Lic. martínez,Martinez@uni.com,Telecom,B-202,Cancelado,Efectivo
10593,Laura paz,L.paz@email.com,Ia aplicada,Dra. chen,Drchen@uni.com,Sistemas,C-303,Cancelado,Efectivo
10594,Pedro soto,Psoto@email.com,Base de datos i,Ing. garcía,Garcia@uni.com,Sistemas,A-101,Pagado,Tarjeta
10595,Elena díaz,E.diaz@email.com,Base de datos i,Ing. garcía,Garcia@uni.com,Sistemas,A-101,Pagado,Tarjeta
10596,Carlos ruiz,Cruiz@email.com,Ia aplicada,Dra. chen,Drchen@uni.com,Sistemas,C-303,Cancelado,Efectivo
10597,Diego luna,Dluna@email.com,Base de datos i,Ing. garcía,Garcia@uni.com,Sistemas,A-101,Pagado,Transferencia
10598,Sofía vega,S.vega@email.com,Matemáticas iii,Dr. gómez,Gomez@uni.com,Ciencias,D-404,Cancelado,Transferencia
10599,Juan pérez,Juan.p@email.com,Base de datos i,Ing. garcía,Garcia@uni.com,Sistemas,A-101,Cancelado,Tarjeta
10600,Ana torres,Ana.t@email.com,Matemáticas iii,Dr. gómez,Gomez@uni.com,Ciencias,D-404,Cancelado,Efectivo
10601,Diego luna,Dluna@email.com,Base de datos i,Ing. garcía,Garcia@uni.com,Sistemas,A-101,Pendiente,Tarjeta
10602,Laura paz,L.paz@email.com,Redes ii,Lic. martínez,Martinez@uni.com,Telecom,B-202,Cancelado,Transferencia
10603,Elena díaz,E.diaz@email.com,Redes ii,Lic. martínez,Martinez@uni.com,Telecom,B-202,Pagado,Tarjeta
10604,Diego luna,Dluna@email.com,Matemáticas iii,Dr. gómez,Gomez@uni.com,Ciencias,D-404,Pendiente,Efectivo
10605,Diego luna,Dluna@email.com,Redes ii,Lic. martínez,Martinez@uni.com,Telecom,B-202,Cancelado,Transferencia
10606,Laura paz,L.paz@email.com,Matemáticas iii,Dr. gómez,Gomez@uni.com,Ciencias,D-404,Pagado,Transferencia
10607,Ana torres,Ana.t@email.com,Redes ii,Lic. martínez,Martinez@uni.com,Telecom,B-202,Cancelado,Tarjeta
10608,Juan pérez,Juan.p@email.com,Base de datos i,Ing. garcía,Garcia@uni.com,Sistemas,A-101,Pagado,Tarjeta
10609,María lópez,M.lopez@email.com,Matemáticas iii,Dr. gómez,Gomez@uni.com,Ciencias,D-404,Pagado,Transferencia
10610,Pedro soto,Psoto@email.com,Matemáticas iii,Dr. gómez,Gomez@uni.com,Ciencias,D-404,Pagado,Transferencia
10611,Carlos ruiz,Cruiz@email.com,Ia aplicada,Dra. chen,Drchen@uni.com,Sistemas,C-303,Pendiente,Efectivo
10612,Carlos ruiz,Cruiz@email.com,Redes ii,Lic. martínez,Martinez@uni.com,Telecom,B-202,Pendiente,Efectivo
10613,Laura paz,L.paz@email.com,Base de datos i,Ing. garcía,Garcia@uni.com,Sistemas,A-101,Pagado,Efectivo
10614,Luis gómez,Luis.g@email.com,Base de datos i,Ing. garcía,Garcia@uni.com,Sistemas,A-101,Pagado,Transferencia
10615,Pedro soto,Psoto@email.com,Ia aplicada,Dra. chen,Drchen@uni.com,Sistemas,C-303,Cancelado,Efectivo
10616,María lópez,M.lopez@email.com,Matemáticas iii,Dr. gómez,Gomez@uni.com,Ciencias,D-404,Cancelado,Efectivo
10617,Elena díaz,E.diaz@email.com,Redes ii,Lic. martínez,Martinez@uni.com,Telecom,B-202,Cancelado,Transferencia
10618,María lópez,M.lopez@email.com,Ia aplicada,Dra. chen,Drchen@uni.com,Sistemas,C-303,Pendiente,Transferencia
10619,Sofía vega,S.vega@email.com,Base de datos i,Ing. garcía,Garcia@uni.com,Sistemas,A-101,Cancelado,Transferencia
10620,Sofía vega,S.vega@email.com,Base de datos i,Ing. garcía,Garcia@uni.com,Sistemas,A-101,Pendiente,Efectivo
10621,Juan pérez,Juan.p@email.com,Ia aplicada,Dra. chen,Drchen@uni.com,Sistemas,C-303,Pagado,Tarjeta
10622,María lópez,M.lopez@email.com,Ia aplicada,Dra. chen,Drchen@uni.com,Sistemas,C-303,Cancelado,Efectivo
10623,Pedro soto,Psoto@email.com,Ia aplicada,Dra. chen,Drchen@uni.com,Sistemas,C-303,Pagado,Transferencia
10624,Sofía vega,S.vega@email.com,Matemáticas iii,Dr. gómez,Gomez@uni.com,Ciencias,D-404,Pagado,Efectivo
10625,Laura paz,L.paz@email.com,Base de datos i,Ing. garcía,Garcia@uni.com,Sistemas,A-101,Pendiente,Efectivo
10626,María lópez,M.lopez@email.com,Ia aplicada,Dra. chen,Drchen@uni.com,Sistemas,C-303,Pagado,Tarjeta
10627,Carlos ruiz,Cruiz@email.com,Matemáticas iii,Dr. gómez,Gomez@uni.com,Ciencias,D-404,Cancelado,Transferencia
10628,María lópez,M.lopez@email.com,Ia aplicada,Dra. chen,Drchen@uni.com,Sistemas,C-303,Pendiente,Tarjeta
10629,Carlos ruiz,Cruiz@email.com,Ia aplicada,Dra. chen,Drchen@uni.com,Sistemas,C-303,Pendiente,Tarjeta
10630,Pedro soto,Psoto@email.com,Matemáticas iii,Dr. gómez,Gomez@uni.com,Ciencias,D-404,Pendiente,Tarjeta
10631,Diego luna,Dluna@email.com,Matemáticas iii,Dr. gómez,Gomez@uni.com,Ciencias,D-404,Pendiente,Transferencia
10632,Laura paz,L.paz@email.com,Base de datos i,Ing. garcía,Garcia@uni.com,Sistemas,A-101,Pagado,Transferencia
10633,María lópez,M.lopez@email.com,Redes ii,Lic. martínez,Martinez@uni.com,Telecom,B-202,Pendiente,Transferencia
10634,Carlos ruiz,Cruiz@email.com,Redes ii,Lic. martínez,Martinez@uni.com,Telecom,B-202,Pendiente,Transferencia
10635,Laura paz,L.paz@email.com,Redes ii,Lic. martínez,Martinez@uni.com,Telecom,B-202,Cancelado,Efectivo
10636,Ana torres,Ana.t@email.com,Redes ii,Lic. martínez,Martinez@uni.com,Telecom,B-202,Pendiente,Efectivo
10637,Elena díaz,E.diaz@email.com,Base de datos i,Ing. garcía,Garcia@uni.com,Sistemas,A-101,Pendiente,Tarjeta
10638,Ana torres,Ana.t@email.com,Base de datos i,Ing. garcía,Garcia@uni.com,Sistemas,A-101,Pendiente,Tarjeta
10639,Diego luna,Dluna@email.com,Redes ii,Lic. martínez,Martinez@uni.com,Telecom,B-202,Pagado,Tarjeta
10640,María lópez,M.lopez@email.com,Base de datos i,Ing. garcía,Garcia@uni.com,Sistemas,A-101,Pagado,Efectivo
10641,Laura paz,L.paz@email.com,Base de datos i,Ing. garcía,Garcia@uni.com,Sistemas,A-101,Pendiente,Transferencia
10642,María lópez,M.lopez@email.com,Matemáticas iii,Dr. gómez,Gomez@uni.com,Ciencias,D-404,Pendiente,Efectivo
10643,Laura paz,L.paz@email.com,Base de datos i,Ing. garcía,Garcia@uni.com,Sistemas,A-101,Cancelado,Efectivo
10644,Ana torres,Ana.t@email.com,Base de datos i,Ing. garcía,Garcia@uni.com,Sistemas,A-101,Pendiente,Transferencia
10645,Carlos ruiz,Cruiz@email.com,Ia aplicada,Dra. chen,Drchen@uni.com,Sistemas,C-303,Pagado,Tarjeta
10646,Carlos ruiz,Cruiz@email.com,Base de datos i,Ing. garcía,Garcia@uni.com,Sistemas,A-101,Cancelado,Efectivo
10647,Laura paz,L.paz@email.com,Matemáticas iii,Dr. gómez,Gomez@uni.com,Ciencias,D-404,Pendiente,Transferencia
10648,Laura paz,L.paz@email.com,Base de datos i,Ing. garcía,Garcia@uni.com,Sistemas,A-101,Cancelado,Transferencia
10649,Laura paz,L.paz@email.com,Ia aplicada,Dra. chen,Drchen@uni.com,Sistemas,C-303,Pendiente,Efectivo
10650,Sofía vega,S.vega@email.com,Matemáticas iii,Dr. gómez,Gomez@uni.com,Ciencias,D-404,Pagado,Efectivo
10651,Juan pérez,Juan.p@email.com,Base de datos i,Ing. garcía,Garcia@uni.com,Sistemas,A-101,Pendiente,Transferencia
10652,Diego luna,Dluna@email.com,Redes ii,Lic. martínez,Martinez@uni.com,Telecom,B-202,Pagado,Efectivo
10653,María lópez,M.lopez@email.com,Matemáticas iii,Dr. gómez,Gomez@uni.com,Ciencias,D-404,Pagado,Transferencia
10654,Sofía vega,S.vega@email.com,Redes ii,Lic. martínez,Martinez@uni.com,Telecom,B-202,Cancelado,Transferencia
10655,Carlos ruiz,Cruiz@email.com,Redes ii,Lic. martínez,Martinez@uni.com,Telecom,B-202,Pendiente,Transferencia
10656,Carlos ruiz,Cruiz@email.com,Ia aplicada,Dra. chen,Drchen@uni.com,Sistemas,C-303,Pagado,Efectivo
10657,Sofía vega,S.vega@email.com,Matemáticas iii,Dr. gómez,Gomez@uni.com,Ciencias,D-404,Pagado,Tarjeta
10658,Laura paz,L.paz@email.com,Matemáticas iii,Dr. gómez,Gomez@uni.com,Ciencias,D-404,Pagado,Tarjeta
10659,Carlos ruiz,Cruiz@email.com,Ia aplicada,Dra. chen,Drchen@uni.com,Sistemas,C-303,Pendiente,Efectivo
10660,Elena díaz,E.diaz@email.com,Ia aplicada,Dra. chen,Drchen@uni.com,Sistemas,C-303,Cancelado,Transferencia
10661,Juan pérez,Juan.p@email.com,Ia aplicada,Dra. chen,Drchen@uni.com,Sistemas,C-303,Cancelado,Tarjeta
10662,Pedro soto,Psoto@email.com,Ia aplicada,Dra. chen,Drchen@uni.com,Sistemas,C-303,Pagado,Efectivo
10663,Sofía vega,S.vega@email.com,Matemáticas iii,Dr. gómez,Gomez@uni.com,Ciencias,D-404,Pendiente,Transferencia
10664,Pedro soto,Psoto@email.com,Ia aplicada,Dra. chen,Drchen@uni.com,Sistemas,C-303,Pendiente,Tarjeta
10665,Juan pérez,Juan.p@email.com,Redes ii,Lic. martínez,Martinez@uni.com,Telecom,B-202,Cancelado,Efectivo
10666,Laura paz,L.paz@email.com,Base de datos i,Ing. garcía,Garcia@uni.com,Sistemas,A-101,Pagado,Efectivo
10667,Carlos ruiz,Cruiz@email.com,Redes ii,Lic. martínez,Martinez@uni.com,Telecom,B-202,Cancelado,Tarjeta
10668,Carlos ruiz,Cruiz@email.com,Base de datos i,Ing. garcía,Garcia@uni.com,Sistemas,A-101,Cancelado,Efectivo
10669,María lópez,M.lopez@email.com,Base de datos i,Ing. garcía,Garcia@uni.com,Sistemas,A-101,Cancelado,Efectivo
10670,Luis gómez,Luis.g@email.com,Base de datos i,Ing. garcía,Garcia@uni.com,Sistemas,A-101,Cancelado,Tarjeta
10671,Elena díaz,E.diaz@email.com,Ia aplicada,Dra. chen,Drchen@uni.com,Sistemas,C-303,Pendiente,Transferencia
10672,Pedro soto,Psoto@email.com,Redes ii,Lic. martínez,Martinez@uni.com,Telecom,B-202,Pagado,Tarjeta
10673,Elena díaz,E.diaz@email.com,Base de datos i,Ing. garcía,Garcia@uni.com,Sistemas,A-101,Cancelado,Transferencia
10674,Carlos ruiz,Cruiz@email.com,Redes ii,Lic. martínez,Martinez@uni.com,Telecom,B-202,Pagado,Tarjeta
10675,Ana torres,Ana.t@email.com,Ia aplicada,Dra. chen,Drchen@uni.com,Sistemas,C-303,Pagado,Transferencia
10676,Sofía vega,S.vega@email.com,Base de datos i,Ing. garcía,Garcia@uni.com,Sistemas,A-101,Cancelado,Efectivo
10677,Laura paz,L.paz@email.com,Ia aplicada,Dra. chen,Drchen@uni.com,Sistemas,C-303,Cancelado,Efectivo
10678,María lópez,M.lopez@email.com,Redes ii,Lic. martínez,Martinez@uni.com,Telecom,B-202,Cancelado,Tarjeta
10679,Diego luna,Dluna@email.com,Matemáticas iii,Dr. gómez,Gomez@uni.com,Ciencias,D-404,Pagado,Tarjeta
10680,Diego luna,Dluna@email.com,Matemáticas iii,Dr. gómez,Gomez@uni.com,Ciencias,D-404,Pendiente,Tarjeta
10681,Sofía vega,S.vega@email.com,Matemáticas iii,Dr. gómez,Gomez@uni.com,Ciencias,D-404,Cancelado,Transferencia
10682,María lópez,M.lopez@email.com,Redes ii,Lic. martínez,Martinez@uni.com,Telecom,B-202,Pendiente,Efectivo
10683,Elena díaz,E.diaz@email.com,Matemáticas iii,Dr. gómez,Gomez@uni.com,Ciencias,D-404,Cancelado,Tarjeta
10684,Sofía vega,S.vega@email.com,Redes ii,Lic. martínez,Martinez@uni.com,Telecom,B-202,Pendiente,Tarjeta
10685,Elena díaz,E.diaz@email.com,Base de datos i,Ing. garcía,Garcia@uni.com,Sistemas,A-101,Cancelado,Efectivo
10686,Elena díaz,E.diaz@email.com,Base de datos i,Ing. garcía,Garcia@uni.com,Sistemas,A-101,Pendiente,Efectivo
10687,Pedro soto,Psoto@email.com,Matemáticas iii,Dr. gómez,Gomez@uni.com,Ciencias,D-404,Pendiente,Transferencia
10688,Sofía vega,S.vega@email.com,Ia aplicada,Dra. chen,Drchen@uni.com,Sistemas,C-303,Cancelado,Transferencia
10689,Juan pérez,Juan.p@email.com,Redes ii,Lic. martínez,Martinez@uni.com,Telecom,B-202,Cancelado,Tarjeta
10690,Ana torres,Ana.t@email.com,Matemáticas iii,Dr. gómez,Gomez@uni.com,Ciencias,D-404,Pendiente,Efectivo
10691,Juan pérez,Juan.p@email.com,Redes ii,Lic. martínez,Martinez@uni.com,Telecom,B-202,Pendiente,Tarjeta
10692,Sofía vega,S.vega@email.com,Base de datos i,Ing. garcía,Garcia@uni.com,Sistemas,A-101,Cancelado,Tarjeta
10693,Sofía vega,S.vega@email.com,Ia aplicada,Dra. chen,Drchen@uni.com,Sistemas,C-303,Cancelado,Transferencia
10694,Ana torres,Ana.t@email.com,Ia aplicada,Dra. chen,Drchen@uni.com,Sistemas,C-303,Pagado,Tarjeta
10695,Diego luna,Dluna@email.com,Base de datos i,Ing. garcía,Garcia@uni.com,Sistemas,A-101,Pagado,Transferencia
10696,Laura paz,L.paz@email.com,Ia aplicada,Dra. chen,Drchen@uni.com,Sistemas,C-303,Pagado,Tarjeta
10697,Luis gómez,Luis.g@email.com,Base de datos i,Ing. garcía,Garcia@uni.com,Sistemas,A-101,Pagado,Tarjeta
10698,Ana torres,Ana.t@email.com,Matemáticas iii,Dr. gómez,Gomez@uni.com,Ciencias,D-404,Cancelado,Transferencia
10699,Elena díaz,E.diaz@email.com,Matemáticas iii,Dr. gómez,Gomez@uni.com,Ciencias,D-404,Cancelado,Efectivo
10700,Juan pérez,Juan.p@email.com,Ia aplicada,Dra. chen,Drchen@uni.com,Sistemas,C-303,Cancelado,Transferencia
10701,Carlos ruiz,Cruiz@email.com,Matemáticas iii,Dr. gómez,Gomez@uni.com,Ciencias,D-404,Cancelado,Tarjeta
10702,Ana torres,Ana.t@email.com,Redes ii,Lic. martínez,Martinez@uni.com,Telecom,B-202,Pagado,Efectivo
10703,María lópez,M.lopez@email.com,Matemáticas iii,Dr. gómez,Gomez@uni.com,Ciencias,D-404,Pagado,Transferencia
10704,Carlos ruiz,Cruiz@email.com,Base de datos i,Ing. garcía,Garcia@uni.com,Sistemas,A-101,Pendiente,Efectivo
10705,Sofía vega,S.vega@email.com,Matemáticas iii,Dr. gómez,Gomez@uni.com,Ciencias,D-404,Pendiente,Efectivo
10706,Carlos ruiz,Cruiz@email.com,Matemáticas iii,Dr. gómez,Gomez@uni.com,Ciencias,D-404,Cancelado,Tarjeta
10707,Ana torres,Ana.t@email.com,Base de datos i,Ing. garcía,Garcia@uni.com,Sistemas,A-101,Pendiente,Tarjeta
10708,Juan pérez,Juan.p@email.com,Base de datos i,Ing. garcía,Garcia@uni.com,Sistemas,A-101,Pendiente,Transferencia
10709,Diego luna,Dluna@email.com,Matemáticas iii,Dr. gómez,Gomez@uni.com,Ciencias,D-404,Pagado,Efectivo
10710,Pedro soto,Psoto@email.com,Redes ii,Lic. martínez,Martinez@uni.com,Telecom,B-202,Pendiente,Efectivo
10711,Carlos ruiz,Cruiz@email.com,Base de datos i,Ing. garcía,Garcia@uni.com,Sistemas,A-101,Pagado,Transferencia
10712,Laura paz,L.paz@email.com,Redes ii,Lic. martínez,Martinez@uni.com,Telecom,B-202,Pendiente,Efectivo
10713,Elena díaz,E.diaz@email.com,Base de datos i,Ing. garcía,Garcia@uni.com,Sistemas,A-101,Pagado,Efectivo
10714,Ana torres,Ana.t@email.com,Redes ii,Lic. martínez,Martinez@uni.com,Telecom,B-202,Pagado,Efectivo
10715,Carlos ruiz,Cruiz@email.com,Redes ii,Lic. martínez,Martinez@uni.com,Telecom,B-202,Pagado,Tarjeta
10716,Carlos ruiz,Cruiz@email.com,Base de datos i,Ing. garcía,Garcia@uni.com,Sistemas,A-101,Pendiente,Transferencia
10717,María lópez,M.lopez@email.com,Ia aplicada,Dra. chen,Drchen@uni.com,Sistemas,C-303,Cancelado,Efectivo
10718,Luis gómez,Luis.g@email.com,Redes ii,Lic. martínez,Martinez@uni.com,Telecom,B-202,Pendiente,Tarjeta
10719,María lópez,M.lopez@email.com,Ia aplicada,Dra. chen,Drchen@uni.com,Sistemas,C-303,Pagado,Tarjeta
10720,Diego luna,Dluna@email.com,Base de datos i,Ing. garcía,Garcia@uni.com,Sistemas,A-101,Pendiente,Tarjeta
10721,Luis gómez,Luis.g@email.com,Ia aplicada,Dra. chen,Drchen@uni.com,Sistemas,C-303,Pagado,Transferencia
10722,Laura paz,L.paz@email.com,Matemáticas iii,Dr. gómez,Gomez@uni.com,Ciencias,D-404,Pagado,Tarjeta
10723,Carlos ruiz,Cruiz@email.com,Redes ii,Lic. martínez,Martinez@uni.com,Telecom,B-202,Pagado,Tarjeta
10724,María lópez,M.lopez@email.com,Base de datos i,Ing. garcía,Garcia@uni.com,Sistemas,A-101,Cancelado,Transferencia
10725,María lópez,M.lopez@email.com,Base de datos i,Ing. garcía,Garcia@uni.com,Sistemas,A-101,Cancelado,Transferencia
10726,Luis gómez,Luis.g@email.com,Matemáticas iii,Dr. gómez,Gomez@uni.com,Ciencias,D-404,Cancelado,Tarjeta
10727,Juan pérez,Juan.p@email.com,Matemáticas iii,Dr. gómez,Gomez@uni.com,Ciencias,D-404,Pagado,Efectivo
10728,Elena díaz,E.diaz@email.com,Matemáticas iii,Dr. gómez,Gomez@uni.com,Ciencias,D-404,Pendiente,Tarjeta
10729,Pedro soto,Psoto@email.com,Matemáticas iii,Dr. gómez,Gomez@uni.com,Ciencias,D-404,Cancelado,Efectivo
10730,Luis gómez,Luis.g@email.com,Base de datos i,Ing. garcía,Garcia@uni.com,Sistemas,A-101,Pendiente,Transferencia
10731,María lópez,M.lopez@email.com,Base de datos i,Ing. garcía,Garcia@uni.com,Sistemas,A-101,Cancelado,Transferencia
10732,Pedro soto,Psoto@email.com,Ia aplicada,Dra. chen,Drchen@uni.com,Sistemas,C-303,Pendiente,Transferencia
10733,Elena díaz,E.diaz@email.com,Matemáticas iii,Dr. gómez,Gomez@uni.com,Ciencias,D-404,Pendiente,Efectivo
10734,Luis gómez,Luis.g@email.com,Ia aplicada,Dra. chen,Drchen@uni.com,Sistemas,C-303,Cancelado,Transferencia
10735,Ana torres,Ana.t@email.com,Base de datos i,Ing. garcía,Garcia@uni.com,Sistemas,A-101,Pendiente,Efectivo
10736,Juan pérez,Juan.p@email.com,Matemáticas iii,Dr. gómez,Gomez@uni.com,Ciencias,D-404,Pagado,Efectivo
10737,Juan pérez,Juan.p@email.com,Base de datos i,Ing. garcía,Garcia@uni.com,Sistemas,A-101,Cancelado,Transferencia
10738,Ana torres,Ana.t@email.com,Ia aplicada,Dra. chen,Drchen@uni.com,Sistemas,C-303,Pendiente,Transferencia
10739,Pedro soto,Psoto@email.com,Base de datos i,Ing. garcía,Garcia@uni.com,Sistemas,A-101,Cancelado,Transferencia
10740,Diego luna,Dluna@email.com,Base de datos i,Ing. garcía,Garcia@uni.com,Sistemas,A-101,Pendiente,Tarjeta
10741,Diego luna,Dluna@email.com,Base de datos i,Ing. garcía,Garcia@uni.com,Sistemas,A-101,Pendiente,Transferencia
10742,Juan pérez,Juan.p@email.com,Matemáticas iii,Dr. gómez,Gomez@uni.com,Ciencias,D-404,Pendiente,Tarjeta
10743,Laura paz,L.paz@email.com,Redes ii,Lic. martínez,Martinez@uni.com,Telecom,B-202,Cancelado,Tarjeta
10744,Diego luna,Dluna@email.com,Base de datos i,Ing. garcía,Garcia@uni.com,Sistemas,A-101,Pendiente,Tarjeta
10745,Pedro soto,Psoto@email.com,Ia aplicada,Dra. chen,Drchen@uni.com,Sistemas,C-303,Cancelado,Efectivo
10746,María lópez,M.lopez@email.com,Base de datos i,Ing. garcía,Garcia@uni.com,Sistemas,A-101,Cancelado,Efectivo
10747,Carlos ruiz,Cruiz@email.com,Matemáticas iii,Dr. gómez,Gomez@uni.com,Ciencias,D-404,Cancelado,Transferencia
10748,Laura paz,L.paz@email.com,Ia aplicada,Dra. chen,Drchen@uni.com,Sistemas,C-303,Pagado,Transferencia
10749,Sofía vega,S.vega@email.com,Base de datos i,Ing. garcía,Garcia@uni.com,Sistemas,A-101,Pendiente,Transferencia
10750,Diego luna,Dluna@email.com,Redes ii,Lic. martínez,Martinez@uni.com,Telecom,B-202,Pagado,Transferencia
10751,María lópez,M.lopez@email.com,Ia aplicada,Dra. chen,Drchen@uni.com,Sistemas,C-303,Pagado,Transferencia
10752,Carlos ruiz,Cruiz@email.com,Redes ii,Lic. martínez,Martinez@uni.com,Telecom,B-202,Pendiente,Efectivo
10753,Luis gómez,Luis.g@email.com,Redes ii,Lic. martínez,Martinez@uni.com,Telecom,B-202,Pagado,Efectivo
10754,Luis gómez,Luis.g@email.com,Redes ii,Lic. martínez,Martinez@uni.com,Telecom,B-202,Pendiente,Efectivo
10755,Laura paz,L.paz@email.com,Ia aplicada,Dra. chen,Drchen@uni.com,Sistemas,C-303,Pagado,Efectivo
10756,María lópez,M.lopez@email.com,Ia aplicada,Dra. chen,Drchen@uni.com,Sistemas,C-303,Pagado,Tarjeta
10757,Sofía vega,S.vega@email.com,Base de datos i,Ing. garcía,Garcia@uni.com,Sistemas,A-101,Pagado,Transferencia
10758,Laura paz,L.paz@email.com,Redes ii,Lic. martínez,Martinez@uni.com,Telecom,B-202,Pendiente,Tarjeta
10759,Juan pérez,Juan.p@email.com,Redes ii,Lic. martínez,Martinez@uni.com,Telecom,B-202,Pagado,Transferencia
10760,Carlos ruiz,Cruiz@email.com,Base de datos i,Ing. garcía,Garcia@uni.com,Sistemas,A-101,Pagado,Transferencia
10761,Diego luna,Dluna@email.com,Matemáticas iii,Dr. gómez,Gomez@uni.com,Ciencias,D-404,Pendiente,Tarjeta
10762,María lópez,M.lopez@email.com,Redes ii,Lic. martínez,Martinez@uni.com,Telecom,B-202,Cancelado,Efectivo
10763,Sofía vega,S.vega@email.com,Ia aplicada,Dra. chen,Drchen@uni.com,Sistemas,C-303,Pagado,Transferencia
10764,Ana torres,Ana.t@email.com,Redes ii,Lic. martínez,Martinez@uni.com,Telecom,B-202,Pagado,Tarjeta
10765,Elena díaz,E.diaz@email.com,Base de datos i,Ing. garcía,Garcia@uni.com,Sistemas,A-101,Pagado,Tarjeta
10766,Sofía vega,S.vega@email.com,Matemáticas iii,Dr. gómez,Gomez@uni.com,Ciencias,D-404,Pendiente,Transferencia
10767,Ana torres,Ana.t@email.com,Base de datos i,Ing. garcía,Garcia@uni.com,Sistemas,A-101,Cancelado,Transferencia
10768,Elena díaz,E.diaz@email.com,Redes ii,Lic. martínez,Martinez@uni.com,Telecom,B-202,Pagado,Efectivo
10769,Elena díaz,E.diaz@email.com,Matemáticas iii,Dr. gómez,Gomez@uni.com,Ciencias,D-404,Pendiente,Tarjeta
10770,Ana torres,Ana.t@email.com,Base de datos i,Ing. garcía,Garcia@uni.com,Sistemas,A-101,Cancelado,Efectivo
10771,Sofía vega,S.vega@email.com,Base de datos i,Ing. garcía,Garcia@uni.com,Sistemas,A-101,Pendiente,Transferencia
10772,Juan pérez,Juan.p@email.com,Redes ii,Lic. martínez,Martinez@uni.com,Telecom,B-202,Cancelado,Transferencia
10773,María lópez,M.lopez@email.com,Redes ii,Lic. martínez,Martinez@uni.com,Telecom,B-202,Pendiente,Tarjeta
10774,Laura paz,L.paz@email.com,Ia aplicada,Dra. chen,Drchen@uni.com,Sistemas,C-303,Pagado,Transferencia
10775,Diego luna,Dluna@email.com,Base de datos i,Ing. garcía,Garcia@uni.com,Sistemas,A-101,Pendiente,Tarjeta
10776,Pedro soto,Psoto@email.com,Base de datos i,Ing. garcía,Garcia@uni.com,Sistemas,A-101,Cancelado,Transferencia
10777,Juan pérez,Juan.p@email.com,Redes ii,Lic. martínez,Martinez@uni.com,Telecom,B-202,Pendiente,Tarjeta
10778,Laura paz,L.paz@email.com,Matemáticas iii,Dr. gómez,Gomez@uni.com,Ciencias,D-404,Pagado,Transferencia
10779,Juan pérez,Juan.p@email.com,Base de datos i,Ing. garcía,Garcia@uni.com,Sistemas,A-101,Pendiente,Efectivo
10780,María lópez,M.lopez@email.com,Redes ii,Lic. martínez,Martinez@uni.com,Telecom,B-202,Cancelado,Transferencia
10781,Laura paz,L.paz@email.com,Matemáticas iii,Dr. gómez,Gomez@uni.com,Ciencias,D-404,Pendiente,Transferencia
10782,María lópez,M.lopez@email.com,Matemáticas iii,Dr. gómez,Gomez@uni.com,Ciencias,D-404,Cancelado,Transferencia
10783,Sofía vega,S.vega@email.com,Base de datos i,Ing. garcía,Garcia@uni.com,Sistemas,A-101,Pendiente,Tarjeta
10784,Pedro soto,Psoto@email.com,Redes ii,Lic. martínez,Martinez@uni.com,Telecom,B-202,Pagado,Transferencia
10785,Carlos ruiz,Cruiz@email.com,Redes ii,Lic. martínez,Martinez@uni.com,Telecom,B-202,Pendiente,Transferencia
10786,Elena díaz,E.diaz@email.com,Redes ii,Lic. martínez,Martinez@uni.com,Telecom,B-202,Pagado,Efectivo
10787,Laura paz,L.paz@email.com,Redes ii,Lic. martínez,Martinez@uni.com,Telecom,B-202,Pendiente,Efectivo
10788,Elena díaz,E.diaz@email.com,Redes ii,Lic. martínez,Martinez@uni.com,Telecom,B-202,Pagado,Efectivo
10789,Diego luna,Dluna@email.com,Redes ii,Lic. martínez,Martinez@uni.com,Telecom,B-202,Pendiente,Efectivo
10790,Ana torres,Ana.t@email.com,Redes ii,Lic. martínez,Martinez@uni.com,Telecom,B-202,Cancelado,Tarjeta
10791,Pedro soto,Psoto@email.com,Redes ii,Lic. martínez,Martinez@uni.com,Telecom,B-202,Cancelado,Efectivo
10792,Pedro soto,Psoto@email.com,Base de datos i,Ing. garcía,Garcia@uni.com,Sistemas,A-101,Cancelado,Tarjeta
10793,Pedro soto,Psoto@email.com,Matemáticas iii,Dr. gómez,Gomez@uni.com,Ciencias,D-404,Pendiente,Tarjeta
10794,Carlos ruiz,Cruiz@email.com,Base de datos i,Ing. garcía,Garcia@uni.com,Sistemas,A-101,Pendiente,Tarjeta
10795,Laura paz,L.paz@email.com,Ia aplicada,Dra. chen,Drchen@uni.com,Sistemas,C-303,Pagado,Transferencia
10796,María lópez,M.lopez@email.com,Base de datos i,Ing. garcía,Garcia@uni.com,Sistemas,A-101,Pagado,Transferencia
10797,Ana torres,Ana.t@email.com,Ia aplicada,Dra. chen,Drchen@uni.com,Sistemas,C-303,Pagado,Transferencia
10798,Elena díaz,E.diaz@email.com,Matemáticas iii,Dr. gómez,Gomez@uni.com,Ciencias,D-404,Cancelado,Tarjeta
10799,Elena díaz,E.diaz@email.com,Redes ii,Lic. martínez,Martinez@uni.com,Telecom,B-202,Pagado,Efectivo
10800,Ana torres,Ana.t@email.com,Redes ii,Lic. martínez,Martinez@uni.com,Telecom,B-202,Cancelado,Efectivo
10801,Laura paz,L.paz@email.com,Redes ii,Lic. martínez,Martinez@uni.com,Telecom,B-202,Cancelado,Transferencia
10802,Laura paz,L.paz@email.com,Redes ii,Lic. martínez,Martinez@uni.com,Telecom,B-202,Cancelado,Transferencia
10803,Laura paz,L.paz@email.com,Matemáticas iii,Dr. gómez,Gomez@uni.com,Ciencias,D-404,Cancelado,Efectivo
10804,Elena díaz,E.diaz@email.com,Redes ii,Lic. martínez,Martinez@uni.com,Telecom,B-202,Pagado,Transferencia
10805,Diego luna,Dluna@email.com,Ia aplicada,Dra. chen,Drchen@uni.com,Sistemas,C-303,Pendiente,Efectivo
10806,Ana torres,Ana.t@email.com,Matemáticas iii,Dr. gómez,Gomez@uni.com,Ciencias,D-404,Pagado,Tarjeta
10807,María lópez,M.lopez@email.com,Base de datos i,Ing. garcía,Garcia@uni.com,Sistemas,A-101,Pendiente,Transferencia
10808,Pedro soto,Psoto@email.com,Redes ii,Lic. martínez,Martinez@uni.com,Telecom,B-202,Pendiente,Tarjeta
10809,Carlos ruiz,Cruiz@email.com,Base de datos i,Ing. garcía,Garcia@uni.com,Sistemas,A-101,Pendiente,Tarjeta
10810,Diego luna,Dluna@email.com,Matemáticas iii,Dr. gómez,Gomez@uni.com,Ciencias,D-404,Cancelado,Efectivo
10811,Diego luna,Dluna@email.com,Redes ii,Lic. martínez,Martinez@uni.com,Telecom,B-202,Pendiente,Transferencia
10812,Juan pérez,Juan.p@email.com,Base de datos i,Ing. garcía,Garcia@uni.com,Sistemas,A-101,Pagado,Transferencia
10813,María lópez,M.lopez@email.com,Base de datos i,Ing. garcía,Garcia@uni.com,Sistemas,A-101,Pendiente,Tarjeta
10814,Pedro soto,Psoto@email.com,Redes ii,Lic. martínez,Martinez@uni.com,Telecom,B-202,Cancelado,Efectivo
10815,María lópez,M.lopez@email.com,Ia aplicada,Dra. chen,Drchen@uni.com,Sistemas,C-303,Cancelado,Transferencia
10816,Elena díaz,E.diaz@email.com,Matemáticas iii,Dr. gómez,Gomez@uni.com,Ciencias,D-404,Cancelado,Transferencia
10817,Diego luna,Dluna@email.com,Ia aplicada,Dra. chen,Drchen@uni.com,Sistemas,C-303,Pendiente,Efectivo
10818,Elena díaz,E.diaz@email.com,Base de datos i,Ing. garcía,Garcia@uni.com,Sistemas,A-101,Pagado,Tarjeta
10819,Elena díaz,E.diaz@email.com,Ia aplicada,Dra. chen,Drchen@uni.com,Sistemas,C-303,Pendiente,Tarjeta
10820,Carlos ruiz,Cruiz@email.com,Base de datos i,Ing. garcía,Garcia@uni.com,Sistemas,A-101,Pagado,Tarjeta
10821,Luis gómez,Luis.g@email.com,Redes ii,Lic. martínez,Martinez@uni.com,Telecom,B-202,Pagado,Tarjeta
10822,Laura paz,L.paz@email.com,Ia aplicada,Dra. chen,Drchen@uni.com,Sistemas,C-303,Cancelado,Tarjeta
10823,Juan pérez,Juan.p@email.com,Base de datos i,Ing. garcía,Garcia@uni.com,Sistemas,A-101,Pendiente,Tarjeta
10824,Sofía vega,S.vega@email.com,Ia aplicada,Dra. chen,Drchen@uni.com,Sistemas,C-303,Pagado,Tarjeta
10825,Luis gómez,Luis.g@email.com,Base de datos i,Ing. garcía,Garcia@uni.com,Sistemas,A-101,Pendiente,Transferencia
10826,Carlos ruiz,Cruiz@email.com,Ia aplicada,Dra. chen,Drchen@uni.com,Sistemas,C-303,Pendiente,Tarjeta
10827,Carlos ruiz,Cruiz@email.com,Redes ii,Lic. martínez,Martinez@uni.com,Telecom,B-202,Pagado,Tarjeta
10828,Carlos ruiz,Cruiz@email.com,Ia aplicada,Dra. chen,Drchen@uni.com,Sistemas,C-303,Cancelado,Transferencia
10829,Elena díaz,E.diaz@email.com,Redes ii,Lic. martínez,Martinez@uni.com,Telecom,B-202,Pendiente,Transferencia
10830,Ana torres,Ana.t@email.com,Redes ii,Lic. martínez,Martinez@uni.com,Telecom,B-202,Pendiente,Efectivo
10831,Laura paz,L.paz@email.com,Base de datos i,Ing. garcía,Garcia@uni.com,Sistemas,A-101,Cancelado,Efectivo
10832,Elena díaz,E.diaz@email.com,Matemáticas iii,Dr. gómez,Gomez@uni.com,Ciencias,D-404,Cancelado,Transferencia
10833,Luis gómez,Luis.g@email.com,Matemáticas iii,Dr. gómez,Gomez@uni.com,Ciencias,D-404,Pendiente,Efectivo
10834,Ana torres,Ana.t@email.com,Ia aplicada,Dra. chen,Drchen@uni.com,Sistemas,C-303,Pagado,Efectivo
10835,Laura paz,L.paz@email.com,Redes ii,Lic. martínez,Martinez@uni.com,Telecom,B-202,Cancelado,Tarjeta
10836,Luis gómez,Luis.g@email.com,Matemáticas iii,Dr. gómez,Gomez@uni.com,Ciencias,D-404,Pendiente,Transferencia
10837,Ana torres,Ana.t@email.com,Matemáticas iii,Dr. gómez,Gomez@uni.com,Ciencias,D-404,Pendiente,Tarjeta
10838,Pedro soto,Psoto@email.com,Ia aplicada,Dra. chen,Drchen@uni.com,Sistemas,C-303,Pendiente,Tarjeta
10839,María lópez,M.lopez@email.com,Matemáticas iii,Dr. gómez,Gomez@uni.com,Ciencias,D-404,Cancelado,Transferencia
10840,Sofía vega,S.vega@email.com,Base de datos i,Ing. garcía,Garcia@uni.com,Sistemas,A-101,Pendiente,Transferencia
10841,Luis gómez,Luis.g@email.com,Base de datos i,Ing. garcía,Garcia@uni.com,Sistemas,A-101,Cancelado,Transferencia
10842,Carlos ruiz,Cruiz@email.com,Matemáticas iii,Dr. gómez,Gomez@uni.com,Ciencias,D-404,Pendiente,Efectivo
10843,Diego luna,Dluna@email.com,Base de datos i,Ing. garcía,Garcia@uni.com,Sistemas,A-101,Pendiente,Transferencia
10844,Elena díaz,E.diaz@email.com,Redes ii,Lic. martínez,Martinez@uni.com,Telecom,B-202,Pendiente,Efectivo
10845,Luis gómez,Luis.g@email.com,Ia aplicada,Dra. chen,Drchen@uni.com,Sistemas,C-303,Pagado,Transferencia
10846,Ana torres,Ana.t@email.com,Matemáticas iii,Dr. gómez,Gomez@uni.com,Ciencias,D-404,Pendiente,Efectivo
10847,Carlos ruiz,Cruiz@email.com,Base de datos i,Ing. garcía,Garcia@uni.com,Sistemas,A-101,Pendiente,Transferencia
10848,Ana torres,Ana.t@email.com,Ia aplicada,Dra. chen,Drchen@uni.com,Sistemas,C-303,Pendiente,Transferencia
10849,Laura paz,L.paz@email.com,Redes ii,Lic. martínez,Martinez@uni.com,Telecom,B-202,Cancelado,Efectivo
10850,Juan pérez,Juan.p@email.com,Matemáticas iii,Dr. gómez,Gomez@uni.com,Ciencias,D-404,Pagado,Tarjeta
10851,Ana torres,Ana.t@email.com,Base de datos i,Ing. garcía,Garcia@uni.com,Sistemas,A-101,Pagado,Transferencia
10852,Carlos ruiz,Cruiz@email.com,Redes ii,Lic. martínez,Martinez@uni.com,Telecom,B-202,Cancelado,Tarjeta
10853,Pedro soto,Psoto@email.com,Base de datos i,Ing. garcía,Garcia@uni.com,Sistemas,A-101,Cancelado,Efectivo
10854,Carlos ruiz,Cruiz@email.com,Redes ii,Lic. martínez,Martinez@uni.com,Telecom,B-202,Pagado,Transferencia
10855,Laura paz,L.paz@email.com,Redes ii,Lic. martínez,Martinez@uni.com,Telecom,B-202,Cancelado,Tarjeta
10856,Elena díaz,E.diaz@email.com,Matemáticas iii,Dr. gómez,Gomez@uni.com,Ciencias,D-404,Pendiente,Tarjeta
10857,Luis gómez,Luis.g@email.com,Ia aplicada,Dra. chen,Drchen@uni.com,Sistemas,C-303,Pagado,Efectivo
10858,Pedro soto,Psoto@email.com,Redes ii,Lic. martínez,Martinez@uni.com,Telecom,B-202,Pendiente,Efectivo
10859,Juan pérez,Juan.p@email.com,Base de datos i,Ing. garcía,Garcia@uni.com,Sistemas,A-101,Cancelado,Tarjeta
10860,Pedro soto,Psoto@email.com,Matemáticas iii,Dr. gómez,Gomez@uni.com,Ciencias,D-404,Pendiente,Efectivo
10861,Laura paz,L.paz@email.com,Base de datos i,Ing. garcía,Garcia@uni.com,Sistemas,A-101,Cancelado,Efectivo
10862,Sofía vega,S.vega@email.com,Base de datos i,Ing. garcía,Garcia@uni.com,Sistemas,A-101,Pagado,Transferencia
10863,Pedro soto,Psoto@email.com,Base de datos i,Ing. garcía,Garcia@uni.com,Sistemas,A-101,Cancelado,Efectivo
10864,Elena díaz,E.diaz@email.com,Ia aplicada,Dra. chen,Drchen@uni.com,Sistemas,C-303,Pagado,Tarjeta
10865,Diego luna,Dluna@email.com,Base de datos i,Ing. garcía,Garcia@uni.com,Sistemas,A-101,Pagado,Efectivo
10866,Laura paz,L.paz@email.com,Ia aplicada,Dra. chen,Drchen@uni.com,Sistemas,C-303,Cancelado,Transferencia
10867,Juan pérez,Juan.p@email.com,Base de datos i,Ing. garcía,Garcia@uni.com,Sistemas,A-101,Pagado,Efectivo
10868,María lópez,M.lopez@email.com,Redes ii,Lic. martínez,Martinez@uni.com,Telecom,B-202,Pagado,Efectivo
10869,Sofía vega,S.vega@email.com,Base de datos i,Ing. garcía,Garcia@uni.com,Sistemas,A-101,Cancelado,Transferencia
10870,Diego luna,Dluna@email.com,Ia aplicada,Dra. chen,Drchen@uni.com,Sistemas,C-303,Pagado,Tarjeta
10871,Carlos ruiz,Cruiz@email.com,Ia aplicada,Dra. chen,Drchen@uni.com,Sistemas,C-303,Pagado,Efectivo
10872,Ana torres,Ana.t@email.com,Ia aplicada,Dra. chen,Drchen@uni.com,Sistemas,C-303,Pendiente,Tarjeta
10873,Carlos ruiz,Cruiz@email.com,Base de datos i,Ing. garcía,Garcia@uni.com,Sistemas,A-101,Pagado,Tarjeta
10874,Sofía vega,S.vega@email.com,Base de datos i,Ing. garcía,Garcia@uni.com,Sistemas,A-101,Pagado,Efectivo
10875,Diego luna,Dluna@email.com,Redes ii,Lic. martínez,Martinez@uni.com,Telecom,B-202,Pendiente,Tarjeta
10876,Diego luna,Dluna@email.com,Base de datos i,Ing. garcía,Garcia@uni.com,Sistemas,A-101,Pendiente,Transferencia
10877,Carlos ruiz,Cruiz@email.com,Base de datos i,Ing. garcía,Garcia@uni.com,Sistemas,A-101,Pagado,Tarjeta
10878,Sofía vega,S.vega@email.com,Base de datos i,Ing. garcía,Garcia@uni.com,Sistemas,A-101,Pendiente,Tarjeta
10879,Juan pérez,Juan.p@email.com,Matemáticas iii,Dr. gómez,Gomez@uni.com,Ciencias,D-404,Cancelado,Efectivo
10880,Elena díaz,E.diaz@email.com,Ia aplicada,Dra. chen,Drchen@uni.com,Sistemas,C-303,Cancelado,Efectivo
10881,Luis gómez,Luis.g@email.com,Redes ii,Lic. martínez,Martinez@uni.com,Telecom,B-202,Pagado,Transferencia
10882,Elena díaz,E.diaz@email.com,Ia aplicada,Dra. chen,Drchen@uni.com,Sistemas,C-303,Cancelado,Efectivo
10883,Laura paz,L.paz@email.com,Base de datos i,Ing. garcía,Garcia@uni.com,Sistemas,A-101,Pagado,Tarjeta
10884,Diego luna,Dluna@email.com,Matemáticas iii,Dr. gómez,Gomez@uni.com,Ciencias,D-404,Pendiente,Transferencia
10885,María lópez,M.lopez@email.com,Base de datos i,Ing. garcía,Garcia@uni.com,Sistemas,A-101,Pagado,Tarjeta
10886,Pedro soto,Psoto@email.com,Base de datos i,Ing. garcía,Garcia@uni.com,Sistemas,A-101,Cancelado,Tarjeta
10887,Diego luna,Dluna@email.com,Ia aplicada,Dra. chen,Drchen@uni.com,Sistemas,C-303,Pagado,Transferencia
10888,Juan pérez,Juan.p@email.com,Redes ii,Lic. martínez,Martinez@uni.com,Telecom,B-202,Pendiente,Efectivo
10889,Carlos ruiz,Cruiz@email.com,Base de datos i,Ing. garcía,Garcia@uni.com,Sistemas,A-101,Cancelado,Transferencia
10890,Diego luna,Dluna@email.com,Base de datos i,Ing. garcía,Garcia@uni.com,Sistemas,A-101,Cancelado,Tarjeta
10891,Luis gómez,Luis.g@email.com,Base de datos i,Ing. garcía,Garcia@uni.com,Sistemas,A-101,Pagado,Tarjeta
10892,Ana torres,Ana.t@email.com,Redes ii,Lic. martínez,Martinez@uni.com,Telecom,B-202,Cancelado,Tarjeta
10893,Pedro soto,Psoto@email.com,Redes ii,Lic. martínez,Martinez@uni.com,Telecom,B-202,Pendiente,Transferencia
10894,Elena díaz,E.diaz@email.com,Ia aplicada,Dra. chen,Drchen@uni.com,Sistemas,C-303,Cancelado,Transferencia
10895,Ana torres,Ana.t@email.com,Matemáticas iii,Dr. gómez,Gomez@uni.com,Ciencias,D-404,Pagado,Tarjeta
10896,Ana torres,Ana.t@email.com,Ia aplicada,Dra. chen,Drchen@uni.com,Sistemas,C-303,Cancelado,Efectivo
10897,Carlos ruiz,Cruiz@email.com,Ia aplicada,Dra. chen,Drchen@uni.com,Sistemas,C-303,Cancelado,Transferencia
10898,Pedro soto,Psoto@email.com,Matemáticas iii,Dr. gómez,Gomez@uni.com,Ciencias,D-404,Cancelado,Transferencia
10899,Laura paz,L.paz@email.com,Base de datos i,Ing. garcía,Garcia@uni.com,Sistemas,A-101,Cancelado,Tarjeta
10900,Laura paz,L.paz@email.com,Base de datos i,Ing. garcía,Garcia@uni.com,Sistemas,A-101,Pagado,Transferencia
10901,Pedro soto,Psoto@email.com,Ia aplicada,Dra. chen,Drchen@uni.com,Sistemas,C-303,Cancelado,Tarjeta
10902,Juan pérez,Juan.p@email.com,Matemáticas iii,Dr. gómez,Gomez@uni.com,Ciencias,D-404,Pagado,Tarjeta
10903,Luis gómez,Luis.g@email.com,Matemáticas iii,Dr. gómez,Gomez@uni.com,Ciencias,D-404,Cancelado,Efectivo
10904,Pedro soto,Psoto@email.com,Base de datos i,Ing. garcía,Garcia@uni.com,Sistemas,A-101,Cancelado,Transferencia
10905,Ana torres,Ana.t@email.com,Ia aplicada,Dra. chen,Drchen@uni.com,Sistemas,C-303,Pagado,Efectivo
10906,Elena díaz,E.diaz@email.com,Ia aplicada,Dra. chen,Drchen@uni.com,Sistemas,C-303,Pagado,Transferencia
10907,Elena díaz,E.diaz@email.com,Ia aplicada,Dra. chen,Drchen@uni.com,Sistemas,C-303,Cancelado,Transferencia
10908,Elena díaz,E.diaz@email.com,Base de datos i,Ing. garcía,Garcia@uni.com,Sistemas,A-101,Pendiente,Transferencia
10909,Luis gómez,Luis.g@email.com,Redes ii,Lic. martínez,Martinez@uni.com,Telecom,B-202,Cancelado,Transferencia
10910,Diego luna,Dluna@email.com,Ia aplicada,Dra. chen,Drchen@uni.com,Sistemas,C-303,Pagado,Efectivo
10911,Laura paz,L.paz@email.com,Redes ii,Lic. martínez,Martinez@uni.com,Telecom,B-202,Cancelado,Tarjeta
10912,Pedro soto,Psoto@email.com,Matemáticas iii,Dr. gómez,Gomez@uni.com,Ciencias,D-404,Pagado,Transferencia
10913,Diego luna,Dluna@email.com,Matemáticas iii,Dr. gómez,Gomez@uni.com,Ciencias,D-404,Cancelado,Transferencia
10914,Luis gómez,Luis.g@email.com,Matemáticas iii,Dr. gómez,Gomez@uni.com,Ciencias,D-404,Pendiente,Efectivo
10915,Juan pérez,Juan.p@email.com,Matemáticas iii,Dr. gómez,Gomez@uni.com,Ciencias,D-404,Pagado,Transferencia
10916,Juan pérez,Juan.p@email.com,Ia aplicada,Dra. chen,Drchen@uni.com,Sistemas,C-303,Pendiente,Tarjeta
10917,Laura paz,L.paz@email.com,Redes ii,Lic. martínez,Martinez@uni.com,Telecom,B-202,Pagado,Tarjeta
10918,Carlos ruiz,Cruiz@email.com,Redes ii,Lic. martínez,Martinez@uni.com,Telecom,B-202,Cancelado,Tarjeta
10919,Elena díaz,E.diaz@email.com,Matemáticas iii,Dr. gómez,Gomez@uni.com,Ciencias,D-404,Cancelado,Tarjeta
10920,Laura paz,L.paz@email.com,Base de datos i,Ing. garcía,Garcia@uni.com,Sistemas,A-101,Pendiente,Efectivo
10921,Juan pérez,Juan.p@email.com,Redes ii,Lic. martínez,Martinez@uni.com,Telecom,B-202,Pendiente,Transferencia
10922,Ana torres,Ana.t@email.com,Base de datos i,Ing. garcía,Garcia@uni.com,Sistemas,A-101,Pagado,Tarjeta
10923,Elena díaz,E.diaz@email.com,Redes ii,Lic. martínez,Martinez@uni.com,Telecom,B-202,Cancelado,Efectivo
10924,María lópez,M.lopez@email.com,Redes ii,Lic. martínez,Martinez@uni.com,Telecom,B-202,Pagado,Transferencia
10925,Carlos ruiz,Cruiz@email.com,Ia aplicada,Dra. chen,Drchen@uni.com,Sistemas,C-303,Pendiente,Efectivo
10926,Sofía vega,S.vega@email.com,Ia aplicada,Dra. chen,Drchen@uni.com,Sistemas,C-303,Pendiente,Transferencia
10927,María lópez,M.lopez@email.com,Redes ii,Lic. martínez,Martinez@uni.com,Telecom,B-202,Pendiente,Efectivo
10928,Ana torres,Ana.t@email.com,Redes ii,Lic. martínez,Martinez@uni.com,Telecom,B-202,Cancelado,Tarjeta
10929,Sofía vega,S.vega@email.com,Matemáticas iii,Dr. gómez,Gomez@uni.com,Ciencias,D-404,Cancelado,Transferencia
10930,María lópez,M.lopez@email.com,Matemáticas iii,Dr. gómez,Gomez@uni.com,Ciencias,D-404,Pendiente,Tarjeta
10931,Pedro soto,Psoto@email.com,Redes ii,Lic. martínez,Martinez@uni.com,Telecom,B-202,Pendiente,Tarjeta
10932,Elena díaz,E.diaz@email.com,Ia aplicada,Dra. chen,Drchen@uni.com,Sistemas,C-303,Pendiente,Tarjeta
10933,Diego luna,Dluna@email.com,Redes ii,Lic. martínez,Martinez@uni.com,Telecom,B-202,Pagado,Transferencia
10934,Juan pérez,Juan.p@email.com,Redes ii,Lic. martínez,Martinez@uni.com,Telecom,B-202,Cancelado,Efectivo
10935,Luis gómez,Luis.g@email.com,Redes ii,Lic. martínez,Martinez@uni.com,Telecom,B-202,Cancelado,Tarjeta
10936,Ana torres,Ana.t@email.com,Matemáticas iii,Dr. gómez,Gomez@uni.com,Ciencias,D-404,Pagado,Transferencia
10937,María lópez,M.lopez@email.com,Ia aplicada,Dra. chen,Drchen@uni.com,Sistemas,C-303,Pagado,Tarjeta
10938,Ana torres,Ana.t@email.com,Matemáticas iii,Dr. gómez,Gomez@uni.com,Ciencias,D-404,Pagado,Transferencia
10939,Laura paz,L.paz@email.com,Ia aplicada,Dra. chen,Drchen@uni.com,Sistemas,C-303,Pagado,Transferencia
10940,Juan pérez,Juan.p@email.com,Matemáticas iii,Dr. gómez,Gomez@uni.com,Ciencias,D-404,Pendiente,Efectivo
10941,María lópez,M.lopez@email.com,Redes ii,Lic. martínez,Martinez@uni.com,Telecom,B-202,Pagado,Tarjeta
10942,Elena díaz,E.diaz@email.com,Matemáticas iii,Dr. gómez,Gomez@uni.com,Ciencias,D-404,Pagado,Efectivo
10943,María lópez,M.lopez@email.com,Base de datos i,Ing. garcía,Garcia@uni.com,Sistemas,A-101,Cancelado,Tarjeta
10944,Diego luna,Dluna@email.com,Matemáticas iii,Dr. gómez,Gomez@uni.com,Ciencias,D-404,Pendiente,Tarjeta
10945,María lópez,M.lopez@email.com,Redes ii,Lic. martínez,Martinez@uni.com,Telecom,B-202,Pagado,Tarjeta
10946,Diego luna,Dluna@email.com,Ia aplicada,Dra. chen,Drchen@uni.com,Sistemas,C-303,Pendiente,Transferencia
10947,Ana torres,Ana.t@email.com,Base de datos i,Ing. garcía,Garcia@uni.com,Sistemas,A-101,Pagado,Tarjeta
10948,Elena díaz,E.diaz@email.com,Redes ii,Lic. martínez,Martinez@uni.com,Telecom,B-202,Pendiente,Transferencia
10949,Diego luna,Dluna@email.com,Base de datos i,Ing. garcía,Garcia@uni.com,Sistemas,A-101,Pagado,Efectivo
10950,Luis gómez,Luis.g@email.com,Matemáticas iii,Dr. gómez,Gomez@uni.com,Ciencias,D-404,Pagado,Tarjeta
10951,María lópez,M.lopez@email.com,Ia aplicada,Dra. chen,Drchen@uni.com,Sistemas,C-303,Pendiente,Transferencia
10952,Elena díaz,E.diaz@email.com,Base de datos i,Ing. garcía,Garcia@uni.com,Sistemas,A-101,Cancelado,Tarjeta
10953,María lópez,M.lopez@email.com,Base de datos i,Ing. garcía,Garcia@uni.com,Sistemas,A-101,Pagado,Tarjeta
10954,María lópez,M.lopez@email.com,Base de datos i,Ing. garcía,Garcia@uni.com,Sistemas,A-101,Cancelado,Efectivo
10955,Carlos ruiz,Cruiz@email.com,Matemáticas iii,Dr. gómez,Gomez@uni.com,Ciencias,D-404,Cancelado,Tarjeta
10956,Elena díaz,E.diaz@email.com,Matemáticas iii,Dr. gómez,Gomez@uni.com,Ciencias,D-404,Cancelado,Transferencia
10957,Laura paz,L.paz@email.com,Matemáticas iii,Dr. gómez,Gomez@uni.com,Ciencias,D-404,Cancelado,Efectivo
10958,Diego luna,Dluna@email.com,Matemáticas iii,Dr. gómez,Gomez@uni.com,Ciencias,D-404,Pagado,Tarjeta
10959,Luis gómez,Luis.g@email.com,Redes ii,Lic. martínez,Martinez@uni.com,Telecom,B-202,Pagado,Tarjeta
10960,Diego luna,Dluna@email.com,Base de datos i,Ing. garcía,Garcia@uni.com,Sistemas,A-101,Pagado,Efectivo
10961,Carlos ruiz,Cruiz@email.com,Matemáticas iii,Dr. gómez,Gomez@uni.com,Ciencias,D-404,Cancelado,Tarjeta
10962,Carlos ruiz,Cruiz@email.com,Redes ii,Lic. martínez,Martinez@uni.com,Telecom,B-202,Cancelado,Efectivo
10963,Juan pérez,Juan.p@email.com,Redes ii,Lic. martínez,Martinez@uni.com,Telecom,B-202,Pendiente,Tarjeta
10964,Sofía vega,S.vega@email.com,Matemáticas iii,Dr. gómez,Gomez@uni.com,Ciencias,D-404,Pagado,Transferencia
10965,Sofía vega,S.vega@email.com,Matemáticas iii,Dr. gómez,Gomez@uni.com,Ciencias,D-404,Pagado,Efectivo
10966,María lópez,M.lopez@email.com,Matemáticas iii,Dr. gómez,Gomez@uni.com,Ciencias,D-404,Cancelado,Tarjeta
10967,Diego luna,Dluna@email.com,Base de datos i,Ing. garcía,Garcia@uni.com,Sistemas,A-101,Cancelado,Transferencia
10968,Diego luna,Dluna@email.com,Matemáticas iii,Dr. gómez,Gomez@uni.com,Ciencias,D-404,Cancelado,Transferencia
10969,Sofía vega,S.vega@email.com,Redes ii,Lic. martínez,Martinez@uni.com,Telecom,B-202,Pendiente,Tarjeta
10970,Pedro soto,Psoto@email.com,Ia aplicada,Dra. chen,Drchen@uni.com,Sistemas,C-303,Cancelado,Tarjeta
10971,Carlos ruiz,Cruiz@email.com,Matemáticas iii,Dr. gómez,Gomez@uni.com,Ciencias,D-404,Cancelado,Tarjeta
10972,Juan pérez,Juan.p@email.com,Redes ii,Lic. martínez,Martinez@uni.com,Telecom,B-202,Cancelado,Efectivo
10973,María lópez,M.lopez@email.com,Ia aplicada,Dra. chen,Drchen@uni.com,Sistemas,C-303,Cancelado,Tarjeta
10974,Pedro soto,Psoto@email.com,Redes ii,Lic. martínez,Martinez@uni.com,Telecom,B-202,Pendiente,Tarjeta
10975,Carlos ruiz,Cruiz@email.com,Matemáticas iii,Dr. gómez,Gomez@uni.com,Ciencias,D-404,Pendiente,Efectivo
10976,Elena díaz,E.diaz@email.com,Matemáticas iii,Dr. gómez,Gomez@uni.com,Ciencias,D-404,Cancelado,Transferencia
10977,Laura paz,L.paz@email.com,Ia aplicada,Dra. chen,Drchen@uni.com,Sistemas,C-303,Pagado,Tarjeta
10978,Elena díaz,E.diaz@email.com,Ia aplicada,Dra. chen,Drchen@uni.com,Sistemas,C-303,Pagado,Transferencia
10979,María lópez,M.lopez@email.com,Redes ii,Lic. martínez,Martinez@uni.com,Telecom,B-202,Pagado,Tarjeta
10980,Juan pérez,Juan.p@email.com,Base de datos i,Ing. garcía,Garcia@uni.com,Sistemas,A-101,Cancelado,Efectivo
10981,Luis gómez,Luis.g@email.com,Redes ii,Lic. martínez,Martinez@uni.com,Telecom,B-202,Cancelado,Tarjeta
10982,Carlos ruiz,Cruiz@email.com,Base de datos i,Ing. garcía,Garcia@uni.com,Sistemas,A-101,Cancelado,Efectivo
10983,Pedro soto,Psoto@email.com,Base de datos i,Ing. garcía,Garcia@uni.com,Sistemas,A-101,Pendiente,Efectivo
10984,Luis gómez,Luis.g@email.com,Matemáticas iii,Dr. gómez,Gomez@uni.com,Ciencias,D-404,Pagado,Tarjeta
10985,Sofía vega,S.vega@email.com,Matemáticas iii,Dr. gómez,Gomez@uni.com,Ciencias,D-404,Pendiente,Tarjeta
10986,Juan pérez,Juan.p@email.com,Ia aplicada,Dra. chen,Drchen@uni.com,Sistemas,C-303,Pagado,Efectivo
10987,Laura paz,L.paz@email.com,Ia aplicada,Dra. chen,Drchen@uni.com,Sistemas,C-303,Pendiente,Tarjeta
10988,Sofía vega,S.vega@email.com,Redes ii,Lic. martínez,Martinez@uni.com,Telecom,B-202,Pagado,Efectivo
10989,Elena díaz,E.diaz@email.com,Redes ii,Lic. martínez,Martinez@uni.com,Telecom,B-202,Pagado,Tarjeta
10990,Luis gómez,Luis.g@email.com,Matemáticas iii,Dr. gómez,Gomez@uni.com,Ciencias,D-404,Cancelado,Tarjeta
10991,Ana torres,Ana.t@email.com,Ia aplicada,Dra. chen,Drchen@uni.com,Sistemas,C-303,Cancelado,Efectivo
10992,Luis gómez,Luis.g@email.com,Base de datos i,Ing. garcía,Garcia@uni.com,Sistemas,A-101,Pagado,Transferencia
10993,Sofía vega,S.vega@email.com,Ia aplicada,Dra. chen,Drchen@uni.com,Sistemas,C-303,Pendiente,Transferencia
10994,Elena díaz,E.diaz@email.com,Redes ii,Lic. martínez,Martinez@uni.com,Telecom,B-202,Cancelado,Efectivo
10995,Pedro soto,Psoto@email.com,Matemáticas iii,Dr. gómez,Gomez@uni.com,Ciencias,D-404,Cancelado,Efectivo
10996,Ana torres,Ana.t@email.com,Redes ii,Lic. martínez,Martinez@uni.com,Telecom,B-202,Cancelado,Efectivo
10997,Sofía vega,S.vega@email.com,Redes ii,Lic. martínez,Martinez@uni.com,Telecom,B-202,Pendiente,Tarjeta
10998,Pedro soto,Psoto@email.com,Base de datos i,Ing. garcía,Garcia@uni.com,Sistemas,A-101,Pagado,Efectivo
10999,Carlos ruiz,Cruiz@email.com,Base de datos i,Ing. garcía,Garcia@uni.com,Sistemas,A-101,Cancelado,Tarjeta
11000,Juan pérez,Juan.p@email.com,Redes ii,Lic. martínez,Martinez@uni.com,Telecom,B-202,Pendiente,Transferencia
11001,Sofía vega,S.vega@email.com,Base de datos i,Ing. garcía,Garcia@uni.com,Sistemas,A-101,Pagado,Tarjeta
11002,Juan pérez,Juan.p@email.com,Redes ii,Lic. martínez,Martinez@uni.com,Telecom,B-202,Pendiente,Tarjeta
11003,Laura paz,L.paz@email.com,Ia aplicada,Dra. chen,Drchen@uni.com,Sistemas,C-303,Pagado,Efectivo
11004,Carlos ruiz,Cruiz@email.com,Base de datos i,Ing. garcía,Garcia@uni.com,Sistemas,A-101,Cancelado,Tarjeta
11005,Elena díaz,E.diaz@email.com,Ia aplicada,Dra. chen,Drchen@uni.com,Sistemas,C-303,Pendiente,Transferencia
11006,Carlos ruiz,Cruiz@email.com,Redes ii,Lic. martínez,Martinez@uni.com,Telecom,B-202,Pagado,Efectivo
11007,Luis gómez,Luis.g@email.com,Ia aplicada,Dra. chen,Drchen@uni.com,Sistemas,C-303,Cancelado,Efectivo
11008,Sofía vega,S.vega@email.com,Base de datos i,Ing. garcía,Garcia@uni.com,Sistemas,A-101,Cancelado,Tarjeta
11009,Carlos ruiz,Cruiz@email.com,Redes ii,Lic. martínez,Martinez@uni.com,Telecom,B-202,Pagado,Transferencia
11010,Laura paz,L.paz@email.com,Matemáticas iii,Dr. gómez,Gomez@uni.com,Ciencias,D-404,Pagado,Efectivo
11011,Luis gómez,Luis.g@email.com,Redes ii,Lic. martínez,Martinez@uni.com,Telecom,B-202,Cancelado,Transferencia
11012,Elena díaz,E.diaz@email.com,Ia aplicada,Dra. chen,Drchen@uni.com,Sistemas,C-303,Pagado,Efectivo
11013,Diego luna,Dluna@email.com,Base de datos i,Ing. garcía,Garcia@uni.com,Sistemas,A-101,Pagado,Efectivo
11014,Sofía vega,S.vega@email.com,Base de datos i,Ing. garcía,Garcia@uni.com,Sistemas,A-101,Pagado,Efectivo
11015,Ana torres,Ana.t@email.com,Matemáticas iii,Dr. gómez,Gomez@uni.com,Ciencias,D-404,Pendiente,Transferencia
11016,Luis gómez,Luis.g@email.com,Base de datos i,Ing. garcía,Garcia@uni.com,Sistemas,A-101,Cancelado,Transferencia
11017,María lópez,M.lopez@email.com,Redes ii,Lic. martínez,Martinez@uni.com,Telecom,B-202,Cancelado,Tarjeta
11018,Ana torres,Ana.t@email.com,Base de datos i,Ing. garcía,Garcia@uni.com,Sistemas,A-101,Pagado,Efectivo
11019,Luis gómez,Luis.g@email.com,Redes ii,Lic. martínez,Martinez@uni.com,Telecom,B-202,Pagado,Tarjeta
11020,Sofía vega,S.vega@email.com,Base de datos i,Ing. garcía,Garcia@uni.com,Sistemas,A-101,Pendiente,Transferencia
11021,Pedro soto,Psoto@email.com,Base de datos i,Ing. garcía,Garcia@uni.com,Sistemas,A-101,Pendiente,Tarjeta
11022,Juan pérez,Juan.p@email.com,Redes ii,Lic. martínez,Martinez@uni.com,Telecom,B-202,Cancelado,Tarjeta
11023,Diego luna,Dluna@email.com,Base de datos i,Ing. garcía,Garcia@uni.com,Sistemas,A-101,Pendiente,Transferencia
11024,María lópez,M.lopez@email.com,Redes ii,Lic. martínez,Martinez@uni.com,Telecom,B-202,Pagado,Transferencia
11025,Elena díaz,E.diaz@email.com,Matemáticas iii,Dr. gómez,Gomez@uni.com,Ciencias,D-404,Cancelado,Tarjeta
11026,Carlos ruiz,Cruiz@email.com,Matemáticas iii,Dr. gómez,Gomez@uni.com,Ciencias,D-404,Pagado,Transferencia
11027,Carlos ruiz,Cruiz@email.com,Ia aplicada,Dra. chen,Drchen@uni.com,Sistemas,C-303,Cancelado,Tarjeta
11028,Diego luna,Dluna@email.com,Matemáticas iii,Dr. gómez,Gomez@uni.com,Ciencias,D-404,Pendiente,Tarjeta
11029,María lópez,M.lopez@email.com,Redes ii,Lic. martínez,Martinez@uni.com,Telecom,B-202,Pagado,Tarjeta
11030,Ana torres,Ana.t@email.com,Ia aplicada,Dra. chen,Drchen@uni.com,Sistemas,C-303,Cancelado,Tarjeta
11031,Diego luna,Dluna@email.com,Base de datos i,Ing. garcía,Garcia@uni.com,Sistemas,A-101,Pagado,Efectivo
11032,Sofía vega,S.vega@email.com,Ia aplicada,Dra. chen,Drchen@uni.com,Sistemas,C-303,Pagado,Efectivo
11033,Ana torres,Ana.t@email.com,Base de datos i,Ing. garcía,Garcia@uni.com,Sistemas,A-101,Pagado,Tarjeta
11034,Sofía vega,S.vega@email.com,Ia aplicada,Dra. chen,Drchen@uni.com,Sistemas,C-303,Cancelado,Tarjeta
11035,Carlos ruiz,Cruiz@email.com,Redes ii,Lic. martínez,Martinez@uni.com,Telecom,B-202,Pendiente,Efectivo
11036,Diego luna,Dluna@email.com,Matemáticas iii,Dr. gómez,Gomez@uni.com,Ciencias,D-404,Pagado,Tarjeta
11037,Juan pérez,Juan.p@email.com,Base de datos i,Ing. garcía,Garcia@uni.com,Sistemas,A-101,Pendiente,Tarjeta
11038,Pedro soto,Psoto@email.com,Base de datos i,Ing. garcía,Garcia@uni.com,Sistemas,A-101,Pagado,Tarjeta
11039,Luis gómez,Luis.g@email.com,Base de datos i,Ing. garcía,Garcia@uni.com,Sistemas,A-101,Pendiente,Tarjeta
11040,Sofía vega,S.vega@email.com,Matemáticas iii,Dr. gómez,Gomez@uni.com,Ciencias,D-404,Pendiente,Tarjeta
11041,Elena díaz,E.diaz@email.com,Ia aplicada,Dra. chen,Drchen@uni.com,Sistemas,C-303,Pendiente,Transferencia
11042,Sofía vega,S.vega@email.com,Redes ii,Lic. martínez,Martinez@uni.com,Telecom,B-202,Pendiente,Efectivo
11043,Sofía vega,S.vega@email.com,Matemáticas iii,Dr. gómez,Gomez@uni.com,Ciencias,D-404,Cancelado,Tarjeta
11044,Juan pérez,Juan.p@email.com,Base de datos i,Ing. garcía,Garcia@uni.com,Sistemas,A-101,Pendiente,Transferencia
11045,Sofía vega,S.vega@email.com,Redes ii,Lic. martínez,Martinez@uni.com,Telecom,B-202,Cancelado,Efectivo
11046,Luis gómez,Luis.g@email.com,Ia aplicada,Dra. chen,Drchen@uni.com,Sistemas,C-303,Pendiente,Efectivo
11047,María lópez,M.lopez@email.com,Redes ii,Lic. martínez,Martinez@uni.com,Telecom,B-202,Pendiente,Efectivo
11048,Elena díaz,E.diaz@email.com,Redes ii,Lic. martínez,Martinez@uni.com,Telecom,B-202,Cancelado,Tarjeta
11049,Juan pérez,Juan.p@email.com,Redes ii,Lic. martínez,Martinez@uni.com,Telecom,B-202,Pagado,Efectivo
11050,María lópez,M.lopez@email.com,Ia aplicada,Dra. chen,Drchen@uni.com,Sistemas,C-303,Cancelado,Efectivo
11051,Pedro soto,Psoto@email.com,Ia aplicada,Dra. chen,Drchen@uni.com,Sistemas,C-303,Cancelado,Efectivo
11052,María lópez,M.lopez@email.com,Matemáticas iii,Dr. gómez,Gomez@uni.com,Ciencias,D-404,Cancelado,Tarjeta
11053,Pedro soto,Psoto@email.com,Redes ii,Lic. martínez,Martinez@uni.com,Telecom,B-202,Cancelado,Tarjeta
11054,Pedro soto,Psoto@email.com,Matemáticas iii,Dr. gómez,Gomez@uni.com,Ciencias,D-404,Pagado,Transferencia
11055,María lópez,M.lopez@email.com,Ia aplicada,Dra. chen,Drchen@uni.com,Sistemas,C-303,Pagado,Efectivo
11056,Elena díaz,E.diaz@email.com,Matemáticas iii,Dr. gómez,Gomez@uni.com,Ciencias,D-404,Pagado,Transferencia
11057,Sofía vega,S.vega@email.com,Base de datos i,Ing. garcía,Garcia@uni.com,Sistemas,A-101,Cancelado,Tarjeta
11058,Ana torres,Ana.t@email.com,Ia aplicada,Dra. chen,Drchen@uni.com,Sistemas,C-303,Cancelado,Transferencia
11059,Luis gómez,Luis.g@email.com,Redes ii,Lic. martínez,Martinez@uni.com,Telecom,B-202,Pendiente,Tarjeta
11060,Juan pérez,Juan.p@email.com,Base de datos i,Ing. garcía,Garcia@uni.com,Sistemas,A-101,Cancelado,Efectivo
11061,Elena díaz,E.diaz@email.com,Base de datos i,Ing. garcía,Garcia@uni.com,Sistemas,A-101,Pendiente,Tarjeta
11062,Juan pérez,Juan.p@email.com,Redes ii,Lic. martínez,Martinez@uni.com,Telecom,B-202,Pendiente,Tarjeta
11063,Luis gómez,Luis.g@email.com,Ia aplicada,Dra. chen,Drchen@uni.com,Sistemas,C-303,Pendiente,Tarjeta
11064,Carlos ruiz,Cruiz@email.com,Matemáticas iii,Dr. gómez,Gomez@uni.com,Ciencias,D-404,Cancelado,Efectivo
11065,Ana torres,Ana.t@email.com,Ia aplicada,Dra. chen,Drchen@uni.com,Sistemas,C-303,Pendiente,Efectivo
11066,Carlos ruiz,Cruiz@email.com,Matemáticas iii,Dr. gómez,Gomez@uni.com,Ciencias,D-404,Pendiente,Transferencia
11067,Ana torres,Ana.t@email.com,Base de datos i,Ing. garcía,Garcia@uni.com,Sistemas,A-101,Pendiente,Transferencia
11068,Laura paz,L.paz@email.com,Matemáticas iii,Dr. gómez,Gomez@uni.com,Ciencias,D-404,Pendiente,Efectivo
11069,Juan pérez,Juan.p@email.com,Base de datos i,Ing. garcía,Garcia@uni.com,Sistemas,A-101,Pendiente,Transferencia
11070,Elena díaz,E.diaz@email.com,Ia aplicada,Dra. chen,Drchen@uni.com,Sistemas,C-303,Pendiente,Transferencia
11071,Laura paz,L.paz@email.com,Redes ii,Lic. martínez,Martinez@uni.com,Telecom,B-202,Cancelado,Efectivo
11072,Ana torres,Ana.t@email.com,Redes ii,Lic. martínez,Martinez@uni.com,Telecom,B-202,Pendiente,Efectivo
11073,Juan pérez,Juan.p@email.com,Base de datos i,Ing. garcía,Garcia@uni.com,Sistemas,A-101,Pendiente,Tarjeta
11074,Juan pérez,Juan.p@email.com,Base de datos i,Ing. garcía,Garcia@uni.com,Sistemas,A-101,Pendiente,Transferencia
11075,Juan pérez,Juan.p@email.com,Redes ii,Lic. martínez,Martinez@uni.com,Telecom,B-202,Cancelado,Tarjeta
11076,Pedro soto,Psoto@email.com,Matemáticas iii,Dr. gómez,Gomez@uni.com,Ciencias,D-404,Cancelado,Efectivo
11077,Diego luna,Dluna@email.com,Matemáticas iii,Dr. gómez,Gomez@uni.com,Ciencias,D-404,Cancelado,Transferencia
11078,Pedro soto,Psoto@email.com,Ia aplicada,Dra. chen,Drchen@uni.com,Sistemas,C-303,Cancelado,Transferencia
11079,María lópez,M.lopez@email.com,Matemáticas iii,Dr. gómez,Gomez@uni.com,Ciencias,D-404,Pagado,Transferencia
11080,Ana torres,Ana.t@email.com,Base de datos i,Ing. garcía,Garcia@uni.com,Sistemas,A-101,Pendiente,Efectivo
11081,Juan pérez,Juan.p@email.com,Redes ii,Lic. martínez,Martinez@uni.com,Telecom,B-202,Cancelado,Transferencia
11082,María lópez,M.lopez@email.com,Ia aplicada,Dra. chen,Drchen@uni.com,Sistemas,C-303,Cancelado,Tarjeta
11083,Sofía vega,S.vega@email.com,Redes ii,Lic. martínez,Martinez@uni.com,Telecom,B-202,Pagado,Efectivo
11084,Laura paz,L.paz@email.com,Ia aplicada,Dra. chen,Drchen@uni.com,Sistemas,C-303,Pendiente,Tarjeta
11085,Laura paz,L.paz@email.com,Matemáticas iii,Dr. gómez,Gomez@uni.com,Ciencias,D-404,Pendiente,Efectivo
11086,Luis gómez,Luis.g@email.com,Base de datos i,Ing. garcía,Garcia@uni.com,Sistemas,A-101,Pendiente,Transferencia
11087,Diego luna,Dluna@email.com,Matemáticas iii,Dr. gómez,Gomez@uni.com,Ciencias,D-404,Cancelado,Efectivo
11088,Diego luna,Dluna@email.com,Base de datos i,Ing. garcía,Garcia@uni.com,Sistemas,A-101,Cancelado,Tarjeta
11089,Sofía vega,S.vega@email.com,Ia aplicada,Dra. chen,Drchen@uni.com,Sistemas,C-303,Cancelado,Tarjeta
11090,Carlos ruiz,Cruiz@email.com,Ia aplicada,Dra. chen,Drchen@uni.com,Sistemas,C-303,Cancelado,Efectivo
11091,Elena díaz,E.diaz@email.com,Redes ii,Lic. martínez,Martinez@uni.com,Telecom,B-202,Pagado,Efectivo
11092,Ana torres,Ana.t@email.com,Redes ii,Lic. martínez,Martinez@uni.com,Telecom,B-202,Cancelado,Transferencia
11093,Laura paz,L.paz@email.com,Base de datos i,Ing. garcía,Garcia@uni.com,Sistemas,A-101,Cancelado,Tarjeta
11094,Luis gómez,Luis.g@email.com,Matemáticas iii,Dr. gómez,Gomez@uni.com,Ciencias,D-404,Pagado,Transferencia
11095,Luis gómez,Luis.g@email.com,Ia aplicada,Dra. chen,Drchen@uni.com,Sistemas,C-303,Cancelado,Efectivo
11096,Pedro soto,Psoto@email.com,Matemáticas iii,Dr. gómez,Gomez@uni.com,Ciencias,D-404,Pendiente,Efectivo
11097,Diego luna,Dluna@email.com,Base de datos i,Ing. garcía,Garcia@uni.com,Sistemas,A-101,Cancelado,Tarjeta
11098,Juan pérez,Juan.p@email.com,Redes ii,Lic. martínez,Martinez@uni.com,Telecom,B-202,Pendiente,Transferencia
11099,Pedro soto,Psoto@email.com,Redes ii,Lic. martínez,Martinez@uni.com,Telecom,B-202,Cancelado,Transferencia
11100,Luis gómez,Luis.g@email.com,Ia aplicada,Dra. chen,Drchen@uni.com,Sistemas,C-303,Pendiente,Transferencia
11101,María lópez,M.lopez@email.com,Base de datos i,Ing. garcía,Garcia@uni.com,Sistemas,A-101,Pendiente,Tarjeta
11102,Elena díaz,E.diaz@email.com,Ia aplicada,Dra. chen,Drchen@uni.com,Sistemas,C-303,Pagado,Efectivo
11103,Laura paz,L.paz@email.com,Matemáticas iii,Dr. gómez,Gomez@uni.com,Ciencias,D-404,Pendiente,Tarjeta
11104,Laura paz,L.paz@email.com,Redes ii,Lic. martínez,Martinez@uni.com,Telecom,B-202,Pagado,Efectivo
11105,Carlos ruiz,Cruiz@email.com,Redes ii,Lic. martínez,Martinez@uni.com,Telecom,B-202,Pendiente,Tarjeta
11106,Carlos ruiz,Cruiz@email.com,Matemáticas iii,Dr. gómez,Gomez@uni.com,Ciencias,D-404,Pagado,Tarjeta
11107,Ana torres,Ana.t@email.com,Base de datos i,Ing. garcía,Garcia@uni.com,Sistemas,A-101,Pendiente,Tarjeta
11108,Carlos ruiz,Cruiz@email.com,Ia aplicada,Dra. chen,Drchen@uni.com,Sistemas,C-303,Pendiente,Efectivo
11109,Elena díaz,E.diaz@email.com,Redes ii,Lic. martínez,Martinez@uni.com,Telecom,B-202,Pendiente,Efectivo
11110,Sofía vega,S.vega@email.com,Base de datos i,Ing. garcía,Garcia@uni.com,Sistemas,A-101,Cancelado,Efectivo
11111,Juan pérez,Juan.p@email.com,Base de datos i,Ing. garcía,Garcia@uni.com,Sistemas,A-101,Pendiente,Transferencia
11112,Juan pérez,Juan.p@email.com,Base de datos i,Ing. garcía,Garcia@uni.com,Sistemas,A-101,Cancelado,Tarjeta
11113,Luis gómez,Luis.g@email.com,Base de datos i,Ing. garcía,Garcia@uni.com,Sistemas,A-101,Pagado,Efectivo
11114,Sofía vega,S.vega@email.com,Base de datos i,Ing. garcía,Garcia@uni.com,Sistemas,A-101,Pagado,Transferencia
11115,Diego luna,Dluna@email.com,Base de datos i,Ing. garcía,Garcia@uni.com,Sistemas,A-101,Pendiente,Tarjeta
11116,María lópez,M.lopez@email.com,Matemáticas iii,Dr. gómez,Gomez@uni.com,Ciencias,D-404,Pagado,Efectivo
11117,Pedro soto,Psoto@email.com,Matemáticas iii,Dr. gómez,Gomez@uni.com,Ciencias,D-404,Cancelado,Tarjeta
11118,Laura paz,L.paz@email.com,Ia aplicada,Dra. chen,Drchen@uni.com,Sistemas,C-303,Pagado,Tarjeta
11119,Diego luna,Dluna@email.com,Base de datos i,Ing. garcía,Garcia@uni.com,Sistemas,A-101,Pagado,Tarjeta
11120,Luis gómez,Luis.g@email.com,Redes ii,Lic. martínez,Martinez@uni.com,Telecom,B-202,Pagado,Tarjeta
11121,Luis gómez,Luis.g@email.com,Redes ii,Lic. martínez,Martinez@uni.com,Telecom,B-202,Cancelado,Tarjeta
11122,Laura paz,L.paz@email.com,Redes ii,Lic. martínez,Martinez@uni.com,Telecom,B-202,Cancelado,Efectivo
11123,Laura paz,L.paz@email.com,Matemáticas iii,Dr. gómez,Gomez@uni.com,Ciencias,D-404,Cancelado,Tarjeta
11124,Pedro soto,Psoto@email.com,Redes ii,Lic. martínez,Martinez@uni.com,Telecom,B-202,Cancelado,Tarjeta
11125,Luis gómez,Luis.g@email.com,Ia aplicada,Dra. chen,Drchen@uni.com,Sistemas,C-303,Cancelado,Efectivo
11126,Elena díaz,E.diaz@email.com,Base de datos i,Ing. garcía,Garcia@uni.com,Sistemas,A-101,Pagado,Transferencia
11127,Sofía vega,S.vega@email.com,Redes ii,Lic. martínez,Martinez@uni.com,Telecom,B-202,Cancelado,Efectivo
11128,Carlos ruiz,Cruiz@email.com,Matemáticas iii,Dr. gómez,Gomez@uni.com,Ciencias,D-404,Cancelado,Transferencia
11129,Sofía vega,S.vega@email.com,Matemáticas iii,Dr. gómez,Gomez@uni.com,Ciencias,D-404,Pagado,Transferencia
11130,Juan pérez,Juan.p@email.com,Base de datos i,Ing. garcía,Garcia@uni.com,Sistemas,A-101,Cancelado,Tarjeta
11131,Pedro soto,Psoto@email.com,Ia aplicada,Dra. chen,Drchen@uni.com,Sistemas,C-303,Cancelado,Tarjeta
11132,Laura paz,L.paz@email.com,Base de datos i,Ing. garcía,Garcia@uni.com,Sistemas,A-101,Pagado,Efectivo
11133,Juan pérez,Juan.p@email.com,Redes ii,Lic. martínez,Martinez@uni.com,Telecom,B-202,Cancelado,Tarjeta
11134,Sofía vega,S.vega@email.com,Base de datos i,Ing. garcía,Garcia@uni.com,Sistemas,A-101,Pendiente,Efectivo
11135,Elena díaz,E.diaz@email.com,Ia aplicada,Dra. chen,Drchen@uni.com,Sistemas,C-303,Pagado,Efectivo
11136,Luis gómez,Luis.g@email.com,Redes ii,Lic. martínez,Martinez@uni.com,Telecom,B-202,Pendiente,Tarjeta
11137,Diego luna,Dluna@email.com,Ia aplicada,Dra. chen,Drchen@uni.com,Sistemas,C-303,Pendiente,Transferencia
11138,Diego luna,Dluna@email.com,Redes ii,Lic. martínez,Martinez@uni.com,Telecom,B-202,Cancelado,Transferencia
11139,María lópez,M.lopez@email.com,Base de datos i,Ing. garcía,Garcia@uni.com,Sistemas,A-101,Pagado,Transferencia
11140,Sofía vega,S.vega@email.com,Redes ii,Lic. martínez,Martinez@uni.com,Telecom,B-202,Pendiente,Transferencia
11141,Luis gómez,Luis.g@email.com,Matemáticas iii,Dr. gómez,Gomez@uni.com,Ciencias,D-404,Pendiente,Transferencia
11142,Sofía vega,S.vega@email.com,Base de datos i,Ing. garcía,Garcia@uni.com,Sistemas,A-101,Pagado,Transferencia
11143,Juan pérez,Juan.p@email.com,Base de datos i,Ing. garcía,Garcia@uni.com,Sistemas,A-101,Pendiente,Transferencia
11144,Sofía vega,S.vega@email.com,Matemáticas iii,Dr. gómez,Gomez@uni.com,Ciencias,D-404,Pendiente,Transferencia
11145,Laura paz,L.paz@email.com,Redes ii,Lic. martínez,Martinez@uni.com,Telecom,B-202,Cancelado,Efectivo
11146,Ana torres,Ana.t@email.com,Redes ii,Lic. martínez,Martinez@uni.com,Telecom,B-202,Cancelado,Transferencia
11147,Carlos ruiz,Cruiz@email.com,Redes ii,Lic. martínez,Martinez@uni.com,Telecom,B-202,Pendiente,Tarjeta
11148,Ana torres,Ana.t@email.com,Ia aplicada,Dra. chen,Drchen@uni.com,Sistemas,C-303,Pendiente,Efectivo
11149,Sofía vega,S.vega@email.com,Base de datos i,Ing. garcía,Garcia@uni.com,Sistemas,A-101,Pagado,Tarjeta
11150,Pedro soto,Psoto@email.com,Ia aplicada,Dra. chen,Drchen@uni.com,Sistemas,C-303,Pendiente,Tarjeta
11151,Sofía vega,S.vega@email.com,Ia aplicada,Dra. chen,Drchen@uni.com,Sistemas,C-303,Pagado,Transferencia
11152,Juan pérez,Juan.p@email.com,Redes ii,Lic. martínez,Martinez@uni.com,Telecom,B-202,Cancelado,Transferencia
11153,Diego luna,Dluna@email.com,Base de datos i,Ing. garcía,Garcia@uni.com,Sistemas,A-101,Cancelado,Tarjeta
11154,Luis gómez,Luis.g@email.com,Redes ii,Lic. martínez,Martinez@uni.com,Telecom,B-202,Pendiente,Tarjeta
11155,Sofía vega,S.vega@email.com,Base de datos i,Ing. garcía,Garcia@uni.com,Sistemas,A-101,Pagado,Transferencia
11156,María lópez,M.lopez@email.com,Matemáticas iii,Dr. gómez,Gomez@uni.com,Ciencias,D-404,Pendiente,Tarjeta
11157,Pedro soto,Psoto@email.com,Base de datos i,Ing. garcía,Garcia@uni.com,Sistemas,A-101,Pendiente,Efectivo
11158,Laura paz,L.paz@email.com,Base de datos i,Ing. garcía,Garcia@uni.com,Sistemas,A-101,Pendiente,Tarjeta
11159,Diego luna,Dluna@email.com,Matemáticas iii,Dr. gómez,Gomez@uni.com,Ciencias,D-404,Pendiente,Tarjeta
11160,Carlos ruiz,Cruiz@email.com,Base de datos i,Ing. garcía,Garcia@uni.com,Sistemas,A-101,Pendiente,Transferencia
11161,Elena díaz,E.diaz@email.com,Base de datos i,Ing. garcía,Garcia@uni.com,Sistemas,A-101,Pagado,Transferencia
11162,Diego luna,Dluna@email.com,Ia aplicada,Dra. chen,Drchen@uni.com,Sistemas,C-303,Cancelado,Transferencia
11163,Pedro soto,Psoto@email.com,Ia aplicada,Dra. chen,Drchen@uni.com,Sistemas,C-303,Pendiente,Efectivo
11164,Elena díaz,E.diaz@email.com,Redes ii,Lic. martínez,Martinez@uni.com,Telecom,B-202,Cancelado,Tarjeta
11165,Luis gómez,Luis.g@email.com,Redes ii,Lic. martínez,Martinez@uni.com,Telecom,B-202,Cancelado,Tarjeta
11166,Juan pérez,Juan.p@email.com,Redes ii,Lic. martínez,Martinez@uni.com,Telecom,B-202,Pendiente,Transferencia
11167,Diego luna,Dluna@email.com,Matemáticas iii,Dr. gómez,Gomez@uni.com,Ciencias,D-404,Pendiente,Efectivo
11168,Carlos ruiz,Cruiz@email.com,Base de datos i,Ing. garcía,Garcia@uni.com,Sistemas,A-101,Pagado,Transferencia
11169,Luis gómez,Luis.g@email.com,Base de datos i,Ing. garcía,Garcia@uni.com,Sistemas,A-101,Pagado,Transferencia
11170,Juan pérez,Juan.p@email.com,Matemáticas iii,Dr. gómez,Gomez@uni.com,Ciencias,D-404,Pendiente,Efectivo
11171,Diego luna,Dluna@email.com,Base de datos i,Ing. garcía,Garcia@uni.com,Sistemas,A-101,Pendiente,Transferencia
11172,Sofía vega,S.vega@email.com,Matemáticas iii,Dr. gómez,Gomez@uni.com,Ciencias,D-404,Pagado,Transferencia
11173,Sofía vega,S.vega@email.com,Matemáticas iii,Dr. gómez,Gomez@uni.com,Ciencias,D-404,Cancelado,Tarjeta
11174,María lópez,M.lopez@email.com,Ia aplicada,Dra. chen,Drchen@uni.com,Sistemas,C-303,Pagado,Transferencia
11175,Carlos ruiz,Cruiz@email.com,Ia aplicada,Dra. chen,Drchen@uni.com,Sistemas,C-303,Pendiente,Efectivo
11176,Sofía vega,S.vega@email.com,Redes ii,Lic. martínez,Martinez@uni.com,Telecom,B-202,Cancelado,Tarjeta
11177,Luis gómez,Luis.g@email.com,Redes ii,Lic. martínez,Martinez@uni.com,Telecom,B-202,Cancelado,Transferencia
11178,Elena díaz,E.diaz@email.com,Matemáticas iii,Dr. gómez,Gomez@uni.com,Ciencias,D-404,Pendiente,Efectivo
11179,Diego luna,Dluna@email.com,Matemáticas iii,Dr. gómez,Gomez@uni.com,Ciencias,D-404,Pendiente,Transferencia
11180,Juan pérez,Juan.p@email.com,Matemáticas iii,Dr. gómez,Gomez@uni.com,Ciencias,D-404,Pagado,Efectivo
11181,Pedro soto,Psoto@email.com,Base de datos i,Ing. garcía,Garcia@uni.com,Sistemas,A-101,Cancelado,Tarjeta
11182,Diego luna,Dluna@email.com,Base de datos i,Ing. garcía,Garcia@uni.com,Sistemas,A-101,Cancelado,Tarjeta
11183,Carlos ruiz,Cruiz@email.com,Base de datos i,Ing. garcía,Garcia@uni.com,Sistemas,A-101,Cancelado,Tarjeta
11184,Sofía vega,S.vega@email.com,Base de datos i,Ing. garcía,Garcia@uni.com,Sistemas,A-101,Cancelado,Tarjeta
11185,Pedro soto,Psoto@email.com,Base de datos i,Ing. garcía,Garcia@uni.com,Sistemas,A-101,Cancelado,Efectivo
11186,Diego luna,Dluna@email.com,Base de datos i,Ing. garcía,Garcia@uni.com,Sistemas,A-101,Pagado,Transferencia
11187,Elena díaz,E.diaz@email.com,Base de datos i,Ing. garcía,Garcia@uni.com,Sistemas,A-101,Cancelado,Transferencia
11188,María lópez,M.lopez@email.com,Matemáticas iii,Dr. gómez,Gomez@uni.com,Ciencias,D-404,Pagado,Tarjeta
11189,Carlos ruiz,Cruiz@email.com,Matemáticas iii,Dr. gómez,Gomez@uni.com,Ciencias,D-404,Pagado,Transferencia
11190,Luis gómez,Luis.g@email.com,Ia aplicada,Dra. chen,Drchen@uni.com,Sistemas,C-303,Pendiente,Efectivo
11191,Juan pérez,Juan.p@email.com,Base de datos i,Ing. garcía,Garcia@uni.com,Sistemas,A-101,Pagado,Transferencia
11192,Juan pérez,Juan.p@email.com,Ia aplicada,Dra. chen,Drchen@uni.com,Sistemas,C-303,Cancelado,Efectivo
11193,Sofía vega,S.vega@email.com,Ia aplicada,Dra. chen,Drchen@uni.com,Sistemas,C-303,Pagado,Transferencia
11194,Carlos ruiz,Cruiz@email.com,Base de datos i,Ing. garcía,Garcia@uni.com,Sistemas,A-101,Pendiente,Efectivo
11195,Carlos ruiz,Cruiz@email.com,Redes ii,Lic. martínez,Martinez@uni.com,Telecom,B-202,Cancelado,Efectivo
11196,Luis gómez,Luis.g@email.com,Ia aplicada,Dra. chen,Drchen@uni.com,Sistemas,C-303,Pagado,Efectivo
11197,Carlos ruiz,Cruiz@email.com,Ia aplicada,Dra. chen,Drchen@uni.com,Sistemas,C-303,Pagado,Transferencia
11198,Luis gómez,Luis.g@email.com,Ia aplicada,Dra. chen,Drchen@uni.com,Sistemas,C-303,Pendiente,Tarjeta
11199,Juan pérez,Juan.p@email.com,Matemáticas iii,Dr. gómez,Gomez@uni.com,Ciencias,D-404,Pendiente,Efectivo
11200,Carlos ruiz,Cruiz@email.com,Ia aplicada,Dra. chen,Drchen@uni.com,Sistemas,C-303,Pagado,Tarjeta
11201,Carlos ruiz,Cruiz@email.com,Redes ii,Lic. martínez,Martinez@uni.com,Telecom,B-202,Pagado,Efectivo
11202,Luis gómez,Luis.g@email.com,Redes ii,Lic. martínez,Martinez@uni.com,Telecom,B-202,Pagado,Efectivo
11203,María lópez,M.lopez@email.com,Base de datos i,Ing. garcía,Garcia@uni.com,Sistemas,A-101,Pendiente,Tarjeta
11204,Laura paz,L.paz@email.com,Ia aplicada,Dra. chen,Drchen@uni.com,Sistemas,C-303,Pendiente,Tarjeta
11205,Sofía vega,S.vega@email.com,Base de datos i,Ing. garcía,Garcia@uni.com,Sistemas,A-101,Pendiente,Transferencia
11206,Pedro soto,Psoto@email.com,Redes ii,Lic. martínez,Martinez@uni.com,Telecom,B-202,Pendiente,Efectivo
11207,Diego luna,Dluna@email.com,Redes ii,Lic. martínez,Martinez@uni.com,Telecom,B-202,Pendiente,Tarjeta
11208,Juan pérez,Juan.p@email.com,Redes ii,Lic. martínez,Martinez@uni.com,Telecom,B-202,Pagado,Transferencia
11209,Luis gómez,Luis.g@email.com,Matemáticas iii,Dr. gómez,Gomez@uni.com,Ciencias,D-404,Cancelado,Transferencia
11210,Elena díaz,E.diaz@email.com,Redes ii,Lic. martínez,Martinez@uni.com,Telecom,B-202,Pagado,Efectivo
11211,Pedro soto,Psoto@email.com,Ia aplicada,Dra. chen,Drchen@uni.com,Sistemas,C-303,Cancelado,Transferencia
11212,Ana torres,Ana.t@email.com,Base de datos i,Ing. garcía,Garcia@uni.com,Sistemas,A-101,Pendiente,Efectivo
11213,Pedro soto,Psoto@email.com,Base de datos i,Ing. garcía,Garcia@uni.com,Sistemas,A-101,Pendiente,Tarjeta
11214,Laura paz,L.paz@email.com,Ia aplicada,Dra. chen,Drchen@uni.com,Sistemas,C-303,Cancelado,Tarjeta
11215,María lópez,M.lopez@email.com,Ia aplicada,Dra. chen,Drchen@uni.com,Sistemas,C-303,Cancelado,Tarjeta
11216,Diego luna,Dluna@email.com,Ia aplicada,Dra. chen,Drchen@uni.com,Sistemas,C-303,Pagado,Efectivo
11217,Elena díaz,E.diaz@email.com,Matemáticas iii,Dr. gómez,Gomez@uni.com,Ciencias,D-404,Pagado,Transferencia
11218,Ana torres,Ana.t@email.com,Matemáticas iii,Dr. gómez,Gomez@uni.com,Ciencias,D-404,Pagado,Efectivo
11219,Elena díaz,E.diaz@email.com,Matemáticas iii,Dr. gómez,Gomez@uni.com,Ciencias,D-404,Cancelado,Efectivo
11220,Juan pérez,Juan.p@email.com,Redes ii,Lic. martínez,Martinez@uni.com,Telecom,B-202,Pagado,Transferencia
11221,María lópez,M.lopez@email.com,Ia aplicada,Dra. chen,Drchen@uni.com,Sistemas,C-303,Pendiente,Efectivo
11222,Diego luna,Dluna@email.com,Matemáticas iii,Dr. gómez,Gomez@uni.com,Ciencias,D-404,Pendiente,Transferencia
11223,Carlos ruiz,Cruiz@email.com,Ia aplicada,Dra. chen,Drchen@uni.com,Sistemas,C-303,Pendiente,Transferencia
11224,Elena díaz,E.diaz@email.com,Ia aplicada,Dra. chen,Drchen@uni.com,Sistemas,C-303,Pagado,Efectivo
11225,Ana torres,Ana.t@email.com,Matemáticas iii,Dr. gómez,Gomez@uni.com,Ciencias,D-404,Pendiente,Transferencia
11226,Juan pérez,Juan.p@email.com,Matemáticas iii,Dr. gómez,Gomez@uni.com,Ciencias,D-404,Pendiente,Efectivo
11227,Juan pérez,Juan.p@email.com,Matemáticas iii,Dr. gómez,Gomez@uni.com,Ciencias,D-404,Pendiente,Transferencia
11228,Juan pérez,Juan.p@email.com,Ia aplicada,Dra. chen,Drchen@uni.com,Sistemas,C-303,Cancelado,Efectivo
11229,Juan pérez,Juan.p@email.com,Matemáticas iii,Dr. gómez,Gomez@uni.com,Ciencias,D-404,Pagado,Tarjeta
11230,Carlos ruiz,Cruiz@email.com,Redes ii,Lic. martínez,Martinez@uni.com,Telecom,B-202,Cancelado,Transferencia
11231,Diego luna,Dluna@email.com,Ia aplicada,Dra. chen,Drchen@uni.com,Sistemas,C-303,Pagado,Tarjeta
11232,Juan pérez,Juan.p@email.com,Ia aplicada,Dra. chen,Drchen@uni.com,Sistemas,C-303,Pendiente,Tarjeta
11233,Pedro soto,Psoto@email.com,Ia aplicada,Dra. chen,Drchen@uni.com,Sistemas,C-303,Pagado,Transferencia
11234,Laura paz,L.paz@email.com,Base de datos i,Ing. garcía,Garcia@uni.com,Sistemas,A-101,Pendiente,Efectivo
11235,Laura paz,L.paz@email.com,Redes ii,Lic. martínez,Martinez@uni.com,Telecom,B-202,Pagado,Transferencia
11236,Sofía vega,S.vega@email.com,Matemáticas iii,Dr. gómez,Gomez@uni.com,Ciencias,D-404,Cancelado,Tarjeta
11237,Diego luna,Dluna@email.com,Base de datos i,Ing. garcía,Garcia@uni.com,Sistemas,A-101,Pendiente,Tarjeta
11238,Juan pérez,Juan.p@email.com,Redes ii,Lic. martínez,Martinez@uni.com,Telecom,B-202,Pagado,Efectivo
11239,Elena díaz,E.diaz@email.com,Redes ii,Lic. martínez,Martinez@uni.com,Telecom,B-202,Pagado,Efectivo
11240,Laura paz,L.paz@email.com,Redes ii,Lic. martínez,Martinez@uni.com,Telecom,B-202,Cancelado,Tarjeta
11241,Diego luna,Dluna@email.com,Redes ii,Lic. martínez,Martinez@uni.com,Telecom,B-202,Pendiente,Efectivo
11242,Pedro soto,Psoto@email.com,Matemáticas iii,Dr. gómez,Gomez@uni.com,Ciencias,D-404,Cancelado,Tarjeta
11243,Elena díaz,E.diaz@email.com,Matemáticas iii,Dr. gómez,Gomez@uni.com,Ciencias,D-404,Cancelado,Tarjeta
11244,María lópez,M.lopez@email.com,Base de datos i,Ing. garcía,Garcia@uni.com,Sistemas,A-101,Cancelado,Tarjeta
11245,Elena díaz,E.diaz@email.com,Matemáticas iii,Dr. gómez,Gomez@uni.com,Ciencias,D-404,Pendiente,Transferencia
11246,Juan pérez,Juan.p@email.com,Base de datos i,Ing. garcía,Garcia@uni.com,Sistemas,A-101,Pagado,Tarjeta
11247,Pedro soto,Psoto@email.com,Redes ii,Lic. martínez,Martinez@uni.com,Telecom,B-202,Pendiente,Efectivo
11248,Ana torres,Ana.t@email.com,Matemáticas iii,Dr. gómez,Gomez@uni.com,Ciencias,D-404,Pendiente,Transferencia
11249,Ana torres,Ana.t@email.com,Ia aplicada,Dra. chen,Drchen@uni.com,Sistemas,C-303,Pagado,Tarjeta
11250,Elena díaz,E.diaz@email.com,Matemáticas iii,Dr. gómez,Gomez@uni.com,Ciencias,D-404,Pagado,Transferencia
11251,Carlos ruiz,Cruiz@email.com,Matemáticas iii,Dr. gómez,Gomez@uni.com,Ciencias,D-404,Pendiente,Transferencia
11252,María lópez,M.lopez@email.com,Matemáticas iii,Dr. gómez,Gomez@uni.com,Ciencias,D-404,Pagado,Tarjeta
11253,Elena díaz,E.diaz@email.com,Ia aplicada,Dra. chen,Drchen@uni.com,Sistemas,C-303,Cancelado,Tarjeta
11254,Laura paz,L.paz@email.com,Matemáticas iii,Dr. gómez,Gomez@uni.com,Ciencias,D-404,Pendiente,Transferencia
11255,Juan pérez,Juan.p@email.com,Redes ii,Lic. martínez,Martinez@uni.com,Telecom,B-202,Cancelado,Efectivo
11256,Ana torres,Ana.t@email.com,Matemáticas iii,Dr. gómez,Gomez@uni.com,Ciencias,D-404,Pendiente,Tarjeta
11257,Elena díaz,E.diaz@email.com,Ia aplicada,Dra. chen,Drchen@uni.com,Sistemas,C-303,Pendiente,Transferencia
11258,Juan pérez,Juan.p@email.com,Matemáticas iii,Dr. gómez,Gomez@uni.com,Ciencias,D-404,Pagado,Tarjeta
11259,Sofía vega,S.vega@email.com,Matemáticas iii,Dr. gómez,Gomez@uni.com,Ciencias,D-404,Cancelado,Efectivo
11260,María lópez,M.lopez@email.com,Ia aplicada,Dra. chen,Drchen@uni.com,Sistemas,C-303,Pendiente,Transferencia
11261,Elena díaz,E.diaz@email.com,Redes ii,Lic. martínez,Martinez@uni.com,Telecom,B-202,Cancelado,Transferencia
11262,Juan pérez,Juan.p@email.com,Base de datos i,Ing. garcía,Garcia@uni.com,Sistemas,A-101,Cancelado,Tarjeta
11263,Diego luna,Dluna@email.com,Matemáticas iii,Dr. gómez,Gomez@uni.com,Ciencias,D-404,Pagado,Efectivo
11264,Laura paz,L.paz@email.com,Matemáticas iii,Dr. gómez,Gomez@uni.com,Ciencias,D-404,Pendiente,Efectivo
11265,Pedro soto,Psoto@email.com,Base de datos i,Ing. garcía,Garcia@uni.com,Sistemas,A-101,Cancelado,Transferencia
11266,Sofía vega,S.vega@email.com,Matemáticas iii,Dr. gómez,Gomez@uni.com,Ciencias,D-404,Pagado,Tarjeta
11267,Diego luna,Dluna@email.com,Ia aplicada,Dra. chen,Drchen@uni.com,Sistemas,C-303,Pagado,Transferencia
11268,Carlos ruiz,Cruiz@email.com,Ia aplicada,Dra. chen,Drchen@uni.com,Sistemas,C-303,Cancelado,Efectivo
11269,Ana torres,Ana.t@email.com,Base de datos i,Ing. garcía,Garcia@uni.com,Sistemas,A-101,Pagado,Transferencia
11270,María lópez,M.lopez@email.com,Matemáticas iii,Dr. gómez,Gomez@uni.com,Ciencias,D-404,Pendiente,Efectivo
11271,Carlos ruiz,Cruiz@email.com,Matemáticas iii,Dr. gómez,Gomez@uni.com,Ciencias,D-404,Pagado,Transferencia
11272,Ana torres,Ana.t@email.com,Base de datos i,Ing. garcía,Garcia@uni.com,Sistemas,A-101,Pagado,Transferencia
11273,Diego luna,Dluna@email.com,Ia aplicada,Dra. chen,Drchen@uni.com,Sistemas,C-303,Pagado,Tarjeta
11274,Pedro soto,Psoto@email.com,Redes ii,Lic. martínez,Martinez@uni.com,Telecom,B-202,Cancelado,Efectivo
11275,Ana torres,Ana.t@email.com,Base de datos i,Ing. garcía,Garcia@uni.com,Sistemas,A-101,Pagado,Tarjeta
11276,María lópez,M.lopez@email.com,Ia aplicada,Dra. chen,Drchen@uni.com,Sistemas,C-303,Cancelado,Transferencia
11277,Juan pérez,Juan.p@email.com,Matemáticas iii,Dr. gómez,Gomez@uni.com,Ciencias,D-404,Cancelado,Tarjeta
11278,Diego luna,Dluna@email.com,Ia aplicada,Dra. chen,Drchen@uni.com,Sistemas,C-303,Pendiente,Efectivo
11279,Carlos ruiz,Cruiz@email.com,Matemáticas iii,Dr. gómez,Gomez@uni.com,Ciencias,D-404,Pendiente,Transferencia
11280,María lópez,M.lopez@email.com,Matemáticas iii,Dr. gómez,Gomez@uni.com,Ciencias,D-404,Cancelado,Efectivo
11281,Ana torres,Ana.t@email.com,Ia aplicada,Dra. chen,Drchen@uni.com,Sistemas,C-303,Cancelado,Transferencia
11282,Pedro soto,Psoto@email.com,Base de datos i,Ing. garcía,Garcia@uni.com,Sistemas,A-101,Pendiente,Transferencia
11283,María lópez,M.lopez@email.com,Redes ii,Lic. martínez,Martinez@uni.com,Telecom,B-202,Cancelado,Efectivo
11284,Ana torres,Ana.t@email.com,Matemáticas iii,Dr. gómez,Gomez@uni.com,Ciencias,D-404,Pagado,Transferencia
11285,Elena díaz,E.diaz@email.com,Base de datos i,Ing. garcía,Garcia@uni.com,Sistemas,A-101,Pendiente,Efectivo
11286,Laura paz,L.paz@email.com,Base de datos i,Ing. garcía,Garcia@uni.com,Sistemas,A-101,Cancelado,Transferencia
11287,Juan pérez,Juan.p@email.com,Redes ii,Lic. martínez,Martinez@uni.com,Telecom,B-202,Cancelado,Transferencia
11288,Carlos ruiz,Cruiz@email.com,Redes ii,Lic. martínez,Martinez@uni.com,Telecom,B-202,Pagado,Efectivo
11289,Ana torres,Ana.t@email.com,Redes ii,Lic. martínez,Martinez@uni.com,Telecom,B-202,Pendiente,Tarjeta
11290,Laura paz,L.paz@email.com,Redes ii,Lic. martínez,Martinez@uni.com,Telecom,B-202,Pendiente,Efectivo
11291,Laura paz,L.paz@email.com,Matemáticas iii,Dr. gómez,Gomez@uni.com,Ciencias,D-404,Cancelado,Tarjeta
11292,Sofía vega,S.vega@email.com,Redes ii,Lic. martínez,Martinez@uni.com,Telecom,B-202,Pagado,Efectivo
11293,Ana torres,Ana.t@email.com,Base de datos i,Ing. garcía,Garcia@uni.com,Sistemas,A-101,Pendiente,Transferencia
11294,Pedro soto,Psoto@email.com,Base de datos i,Ing. garcía,Garcia@uni.com,Sistemas,A-101,Cancelado,Transferencia
11295,Juan pérez,Juan.p@email.com,Matemáticas iii,Dr. gómez,Gomez@uni.com,Ciencias,D-404,Pendiente,Tarjeta
11296,Sofía vega,S.vega@email.com,Base de datos i,Ing. garcía,Garcia@uni.com,Sistemas,A-101,Pendiente,Tarjeta
11297,Luis gómez,Luis.g@email.com,Matemáticas iii,Dr. gómez,Gomez@uni.com,Ciencias,D-404,Cancelado,Tarjeta
11298,Pedro soto,Psoto@email.com,Matemáticas iii,Dr. gómez,Gomez@uni.com,Ciencias,D-404,Cancelado,Efectivo
11299,María lópez,M.lopez@email.com,Redes ii,Lic. martínez,Martinez@uni.com,Telecom,B-202,Pagado,Tarjeta
11300,Sofía vega,S.vega@email.com,Redes ii,Lic. martínez,Martinez@uni.com,Telecom,B-202,Pagado,Transferencia
11301,Juan pérez,Juan.p@email.com,Matemáticas iii,Dr. gómez,Gomez@uni.com,Ciencias,D-404,Pendiente,Transferencia
11302,Elena díaz,E.diaz@email.com,Base de datos i,Ing. garcía,Garcia@uni.com,Sistemas,A-101,Cancelado,Tarjeta
11303,Diego luna,Dluna@email.com,Ia aplicada,Dra. chen,Drchen@uni.com,Sistemas,C-303,Pagado,Transferencia
11304,Elena díaz,E.diaz@email.com,Matemáticas iii,Dr. gómez,Gomez@uni.com,Ciencias,D-404,Pendiente,Efectivo
11305,Juan pérez,Juan.p@email.com,Ia aplicada,Dra. chen,Drchen@uni.com,Sistemas,C-303,Pagado,Transferencia
11306,Diego luna,Dluna@email.com,Base de datos i,Ing. garcía,Garcia@uni.com,Sistemas,A-101,Cancelado,Tarjeta
11307,Carlos ruiz,Cruiz@email.com,Redes ii,Lic. martínez,Martinez@uni.com,Telecom,B-202,Pendiente,Efectivo
11308,Laura paz,L.paz@email.com,Base de datos i,Ing. garcía,Garcia@uni.com,Sistemas,A-101,Cancelado,Efectivo
11309,Diego luna,Dluna@email.com,Matemáticas iii,Dr. gómez,Gomez@uni.com,Ciencias,D-404,Pendiente,Tarjeta
11310,María lópez,M.lopez@email.com,Matemáticas iii,Dr. gómez,Gomez@uni.com,Ciencias,D-404,Cancelado,Tarjeta
11311,Laura paz,L.paz@email.com,Redes ii,Lic. martínez,Martinez@uni.com,Telecom,B-202,Cancelado,Transferencia
11312,Carlos ruiz,Cruiz@email.com,Matemáticas iii,Dr. gómez,Gomez@uni.com,Ciencias,D-404,Cancelado,Transferencia
11313,Pedro soto,Psoto@email.com,Redes ii,Lic. martínez,Martinez@uni.com,Telecom,B-202,Cancelado,Transferencia
11314,Pedro soto,Psoto@email.com,Redes ii,Lic. martínez,Martinez@uni.com,Telecom,B-202,Pendiente,Tarjeta
11315,Ana torres,Ana.t@email.com,Base de datos i,Ing. garcía,Garcia@uni.com,Sistemas,A-101,Pendiente,Transferencia
11316,Sofía vega,S.vega@email.com,Matemáticas iii,Dr. gómez,Gomez@uni.com,Ciencias,D-404,Pagado,Tarjeta
11317,Sofía vega,S.vega@email.com,Ia aplicada,Dra. chen,Drchen@uni.com,Sistemas,C-303,Cancelado,Tarjeta
11318,Diego luna,Dluna@email.com,Redes ii,Lic. martínez,Martinez@uni.com,Telecom,B-202,Pendiente,Tarjeta
11319,Juan pérez,Juan.p@email.com,Redes ii,Lic. martínez,Martinez@uni.com,Telecom,B-202,Pagado,Transferencia
11320,Elena díaz,E.diaz@email.com,Redes ii,Lic. martínez,Martinez@uni.com,Telecom,B-202,Pendiente,Tarjeta
11321,Sofía vega,S.vega@email.com,Redes ii,Lic. martínez,Martinez@uni.com,Telecom,B-202,Cancelado,Tarjeta
11322,Carlos ruiz,Cruiz@email.com,Ia aplicada,Dra. chen,Drchen@uni.com,Sistemas,C-303,Pendiente,Efectivo
11323,Diego luna,Dluna@email.com,Redes ii,Lic. martínez,Martinez@uni.com,Telecom,B-202,Pendiente,Transferencia
11324,Carlos ruiz,Cruiz@email.com,Ia aplicada,Dra. chen,Drchen@uni.com,Sistemas,C-303,Pendiente,Efectivo
11325,Pedro soto,Psoto@email.com,Base de datos i,Ing. garcía,Garcia@uni.com,Sistemas,A-101,Cancelado,Efectivo
11326,Elena díaz,E.diaz@email.com,Ia aplicada,Dra. chen,Drchen@uni.com,Sistemas,C-303,Pagado,Transferencia
11327,Sofía vega,S.vega@email.com,Matemáticas iii,Dr. gómez,Gomez@uni.com,Ciencias,D-404,Pagado,Efectivo
11328,Sofía vega,S.vega@email.com,Base de datos i,Ing. garcía,Garcia@uni.com,Sistemas,A-101,Cancelado,Transferencia
11329,María lópez,M.lopez@email.com,Base de datos i,Ing. garcía,Garcia@uni.com,Sistemas,A-101,Cancelado,Transferencia
11330,Pedro soto,Psoto@email.com,Redes ii,Lic. martínez,Martinez@uni.com,Telecom,B-202,Pagado,Transferencia
11331,Laura paz,L.paz@email.com,Base de datos i,Ing. garcía,Garcia@uni.com,Sistemas,A-101,Pendiente,Transferencia
11332,Diego luna,Dluna@email.com,Ia aplicada,Dra. chen,Drchen@uni.com,Sistemas,C-303,Pendiente,Transferencia
11333,Elena díaz,E.diaz@email.com,Ia aplicada,Dra. chen,Drchen@uni.com,Sistemas,C-303,Cancelado,Transferencia
11334,Laura paz,L.paz@email.com,Matemáticas iii,Dr. gómez,Gomez@uni.com,Ciencias,D-404,Pagado,Tarjeta
11335,Ana torres,Ana.t@email.com,Ia aplicada,Dra. chen,Drchen@uni.com,Sistemas,C-303,Cancelado,Tarjeta
11336,Pedro soto,Psoto@email.com,Base de datos i,Ing. garcía,Garcia@uni.com,Sistemas,A-101,Cancelado,Efectivo
11337,Elena díaz,E.diaz@email.com,Base de datos i,Ing. garcía,Garcia@uni.com,Sistemas,A-101,Pendiente,Efectivo
11338,Carlos ruiz,Cruiz@email.com,Base de datos i,Ing. garcía,Garcia@uni.com,Sistemas,A-101,Cancelado,Transferencia
11339,Carlos ruiz,Cruiz@email.com,Ia aplicada,Dra. chen,Drchen@uni.com,Sistemas,C-303,Cancelado,Transferencia
11340,Juan pérez,Juan.p@email.com,Redes ii,Lic. martínez,Martinez@uni.com,Telecom,B-202,Pendiente,Efectivo
11341,Ana torres,Ana.t@email.com,Base de datos i,Ing. garcía,Garcia@uni.com,Sistemas,A-101,Cancelado,Transferencia
11342,Laura paz,L.paz@email.com,Matemáticas iii,Dr. gómez,Gomez@uni.com,Ciencias,D-404,Pendiente,Tarjeta
11343,Carlos ruiz,Cruiz@email.com,Redes ii,Lic. martínez,Martinez@uni.com,Telecom,B-202,Cancelado,Efectivo
11344,Laura paz,L.paz@email.com,Redes ii,Lic. martínez,Martinez@uni.com,Telecom,B-202,Pendiente,Tarjeta
11345,Sofía vega,S.vega@email.com,Base de datos i,Ing. garcía,Garcia@uni.com,Sistemas,A-101,Cancelado,Tarjeta
11346,Elena díaz,E.diaz@email.com,Matemáticas iii,Dr. gómez,Gomez@uni.com,Ciencias,D-404,Cancelado,Transferencia
11347,Elena díaz,E.diaz@email.com,Matemáticas iii,Dr. gómez,Gomez@uni.com,Ciencias,D-404,Cancelado,Tarjeta
11348,Elena díaz,E.diaz@email.com,Redes ii,Lic. martínez,Martinez@uni.com,Telecom,B-202,Pendiente,Tarjeta
11349,Diego luna,Dluna@email.com,Matemáticas iii,Dr. gómez,Gomez@uni.com,Ciencias,D-404,Pendiente,Transferencia
11350,Laura paz,L.paz@email.com,Redes ii,Lic. martínez,Martinez@uni.com,Telecom,B-202,Pendiente,Transferencia
11351,Pedro soto,Psoto@email.com,Redes ii,Lic. martínez,Martinez@uni.com,Telecom,B-202,Cancelado,Tarjeta
11352,Carlos ruiz,Cruiz@email.com,Matemáticas iii,Dr. gómez,Gomez@uni.com,Ciencias,D-404,Pendiente,Efectivo
11353,Diego luna,Dluna@email.com,Redes ii,Lic. martínez,Martinez@uni.com,Telecom,B-202,Pagado,Efectivo
11354,Diego luna,Dluna@email.com,Base de datos i,Ing. garcía,Garcia@uni.com,Sistemas,A-101,Pendiente,Transferencia
11355,Pedro soto,Psoto@email.com,Redes ii,Lic. martínez,Martinez@uni.com,Telecom,B-202,Pagado,Efectivo
11356,Luis gómez,Luis.g@email.com,Base de datos i,Ing. garcía,Garcia@uni.com,Sistemas,A-101,Pendiente,Efectivo
11357,Sofía vega,S.vega@email.com,Base de datos i,Ing. garcía,Garcia@uni.com,Sistemas,A-101,Cancelado,Transferencia
11358,Sofía vega,S.vega@email.com,Ia aplicada,Dra. chen,Drchen@uni.com,Sistemas,C-303,Pagado,Tarjeta
11359,Diego luna,Dluna@email.com,Redes ii,Lic. martínez,Martinez@uni.com,Telecom,B-202,Pendiente,Tarjeta
11360,Laura paz,L.paz@email.com,Matemáticas iii,Dr. gómez,Gomez@uni.com,Ciencias,D-404,Cancelado,Transferencia
11361,Laura paz,L.paz@email.com,Base de datos i,Ing. garcía,Garcia@uni.com,Sistemas,A-101,Cancelado,Transferencia
11362,Pedro soto,Psoto@email.com,Matemáticas iii,Dr. gómez,Gomez@uni.com,Ciencias,D-404,Cancelado,Efectivo
11363,Laura paz,L.paz@email.com,Ia aplicada,Dra. chen,Drchen@uni.com,Sistemas,C-303,Pagado,Efectivo
11364,Ana torres,Ana.t@email.com,Matemáticas iii,Dr. gómez,Gomez@uni.com,Ciencias,D-404,Pendiente,Efectivo
11365,Juan pérez,Juan.p@email.com,Redes ii,Lic. martínez,Martinez@uni.com,Telecom,B-202,Pendiente,Efectivo
11366,Sofía vega,S.vega@email.com,Matemáticas iii,Dr. gómez,Gomez@uni.com,Ciencias,D-404,Pagado,Tarjeta
11367,María lópez,M.lopez@email.com,Base de datos i,Ing. garcía,Garcia@uni.com,Sistemas,A-101,Pagado,Transferencia
11368,Diego luna,Dluna@email.com,Base de datos i,Ing. garcía,Garcia@uni.com,Sistemas,A-101,Pagado,Transferencia
11369,Diego luna,Dluna@email.com,Matemáticas iii,Dr. gómez,Gomez@uni.com,Ciencias,D-404,Pagado,Tarjeta
11370,Pedro soto,Psoto@email.com,Ia aplicada,Dra. chen,Drchen@uni.com,Sistemas,C-303,Pagado,Tarjeta
11371,Ana torres,Ana.t@email.com,Matemáticas iii,Dr. gómez,Gomez@uni.com,Ciencias,D-404,Cancelado,Tarjeta
11372,Ana torres,Ana.t@email.com,Ia aplicada,Dra. chen,Drchen@uni.com,Sistemas,C-303,Cancelado,Tarjeta
11373,Carlos ruiz,Cruiz@email.com,Redes ii,Lic. martínez,Martinez@uni.com,Telecom,B-202,Pendiente,Transferencia
11374,María lópez,M.lopez@email.com,Base de datos i,Ing. garcía,Garcia@uni.com,Sistemas,A-101,Pagado,Tarjeta
11375,María lópez,M.lopez@email.com,Redes ii,Lic. martínez,Martinez@uni.com,Telecom,B-202,Pendiente,Efectivo
11376,Carlos ruiz,Cruiz@email.com,Base de datos i,Ing. garcía,Garcia@uni.com,Sistemas,A-101,Pendiente,Efectivo
11377,Sofía vega,S.vega@email.com,Redes ii,Lic. martínez,Martinez@uni.com,Telecom,B-202,Pagado,Transferencia
11378,Luis gómez,Luis.g@email.com,Matemáticas iii,Dr. gómez,Gomez@uni.com,Ciencias,D-404,Pagado,Efectivo
11379,Pedro soto,Psoto@email.com,Matemáticas iii,Dr. gómez,Gomez@uni.com,Ciencias,D-404,Pendiente,Transferencia
11380,Juan pérez,Juan.p@email.com,Ia aplicada,Dra. chen,Drchen@uni.com,Sistemas,C-303,Pagado,Transferencia
11381,María lópez,M.lopez@email.com,Redes ii,Lic. martínez,Martinez@uni.com,Telecom,B-202,Pendiente,Transferencia
11382,Sofía vega,S.vega@email.com,Ia aplicada,Dra. chen,Drchen@uni.com,Sistemas,C-303,Pagado,Transferencia
11383,Laura paz,L.paz@email.com,Matemáticas iii,Dr. gómez,Gomez@uni.com,Ciencias,D-404,Pagado,Transferencia
11384,Pedro soto,Psoto@email.com,Matemáticas iii,Dr. gómez,Gomez@uni.com,Ciencias,D-404,Pagado,Efectivo
11385,Luis gómez,Luis.g@email.com,Base de datos i,Ing. garcía,Garcia@uni.com,Sistemas,A-101,Pagado,Efectivo
11386,Luis gómez,Luis.g@email.com,Ia aplicada,Dra. chen,Drchen@uni.com,Sistemas,C-303,Pendiente,Transferencia
11387,Juan pérez,Juan.p@email.com,Redes ii,Lic. martínez,Martinez@uni.com,Telecom,B-202,Pagado,Efectivo
11388,Ana torres,Ana.t@email.com,Redes ii,Lic. martínez,Martinez@uni.com,Telecom,B-202,Pagado,Transferencia
11389,Carlos ruiz,Cruiz@email.com,Ia aplicada,Dra. chen,Drchen@uni.com,Sistemas,C-303,Cancelado,Tarjeta
11390,María lópez,M.lopez@email.com,Ia aplicada,Dra. chen,Drchen@uni.com,Sistemas,C-303,Pagado,Tarjeta
11391,Diego luna,Dluna@email.com,Base de datos i,Ing. garcía,Garcia@uni.com,Sistemas,A-101,Cancelado,Transferencia
11392,Elena díaz,E.diaz@email.com,Base de datos i,Ing. garcía,Garcia@uni.com,Sistemas,A-101,Cancelado,Transferencia
11393,Ana torres,Ana.t@email.com,Redes ii,Lic. martínez,Martinez@uni.com,Telecom,B-202,Pagado,Transferencia
11394,Luis gómez,Luis.g@email.com,Ia aplicada,Dra. chen,Drchen@uni.com,Sistemas,C-303,Cancelado,Efectivo
11395,Ana torres,Ana.t@email.com,Matemáticas iii,Dr. gómez,Gomez@uni.com,Ciencias,D-404,Cancelado,Tarjeta
11396,Carlos ruiz,Cruiz@email.com,Redes ii,Lic. martínez,Martinez@uni.com,Telecom,B-202,Cancelado,Transferencia
11397,Carlos ruiz,Cruiz@email.com,Matemáticas iii,Dr. gómez,Gomez@uni.com,Ciencias,D-404,Cancelado,Transferencia
11398,Ana torres,Ana.t@email.com,Base de datos i,Ing. garcía,Garcia@uni.com,Sistemas,A-101,Cancelado,Transferencia
11399,Luis gómez,Luis.g@email.com,Ia aplicada,Dra. chen,Drchen@uni.com,Sistemas,C-303,Cancelado,Efectivo
11400,Sofía vega,S.vega@email.com,Redes ii,Lic. martínez,Martinez@uni.com,Telecom,B-202,Pagado,Efectivo
11401,Elena díaz,E.diaz@email.com,Redes ii,Lic. martínez,Martinez@uni.com,Telecom,B-202,Pagado,Tarjeta
11402,Carlos ruiz,Cruiz@email.com,Redes ii,Lic. martínez,Martinez@uni.com,Telecom,B-202,Cancelado,Efectivo
11403,Diego luna,Dluna@email.com,Redes ii,Lic. martínez,Martinez@uni.com,Telecom,B-202,Pendiente,Transferencia
11404,Elena díaz,E.diaz@email.com,Base de datos i,Ing. garcía,Garcia@uni.com,Sistemas,A-101,Pagado,Efectivo
11405,María lópez,M.lopez@email.com,Ia aplicada,Dra. chen,Drchen@uni.com,Sistemas,C-303,Pagado,Efectivo
11406,Sofía vega,S.vega@email.com,Matemáticas iii,Dr. gómez,Gomez@uni.com,Ciencias,D-404,Pagado,Efectivo
11407,Juan pérez,Juan.p@email.com,Base de datos i,Ing. garcía,Garcia@uni.com,Sistemas,A-101,Pendiente,Efectivo
11408,Diego luna,Dluna@email.com,Ia aplicada,Dra. chen,Drchen@uni.com,Sistemas,C-303,Pagado,Transferencia
11409,María lópez,M.lopez@email.com,Ia aplicada,Dra. chen,Drchen@uni.com,Sistemas,C-303,Pagado,Tarjeta
11410,María lópez,M.lopez@email.com,Base de datos i,Ing. garcía,Garcia@uni.com,Sistemas,A-101,Pagado,Tarjeta
11411,Sofía vega,S.vega@email.com,Base de datos i,Ing. garcía,Garcia@uni.com,Sistemas,A-101,Pendiente,Tarjeta
11412,Carlos ruiz,Cruiz@email.com,Ia aplicada,Dra. chen,Drchen@uni.com,Sistemas,C-303,Cancelado,Efectivo
11413,Pedro soto,Psoto@email.com,Redes ii,Lic. martínez,Martinez@uni.com,Telecom,B-202,Cancelado,Transferencia
11414,Diego luna,Dluna@email.com,Ia aplicada,Dra. chen,Drchen@uni.com,Sistemas,C-303,Pendiente,Transferencia
11415,Juan pérez,Juan.p@email.com,Redes ii,Lic. martínez,Martinez@uni.com,Telecom,B-202,Cancelado,Tarjeta
11416,Sofía vega,S.vega@email.com,Ia aplicada,Dra. chen,Drchen@uni.com,Sistemas,C-303,Cancelado,Transferencia
11417,Laura paz,L.paz@email.com,Redes ii,Lic. martínez,Martinez@uni.com,Telecom,B-202,Pendiente,Transferencia
11418,Laura paz,L.paz@email.com,Base de datos i,Ing. garcía,Garcia@uni.com,Sistemas,A-101,Pendiente,Efectivo
11419,Ana torres,Ana.t@email.com,Ia aplicada,Dra. chen,Drchen@uni.com,Sistemas,C-303,Pendiente,Efectivo
11420,Elena díaz,E.diaz@email.com,Ia aplicada,Dra. chen,Drchen@uni.com,Sistemas,C-303,Pendiente,Efectivo
11421,María lópez,M.lopez@email.com,Base de datos i,Ing. garcía,Garcia@uni.com,Sistemas,A-101,Pendiente,Transferencia
11422,Luis gómez,Luis.g@email.com,Matemáticas iii,Dr. gómez,Gomez@uni.com,Ciencias,D-404,Cancelado,Tarjeta
11423,Elena díaz,E.diaz@email.com,Matemáticas iii,Dr. gómez,Gomez@uni.com,Ciencias,D-404,Pagado,Transferencia
11424,Ana torres,Ana.t@email.com,Ia aplicada,Dra. chen,Drchen@uni.com,Sistemas,C-303,Pagado,Efectivo
11425,María lópez,M.lopez@email.com,Ia aplicada,Dra. chen,Drchen@uni.com,Sistemas,C-303,Cancelado,Tarjeta
11426,Ana torres,Ana.t@email.com,Redes ii,Lic. martínez,Martinez@uni.com,Telecom,B-202,Pagado,Transferencia
11427,Sofía vega,S.vega@email.com,Ia aplicada,Dra. chen,Drchen@uni.com,Sistemas,C-303,Cancelado,Tarjeta
11428,Luis gómez,Luis.g@email.com,Base de datos i,Ing. garcía,Garcia@uni.com,Sistemas,A-101,Pendiente,Efectivo
11429,Carlos ruiz,Cruiz@email.com,Redes ii,Lic. martínez,Martinez@uni.com,Telecom,B-202,Pagado,Tarjeta
11430,Sofía vega,S.vega@email.com,Ia aplicada,Dra. chen,Drchen@uni.com,Sistemas,C-303,Pagado,Efectivo
11431,Laura paz,L.paz@email.com,Matemáticas iii,Dr. gómez,Gomez@uni.com,Ciencias,D-404,Pendiente,Efectivo
11432,Sofía vega,S.vega@email.com,Ia aplicada,Dra. chen,Drchen@uni.com,Sistemas,C-303,Pendiente,Transferencia
11433,Ana torres,Ana.t@email.com,Base de datos i,Ing. garcía,Garcia@uni.com,Sistemas,A-101,Pagado,Transferencia
11434,Luis gómez,Luis.g@email.com,Matemáticas iii,Dr. gómez,Gomez@uni.com,Ciencias,D-404,Cancelado,Tarjeta
11435,Ana torres,Ana.t@email.com,Ia aplicada,Dra. chen,Drchen@uni.com,Sistemas,C-303,Cancelado,Tarjeta
11436,Sofía vega,S.vega@email.com,Redes ii,Lic. martínez,Martinez@uni.com,Telecom,B-202,Pagado,Transferencia
11437,Luis gómez,Luis.g@email.com,Matemáticas iii,Dr. gómez,Gomez@uni.com,Ciencias,D-404,Pagado,Tarjeta
11438,Laura paz,L.paz@email.com,Ia aplicada,Dra. chen,Drchen@uni.com,Sistemas,C-303,Pendiente,Efectivo
11439,Luis gómez,Luis.g@email.com,Ia aplicada,Dra. chen,Drchen@uni.com,Sistemas,C-303,Pendiente,Tarjeta
11440,Luis gómez,Luis.g@email.com,Redes ii,Lic. martínez,Martinez@uni.com,Telecom,B-202,Pendiente,Tarjeta
11441,Elena díaz,E.diaz@email.com,Base de datos i,Ing. garcía,Garcia@uni.com,Sistemas,A-101,Pendiente,Tarjeta
11442,Diego luna,Dluna@email.com,Redes ii,Lic. martínez,Martinez@uni.com,Telecom,B-202,Pagado,Transferencia
11443,Sofía vega,S.vega@email.com,Base de datos i,Ing. garcía,Garcia@uni.com,Sistemas,A-101,Pagado,Efectivo
11444,María lópez,M.lopez@email.com,Redes ii,Lic. martínez,Martinez@uni.com,Telecom,B-202,Pendiente,Tarjeta
11445,Ana torres,Ana.t@email.com,Redes ii,Lic. martínez,Martinez@uni.com,Telecom,B-202,Pagado,Tarjeta
11446,Juan pérez,Juan.p@email.com,Matemáticas iii,Dr. gómez,Gomez@uni.com,Ciencias,D-404,Pendiente,Tarjeta
11447,Pedro soto,Psoto@email.com,Base de datos i,Ing. garcía,Garcia@uni.com,Sistemas,A-101,Pendiente,Tarjeta
11448,Diego luna,Dluna@email.com,Ia aplicada,Dra. chen,Drchen@uni.com,Sistemas,C-303,Pendiente,Transferencia
11449,Juan pérez,Juan.p@email.com,Base de datos i,Ing. garcía,Garcia@uni.com,Sistemas,A-101,Cancelado,Tarjeta
11450,Luis gómez,Luis.g@email.com,Redes ii,Lic. martínez,Martinez@uni.com,Telecom,B-202,Cancelado,Transferencia
11451,Laura paz,L.paz@email.com,Ia aplicada,Dra. chen,Drchen@uni.com,Sistemas,C-303,Cancelado,Transferencia
11452,Juan pérez,Juan.p@email.com,Base de datos i,Ing. garcía,Garcia@uni.com,Sistemas,A-101,Pendiente,Efectivo
11453,Sofía vega,S.vega@email.com,Ia aplicada,Dra. chen,Drchen@uni.com,Sistemas,C-303,Pagado,Efectivo
11454,Ana torres,Ana.t@email.com,Matemáticas iii,Dr. gómez,Gomez@uni.com,Ciencias,D-404,Pagado,Transferencia
11455,Laura paz,L.paz@email.com,Ia aplicada,Dra. chen,Drchen@uni.com,Sistemas,C-303,Pendiente,Efectivo
11456,Ana torres,Ana.t@email.com,Matemáticas iii,Dr. gómez,Gomez@uni.com,Ciencias,D-404,Pendiente,Tarjeta
11457,Laura paz,L.paz@email.com,Matemáticas iii,Dr. gómez,Gomez@uni.com,Ciencias,D-404,Pendiente,Efectivo
11458,Luis gómez,Luis.g@email.com,Base de datos i,Ing. garcía,Garcia@uni.com,Sistemas,A-101,Cancelado,Transferencia
11459,Ana torres,Ana.t@email.com,Redes ii,Lic. martínez,Martinez@uni.com,Telecom,B-202,Pendiente,Efectivo
11460,Juan pérez,Juan.p@email.com,Matemáticas iii,Dr. gómez,Gomez@uni.com,Ciencias,D-404,Pendiente,Efectivo
11461,Elena díaz,E.diaz@email.com,Redes ii,Lic. martínez,Martinez@uni.com,Telecom,B-202,Pendiente,Efectivo
11462,Sofía vega,S.vega@email.com,Redes ii,Lic. martínez,Martinez@uni.com,Telecom,B-202,Pagado,Transferencia
11463,María lópez,M.lopez@email.com,Matemáticas iii,Dr. gómez,Gomez@uni.com,Ciencias,D-404,Pagado,Transferencia
11464,Juan pérez,Juan.p@email.com,Matemáticas iii,Dr. gómez,Gomez@uni.com,Ciencias,D-404,Pagado,Transferencia
11465,Juan pérez,Juan.p@email.com,Ia aplicada,Dra. chen,Drchen@uni.com,Sistemas,C-303,Pendiente,Transferencia
11466,María lópez,M.lopez@email.com,Ia aplicada,Dra. chen,Drchen@uni.com,Sistemas,C-303,Cancelado,Efectivo
11467,Pedro soto,Psoto@email.com,Redes ii,Lic. martínez,Martinez@uni.com,Telecom,B-202,Pendiente,Efectivo
11468,Elena díaz,E.diaz@email.com,Ia aplicada,Dra. chen,Drchen@uni.com,Sistemas,C-303,Pendiente,Transferencia
11469,Laura paz,L.paz@email.com,Ia aplicada,Dra. chen,Drchen@uni.com,Sistemas,C-303,Pendiente,Efectivo
11470,Luis gómez,Luis.g@email.com,Redes ii,Lic. martínez,Martinez@uni.com,Telecom,B-202,Pagado,Efectivo
11471,Laura paz,L.paz@email.com,Matemáticas iii,Dr. gómez,Gomez@uni.com,Ciencias,D-404,Cancelado,Efectivo
11472,Laura paz,L.paz@email.com,Matemáticas iii,Dr. gómez,Gomez@uni.com,Ciencias,D-404,Cancelado,Tarjeta
11473,Ana torres,Ana.t@email.com,Base de datos i,Ing. garcía,Garcia@uni.com,Sistemas,A-101,Cancelado,Tarjeta
11474,Luis gómez,Luis.g@email.com,Ia aplicada,Dra. chen,Drchen@uni.com,Sistemas,C-303,Pendiente,Transferencia
11475,Luis gómez,Luis.g@email.com,Matemáticas iii,Dr. gómez,Gomez@uni.com,Ciencias,D-404,Pendiente,Efectivo
11476,Juan pérez,Juan.p@email.com,Ia aplicada,Dra. chen,Drchen@uni.com,Sistemas,C-303,Pendiente,Transferencia
11477,Pedro soto,Psoto@email.com,Base de datos i,Ing. garcía,Garcia@uni.com,Sistemas,A-101,Pagado,Efectivo
11478,Juan pérez,Juan.p@email.com,Base de datos i,Ing. garcía,Garcia@uni.com,Sistemas,A-101,Pagado,Tarjeta
11479,María lópez,M.lopez@email.com,Ia aplicada,Dra. chen,Drchen@uni.com,Sistemas,C-303,Cancelado,Tarjeta
11480,Pedro soto,Psoto@email.com,Ia aplicada,Dra. chen,Drchen@uni.com,Sistemas,C-303,Pendiente,Transferencia
11481,Elena díaz,E.diaz@email.com,Base de datos i,Ing. garcía,Garcia@uni.com,Sistemas,A-101,Cancelado,Efectivo
11482,Elena díaz,E.diaz@email.com,Redes ii,Lic. martínez,Martinez@uni.com,Telecom,B-202,Cancelado,Tarjeta
11483,Juan pérez,Juan.p@email.com,Matemáticas iii,Dr. gómez,Gomez@uni.com,Ciencias,D-404,Pagado,Efectivo
11484,Ana torres,Ana.t@email.com,Matemáticas iii,Dr. gómez,Gomez@uni.com,Ciencias,D-404,Cancelado,Tarjeta
11485,Juan pérez,Juan.p@email.com,Ia aplicada,Dra. chen,Drchen@uni.com,Sistemas,C-303,Pagado,Transferencia
11486,Elena díaz,E.diaz@email.com,Ia aplicada,Dra. chen,Drchen@uni.com,Sistemas,C-303,Pagado,Tarjeta
11487,Diego luna,Dluna@email.com,Ia aplicada,Dra. chen,Drchen@uni.com,Sistemas,C-303,Pagado,Efectivo
11488,Laura paz,L.paz@email.com,Ia aplicada,Dra. chen,Drchen@uni.com,Sistemas,C-303,Pendiente,Efectivo
11489,Carlos ruiz,Cruiz@email.com,Ia aplicada,Dra. chen,Drchen@uni.com,Sistemas,C-303,Pendiente,Tarjeta
11490,Diego luna,Dluna@email.com,Ia aplicada,Dra. chen,Drchen@uni.com,Sistemas,C-303,Pendiente,Transferencia
11491,Pedro soto,Psoto@email.com,Ia aplicada,Dra. chen,Drchen@uni.com,Sistemas,C-303,Pendiente,Transferencia
11492,Pedro soto,Psoto@email.com,Redes ii,Lic. martínez,Martinez@uni.com,Telecom,B-202,Pendiente,Tarjeta
11493,Juan pérez,Juan.p@email.com,Base de datos i,Ing. garcía,Garcia@uni.com,Sistemas,A-101,Cancelado,Efectivo
11494,Elena díaz,E.diaz@email.com,Matemáticas iii,Dr. gómez,Gomez@uni.com,Ciencias,D-404,Pendiente,Transferencia
11495,Luis gómez,Luis.g@email.com,Ia aplicada,Dra. chen,Drchen@uni.com,Sistemas,C-303,Cancelado,Efectivo
11496,Ana torres,Ana.t@email.com,Redes ii,Lic. martínez,Martinez@uni.com,Telecom,B-202,Cancelado,Transferencia
11497,María lópez,M.lopez@email.com,Base de datos i,Ing. garcía,Garcia@uni.com,Sistemas,A-101,Cancelado,Efectivo
11498,Pedro soto,Psoto@email.com,Base de datos i,Ing. garcía,Garcia@uni.com,Sistemas,A-101,Cancelado,Tarjeta
11499,Diego luna,Dluna@email.com,Matemáticas iii,Dr. gómez,Gomez@uni.com,Ciencias,D-404,Pagado,Tarjeta
11500,Pedro soto,Psoto@email.com,Matemáticas iii,Dr. gómez,Gomez@uni.com,Ciencias,D-404,Cancelado,Tarjeta
11501,Elena díaz,E.diaz@email.com,Ia aplicada,Dra. chen,Drchen@uni.com,Sistemas,C-303,Cancelado,Tarjeta
11502,Elena díaz,E.diaz@email.com,Matemáticas iii,Dr. gómez,Gomez@uni.com,Ciencias,D-404,Pendiente,Efectivo
11503,Laura paz,L.paz@email.com,Matemáticas iii,Dr. gómez,Gomez@uni.com,Ciencias,D-404,Pagado,Tarjeta
11504,Ana torres,Ana.t@email.com,Ia aplicada,Dra. chen,Drchen@uni.com,Sistemas,C-303,Cancelado,Efectivo
11505,Pedro soto,Psoto@email.com,Matemáticas iii,Dr. gómez,Gomez@uni.com,Ciencias,D-404,Pendiente,Tarjeta
11506,Elena díaz,E.diaz@email.com,Ia aplicada,Dra. chen,Drchen@uni.com,Sistemas,C-303,Cancelado,Transferencia
11507,Juan pérez,Juan.p@email.com,Redes ii,Lic. martínez,Martinez@uni.com,Telecom,B-202,Cancelado,Tarjeta
11508,Diego luna,Dluna@email.com,Matemáticas iii,Dr. gómez,Gomez@uni.com,Ciencias,D-404,Cancelado,Transferencia
11509,Elena díaz,E.diaz@email.com,Ia aplicada,Dra. chen,Drchen@uni.com,Sistemas,C-303,Pagado,Tarjeta
11510,Laura paz,L.paz@email.com,Redes ii,Lic. martínez,Martinez@uni.com,Telecom,B-202,Pendiente,Tarjeta
11511,María lópez,M.lopez@email.com,Matemáticas iii,Dr. gómez,Gomez@uni.com,Ciencias,D-404,Pagado,Tarjeta
11512,Pedro soto,Psoto@email.com,Base de datos i,Ing. garcía,Garcia@uni.com,Sistemas,A-101,Pagado,Efectivo
11513,Laura paz,L.paz@email.com,Ia aplicada,Dra. chen,Drchen@uni.com,Sistemas,C-303,Cancelado,Efectivo
11514,Ana torres,Ana.t@email.com,Base de datos i,Ing. garcía,Garcia@uni.com,Sistemas,A-101,Cancelado,Transferencia
11515,Ana torres,Ana.t@email.com,Matemáticas iii,Dr. gómez,Gomez@uni.com,Ciencias,D-404,Pagado,Tarjeta
11516,Carlos ruiz,Cruiz@email.com,Base de datos i,Ing. garcía,Garcia@uni.com,Sistemas,A-101,Pagado,Efectivo
11517,Elena díaz,E.diaz@email.com,Base de datos i,Ing. garcía,Garcia@uni.com,Sistemas,A-101,Pendiente,Efectivo
11518,Diego luna,Dluna@email.com,Ia aplicada,Dra. chen,Drchen@uni.com,Sistemas,C-303,Pendiente,Tarjeta
11519,Laura paz,L.paz@email.com,Base de datos i,Ing. garcía,Garcia@uni.com,Sistemas,A-101,Pendiente,Tarjeta
11520,Ana torres,Ana.t@email.com,Redes ii,Lic. martínez,Martinez@uni.com,Telecom,B-202,Cancelado,Tarjeta
11521,Elena díaz,E.diaz@email.com,Matemáticas iii,Dr. gómez,Gomez@uni.com,Ciencias,D-404,Pagado,Transferencia
11522,Laura paz,L.paz@email.com,Redes ii,Lic. martínez,Martinez@uni.com,Telecom,B-202,Cancelado,Transferencia
11523,Juan pérez,Juan.p@email.com,Ia aplicada,Dra. chen,Drchen@uni.com,Sistemas,C-303,Pendiente,Transferencia
11524,María lópez,M.lopez@email.com,Ia aplicada,Dra. chen,Drchen@uni.com,Sistemas,C-303,Pendiente,Tarjeta
11525,Elena díaz,E.diaz@email.com,Ia aplicada,Dra. chen,Drchen@uni.com,Sistemas,C-303,Pendiente,Transferencia
11526,Laura paz,L.paz@email.com,Matemáticas iii,Dr. gómez,Gomez@uni.com,Ciencias,D-404,Pendiente,Tarjeta
11527,Carlos ruiz,Cruiz@email.com,Matemáticas iii,Dr. gómez,Gomez@uni.com,Ciencias,D-404,Pendiente,Tarjeta
11528,Pedro soto,Psoto@email.com,Ia aplicada,Dra. chen,Drchen@uni.com,Sistemas,C-303,Pagado,Tarjeta
11529,Carlos ruiz,Cruiz@email.com,Redes ii,Lic. martínez,Martinez@uni.com,Telecom,B-202,Pagado,Tarjeta
11530,Diego luna,Dluna@email.com,Ia aplicada,Dra. chen,Drchen@uni.com,Sistemas,C-303,Pagado,Tarjeta
11531,Luis gómez,Luis.g@email.com,Redes ii,Lic. martínez,Martinez@uni.com,Telecom,B-202,Pendiente,Transferencia
11532,Luis gómez,Luis.g@email.com,Ia aplicada,Dra. chen,Drchen@uni.com,Sistemas,C-303,Pagado,Transferencia
11533,Carlos ruiz,Cruiz@email.com,Ia aplicada,Dra. chen,Drchen@uni.com,Sistemas,C-303,Cancelado,Transferencia
11534,Diego luna,Dluna@email.com,Base de datos i,Ing. garcía,Garcia@uni.com,Sistemas,A-101,Cancelado,Tarjeta
11535,Luis gómez,Luis.g@email.com,Redes ii,Lic. martínez,Martinez@uni.com,Telecom,B-202,Pendiente,Tarjeta
11536,María lópez,M.lopez@email.com,Matemáticas iii,Dr. gómez,Gomez@uni.com,Ciencias,D-404,Cancelado,Tarjeta
11537,Elena díaz,E.diaz@email.com,Matemáticas iii,Dr. gómez,Gomez@uni.com,Ciencias,D-404,Pendiente,Transferencia
11538,Pedro soto,Psoto@email.com,Matemáticas iii,Dr. gómez,Gomez@uni.com,Ciencias,D-404,Cancelado,Transferencia
11539,Carlos ruiz,Cruiz@email.com,Base de datos i,Ing. garcía,Garcia@uni.com,Sistemas,A-101,Cancelado,Efectivo
11540,Juan pérez,Juan.p@email.com,Base de datos i,Ing. garcía,Garcia@uni.com,Sistemas,A-101,Pagado,Transferencia
11541,Sofía vega,S.vega@email.com,Matemáticas iii,Dr. gómez,Gomez@uni.com,Ciencias,D-404,Pagado,Transferencia
11542,Laura paz,L.paz@email.com,Ia aplicada,Dra. chen,Drchen@uni.com,Sistemas,C-303,Cancelado,Efectivo
11543,Luis gómez,Luis.g@email.com,Ia aplicada,Dra. chen,Drchen@uni.com,Sistemas,C-303,Pendiente,Tarjeta
11544,Carlos ruiz,Cruiz@email.com,Redes ii,Lic. martínez,Martinez@uni.com,Telecom,B-202,Pendiente,Efectivo
11545,Juan pérez,Juan.p@email.com,Redes ii,Lic. martínez,Martinez@uni.com,Telecom,B-202,Pagado,Tarjeta
11546,María lópez,M.lopez@email.com,Matemáticas iii,Dr. gómez,Gomez@uni.com,Ciencias,D-404,Cancelado,Efectivo
11547,Diego luna,Dluna@email.com,Base de datos i,Ing. garcía,Garcia@uni.com,Sistemas,A-101,Pagado,Tarjeta
11548,Luis gómez,Luis.g@email.com,Redes ii,Lic. martínez,Martinez@uni.com,Telecom,B-202,Pendiente,Tarjeta
11549,Carlos ruiz,Cruiz@email.com,Matemáticas iii,Dr. gómez,Gomez@uni.com,Ciencias,D-404,Pendiente,Transferencia
11550,Ana torres,Ana.t@email.com,Ia aplicada,Dra. chen,Drchen@uni.com,Sistemas,C-303,Pendiente,Transferencia
11551,María lópez,M.lopez@email.com,Ia aplicada,Dra. chen,Drchen@uni.com,Sistemas,C-303,Cancelado,Transferencia
11552,Laura paz,L.paz@email.com,Redes ii,Lic. martínez,Martinez@uni.com,Telecom,B-202,Cancelado,Tarjeta
11553,Carlos ruiz,Cruiz@email.com,Redes ii,Lic. martínez,Martinez@uni.com,Telecom,B-202,Pendiente,Tarjeta
11554,Diego luna,Dluna@email.com,Matemáticas iii,Dr. gómez,Gomez@uni.com,Ciencias,D-404,Cancelado,Transferencia
11555,Laura paz,L.paz@email.com,Matemáticas iii,Dr. gómez,Gomez@uni.com,Ciencias,D-404,Pendiente,Tarjeta
11556,Luis gómez,Luis.g@email.com,Base de datos i,Ing. garcía,Garcia@uni.com,Sistemas,A-101,Pendiente,Transferencia
11557,Sofía vega,S.vega@email.com,Base de datos i,Ing. garcía,Garcia@uni.com,Sistemas,A-101,Pagado,Tarjeta
11558,Sofía vega,S.vega@email.com,Base de datos i,Ing. garcía,Garcia@uni.com,Sistemas,A-101,Pagado,Efectivo
11559,Carlos ruiz,Cruiz@email.com,Base de datos i,Ing. garcía,Garcia@uni.com,Sistemas,A-101,Pagado,Transferencia
11560,Pedro soto,Psoto@email.com,Ia aplicada,Dra. chen,Drchen@uni.com,Sistemas,C-303,Cancelado,Tarjeta
11561,Ana torres,Ana.t@email.com,Base de datos i,Ing. garcía,Garcia@uni.com,Sistemas,A-101,Cancelado,Efectivo
11562,Laura paz,L.paz@email.com,Matemáticas iii,Dr. gómez,Gomez@uni.com,Ciencias,D-404,Pagado,Tarjeta
11563,Ana torres,Ana.t@email.com,Matemáticas iii,Dr. gómez,Gomez@uni.com,Ciencias,D-404,Cancelado,Tarjeta
11564,Juan pérez,Juan.p@email.com,Redes ii,Lic. martínez,Martinez@uni.com,Telecom,B-202,Cancelado,Efectivo
11565,Ana torres,Ana.t@email.com,Base de datos i,Ing. garcía,Garcia@uni.com,Sistemas,A-101,Pagado,Efectivo
11566,Juan pérez,Juan.p@email.com,Base de datos i,Ing. garcía,Garcia@uni.com,Sistemas,A-101,Pagado,Efectivo
11567,Luis gómez,Luis.g@email.com,Redes ii,Lic. martínez,Martinez@uni.com,Telecom,B-202,Pendiente,Transferencia
11568,Luis gómez,Luis.g@email.com,Ia aplicada,Dra. chen,Drchen@uni.com,Sistemas,C-303,Pagado,Efectivo
11569,Elena díaz,E.diaz@email.com,Ia aplicada,Dra. chen,Drchen@uni.com,Sistemas,C-303,Pendiente,Tarjeta
11570,Ana torres,Ana.t@email.com,Redes ii,Lic. martínez,Martinez@uni.com,Telecom,B-202,Pendiente,Transferencia
11571,Juan pérez,Juan.p@email.com,Base de datos i,Ing. garcía,Garcia@uni.com,Sistemas,A-101,Cancelado,Efectivo
11572,Luis gómez,Luis.g@email.com,Redes ii,Lic. martínez,Martinez@uni.com,Telecom,B-202,Cancelado,Transferencia
11573,Luis gómez,Luis.g@email.com,Redes ii,Lic. martínez,Martinez@uni.com,Telecom,B-202,Cancelado,Transferencia
11574,Ana torres,Ana.t@email.com,Matemáticas iii,Dr. gómez,Gomez@uni.com,Ciencias,D-404,Pendiente,Tarjeta
11575,María lópez,M.lopez@email.com,Matemáticas iii,Dr. gómez,Gomez@uni.com,Ciencias,D-404,Cancelado,Efectivo
11576,Ana torres,Ana.t@email.com,Base de datos i,Ing. garcía,Garcia@uni.com,Sistemas,A-101,Pendiente,Transferencia
11577,Diego luna,Dluna@email.com,Base de datos i,Ing. garcía,Garcia@uni.com,Sistemas,A-101,Cancelado,Efectivo
11578,Ana torres,Ana.t@email.com,Ia aplicada,Dra. chen,Drchen@uni.com,Sistemas,C-303,Cancelado,Efectivo
11579,María lópez,M.lopez@email.com,Ia aplicada,Dra. chen,Drchen@uni.com,Sistemas,C-303,Pagado,Efectivo
11580,Carlos ruiz,Cruiz@email.com,Ia aplicada,Dra. chen,Drchen@uni.com,Sistemas,C-303,Pagado,Transferencia
11581,Ana torres,Ana.t@email.com,Base de datos i,Ing. garcía,Garcia@uni.com,Sistemas,A-101,Cancelado,Transferencia
11582,Diego luna,Dluna@email.com,Ia aplicada,Dra. chen,Drchen@uni.com,Sistemas,C-303,Cancelado,Transferencia
11583,Elena díaz,E.diaz@email.com,Ia aplicada,Dra. chen,Drchen@uni.com,Sistemas,C-303,Pendiente,Transferencia
11584,Diego luna,Dluna@email.com,Matemáticas iii,Dr. gómez,Gomez@uni.com,Ciencias,D-404,Pagado,Tarjeta
11585,Diego luna,Dluna@email.com,Base de datos i,Ing. garcía,Garcia@uni.com,Sistemas,A-101,Pendiente,Efectivo
11586,Pedro soto,Psoto@email.com,Ia aplicada,Dra. chen,Drchen@uni.com,Sistemas,C-303,Pagado,Tarjeta
11587,Carlos ruiz,Cruiz@email.com,Redes ii,Lic. martínez,Martinez@uni.com,Telecom,B-202,Cancelado,Transferencia
11588,Diego luna,Dluna@email.com,Ia aplicada,Dra. chen,Drchen@uni.com,Sistemas,C-303,Cancelado,Efectivo
11589,Ana torres,Ana.t@email.com,Base de datos i,Ing. garcía,Garcia@uni.com,Sistemas,A-101,Cancelado,Tarjeta
11590,Laura paz,L.paz@email.com,Redes ii,Lic. martínez,Martinez@uni.com,Telecom,B-202,Pendiente,Tarjeta
11591,Ana torres,Ana.t@email.com,Ia aplicada,Dra. chen,Drchen@uni.com,Sistemas,C-303,Pagado,Transferencia
11592,Pedro soto,Psoto@email.com,Ia aplicada,Dra. chen,Drchen@uni.com,Sistemas,C-303,Cancelado,Tarjeta
11593,Juan pérez,Juan.p@email.com,Base de datos i,Ing. garcía,Garcia@uni.com,Sistemas,A-101,Cancelado,Tarjeta
11594,Sofía vega,S.vega@email.com,Matemáticas iii,Dr. gómez,Gomez@uni.com,Ciencias,D-404,Pendiente,Transferencia
11595,Juan pérez,Juan.p@email.com,Ia aplicada,Dra. chen,Drchen@uni.com,Sistemas,C-303,Pendiente,Efectivo
11596,Carlos ruiz,Cruiz@email.com,Redes ii,Lic. martínez,Martinez@uni.com,Telecom,B-202,Pagado,Transferencia
11597,Diego luna,Dluna@email.com,Matemáticas iii,Dr. gómez,Gomez@uni.com,Ciencias,D-404,Cancelado,Efectivo
11598,Laura paz,L.paz@email.com,Ia aplicada,Dra. chen,Drchen@uni.com,Sistemas,C-303,Cancelado,Efectivo
11599,Ana torres,Ana.t@email.com,Matemáticas iii,Dr. gómez,Gomez@uni.com,Ciencias,D-404,Pagado,Tarjeta
11600,Pedro soto,Psoto@email.com,Ia aplicada,Dra. chen,Drchen@uni.com,Sistemas,C-303,Pagado,Tarjeta
11601,Carlos ruiz,Cruiz@email.com,Ia aplicada,Dra. chen,Drchen@uni.com,Sistemas,C-303,Pendiente,Transferencia
11602,Ana torres,Ana.t@email.com,Ia aplicada,Dra. chen,Drchen@uni.com,Sistemas,C-303,Cancelado,Efectivo
11603,Laura paz,L.paz@email.com,Matemáticas iii,Dr. gómez,Gomez@uni.com,Ciencias,D-404,Cancelado,Tarjeta
11604,Diego luna,Dluna@email.com,Redes ii,Lic. martínez,Martinez@uni.com,Telecom,B-202,Pendiente,Tarjeta
11605,Pedro soto,Psoto@email.com,Redes ii,Lic. martínez,Martinez@uni.com,Telecom,B-202,Cancelado,Efectivo
11606,Ana torres,Ana.t@email.com,Matemáticas iii,Dr. gómez,Gomez@uni.com,Ciencias,D-404,Pendiente,Efectivo
11607,Juan pérez,Juan.p@email.com,Ia aplicada,Dra. chen,Drchen@uni.com,Sistemas,C-303,Pagado,Efectivo
11608,Laura paz,L.paz@email.com,Matemáticas iii,Dr. gómez,Gomez@uni.com,Ciencias,D-404,Pendiente,Tarjeta
11609,Ana torres,Ana.t@email.com,Base de datos i,Ing. garcía,Garcia@uni.com,Sistemas,A-101,Pagado,Tarjeta
11610,Pedro soto,Psoto@email.com,Redes ii,Lic. martínez,Martinez@uni.com,Telecom,B-202,Pagado,Tarjeta
11611,Carlos ruiz,Cruiz@email.com,Matemáticas iii,Dr. gómez,Gomez@uni.com,Ciencias,D-404,Cancelado,Efectivo
11612,Luis gómez,Luis.g@email.com,Redes ii,Lic. martínez,Martinez@uni.com,Telecom,B-202,Pendiente,Efectivo
11613,Sofía vega,S.vega@email.com,Matemáticas iii,Dr. gómez,Gomez@uni.com,Ciencias,D-404,Pendiente,Transferencia
11614,Pedro soto,Psoto@email.com,Matemáticas iii,Dr. gómez,Gomez@uni.com,Ciencias,D-404,Pendiente,Efectivo
11615,Sofía vega,S.vega@email.com,Ia aplicada,Dra. chen,Drchen@uni.com,Sistemas,C-303,Pendiente,Efectivo
11616,Pedro soto,Psoto@email.com,Redes ii,Lic. martínez,Martinez@uni.com,Telecom,B-202,Pendiente,Transferencia
11617,Ana torres,Ana.t@email.com,Redes ii,Lic. martínez,Martinez@uni.com,Telecom,B-202,Pendiente,Efectivo
11618,María lópez,M.lopez@email.com,Base de datos i,Ing. garcía,Garcia@uni.com,Sistemas,A-101,Cancelado,Transferencia
11619,Pedro soto,Psoto@email.com,Ia aplicada,Dra. chen,Drchen@uni.com,Sistemas,C-303,Pendiente,Efectivo
11620,Juan pérez,Juan.p@email.com,Ia aplicada,Dra. chen,Drchen@uni.com,Sistemas,C-303,Pagado,Transferencia
11621,Luis gómez,Luis.g@email.com,Base de datos i,Ing. garcía,Garcia@uni.com,Sistemas,A-101,Pagado,Efectivo
11622,María lópez,M.lopez@email.com,Redes ii,Lic. martínez,Martinez@uni.com,Telecom,B-202,Pendiente,Transferencia
11623,Luis gómez,Luis.g@email.com,Ia aplicada,Dra. chen,Drchen@uni.com,Sistemas,C-303,Cancelado,Efectivo
11624,Carlos ruiz,Cruiz@email.com,Matemáticas iii,Dr. gómez,Gomez@uni.com,Ciencias,D-404,Pendiente,Tarjeta
11625,Luis gómez,Luis.g@email.com,Base de datos i,Ing. garcía,Garcia@uni.com,Sistemas,A-101,Pendiente,Efectivo
11626,Pedro soto,Psoto@email.com,Base de datos i,Ing. garcía,Garcia@uni.com,Sistemas,A-101,Cancelado,Tarjeta
11627,Carlos ruiz,Cruiz@email.com,Redes ii,Lic. martínez,Martinez@uni.com,Telecom,B-202,Pendiente,Tarjeta
11628,Carlos ruiz,Cruiz@email.com,Base de datos i,Ing. garcía,Garcia@uni.com,Sistemas,A-101,Pagado,Transferencia
11629,Diego luna,Dluna@email.com,Ia aplicada,Dra. chen,Drchen@uni.com,Sistemas,C-303,Pagado,Transferencia
11630,Laura paz,L.paz@email.com,Matemáticas iii,Dr. gómez,Gomez@uni.com,Ciencias,D-404,Pagado,Tarjeta
11631,Luis gómez,Luis.g@email.com,Matemáticas iii,Dr. gómez,Gomez@uni.com,Ciencias,D-404,Pagado,Efectivo
11632,Diego luna,Dluna@email.com,Redes ii,Lic. martínez,Martinez@uni.com,Telecom,B-202,Pagado,Efectivo
11633,Elena díaz,E.diaz@email.com,Redes ii,Lic. martínez,Martinez@uni.com,Telecom,B-202,Pendiente,Tarjeta
11634,Pedro soto,Psoto@email.com,Ia aplicada,Dra. chen,Drchen@uni.com,Sistemas,C-303,Pendiente,Efectivo
11635,Carlos ruiz,Cruiz@email.com,Ia aplicada,Dra. chen,Drchen@uni.com,Sistemas,C-303,Cancelado,Transferencia
11636,Diego luna,Dluna@email.com,Base de datos i,Ing. garcía,Garcia@uni.com,Sistemas,A-101,Pagado,Efectivo
11637,Laura paz,L.paz@email.com,Ia aplicada,Dra. chen,Drchen@uni.com,Sistemas,C-303,Pendiente,Transferencia
11638,Luis gómez,Luis.g@email.com,Ia aplicada,Dra. chen,Drchen@uni.com,Sistemas,C-303,Pagado,Tarjeta
11639,Elena díaz,E.diaz@email.com,Base de datos i,Ing. garcía,Garcia@uni.com,Sistemas,A-101,Pagado,Transferencia
11640,Sofía vega,S.vega@email.com,Ia aplicada,Dra. chen,Drchen@uni.com,Sistemas,C-303,Cancelado,Tarjeta
11641,María lópez,M.lopez@email.com,Ia aplicada,Dra. chen,Drchen@uni.com,Sistemas,C-303,Cancelado,Tarjeta
11642,Pedro soto,Psoto@email.com,Matemáticas iii,Dr. gómez,Gomez@uni.com,Ciencias,D-404,Pendiente,Tarjeta
11643,Elena díaz,E.diaz@email.com,Redes ii,Lic. martínez,Martinez@uni.com,Telecom,B-202,Pendiente,Transferencia
11644,Pedro soto,Psoto@email.com,Redes ii,Lic. martínez,Martinez@uni.com,Telecom,B-202,Pendiente,Transferencia
11645,Diego luna,Dluna@email.com,Base de datos i,Ing. garcía,Garcia@uni.com,Sistemas,A-101,Pendiente,Transferencia
11646,Carlos ruiz,Cruiz@email.com,Redes ii,Lic. martínez,Martinez@uni.com,Telecom,B-202,Pagado,Efectivo
11647,Carlos ruiz,Cruiz@email.com,Ia aplicada,Dra. chen,Drchen@uni.com,Sistemas,C-303,Pendiente,Tarjeta
11648,Pedro soto,Psoto@email.com,Matemáticas iii,Dr. gómez,Gomez@uni.com,Ciencias,D-404,Pagado,Tarjeta
11649,Diego luna,Dluna@email.com,Matemáticas iii,Dr. gómez,Gomez@uni.com,Ciencias,D-404,Pendiente,Efectivo
11650,Juan pérez,Juan.p@email.com,Redes ii,Lic. martínez,Martinez@uni.com,Telecom,B-202,Cancelado,Transferencia
11651,María lópez,M.lopez@email.com,Redes ii,Lic. martínez,Martinez@uni.com,Telecom,B-202,Pagado,Tarjeta
11652,Ana torres,Ana.t@email.com,Matemáticas iii,Dr. gómez,Gomez@uni.com,Ciencias,D-404,Cancelado,Tarjeta
11653,Pedro soto,Psoto@email.com,Base de datos i,Ing. garcía,Garcia@uni.com,Sistemas,A-101,Cancelado,Tarjeta
11654,Luis gómez,Luis.g@email.com,Matemáticas iii,Dr. gómez,Gomez@uni.com,Ciencias,D-404,Pendiente,Efectivo
11655,Laura paz,L.paz@email.com,Matemáticas iii,Dr. gómez,Gomez@uni.com,Ciencias,D-404,Pendiente,Tarjeta
11656,Juan pérez,Juan.p@email.com,Redes ii,Lic. martínez,Martinez@uni.com,Telecom,B-202,Cancelado,Efectivo
11657,Carlos ruiz,Cruiz@email.com,Matemáticas iii,Dr. gómez,Gomez@uni.com,Ciencias,D-404,Pendiente,Tarjeta
11658,Diego luna,Dluna@email.com,Ia aplicada,Dra. chen,Drchen@uni.com,Sistemas,C-303,Cancelado,Efectivo
11659,Luis gómez,Luis.g@email.com,Ia aplicada,Dra. chen,Drchen@uni.com,Sistemas,C-303,Cancelado,Tarjeta
11660,Laura paz,L.paz@email.com,Base de datos i,Ing. garcía,Garcia@uni.com,Sistemas,A-101,Cancelado,Transferencia
11661,María lópez,M.lopez@email.com,Ia aplicada,Dra. chen,Drchen@uni.com,Sistemas,C-303,Pagado,Efectivo
11662,Laura paz,L.paz@email.com,Matemáticas iii,Dr. gómez,Gomez@uni.com,Ciencias,D-404,Pendiente,Efectivo
11663,Juan pérez,Juan.p@email.com,Ia aplicada,Dra. chen,Drchen@uni.com,Sistemas,C-303,Pendiente,Efectivo
11664,Diego luna,Dluna@email.com,Ia aplicada,Dra. chen,Drchen@uni.com,Sistemas,C-303,Cancelado,Efectivo
11665,Ana torres,Ana.t@email.com,Ia aplicada,Dra. chen,Drchen@uni.com,Sistemas,C-303,Cancelado,Tarjeta
11666,Juan pérez,Juan.p@email.com,Matemáticas iii,Dr. gómez,Gomez@uni.com,Ciencias,D-404,Pagado,Efectivo
11667,Elena díaz,E.diaz@email.com,Ia aplicada,Dra. chen,Drchen@uni.com,Sistemas,C-303,Cancelado,Transferencia
11668,Ana torres,Ana.t@email.com,Base de datos i,Ing. garcía,Garcia@uni.com,Sistemas,A-101,Cancelado,Tarjeta
11669,Carlos ruiz,Cruiz@email.com,Base de datos i,Ing. garcía,Garcia@uni.com,Sistemas,A-101,Pendiente,Transferencia
11670,Diego luna,Dluna@email.com,Matemáticas iii,Dr. gómez,Gomez@uni.com,Ciencias,D-404,Pendiente,Tarjeta
11671,Diego luna,Dluna@email.com,Redes ii,Lic. martínez,Martinez@uni.com,Telecom,B-202,Cancelado,Transferencia
11672,Pedro soto,Psoto@email.com,Base de datos i,Ing. garcía,Garcia@uni.com,Sistemas,A-101,Cancelado,Transferencia
11673,Laura paz,L.paz@email.com,Matemáticas iii,Dr. gómez,Gomez@uni.com,Ciencias,D-404,Pagado,Transferencia
11674,Laura paz,L.paz@email.com,Redes ii,Lic. martínez,Martinez@uni.com,Telecom,B-202,Cancelado,Tarjeta
11675,Elena díaz,E.diaz@email.com,Ia aplicada,Dra. chen,Drchen@uni.com,Sistemas,C-303,Cancelado,Transferencia
11676,Luis gómez,Luis.g@email.com,Ia aplicada,Dra. chen,Drchen@uni.com,Sistemas,C-303,Pendiente,Tarjeta
11677,Ana torres,Ana.t@email.com,Base de datos i,Ing. garcía,Garcia@uni.com,Sistemas,A-101,Pendiente,Transferencia
11678,Diego luna,Dluna@email.com,Base de datos i,Ing. garcía,Garcia@uni.com,Sistemas,A-101,Cancelado,Transferencia
11679,Diego luna,Dluna@email.com,Base de datos i,Ing. garcía,Garcia@uni.com,Sistemas,A-101,Cancelado,Efectivo
11680,Ana torres,Ana.t@email.com,Matemáticas iii,Dr. gómez,Gomez@uni.com,Ciencias,D-404,Cancelado,Efectivo
11681,Carlos ruiz,Cruiz@email.com,Redes ii,Lic. martínez,Martinez@uni.com,Telecom,B-202,Pagado,Efectivo
11682,Elena díaz,E.diaz@email.com,Base de datos i,Ing. garcía,Garcia@uni.com,Sistemas,A-101,Cancelado,Transferencia
11683,María lópez,M.lopez@email.com,Matemáticas iii,Dr. gómez,Gomez@uni.com,Ciencias,D-404,Pagado,Efectivo
11684,Diego luna,Dluna@email.com,Matemáticas iii,Dr. gómez,Gomez@uni.com,Ciencias,D-404,Pagado,Tarjeta
11685,Diego luna,Dluna@email.com,Matemáticas iii,Dr. gómez,Gomez@uni.com,Ciencias,D-404,Pagado,Tarjeta
11686,Luis gómez,Luis.g@email.com,Ia aplicada,Dra. chen,Drchen@uni.com,Sistemas,C-303,Cancelado,Efectivo
11687,Laura paz,L.paz@email.com,Matemáticas iii,Dr. gómez,Gomez@uni.com,Ciencias,D-404,Pendiente,Transferencia
11688,María lópez,M.lopez@email.com,Base de datos i,Ing. garcía,Garcia@uni.com,Sistemas,A-101,Cancelado,Efectivo
11689,María lópez,M.lopez@email.com,Base de datos i,Ing. garcía,Garcia@uni.com,Sistemas,A-101,Pendiente,Efectivo
11690,Diego luna,Dluna@email.com,Ia aplicada,Dra. chen,Drchen@uni.com,Sistemas,C-303,Pendiente,Transferencia
11691,Pedro soto,Psoto@email.com,Ia aplicada,Dra. chen,Drchen@uni.com,Sistemas,C-303,Pendiente,Efectivo
11692,Carlos ruiz,Cruiz@email.com,Redes ii,Lic. martínez,Martinez@uni.com,Telecom,B-202,Cancelado,Tarjeta
11693,María lópez,M.lopez@email.com,Redes ii,Lic. martínez,Martinez@uni.com,Telecom,B-202,Cancelado,Transferencia
11694,Carlos ruiz,Cruiz@email.com,Base de datos i,Ing. garcía,Garcia@uni.com,Sistemas,A-101,Cancelado,Transferencia
11695,Sofía vega,S.vega@email.com,Redes ii,Lic. martínez,Martinez@uni.com,Telecom,B-202,Pendiente,Transferencia
11696,Juan pérez,Juan.p@email.com,Redes ii,Lic. martínez,Martinez@uni.com,Telecom,B-202,Pendiente,Transferencia
11697,Diego luna,Dluna@email.com,Ia aplicada,Dra. chen,Drchen@uni.com,Sistemas,C-303,Pendiente,Efectivo
11698,Elena díaz,E.diaz@email.com,Base de datos i,Ing. garcía,Garcia@uni.com,Sistemas,A-101,Pagado,Efectivo
11699,Sofía vega,S.vega@email.com,Matemáticas iii,Dr. gómez,Gomez@uni.com,Ciencias,D-404,Pendiente,Transferencia
11700,Diego luna,Dluna@email.com,Matemáticas iii,Dr. gómez,Gomez@uni.com,Ciencias,D-404,Pendiente,Transferencia
11701,María lópez,M.lopez@email.com,Ia aplicada,Dra. chen,Drchen@uni.com,Sistemas,C-303,Pendiente,Efectivo
11702,Juan pérez,Juan.p@email.com,Ia aplicada,Dra. chen,Drchen@uni.com,Sistemas,C-303,Pagado,Transferencia
11703,Diego luna,Dluna@email.com,Matemáticas iii,Dr. gómez,Gomez@uni.com,Ciencias,D-404,Pendiente,Tarjeta
11704,Juan pérez,Juan.p@email.com,Matemáticas iii,Dr. gómez,Gomez@uni.com,Ciencias,D-404,Pagado,Efectivo
11705,Ana torres,Ana.t@email.com,Base de datos i,Ing. garcía,Garcia@uni.com,Sistemas,A-101,Cancelado,Efectivo
11706,María lópez,M.lopez@email.com,Matemáticas iii,Dr. gómez,Gomez@uni.com,Ciencias,D-404,Pendiente,Transferencia
11707,Sofía vega,S.vega@email.com,Base de datos i,Ing. garcía,Garcia@uni.com,Sistemas,A-101,Pendiente,Efectivo
11708,Luis gómez,Luis.g@email.com,Ia aplicada,Dra. chen,Drchen@uni.com,Sistemas,C-303,Pendiente,Efectivo
11709,Juan pérez,Juan.p@email.com,Redes ii,Lic. martínez,Martinez@uni.com,Telecom,B-202,Cancelado,Efectivo
11710,Diego luna,Dluna@email.com,Matemáticas iii,Dr. gómez,Gomez@uni.com,Ciencias,D-404,Pagado,Efectivo
11711,María lópez,M.lopez@email.com,Ia aplicada,Dra. chen,Drchen@uni.com,Sistemas,C-303,Pendiente,Transferencia
11712,Diego luna,Dluna@email.com,Redes ii,Lic. martínez,Martinez@uni.com,Telecom,B-202,Pendiente,Transferencia
11713,Juan pérez,Juan.p@email.com,Base de datos i,Ing. garcía,Garcia@uni.com,Sistemas,A-101,Pagado,Transferencia
11714,Diego luna,Dluna@email.com,Base de datos i,Ing. garcía,Garcia@uni.com,Sistemas,A-101,Cancelado,Efectivo
11715,Juan pérez,Juan.p@email.com,Matemáticas iii,Dr. gómez,Gomez@uni.com,Ciencias,D-404,Cancelado,Transferencia
11716,Laura paz,L.paz@email.com,Ia aplicada,Dra. chen,Drchen@uni.com,Sistemas,C-303,Pagado,Tarjeta
11717,Ana torres,Ana.t@email.com,Redes ii,Lic. martínez,Martinez@uni.com,Telecom,B-202,Cancelado,Efectivo
11718,Juan pérez,Juan.p@email.com,Base de datos i,Ing. garcía,Garcia@uni.com,Sistemas,A-101,Cancelado,Transferencia
11719,Luis gómez,Luis.g@email.com,Redes ii,Lic. martínez,Martinez@uni.com,Telecom,B-202,Cancelado,Transferencia
11720,Pedro soto,Psoto@email.com,Redes ii,Lic. martínez,Martinez@uni.com,Telecom,B-202,Cancelado,Transferencia
11721,Luis gómez,Luis.g@email.com,Matemáticas iii,Dr. gómez,Gomez@uni.com,Ciencias,D-404,Cancelado,Transferencia
11722,María lópez,M.lopez@email.com,Base de datos i,Ing. garcía,Garcia@uni.com,Sistemas,A-101,Pagado,Tarjeta
11723,Carlos ruiz,Cruiz@email.com,Redes ii,Lic. martínez,Martinez@uni.com,Telecom,B-202,Pendiente,Transferencia
11724,Laura paz,L.paz@email.com,Ia aplicada,Dra. chen,Drchen@uni.com,Sistemas,C-303,Pendiente,Transferencia
11725,Carlos ruiz,Cruiz@email.com,Base de datos i,Ing. garcía,Garcia@uni.com,Sistemas,A-101,Pagado,Transferencia
11726,Luis gómez,Luis.g@email.com,Matemáticas iii,Dr. gómez,Gomez@uni.com,Ciencias,D-404,Pagado,Efectivo
11727,Luis gómez,Luis.g@email.com,Matemáticas iii,Dr. gómez,Gomez@uni.com,Ciencias,D-404,Cancelado,Tarjeta
11728,Elena díaz,E.diaz@email.com,Matemáticas iii,Dr. gómez,Gomez@uni.com,Ciencias,D-404,Pagado,Transferencia
11729,Juan pérez,Juan.p@email.com,Ia aplicada,Dra. chen,Drchen@uni.com,Sistemas,C-303,Pendiente,Transferencia
11730,Pedro soto,Psoto@email.com,Ia aplicada,Dra. chen,Drchen@uni.com,Sistemas,C-303,Pagado,Tarjeta
11731,Diego luna,Dluna@email.com,Ia aplicada,Dra. chen,Drchen@uni.com,Sistemas,C-303,Pendiente,Transferencia
11732,Carlos ruiz,Cruiz@email.com,Ia aplicada,Dra. chen,Drchen@uni.com,Sistemas,C-303,Cancelado,Efectivo
11733,Ana torres,Ana.t@email.com,Ia aplicada,Dra. chen,Drchen@uni.com,Sistemas,C-303,Pendiente,Efectivo
11734,Luis gómez,Luis.g@email.com,Redes ii,Lic. martínez,Martinez@uni.com,Telecom,B-202,Cancelado,Efectivo
11735,Laura paz,L.paz@email.com,Base de datos i,Ing. garcía,Garcia@uni.com,Sistemas,A-101,Pagado,Transferencia
11736,Sofía vega,S.vega@email.com,Redes ii,Lic. martínez,Martinez@uni.com,Telecom,B-202,Pagado,Tarjeta
11737,Carlos ruiz,Cruiz@email.com,Redes ii,Lic. martínez,Martinez@uni.com,Telecom,B-202,Cancelado,Tarjeta
11738,Pedro soto,Psoto@email.com,Ia aplicada,Dra. chen,Drchen@uni.com,Sistemas,C-303,Pendiente,Efectivo
11739,Juan pérez,Juan.p@email.com,Base de datos i,Ing. garcía,Garcia@uni.com,Sistemas,A-101,Pagado,Efectivo
11740,Luis gómez,Luis.g@email.com,Redes ii,Lic. martínez,Martinez@uni.com,Telecom,B-202,Pagado,Transferencia
11741,Luis gómez,Luis.g@email.com,Base de datos i,Ing. garcía,Garcia@uni.com,Sistemas,A-101,Pagado,Efectivo
11742,Carlos ruiz,Cruiz@email.com,Ia aplicada,Dra. chen,Drchen@uni.com,Sistemas,C-303,Cancelado,Tarjeta
11743,María lópez,M.lopez@email.com,Matemáticas iii,Dr. gómez,Gomez@uni.com,Ciencias,D-404,Cancelado,Efectivo
11744,Diego luna,Dluna@email.com,Ia aplicada,Dra. chen,Drchen@uni.com,Sistemas,C-303,Pagado,Efectivo
11745,Elena díaz,E.diaz@email.com,Matemáticas iii,Dr. gómez,Gomez@uni.com,Ciencias,D-404,Cancelado,Tarjeta
11746,Ana torres,Ana.t@email.com,Ia aplicada,Dra. chen,Drchen@uni.com,Sistemas,C-303,Cancelado,Tarjeta
11747,Juan pérez,Juan.p@email.com,Redes ii,Lic. martínez,Martinez@uni.com,Telecom,B-202,Cancelado,Efectivo
11748,Carlos ruiz,Cruiz@email.com,Redes ii,Lic. martínez,Martinez@uni.com,Telecom,B-202,Pagado,Efectivo
11749,Carlos ruiz,Cruiz@email.com,Ia aplicada,Dra. chen,Drchen@uni.com,Sistemas,C-303,Cancelado,Transferencia
11750,Sofía vega,S.vega@email.com,Base de datos i,Ing. garcía,Garcia@uni.com,Sistemas,A-101,Pagado,Transferencia
11751,Luis gómez,Luis.g@email.com,Matemáticas iii,Dr. gómez,Gomez@uni.com,Ciencias,D-404,Pagado,Transferencia
11752,Carlos ruiz,Cruiz@email.com,Matemáticas iii,Dr. gómez,Gomez@uni.com,Ciencias,D-404,Pendiente,Tarjeta
11753,Elena díaz,E.diaz@email.com,Redes ii,Lic. martínez,Martinez@uni.com,Telecom,B-202,Cancelado,Tarjeta
11754,María lópez,M.lopez@email.com,Matemáticas iii,Dr. gómez,Gomez@uni.com,Ciencias,D-404,Pendiente,Transferencia
11755,María lópez,M.lopez@email.com,Matemáticas iii,Dr. gómez,Gomez@uni.com,Ciencias,D-404,Cancelado,Transferencia
11756,Luis gómez,Luis.g@email.com,Redes ii,Lic. martínez,Martinez@uni.com,Telecom,B-202,Pendiente,Tarjeta
11757,María lópez,M.lopez@email.com,Matemáticas iii,Dr. gómez,Gomez@uni.com,Ciencias,D-404,Cancelado,Transferencia
11758,Carlos ruiz,Cruiz@email.com,Matemáticas iii,Dr. gómez,Gomez@uni.com,Ciencias,D-404,Pendiente,Transferencia
11759,Carlos ruiz,Cruiz@email.com,Redes ii,Lic. martínez,Martinez@uni.com,Telecom,B-202,Pendiente,Transferencia
11760,Luis gómez,Luis.g@email.com,Matemáticas iii,Dr. gómez,Gomez@uni.com,Ciencias,D-404,Pendiente,Tarjeta
11761,Carlos ruiz,Cruiz@email.com,Redes ii,Lic. martínez,Martinez@uni.com,Telecom,B-202,Cancelado,Transferencia
11762,Luis gómez,Luis.g@email.com,Base de datos i,Ing. garcía,Garcia@uni.com,Sistemas,A-101,Pendiente,Tarjeta
11763,Diego luna,Dluna@email.com,Matemáticas iii,Dr. gómez,Gomez@uni.com,Ciencias,D-404,Cancelado,Transferencia
11764,Carlos ruiz,Cruiz@email.com,Ia aplicada,Dra. chen,Drchen@uni.com,Sistemas,C-303,Pagado,Efectivo
11765,Diego luna,Dluna@email.com,Redes ii,Lic. martínez,Martinez@uni.com,Telecom,B-202,Pagado,Efectivo
11766,Sofía vega,S.vega@email.com,Matemáticas iii,Dr. gómez,Gomez@uni.com,Ciencias,D-404,Pagado,Transferencia
11767,Pedro soto,Psoto@email.com,Matemáticas iii,Dr. gómez,Gomez@uni.com,Ciencias,D-404,Pendiente,Tarjeta
11768,Laura paz,L.paz@email.com,Base de datos i,Ing. garcía,Garcia@uni.com,Sistemas,A-101,Pagado,Tarjeta
11769,María lópez,M.lopez@email.com,Base de datos i,Ing. garcía,Garcia@uni.com,Sistemas,A-101,Cancelado,Efectivo
11770,Juan pérez,Juan.p@email.com,Matemáticas iii,Dr. gómez,Gomez@uni.com,Ciencias,D-404,Pendiente,Efectivo
11771,Juan pérez,Juan.p@email.com,Matemáticas iii,Dr. gómez,Gomez@uni.com,Ciencias,D-404,Pendiente,Transferencia
11772,Ana torres,Ana.t@email.com,Redes ii,Lic. martínez,Martinez@uni.com,Telecom,B-202,Pagado,Transferencia
11773,Luis gómez,Luis.g@email.com,Base de datos i,Ing. garcía,Garcia@uni.com,Sistemas,A-101,Pendiente,Transferencia
11774,Ana torres,Ana.t@email.com,Redes ii,Lic. martínez,Martinez@uni.com,Telecom,B-202,Pendiente,Transferencia
11775,Juan pérez,Juan.p@email.com,Matemáticas iii,Dr. gómez,Gomez@uni.com,Ciencias,D-404,Pagado,Transferencia
11776,Juan pérez,Juan.p@email.com,Ia aplicada,Dra. chen,Drchen@uni.com,Sistemas,C-303,Pagado,Efectivo
11777,Sofía vega,S.vega@email.com,Matemáticas iii,Dr. gómez,Gomez@uni.com,Ciencias,D-404,Pagado,Efectivo
11778,Elena díaz,E.diaz@email.com,Matemáticas iii,Dr. gómez,Gomez@uni.com,Ciencias,D-404,Cancelado,Transferencia
11779,Elena díaz,E.diaz@email.com,Redes ii,Lic. martínez,Martinez@uni.com,Telecom,B-202,Cancelado,Tarjeta
11780,Diego luna,Dluna@email.com,Matemáticas iii,Dr. gómez,Gomez@uni.com,Ciencias,D-404,Cancelado,Tarjeta
11781,Pedro soto,Psoto@email.com,Redes ii,Lic. martínez,Martinez@uni.com,Telecom,B-202,Cancelado,Efectivo
11782,Pedro soto,Psoto@email.com,Redes ii,Lic. martínez,Martinez@uni.com,Telecom,B-202,Pagado,Efectivo
11783,Luis gómez,Luis.g@email.com,Redes ii,Lic. martínez,Martinez@uni.com,Telecom,B-202,Pagado,Tarjeta
11784,Diego luna,Dluna@email.com,Ia aplicada,Dra. chen,Drchen@uni.com,Sistemas,C-303,Pendiente,Tarjeta
11785,María lópez,M.lopez@email.com,Ia aplicada,Dra. chen,Drchen@uni.com,Sistemas,C-303,Cancelado,Transferencia
11786,María lópez,M.lopez@email.com,Base de datos i,Ing. garcía,Garcia@uni.com,Sistemas,A-101,Cancelado,Efectivo
11787,Ana torres,Ana.t@email.com,Matemáticas iii,Dr. gómez,Gomez@uni.com,Ciencias,D-404,Pagado,Tarjeta
11788,Elena díaz,E.diaz@email.com,Matemáticas iii,Dr. gómez,Gomez@uni.com,Ciencias,D-404,Pendiente,Transferencia
11789,Pedro soto,Psoto@email.com,Ia aplicada,Dra. chen,Drchen@uni.com,Sistemas,C-303,Pagado,Transferencia
11790,Carlos ruiz,Cruiz@email.com,Redes ii,Lic. martínez,Martinez@uni.com,Telecom,B-202,Pendiente,Transferencia
11791,Juan pérez,Juan.p@email.com,Ia aplicada,Dra. chen,Drchen@uni.com,Sistemas,C-303,Cancelado,Tarjeta
11792,Pedro soto,Psoto@email.com,Matemáticas iii,Dr. gómez,Gomez@uni.com,Ciencias,D-404,Pendiente,Transferencia
11793,María lópez,M.lopez@email.com,Redes ii,Lic. martínez,Martinez@uni.com,Telecom,B-202,Pendiente,Transferencia
11794,Ana torres,Ana.t@email.com,Ia aplicada,Dra. chen,Drchen@uni.com,Sistemas,C-303,Pendiente,Efectivo
11795,Pedro soto,Psoto@email.com,Base de datos i,Ing. garcía,Garcia@uni.com,Sistemas,A-101,Pagado,Tarjeta
11796,Elena díaz,E.diaz@email.com,Redes ii,Lic. martínez,Martinez@uni.com,Telecom,B-202,Cancelado,Efectivo
11797,Pedro soto,Psoto@email.com,Base de datos i,Ing. garcía,Garcia@uni.com,Sistemas,A-101,Pagado,Transferencia
11798,Carlos ruiz,Cruiz@email.com,Matemáticas iii,Dr. gómez,Gomez@uni.com,Ciencias,D-404,Pendiente,Tarjeta
11799,Ana torres,Ana.t@email.com,Matemáticas iii,Dr. gómez,Gomez@uni.com,Ciencias,D-404,Cancelado,Efectivo
11800,Pedro soto,Psoto@email.com,Redes ii,Lic. martínez,Martinez@uni.com,Telecom,B-202,Pendiente,Tarjeta
11801,Pedro soto,Psoto@email.com,Base de datos i,Ing. garcía,Garcia@uni.com,Sistemas,A-101,Cancelado,Efectivo
11802,Luis gómez,Luis.g@email.com,Redes ii,Lic. martínez,Martinez@uni.com,Telecom,B-202,Cancelado,Transferencia
11803,Luis gómez,Luis.g@email.com,Redes ii,Lic. martínez,Martinez@uni.com,Telecom,B-202,Cancelado,Efectivo
11804,Elena díaz,E.diaz@email.com,Ia aplicada,Dra. chen,Drchen@uni.com,Sistemas,C-303,Pagado,Transferencia
11805,Ana torres,Ana.t@email.com,Redes ii,Lic. martínez,Martinez@uni.com,Telecom,B-202,Pagado,Efectivo
11806,Ana torres,Ana.t@email.com,Redes ii,Lic. martínez,Martinez@uni.com,Telecom,B-202,Pendiente,Transferencia
11807,Laura paz,L.paz@email.com,Redes ii,Lic. martínez,Martinez@uni.com,Telecom,B-202,Pendiente,Tarjeta
11808,Laura paz,L.paz@email.com,Base de datos i,Ing. garcía,Garcia@uni.com,Sistemas,A-101,Pagado,Tarjeta
11809,Diego luna,Dluna@email.com,Matemáticas iii,Dr. gómez,Gomez@uni.com,Ciencias,D-404,Pagado,Transferencia
11810,Laura paz,L.paz@email.com,Matemáticas iii,Dr. gómez,Gomez@uni.com,Ciencias,D-404,Pendiente,Tarjeta
11811,Juan pérez,Juan.p@email.com,Matemáticas iii,Dr. gómez,Gomez@uni.com,Ciencias,D-404,Cancelado,Transferencia
11812,Ana torres,Ana.t@email.com,Redes ii,Lic. martínez,Martinez@uni.com,Telecom,B-202,Pagado,Efectivo
11813,Sofía vega,S.vega@email.com,Matemáticas iii,Dr. gómez,Gomez@uni.com,Ciencias,D-404,Cancelado,Transferencia
11814,Luis gómez,Luis.g@email.com,Ia aplicada,Dra. chen,Drchen@uni.com,Sistemas,C-303,Pagado,Efectivo
11815,María lópez,M.lopez@email.com,Ia aplicada,Dra. chen,Drchen@uni.com,Sistemas,C-303,Pendiente,Transferencia
11816,María lópez,M.lopez@email.com,Matemáticas iii,Dr. gómez,Gomez@uni.com,Ciencias,D-404,Pagado,Tarjeta
11817,Carlos ruiz,Cruiz@email.com,Redes ii,Lic. martínez,Martinez@uni.com,Telecom,B-202,Pagado,Transferencia
11818,Elena díaz,E.diaz@email.com,Ia aplicada,Dra. chen,Drchen@uni.com,Sistemas,C-303,Pendiente,Efectivo
11819,María lópez,M.lopez@email.com,Ia aplicada,Dra. chen,Drchen@uni.com,Sistemas,C-303,Pagado,Efectivo
11820,Pedro soto,Psoto@email.com,Base de datos i,Ing. garcía,Garcia@uni.com,Sistemas,A-101,Pendiente,Transferencia
11821,Sofía vega,S.vega@email.com,Redes ii,Lic. martínez,Martinez@uni.com,Telecom,B-202,Cancelado,Transferencia
11822,Juan pérez,Juan.p@email.com,Ia aplicada,Dra. chen,Drchen@uni.com,Sistemas,C-303,Cancelado,Efectivo
11823,Laura paz,L.paz@email.com,Redes ii,Lic. martínez,Martinez@uni.com,Telecom,B-202,Cancelado,Transferencia
11824,Luis gómez,Luis.g@email.com,Matemáticas iii,Dr. gómez,Gomez@uni.com,Ciencias,D-404,Pagado,Transferencia
11825,Carlos ruiz,Cruiz@email.com,Matemáticas iii,Dr. gómez,Gomez@uni.com,Ciencias,D-404,Cancelado,Tarjeta
11826,Carlos ruiz,Cruiz@email.com,Matemáticas iii,Dr. gómez,Gomez@uni.com,Ciencias,D-404,Cancelado,Tarjeta
11827,Elena díaz,E.diaz@email.com,Redes ii,Lic. martínez,Martinez@uni.com,Telecom,B-202,Cancelado,Transferencia
11828,Juan pérez,Juan.p@email.com,Redes ii,Lic. martínez,Martinez@uni.com,Telecom,B-202,Pagado,Tarjeta
11829,Elena díaz,E.diaz@email.com,Redes ii,Lic. martínez,Martinez@uni.com,Telecom,B-202,Pendiente,Tarjeta
11830,María lópez,M.lopez@email.com,Ia aplicada,Dra. chen,Drchen@uni.com,Sistemas,C-303,Pagado,Tarjeta
11831,Sofía vega,S.vega@email.com,Base de datos i,Ing. garcía,Garcia@uni.com,Sistemas,A-101,Pendiente,Tarjeta
11832,Juan pérez,Juan.p@email.com,Ia aplicada,Dra. chen,Drchen@uni.com,Sistemas,C-303,Cancelado,Tarjeta
11833,Sofía vega,S.vega@email.com,Matemáticas iii,Dr. gómez,Gomez@uni.com,Ciencias,D-404,Pendiente,Transferencia
11834,Luis gómez,Luis.g@email.com,Matemáticas iii,Dr. gómez,Gomez@uni.com,Ciencias,D-404,Pagado,Efectivo
11835,Elena díaz,E.diaz@email.com,Ia aplicada,Dra. chen,Drchen@uni.com,Sistemas,C-303,Pendiente,Tarjeta
11836,Pedro soto,Psoto@email.com,Matemáticas iii,Dr. gómez,Gomez@uni.com,Ciencias,D-404,Cancelado,Tarjeta
11837,Luis gómez,Luis.g@email.com,Redes ii,Lic. martínez,Martinez@uni.com,Telecom,B-202,Cancelado,Tarjeta
11838,Diego luna,Dluna@email.com,Ia aplicada,Dra. chen,Drchen@uni.com,Sistemas,C-303,Pagado,Efectivo
11839,Luis gómez,Luis.g@email.com,Base de datos i,Ing. garcía,Garcia@uni.com,Sistemas,A-101,Pagado,Transferencia
11840,Pedro soto,Psoto@email.com,Base de datos i,Ing. garcía,Garcia@uni.com,Sistemas,A-101,Cancelado,Tarjeta
11841,Luis gómez,Luis.g@email.com,Matemáticas iii,Dr. gómez,Gomez@uni.com,Ciencias,D-404,Pagado,Efectivo
11842,Juan pérez,Juan.p@email.com,Ia aplicada,Dra. chen,Drchen@uni.com,Sistemas,C-303,Pagado,Tarjeta
11843,Ana torres,Ana.t@email.com,Matemáticas iii,Dr. gómez,Gomez@uni.com,Ciencias,D-404,Cancelado,Transferencia
11844,Pedro soto,Psoto@email.com,Base de datos i,Ing. garcía,Garcia@uni.com,Sistemas,A-101,Pagado,Tarjeta
11845,Luis gómez,Luis.g@email.com,Redes ii,Lic. martínez,Martinez@uni.com,Telecom,B-202,Pagado,Efectivo
11846,María lópez,M.lopez@email.com,Base de datos i,Ing. garcía,Garcia@uni.com,Sistemas,A-101,Pendiente,Tarjeta
11847,María lópez,M.lopez@email.com,Redes ii,Lic. martínez,Martinez@uni.com,Telecom,B-202,Cancelado,Tarjeta
11848,María lópez,M.lopez@email.com,Ia aplicada,Dra. chen,Drchen@uni.com,Sistemas,C-303,Pendiente,Transferencia
11849,Elena díaz,E.diaz@email.com,Base de datos i,Ing. garcía,Garcia@uni.com,Sistemas,A-101,Pagado,Tarjeta
11850,Sofía vega,S.vega@email.com,Ia aplicada,Dra. chen,Drchen@uni.com,Sistemas,C-303,Pagado,Transferencia
11851,Ana torres,Ana.t@email.com,Matemáticas iii,Dr. gómez,Gomez@uni.com,Ciencias,D-404,Pendiente,Tarjeta
11852,Sofía vega,S.vega@email.com,Matemáticas iii,Dr. gómez,Gomez@uni.com,Ciencias,D-404,Pendiente,Tarjeta
11853,Sofía vega,S.vega@email.com,Base de datos i,Ing. garcía,Garcia@uni.com,Sistemas,A-101,Pagado,Efectivo
11854,Laura paz,L.paz@email.com,Redes ii,Lic. martínez,Martinez@uni.com,Telecom,B-202,Pagado,Efectivo
11855,Elena díaz,E.diaz@email.com,Redes ii,Lic. martínez,Martinez@uni.com,Telecom,B-202,Pagado,Tarjeta
11856,Ana torres,Ana.t@email.com,Base de datos i,Ing. garcía,Garcia@uni.com,Sistemas,A-101,Pendiente,Transferencia
11857,Juan pérez,Juan.p@email.com,Ia aplicada,Dra. chen,Drchen@uni.com,Sistemas,C-303,Pagado,Transferencia
11858,Luis gómez,Luis.g@email.com,Matemáticas iii,Dr. gómez,Gomez@uni.com,Ciencias,D-404,Cancelado,Transferencia
11859,Diego luna,Dluna@email.com,Matemáticas iii,Dr. gómez,Gomez@uni.com,Ciencias,D-404,Pendiente,Tarjeta
11860,Elena díaz,E.diaz@email.com,Ia aplicada,Dra. chen,Drchen@uni.com,Sistemas,C-303,Cancelado,Efectivo
11861,Ana torres,Ana.t@email.com,Base de datos i,Ing. garcía,Garcia@uni.com,Sistemas,A-101,Cancelado,Tarjeta
11862,Sofía vega,S.vega@email.com,Base de datos i,Ing. garcía,Garcia@uni.com,Sistemas,A-101,Pagado,Transferencia
11863,María lópez,M.lopez@email.com,Base de datos i,Ing. garcía,Garcia@uni.com,Sistemas,A-101,Pagado,Transferencia
11864,Laura paz,L.paz@email.com,Base de datos i,Ing. garcía,Garcia@uni.com,Sistemas,A-101,Pendiente,Transferencia
11865,Laura paz,L.paz@email.com,Ia aplicada,Dra. chen,Drchen@uni.com,Sistemas,C-303,Pagado,Efectivo
11866,Pedro soto,Psoto@email.com,Base de datos i,Ing. garcía,Garcia@uni.com,Sistemas,A-101,Pagado,Transferencia
11867,Laura paz,L.paz@email.com,Matemáticas iii,Dr. gómez,Gomez@uni.com,Ciencias,D-404,Cancelado,Efectivo
11868,Pedro soto,Psoto@email.com,Ia aplicada,Dra. chen,Drchen@uni.com,Sistemas,C-303,Pagado,Efectivo
11869,María lópez,M.lopez@email.com,Redes ii,Lic. martínez,Martinez@uni.com,Telecom,B-202,Pendiente,Tarjeta
11870,Luis gómez,Luis.g@email.com,Matemáticas iii,Dr. gómez,Gomez@uni.com,Ciencias,D-404,Cancelado,Tarjeta
11871,Laura paz,L.paz@email.com,Ia aplicada,Dra. chen,Drchen@uni.com,Sistemas,C-303,Cancelado,Transferencia
11872,Ana torres,Ana.t@email.com,Redes ii,Lic. martínez,Martinez@uni.com,Telecom,B-202,Pagado,Tarjeta
11873,Ana torres,Ana.t@email.com,Ia aplicada,Dra. chen,Drchen@uni.com,Sistemas,C-303,Pendiente,Transferencia
11874,María lópez,M.lopez@email.com,Matemáticas iii,Dr. gómez,Gomez@uni.com,Ciencias,D-404,Cancelado,Tarjeta
11875,Diego luna,Dluna@email.com,Ia aplicada,Dra. chen,Drchen@uni.com,Sistemas,C-303,Pendiente,Tarjeta
11876,Luis gómez,Luis.g@email.com,Base de datos i,Ing. garcía,Garcia@uni.com,Sistemas,A-101,Pagado,Transferencia
11877,Carlos ruiz,Cruiz@email.com,Base de datos i,Ing. garcía,Garcia@uni.com,Sistemas,A-101,Pagado,Tarjeta
11878,María lópez,M.lopez@email.com,Matemáticas iii,Dr. gómez,Gomez@uni.com,Ciencias,D-404,Cancelado,Efectivo
11879,Sofía vega,S.vega@email.com,Base de datos i,Ing. garcía,Garcia@uni.com,Sistemas,A-101,Cancelado,Tarjeta
11880,Ana torres,Ana.t@email.com,Ia aplicada,Dra. chen,Drchen@uni.com,Sistemas,C-303,Cancelado,Tarjeta
11881,María lópez,M.lopez@email.com,Base de datos i,Ing. garcía,Garcia@uni.com,Sistemas,A-101,Pendiente,Tarjeta
11882,Laura paz,L.paz@email.com,Base de datos i,Ing. garcía,Garcia@uni.com,Sistemas,A-101,Cancelado,Efectivo
11883,Ana torres,Ana.t@email.com,Ia aplicada,Dra. chen,Drchen@uni.com,Sistemas,C-303,Pagado,Transferencia
11884,Laura paz,L.paz@email.com,Base de datos i,Ing. garcía,Garcia@uni.com,Sistemas,A-101,Cancelado,Tarjeta
11885,Ana torres,Ana.t@email.com,Base de datos i,Ing. garcía,Garcia@uni.com,Sistemas,A-101,Pendiente,Transferencia
11886,Juan pérez,Juan.p@email.com,Matemáticas iii,Dr. gómez,Gomez@uni.com,Ciencias,D-404,Pagado,Transferencia
11887,Ana torres,Ana.t@email.com,Redes ii,Lic. martínez,Martinez@uni.com,Telecom,B-202,Pagado,Tarjeta
11888,Ana torres,Ana.t@email.com,Redes ii,Lic. martínez,Martinez@uni.com,Telecom,B-202,Cancelado,Efectivo
11889,Ana torres,Ana.t@email.com,Base de datos i,Ing. garcía,Garcia@uni.com,Sistemas,A-101,Pagado,Efectivo
11890,María lópez,M.lopez@email.com,Matemáticas iii,Dr. gómez,Gomez@uni.com,Ciencias,D-404,Pendiente,Tarjeta
11891,Laura paz,L.paz@email.com,Base de datos i,Ing. garcía,Garcia@uni.com,Sistemas,A-101,Pagado,Transferencia
11892,Elena díaz,E.diaz@email.com,Matemáticas iii,Dr. gómez,Gomez@uni.com,Ciencias,D-404,Cancelado,Efectivo
11893,Pedro soto,Psoto@email.com,Ia aplicada,Dra. chen,Drchen@uni.com,Sistemas,C-303,Cancelado,Transferencia
11894,Carlos ruiz,Cruiz@email.com,Matemáticas iii,Dr. gómez,Gomez@uni.com,Ciencias,D-404,Pagado,Transferencia
11895,Ana torres,Ana.t@email.com,Ia aplicada,Dra. chen,Drchen@uni.com,Sistemas,C-303,Pendiente,Transferencia
11896,Pedro soto,Psoto@email.com,Matemáticas iii,Dr. gómez,Gomez@uni.com,Ciencias,D-404,Pendiente,Tarjeta
11897,Luis gómez,Luis.g@email.com,Redes ii,Lic. martínez,Martinez@uni.com,Telecom,B-202,Pendiente,Tarjeta
11898,Ana torres,Ana.t@email.com,Redes ii,Lic. martínez,Martinez@uni.com,Telecom,B-202,Pagado,Transferencia
11899,Juan pérez,Juan.p@email.com,Redes ii,Lic. martínez,Martinez@uni.com,Telecom,B-202,Cancelado,Tarjeta
11900,Pedro soto,Psoto@email.com,Matemáticas iii,Dr. gómez,Gomez@uni.com,Ciencias,D-404,Cancelado,Efectivo
11901,Luis gómez,Luis.g@email.com,Base de datos i,Ing. garcía,Garcia@uni.com,Sistemas,A-101,Pagado,Efectivo
11902,Luis gómez,Luis.g@email.com,Base de datos i,Ing. garcía,Garcia@uni.com,Sistemas,A-101,Pagado,Tarjeta
11903,María lópez,M.lopez@email.com,Base de datos i,Ing. garcía,Garcia@uni.com,Sistemas,A-101,Pendiente,Efectivo
11904,María lópez,M.lopez@email.com,Base de datos i,Ing. garcía,Garcia@uni.com,Sistemas,A-101,Cancelado,Transferencia
11905,Ana torres,Ana.t@email.com,Redes ii,Lic. martínez,Martinez@uni.com,Telecom,B-202,Pendiente,Efectivo
11906,Carlos ruiz,Cruiz@email.com,Base de datos i,Ing. garcía,Garcia@uni.com,Sistemas,A-101,Cancelado,Transferencia
11907,Ana torres,Ana.t@email.com,Redes ii,Lic. martínez,Martinez@uni.com,Telecom,B-202,Cancelado,Efectivo
11908,María lópez,M.lopez@email.com,Ia aplicada,Dra. chen,Drchen@uni.com,Sistemas,C-303,Pagado,Efectivo
11909,Pedro soto,Psoto@email.com,Redes ii,Lic. martínez,Martinez@uni.com,Telecom,B-202,Pagado,Efectivo
11910,Luis gómez,Luis.g@email.com,Ia aplicada,Dra. chen,Drchen@uni.com,Sistemas,C-303,Pendiente,Efectivo
11911,Elena díaz,E.diaz@email.com,Redes ii,Lic. martínez,Martinez@uni.com,Telecom,B-202,Cancelado,Tarjeta
11912,María lópez,M.lopez@email.com,Base de datos i,Ing. garcía,Garcia@uni.com,Sistemas,A-101,Cancelado,Efectivo
11913,Diego luna,Dluna@email.com,Matemáticas iii,Dr. gómez,Gomez@uni.com,Ciencias,D-404,Cancelado,Transferencia
11914,María lópez,M.lopez@email.com,Base de datos i,Ing. garcía,Garcia@uni.com,Sistemas,A-101,Cancelado,Efectivo
11915,Pedro soto,Psoto@email.com,Base de datos i,Ing. garcía,Garcia@uni.com,Sistemas,A-101,Pagado,Tarjeta
11916,Ana torres,Ana.t@email.com,Ia aplicada,Dra. chen,Drchen@uni.com,Sistemas,C-303,Cancelado,Tarjeta
11917,María lópez,M.lopez@email.com,Redes ii,Lic. martínez,Martinez@uni.com,Telecom,B-202,Pagado,Tarjeta
11918,Sofía vega,S.vega@email.com,Ia aplicada,Dra. chen,Drchen@uni.com,Sistemas,C-303,Cancelado,Tarjeta
11919,María lópez,M.lopez@email.com,Matemáticas iii,Dr. gómez,Gomez@uni.com,Ciencias,D-404,Cancelado,Tarjeta
11920,María lópez,M.lopez@email.com,Ia aplicada,Dra. chen,Drchen@uni.com,Sistemas,C-303,Pagado,Tarjeta
11921,Luis gómez,Luis.g@email.com,Matemáticas iii,Dr. gómez,Gomez@uni.com,Ciencias,D-404,Pendiente,Efectivo
11922,Ana torres,Ana.t@email.com,Base de datos i,Ing. garcía,Garcia@uni.com,Sistemas,A-101,Cancelado,Tarjeta
11923,María lópez,M.lopez@email.com,Redes ii,Lic. martínez,Martinez@uni.com,Telecom,B-202,Pendiente,Efectivo
11924,Carlos ruiz,Cruiz@email.com,Ia aplicada,Dra. chen,Drchen@uni.com,Sistemas,C-303,Pagado,Efectivo
11925,Sofía vega,S.vega@email.com,Redes ii,Lic. martínez,Martinez@uni.com,Telecom,B-202,Cancelado,Tarjeta
11926,Luis gómez,Luis.g@email.com,Base de datos i,Ing. garcía,Garcia@uni.com,Sistemas,A-101,Cancelado,Tarjeta
11927,Luis gómez,Luis.g@email.com,Redes ii,Lic. martínez,Martinez@uni.com,Telecom,B-202,Pagado,Tarjeta
11928,Luis gómez,Luis.g@email.com,Redes ii,Lic. martínez,Martinez@uni.com,Telecom,B-202,Pagado,Tarjeta
11929,Juan pérez,Juan.p@email.com,Base de datos i,Ing. garcía,Garcia@uni.com,Sistemas,A-101,Pendiente,Tarjeta
11930,Ana torres,Ana.t@email.com,Matemáticas iii,Dr. gómez,Gomez@uni.com,Ciencias,D-404,Pendiente,Transferencia
11931,Laura paz,L.paz@email.com,Base de datos i,Ing. garcía,Garcia@uni.com,Sistemas,A-101,Pendiente,Efectivo
11932,Ana torres,Ana.t@email.com,Base de datos i,Ing. garcía,Garcia@uni.com,Sistemas,A-101,Pendiente,Transferencia
11933,Luis gómez,Luis.g@email.com,Base de datos i,Ing. garcía,Garcia@uni.com,Sistemas,A-101,Cancelado,Efectivo
11934,María lópez,M.lopez@email.com,Ia aplicada,Dra. chen,Drchen@uni.com,Sistemas,C-303,Cancelado,Efectivo
11935,Diego luna,Dluna@email.com,Ia aplicada,Dra. chen,Drchen@uni.com,Sistemas,C-303,Pendiente,Efectivo
11936,Sofía vega,S.vega@email.com,Matemáticas iii,Dr. gómez,Gomez@uni.com,Ciencias,D-404,Cancelado,Efectivo
11937,Luis gómez,Luis.g@email.com,Base de datos i,Ing. garcía,Garcia@uni.com,Sistemas,A-101,Pendiente,Tarjeta
11938,Carlos ruiz,Cruiz@email.com,Redes ii,Lic. martínez,Martinez@uni.com,Telecom,B-202,Pendiente,Transferencia
11939,Carlos ruiz,Cruiz@email.com,Redes ii,Lic. martínez,Martinez@uni.com,Telecom,B-202,Cancelado,Transferencia
11940,Luis gómez,Luis.g@email.com,Ia aplicada,Dra. chen,Drchen@uni.com,Sistemas,C-303,Pendiente,Efectivo
11941,María lópez,M.lopez@email.com,Redes ii,Lic. martínez,Martinez@uni.com,Telecom,B-202,Pagado,Transferencia
11942,Laura paz,L.paz@email.com,Ia aplicada,Dra. chen,Drchen@uni.com,Sistemas,C-303,Pendiente,Transferencia
11943,Carlos ruiz,Cruiz@email.com,Redes ii,Lic. martínez,Martinez@uni.com,Telecom,B-202,Pendiente,Efectivo
11944,Diego luna,Dluna@email.com,Matemáticas iii,Dr. gómez,Gomez@uni.com,Ciencias,D-404,Pendiente,Tarjeta
11945,Ana torres,Ana.t@email.com,Redes ii,Lic. martínez,Martinez@uni.com,Telecom,B-202,Pagado,Efectivo
11946,María lópez,M.lopez@email.com,Ia aplicada,Dra. chen,Drchen@uni.com,Sistemas,C-303,Pagado,Efectivo
11947,Ana torres,Ana.t@email.com,Ia aplicada,Dra. chen,Drchen@uni.com,Sistemas,C-303,Pagado,Transferencia
11948,Ana torres,Ana.t@email.com,Base de datos i,Ing. garcía,Garcia@uni.com,Sistemas,A-101,Pagado,Transferencia
11949,Pedro soto,Psoto@email.com,Ia aplicada,Dra. chen,Drchen@uni.com,Sistemas,C-303,Pagado,Efectivo
11950,Diego luna,Dluna@email.com,Base de datos i,Ing. garcía,Garcia@uni.com,Sistemas,A-101,Pendiente,Transferencia
11951,Carlos ruiz,Cruiz@email.com,Redes ii,Lic. martínez,Martinez@uni.com,Telecom,B-202,Pendiente,Efectivo
11952,Elena díaz,E.diaz@email.com,Redes ii,Lic. martínez,Martinez@uni.com,Telecom,B-202,Pendiente,Efectivo
11953,Pedro soto,Psoto@email.com,Base de datos i,Ing. garcía,Garcia@uni.com,Sistemas,A-101,Pagado,Efectivo
11954,Laura paz,L.paz@email.com,Ia aplicada,Dra. chen,Drchen@uni.com,Sistemas,C-303,Cancelado,Tarjeta
11955,Laura paz,L.paz@email.com,Matemáticas iii,Dr. gómez,Gomez@uni.com,Ciencias,D-404,Pendiente,Efectivo
11956,Luis gómez,Luis.g@email.com,Base de datos i,Ing. garcía,Garcia@uni.com,Sistemas,A-101,Pendiente,Transferencia
11957,Sofía vega,S.vega@email.com,Redes ii,Lic. martínez,Martinez@uni.com,Telecom,B-202,Pendiente,Transferencia
11958,Laura paz,L.paz@email.com,Ia aplicada,Dra. chen,Drchen@uni.com,Sistemas,C-303,Cancelado,Efectivo
11959,Laura paz,L.paz@email.com,Redes ii,Lic. martínez,Martinez@uni.com,Telecom,B-202,Cancelado,Efectivo
11960,Ana torres,Ana.t@email.com,Matemáticas iii,Dr. gómez,Gomez@uni.com,Ciencias,D-404,Pendiente,Tarjeta
11961,Carlos ruiz,Cruiz@email.com,Ia aplicada,Dra. chen,Drchen@uni.com,Sistemas,C-303,Cancelado,Transferencia
11962,Ana torres,Ana.t@email.com,Ia aplicada,Dra. chen,Drchen@uni.com,Sistemas,C-303,Pendiente,Transferencia
11963,Laura paz,L.paz@email.com,Base de datos i,Ing. garcía,Garcia@uni.com,Sistemas,A-101,Cancelado,Tarjeta
11964,Diego luna,Dluna@email.com,Ia aplicada,Dra. chen,Drchen@uni.com,Sistemas,C-303,Pagado,Tarjeta
11965,Ana torres,Ana.t@email.com,Redes ii,Lic. martínez,Martinez@uni.com,Telecom,B-202,Pagado,Tarjeta
11966,Laura paz,L.paz@email.com,Base de datos i,Ing. garcía,Garcia@uni.com,Sistemas,A-101,Cancelado,Efectivo
11967,Carlos ruiz,Cruiz@email.com,Ia aplicada,Dra. chen,Drchen@uni.com,Sistemas,C-303,Pendiente,Efectivo
11968,Carlos ruiz,Cruiz@email.com,Redes ii,Lic. martínez,Martinez@uni.com,Telecom,B-202,Pagado,Efectivo
11969,Juan pérez,Juan.p@email.com,Ia aplicada,Dra. chen,Drchen@uni.com,Sistemas,C-303,Pendiente,Efectivo
11970,Laura paz,L.paz@email.com,Base de datos i,Ing. garcía,Garcia@uni.com,Sistemas,A-101,Cancelado,Tarjeta
11971,Elena díaz,E.diaz@email.com,Ia aplicada,Dra. chen,Drchen@uni.com,Sistemas,C-303,Pendiente,Efectivo
11972,Carlos ruiz,Cruiz@email.com,Ia aplicada,Dra. chen,Drchen@uni.com,Sistemas,C-303,Pagado,Efectivo
11973,Sofía vega,S.vega@email.com,Base de datos i,Ing. garcía,Garcia@uni.com,Sistemas,A-101,Cancelado,Tarjeta
11974,Juan pérez,Juan.p@email.com,Base de datos i,Ing. garcía,Garcia@uni.com,Sistemas,A-101,Cancelado,Efectivo
11975,Diego luna,Dluna@email.com,Matemáticas iii,Dr. gómez,Gomez@uni.com,Ciencias,D-404,Pagado,Efectivo
11976,Ana torres,Ana.t@email.com,Matemáticas iii,Dr. gómez,Gomez@uni.com,Ciencias,D-404,Pagado,Tarjeta
11977,Laura paz,L.paz@email.com,Base de datos i,Ing. garcía,Garcia@uni.com,Sistemas,A-101,Pagado,Efectivo
11978,María lópez,M.lopez@email.com,Ia aplicada,Dra. chen,Drchen@uni.com,Sistemas,C-303,Pagado,Tarjeta
11979,Ana torres,Ana.t@email.com,Matemáticas iii,Dr. gómez,Gomez@uni.com,Ciencias,D-404,Pagado,Transferencia
11980,Ana torres,Ana.t@email.com,Ia aplicada,Dra. chen,Drchen@uni.com,Sistemas,C-303,Cancelado,Efectivo
11981,Elena díaz,E.diaz@email.com,Ia aplicada,Dra. chen,Drchen@uni.com,Sistemas,C-303,Cancelado,Tarjeta
11982,Pedro soto,Psoto@email.com,Redes ii,Lic. martínez,Martinez@uni.com,Telecom,B-202,Pagado,Tarjeta
11983,Pedro soto,Psoto@email.com,Matemáticas iii,Dr. gómez,Gomez@uni.com,Ciencias,D-404,Pagado,Transferencia
11984,Diego luna,Dluna@email.com,Matemáticas iii,Dr. gómez,Gomez@uni.com,Ciencias,D-404,Cancelado,Tarjeta
11985,Carlos ruiz,Cruiz@email.com,Matemáticas iii,Dr. gómez,Gomez@uni.com,Ciencias,D-404,Pagado,Tarjeta
11986,Juan pérez,Juan.p@email.com,Ia aplicada,Dra. chen,Drchen@uni.com,Sistemas,C-303,Pagado,Transferencia
11987,Laura paz,L.paz@email.com,Ia aplicada,Dra. chen,Drchen@uni.com,Sistemas,C-303,Pagado,Efectivo
11988,Ana torres,Ana.t@email.com,Redes ii,Lic. martínez,Martinez@uni.com,Telecom,B-202,Pagado,Transferencia
11989,Carlos ruiz,Cruiz@email.com,Ia aplicada,Dra. chen,Drchen@uni.com,Sistemas,C-303,Cancelado,Tarjeta
11990,Laura paz,L.paz@email.com,Ia aplicada,Dra. chen,Drchen@uni.com,Sistemas,C-303,Pendiente,Transferencia
11991,Laura paz,L.paz@email.com,Base de datos i,Ing. garcía,Garcia@uni.com,Sistemas,A-101,Pendiente,Transferencia
11992,Diego luna,Dluna@email.com,Matemáticas iii,Dr. gómez,Gomez@uni.com,Ciencias,D-404,Pagado,Transferencia
11993,Carlos ruiz,Cruiz@email.com,Matemáticas iii,Dr. gómez,Gomez@uni.com,Ciencias,D-404,Pagado,Transferencia
11994,Sofía vega,S.vega@email.com,Redes ii,Lic. martínez,Martinez@uni.com,Telecom,B-202,Cancelado,Efectivo
11995,Juan pérez,Juan.p@email.com,Matemáticas iii,Dr. gómez,Gomez@uni.com,Ciencias,D-404,Cancelado,Transferencia
11996,Luis gómez,Luis.g@email.com,Ia aplicada,Dra. chen,Drchen@uni.com,Sistemas,C-303,Pendiente,Efectivo
11997,Diego luna,Dluna@email.com,Base de datos i,Ing. garcía,Garcia@uni.com,Sistemas,A-101,Cancelado,Efectivo
11998,Juan pérez,Juan.p@email.com,Base de datos i,Ing. garcía,Garcia@uni.com,Sistemas,A-101,Cancelado,Efectivo
11999,Luis gómez,Luis.g@email.com,Ia aplicada,Dra. chen,Drchen@uni.com,Sistemas,C-303,Pagado,Transferencia
12000,Diego luna,Dluna@email.com,Ia aplicada,Dra. chen,Drchen@uni.com,Sistemas,C-303,Pendiente,Efectivo
12001,Luis gómez,Luis.g@email.com,Ia aplicada,Dra. chen,Drchen@uni.com,Sistemas,C-303,Cancelado,Tarjeta
12002,Diego luna,Dluna@email.com,Ia aplicada,Dra. chen,Drchen@uni.com,Sistemas,C-303,Pagado,Transferencia
12003,Pedro soto,Psoto@email.com,Matemáticas iii,Dr. gómez,Gomez@uni.com,Ciencias,D-404,Cancelado,Efectivo
12004,Juan pérez,Juan.p@email.com,Base de datos i,Ing. garcía,Garcia@uni.com,Sistemas,A-101,Cancelado,Transferencia
12005,Elena díaz,E.diaz@email.com,Redes ii,Lic. martínez,Martinez@uni.com,Telecom,B-202,Pagado,Efectivo
12006,Carlos ruiz,Cruiz@email.com,Ia aplicada,Dra. chen,Drchen@uni.com,Sistemas,C-303,Cancelado,Tarjeta
12007,Ana torres,Ana.t@email.com,Matemáticas iii,Dr. gómez,Gomez@uni.com,Ciencias,D-404,Pagado,Efectivo
12008,Elena díaz,E.diaz@email.com,Matemáticas iii,Dr. gómez,Gomez@uni.com,Ciencias,D-404,Pagado,Transferencia
12009,Luis gómez,Luis.g@email.com,Base de datos i,Ing. garcía,Garcia@uni.com,Sistemas,A-101,Cancelado,Transferencia
12010,Sofía vega,S.vega@email.com,Matemáticas iii,Dr. gómez,Gomez@uni.com,Ciencias,D-404,Pendiente,Tarjeta
12011,Juan pérez,Juan.p@email.com,Ia aplicada,Dra. chen,Drchen@uni.com,Sistemas,C-303,Cancelado,Transferencia
12012,Sofía vega,S.vega@email.com,Redes ii,Lic. martínez,Martinez@uni.com,Telecom,B-202,Cancelado,Transferencia
12013,Ana torres,Ana.t@email.com,Base de datos i,Ing. garcía,Garcia@uni.com,Sistemas,A-101,Pendiente,Efectivo
12014,Diego luna,Dluna@email.com,Ia aplicada,Dra. chen,Drchen@uni.com,Sistemas,C-303,Cancelado,Efectivo
12015,Luis gómez,Luis.g@email.com,Base de datos i,Ing. garcía,Garcia@uni.com,Sistemas,A-101,Pagado,Transferencia
12016,Laura paz,L.paz@email.com,Ia aplicada,Dra. chen,Drchen@uni.com,Sistemas,C-303,Pagado,Efectivo
12017,Luis gómez,Luis.g@email.com,Ia aplicada,Dra. chen,Drchen@uni.com,Sistemas,C-303,Pagado,Tarjeta
12018,Pedro soto,Psoto@email.com,Redes ii,Lic. martínez,Martinez@uni.com,Telecom,B-202,Cancelado,Tarjeta
12019,Sofía vega,S.vega@email.com,Redes ii,Lic. martínez,Martinez@uni.com,Telecom,B-202,Pendiente,Transferencia
12020,Luis gómez,Luis.g@email.com,Base de datos i,Ing. garcía,Garcia@uni.com,Sistemas,A-101,Cancelado,Transferencia
12021,Juan pérez,Juan.p@email.com,Base de datos i,Ing. garcía,Garcia@uni.com,Sistemas,A-101,Cancelado,Transferencia
12022,Pedro soto,Psoto@email.com,Redes ii,Lic. martínez,Martinez@uni.com,Telecom,B-202,Pendiente,Efectivo
12023,Luis gómez,Luis.g@email.com,Matemáticas iii,Dr. gómez,Gomez@uni.com,Ciencias,D-404,Pagado,Efectivo
12024,Luis gómez,Luis.g@email.com,Matemáticas iii,Dr. gómez,Gomez@uni.com,Ciencias,D-404,Pendiente,Efectivo
12025,María lópez,M.lopez@email.com,Ia aplicada,Dra. chen,Drchen@uni.com,Sistemas,C-303,Cancelado,Efectivo
12026,Sofía vega,S.vega@email.com,Matemáticas iii,Dr. gómez,Gomez@uni.com,Ciencias,D-404,Pendiente,Tarjeta
12027,Pedro soto,Psoto@email.com,Matemáticas iii,Dr. gómez,Gomez@uni.com,Ciencias,D-404,Pendiente,Tarjeta
12028,Ana torres,Ana.t@email.com,Base de datos i,Ing. garcía,Garcia@uni.com,Sistemas,A-101,Pendiente,Transferencia
12029,Juan pérez,Juan.p@email.com,Ia aplicada,Dra. chen,Drchen@uni.com,Sistemas,C-303,Cancelado,Transferencia
12030,Ana torres,Ana.t@email.com,Base de datos i,Ing. garcía,Garcia@uni.com,Sistemas,A-101,Pagado,Transferencia
12031,Pedro soto,Psoto@email.com,Ia aplicada,Dra. chen,Drchen@uni.com,Sistemas,C-303,Pendiente,Transferencia
12032,Carlos ruiz,Cruiz@email.com,Redes ii,Lic. martínez,Martinez@uni.com,Telecom,B-202,Pendiente,Efectivo
12033,Carlos ruiz,Cruiz@email.com,Base de datos i,Ing. garcía,Garcia@uni.com,Sistemas,A-101,Pendiente,Efectivo
12034,Juan pérez,Juan.p@email.com,Redes ii,Lic. martínez,Martinez@uni.com,Telecom,B-202,Pendiente,Tarjeta
12035,Elena díaz,E.diaz@email.com,Base de datos i,Ing. garcía,Garcia@uni.com,Sistemas,A-101,Cancelado,Efectivo
12036,Luis gómez,Luis.g@email.com,Base de datos i,Ing. garcía,Garcia@uni.com,Sistemas,A-101,Pagado,Transferencia
12037,Carlos ruiz,Cruiz@email.com,Matemáticas iii,Dr. gómez,Gomez@uni.com,Ciencias,D-404,Cancelado,Tarjeta
12038,María lópez,M.lopez@email.com,Base de datos i,Ing. garcía,Garcia@uni.com,Sistemas,A-101,Pendiente,Transferencia
12039,Diego luna,Dluna@email.com,Ia aplicada,Dra. chen,Drchen@uni.com,Sistemas,C-303,Pendiente,Efectivo
12040,Carlos ruiz,Cruiz@email.com,Redes ii,Lic. martínez,Martinez@uni.com,Telecom,B-202,Cancelado,Transferencia
12041,Elena díaz,E.diaz@email.com,Ia aplicada,Dra. chen,Drchen@uni.com,Sistemas,C-303,Cancelado,Tarjeta
12042,Sofía vega,S.vega@email.com,Redes ii,Lic. martínez,Martinez@uni.com,Telecom,B-202,Pendiente,Efectivo
12043,María lópez,M.lopez@email.com,Matemáticas iii,Dr. gómez,Gomez@uni.com,Ciencias,D-404,Cancelado,Transferencia
12044,Sofía vega,S.vega@email.com,Redes ii,Lic. martínez,Martinez@uni.com,Telecom,B-202,Pendiente,Efectivo
12045,Luis gómez,Luis.g@email.com,Ia aplicada,Dra. chen,Drchen@uni.com,Sistemas,C-303,Pendiente,Transferencia
12046,Sofía vega,S.vega@email.com,Base de datos i,Ing. garcía,Garcia@uni.com,Sistemas,A-101,Cancelado,Transferencia
12047,Diego luna,Dluna@email.com,Base de datos i,Ing. garcía,Garcia@uni.com,Sistemas,A-101,Cancelado,Tarjeta
12048,Ana torres,Ana.t@email.com,Matemáticas iii,Dr. gómez,Gomez@uni.com,Ciencias,D-404,Pendiente,Transferencia
12049,Laura paz,L.paz@email.com,Ia aplicada,Dra. chen,Drchen@uni.com,Sistemas,C-303,Cancelado,Efectivo
12050,Elena díaz,E.diaz@email.com,Matemáticas iii,Dr. gómez,Gomez@uni.com,Ciencias,D-404,Cancelado,Efectivo
12051,Elena díaz,E.diaz@email.com,Base de datos i,Ing. garcía,Garcia@uni.com,Sistemas,A-101,Pagado,Tarjeta
12052,María lópez,M.lopez@email.com,Base de datos i,Ing. garcía,Garcia@uni.com,Sistemas,A-101,Cancelado,Transferencia
12053,Elena díaz,E.diaz@email.com,Redes ii,Lic. martínez,Martinez@uni.com,Telecom,B-202,Cancelado,Tarjeta
12054,Elena díaz,E.diaz@email.com,Matemáticas iii,Dr. gómez,Gomez@uni.com,Ciencias,D-404,Pendiente,Efectivo
12055,María lópez,M.lopez@email.com,Matemáticas iii,Dr. gómez,Gomez@uni.com,Ciencias,D-404,Cancelado,Transferencia
12056,Diego luna,Dluna@email.com,Redes ii,Lic. martínez,Martinez@uni.com,Telecom,B-202,Pagado,Efectivo
12057,Sofía vega,S.vega@email.com,Matemáticas iii,Dr. gómez,Gomez@uni.com,Ciencias,D-404,Pagado,Efectivo
12058,Diego luna,Dluna@email.com,Redes ii,Lic. martínez,Martinez@uni.com,Telecom,B-202,Pendiente,Efectivo
12059,Pedro soto,Psoto@email.com,Matemáticas iii,Dr. gómez,Gomez@uni.com,Ciencias,D-404,Pagado,Efectivo
12060,María lópez,M.lopez@email.com,Matemáticas iii,Dr. gómez,Gomez@uni.com,Ciencias,D-404,Cancelado,Transferencia
12061,Laura paz,L.paz@email.com,Ia aplicada,Dra. chen,Drchen@uni.com,Sistemas,C-303,Cancelado,Efectivo
12062,Diego luna,Dluna@email.com,Base de datos i,Ing. garcía,Garcia@uni.com,Sistemas,A-101,Pendiente,Transferencia
12063,Laura paz,L.paz@email.com,Base de datos i,Ing. garcía,Garcia@uni.com,Sistemas,A-101,Pendiente,Transferencia
12064,Sofía vega,S.vega@email.com,Ia aplicada,Dra. chen,Drchen@uni.com,Sistemas,C-303,Pagado,Transferencia
12065,Laura paz,L.paz@email.com,Base de datos i,Ing. garcía,Garcia@uni.com,Sistemas,A-101,Pagado,Transferencia
12066,Elena díaz,E.diaz@email.com,Ia aplicada,Dra. chen,Drchen@uni.com,Sistemas,C-303,Pendiente,Transferencia
12067,Pedro soto,Psoto@email.com,Redes ii,Lic. martínez,Martinez@uni.com,Telecom,B-202,Pendiente,Transferencia
12068,Luis gómez,Luis.g@email.com,Matemáticas iii,Dr. gómez,Gomez@uni.com,Ciencias,D-404,Pendiente,Tarjeta
12069,Ana torres,Ana.t@email.com,Matemáticas iii,Dr. gómez,Gomez@uni.com,Ciencias,D-404,Cancelado,Tarjeta
12070,Luis gómez,Luis.g@email.com,Matemáticas iii,Dr. gómez,Gomez@uni.com,Ciencias,D-404,Cancelado,Tarjeta
12071,Sofía vega,S.vega@email.com,Ia aplicada,Dra. chen,Drchen@uni.com,Sistemas,C-303,Pagado,Transferencia
12072,Juan pérez,Juan.p@email.com,Matemáticas iii,Dr. gómez,Gomez@uni.com,Ciencias,D-404,Cancelado,Tarjeta
12073,Sofía vega,S.vega@email.com,Redes ii,Lic. martínez,Martinez@uni.com,Telecom,B-202,Cancelado,Transferencia
12074,María lópez,M.lopez@email.com,Matemáticas iii,Dr. gómez,Gomez@uni.com,Ciencias,D-404,Pendiente,Tarjeta
12075,María lópez,M.lopez@email.com,Base de datos i,Ing. garcía,Garcia@uni.com,Sistemas,A-101,Cancelado,Transferencia
12076,Sofía vega,S.vega@email.com,Matemáticas iii,Dr. gómez,Gomez@uni.com,Ciencias,D-404,Pagado,Efectivo
12077,Pedro soto,Psoto@email.com,Matemáticas iii,Dr. gómez,Gomez@uni.com,Ciencias,D-404,Cancelado,Transferencia
12078,Ana torres,Ana.t@email.com,Redes ii,Lic. martínez,Martinez@uni.com,Telecom,B-202,Cancelado,Tarjeta
12079,Elena díaz,E.diaz@email.com,Redes ii,Lic. martínez,Martinez@uni.com,Telecom,B-202,Pagado,Transferencia
12080,Juan pérez,Juan.p@email.com,Redes ii,Lic. martínez,Martinez@uni.com,Telecom,B-202,Cancelado,Transferencia
12081,Ana torres,Ana.t@email.com,Base de datos i,Ing. garcía,Garcia@uni.com,Sistemas,A-101,Pendiente,Efectivo
12082,Ana torres,Ana.t@email.com,Redes ii,Lic. martínez,Martinez@uni.com,Telecom,B-202,Pendiente,Tarjeta
12083,María lópez,M.lopez@email.com,Redes ii,Lic. martínez,Martinez@uni.com,Telecom,B-202,Cancelado,Tarjeta
12084,Luis gómez,Luis.g@email.com,Ia aplicada,Dra. chen,Drchen@uni.com,Sistemas,C-303,Pagado,Tarjeta
12085,Luis gómez,Luis.g@email.com,Redes ii,Lic. martínez,Martinez@uni.com,Telecom,B-202,Cancelado,Transferencia
12086,Laura paz,L.paz@email.com,Matemáticas iii,Dr. gómez,Gomez@uni.com,Ciencias,D-404,Pagado,Efectivo
12087,Elena díaz,E.diaz@email.com,Redes ii,Lic. martínez,Martinez@uni.com,Telecom,B-202,Cancelado,Transferencia
12088,María lópez,M.lopez@email.com,Matemáticas iii,Dr. gómez,Gomez@uni.com,Ciencias,D-404,Cancelado,Tarjeta
12089,Carlos ruiz,Cruiz@email.com,Matemáticas iii,Dr. gómez,Gomez@uni.com,Ciencias,D-404,Pendiente,Transferencia
12090,María lópez,M.lopez@email.com,Base de datos i,Ing. garcía,Garcia@uni.com,Sistemas,A-101,Cancelado,Transferencia
12091,Pedro soto,Psoto@email.com,Ia aplicada,Dra. chen,Drchen@uni.com,Sistemas,C-303,Cancelado,Tarjeta
12092,Pedro soto,Psoto@email.com,Redes ii,Lic. martínez,Martinez@uni.com,Telecom,B-202,Pagado,Efectivo
12093,Diego luna,Dluna@email.com,Ia aplicada,Dra. chen,Drchen@uni.com,Sistemas,C-303,Pendiente,Transferencia
12094,Sofía vega,S.vega@email.com,Matemáticas iii,Dr. gómez,Gomez@uni.com,Ciencias,D-404,Pendiente,Efectivo
12095,Ana torres,Ana.t@email.com,Base de datos i,Ing. garcía,Garcia@uni.com,Sistemas,A-101,Pendiente,Tarjeta
12096,Diego luna,Dluna@email.com,Base de datos i,Ing. garcía,Garcia@uni.com,Sistemas,A-101,Pagado,Transferencia
12097,Pedro soto,Psoto@email.com,Ia aplicada,Dra. chen,Drchen@uni.com,Sistemas,C-303,Pendiente,Efectivo
12098,Luis gómez,Luis.g@email.com,Ia aplicada,Dra. chen,Drchen@uni.com,Sistemas,C-303,Cancelado,Efectivo
12099,María lópez,M.lopez@email.com,Ia aplicada,Dra. chen,Drchen@uni.com,Sistemas,C-303,Cancelado,Transferencia
12100,María lópez,M.lopez@email.com,Ia aplicada,Dra. chen,Drchen@uni.com,Sistemas,C-303,Pagado,Transferencia
12101,Ana torres,Ana.t@email.com,Base de datos i,Ing. garcía,Garcia@uni.com,Sistemas,A-101,Cancelado,Tarjeta
12102,Luis gómez,Luis.g@email.com,Redes ii,Lic. martínez,Martinez@uni.com,Telecom,B-202,Pendiente,Efectivo
12103,Sofía vega,S.vega@email.com,Base de datos i,Ing. garcía,Garcia@uni.com,Sistemas,A-101,Cancelado,Efectivo
12104,Luis gómez,Luis.g@email.com,Ia aplicada,Dra. chen,Drchen@uni.com,Sistemas,C-303,Cancelado,Efectivo
12105,María lópez,M.lopez@email.com,Base de datos i,Ing. garcía,Garcia@uni.com,Sistemas,A-101,Cancelado,Efectivo
12106,Carlos ruiz,Cruiz@email.com,Ia aplicada,Dra. chen,Drchen@uni.com,Sistemas,C-303,Pendiente,Tarjeta
12107,Elena díaz,E.diaz@email.com,Base de datos i,Ing. garcía,Garcia@uni.com,Sistemas,A-101,Pendiente,Efectivo
12108,Sofía vega,S.vega@email.com,Base de datos i,Ing. garcía,Garcia@uni.com,Sistemas,A-101,Pendiente,Tarjeta
12109,Elena díaz,E.diaz@email.com,Matemáticas iii,Dr. gómez,Gomez@uni.com,Ciencias,D-404,Pendiente,Tarjeta
12110,Ana torres,Ana.t@email.com,Redes ii,Lic. martínez,Martinez@uni.com,Telecom,B-202,Pagado,Transferencia
12111,Carlos ruiz,Cruiz@email.com,Matemáticas iii,Dr. gómez,Gomez@uni.com,Ciencias,D-404,Pendiente,Tarjeta
12112,María lópez,M.lopez@email.com,Base de datos i,Ing. garcía,Garcia@uni.com,Sistemas,A-101,Pendiente,Transferencia
12113,Carlos ruiz,Cruiz@email.com,Redes ii,Lic. martínez,Martinez@uni.com,Telecom,B-202,Cancelado,Tarjeta
12114,María lópez,M.lopez@email.com,Matemáticas iii,Dr. gómez,Gomez@uni.com,Ciencias,D-404,Cancelado,Efectivo
12115,Juan pérez,Juan.p@email.com,Base de datos i,Ing. garcía,Garcia@uni.com,Sistemas,A-101,Pendiente,Tarjeta
12116,Pedro soto,Psoto@email.com,Redes ii,Lic. martínez,Martinez@uni.com,Telecom,B-202,Cancelado,Tarjeta
12117,Elena díaz,E.diaz@email.com,Matemáticas iii,Dr. gómez,Gomez@uni.com,Ciencias,D-404,Pagado,Tarjeta
12118,Luis gómez,Luis.g@email.com,Matemáticas iii,Dr. gómez,Gomez@uni.com,Ciencias,D-404,Cancelado,Transferencia
12119,Elena díaz,E.diaz@email.com,Matemáticas iii,Dr. gómez,Gomez@uni.com,Ciencias,D-404,Cancelado,Efectivo
12120,Juan pérez,Juan.p@email.com,Base de datos i,Ing. garcía,Garcia@uni.com,Sistemas,A-101,Pagado,Transferencia
12121,Luis gómez,Luis.g@email.com,Redes ii,Lic. martínez,Martinez@uni.com,Telecom,B-202,Pagado,Efectivo
12122,María lópez,M.lopez@email.com,Ia aplicada,Dra. chen,Drchen@uni.com,Sistemas,C-303,Pagado,Transferencia
12123,María lópez,M.lopez@email.com,Matemáticas iii,Dr. gómez,Gomez@uni.com,Ciencias,D-404,Cancelado,Transferencia
12124,Pedro soto,Psoto@email.com,Redes ii,Lic. martínez,Martinez@uni.com,Telecom,B-202,Pendiente,Tarjeta
12125,Ana torres,Ana.t@email.com,Redes ii,Lic. martínez,Martinez@uni.com,Telecom,B-202,Pagado,Tarjeta
12126,Juan pérez,Juan.p@email.com,Matemáticas iii,Dr. gómez,Gomez@uni.com,Ciencias,D-404,Pagado,Transferencia
12127,Ana torres,Ana.t@email.com,Matemáticas iii,Dr. gómez,Gomez@uni.com,Ciencias,D-404,Cancelado,Efectivo
12128,Luis gómez,Luis.g@email.com,Base de datos i,Ing. garcía,Garcia@uni.com,Sistemas,A-101,Cancelado,Tarjeta
12129,Diego luna,Dluna@email.com,Ia aplicada,Dra. chen,Drchen@uni.com,Sistemas,C-303,Cancelado,Transferencia
12130,Laura paz,L.paz@email.com,Ia aplicada,Dra. chen,Drchen@uni.com,Sistemas,C-303,Pagado,Tarjeta
12131,Luis gómez,Luis.g@email.com,Base de datos i,Ing. garcía,Garcia@uni.com,Sistemas,A-101,Cancelado,Tarjeta
12132,Diego luna,Dluna@email.com,Redes ii,Lic. martínez,Martinez@uni.com,Telecom,B-202,Pagado,Efectivo
12133,Luis gómez,Luis.g@email.com,Ia aplicada,Dra. chen,Drchen@uni.com,Sistemas,C-303,Cancelado,Efectivo
12134,Elena díaz,E.diaz@email.com,Base de datos i,Ing. garcía,Garcia@uni.com,Sistemas,A-101,Pendiente,Transferencia
12135,Juan pérez,Juan.p@email.com,Redes ii,Lic. martínez,Martinez@uni.com,Telecom,B-202,Cancelado,Tarjeta
12136,Laura paz,L.paz@email.com,Redes ii,Lic. martínez,Martinez@uni.com,Telecom,B-202,Pendiente,Efectivo
12137,Pedro soto,Psoto@email.com,Base de datos i,Ing. garcía,Garcia@uni.com,Sistemas,A-101,Cancelado,Transferencia
12138,Sofía vega,S.vega@email.com,Redes ii,Lic. martínez,Martinez@uni.com,Telecom,B-202,Pagado,Transferencia
12139,Juan pérez,Juan.p@email.com,Base de datos i,Ing. garcía,Garcia@uni.com,Sistemas,A-101,Cancelado,Efectivo
12140,Juan pérez,Juan.p@email.com,Redes ii,Lic. martínez,Martinez@uni.com,Telecom,B-202,Pagado,Tarjeta
12141,Pedro soto,Psoto@email.com,Base de datos i,Ing. garcía,Garcia@uni.com,Sistemas,A-101,Cancelado,Transferencia
12142,Carlos ruiz,Cruiz@email.com,Ia aplicada,Dra. chen,Drchen@uni.com,Sistemas,C-303,Cancelado,Efectivo
12143,Ana torres,Ana.t@email.com,Base de datos i,Ing. garcía,Garcia@uni.com,Sistemas,A-101,Pendiente,Efectivo
12144,María lópez,M.lopez@email.com,Ia aplicada,Dra. chen,Drchen@uni.com,Sistemas,C-303,Cancelado,Efectivo
12145,María lópez,M.lopez@email.com,Ia aplicada,Dra. chen,Drchen@uni.com,Sistemas,C-303,Pagado,Efectivo
12146,Ana torres,Ana.t@email.com,Base de datos i,Ing. garcía,Garcia@uni.com,Sistemas,A-101,Pagado,Transferencia
12147,Juan pérez,Juan.p@email.com,Ia aplicada,Dra. chen,Drchen@uni.com,Sistemas,C-303,Pendiente,Tarjeta
12148,María lópez,M.lopez@email.com,Matemáticas iii,Dr. gómez,Gomez@uni.com,Ciencias,D-404,Cancelado,Efectivo
12149,Elena díaz,E.diaz@email.com,Matemáticas iii,Dr. gómez,Gomez@uni.com,Ciencias,D-404,Pagado,Transferencia
12150,Pedro soto,Psoto@email.com,Base de datos i,Ing. garcía,Garcia@uni.com,Sistemas,A-101,Cancelado,Transferencia
12151,Luis gómez,Luis.g@email.com,Ia aplicada,Dra. chen,Drchen@uni.com,Sistemas,C-303,Pendiente,Transferencia
12152,Juan pérez,Juan.p@email.com,Redes ii,Lic. martínez,Martinez@uni.com,Telecom,B-202,Pagado,Transferencia
12153,Luis gómez,Luis.g@email.com,Base de datos i,Ing. garcía,Garcia@uni.com,Sistemas,A-101,Pendiente,Efectivo
12154,Carlos ruiz,Cruiz@email.com,Base de datos i,Ing. garcía,Garcia@uni.com,Sistemas,A-101,Pagado,Efectivo
12155,Laura paz,L.paz@email.com,Redes ii,Lic. martínez,Martinez@uni.com,Telecom,B-202,Pendiente,Efectivo
12156,Carlos ruiz,Cruiz@email.com,Ia aplicada,Dra. chen,Drchen@uni.com,Sistemas,C-303,Pendiente,Tarjeta
12157,María lópez,M.lopez@email.com,Matemáticas iii,Dr. gómez,Gomez@uni.com,Ciencias,D-404,Pagado,Tarjeta
12158,María lópez,M.lopez@email.com,Matemáticas iii,Dr. gómez,Gomez@uni.com,Ciencias,D-404,Pendiente,Tarjeta
12159,Carlos ruiz,Cruiz@email.com,Base de datos i,Ing. garcía,Garcia@uni.com,Sistemas,A-101,Pagado,Efectivo
12160,Luis gómez,Luis.g@email.com,Redes ii,Lic. martínez,Martinez@uni.com,Telecom,B-202,Pendiente,Transferencia
12161,Luis gómez,Luis.g@email.com,Matemáticas iii,Dr. gómez,Gomez@uni.com,Ciencias,D-404,Pagado,Tarjeta
12162,Juan pérez,Juan.p@email.com,Base de datos i,Ing. garcía,Garcia@uni.com,Sistemas,A-101,Cancelado,Efectivo
12163,Juan pérez,Juan.p@email.com,Ia aplicada,Dra. chen,Drchen@uni.com,Sistemas,C-303,Pendiente,Tarjeta
12164,Juan pérez,Juan.p@email.com,Ia aplicada,Dra. chen,Drchen@uni.com,Sistemas,C-303,Pendiente,Tarjeta
12165,Elena díaz,E.diaz@email.com,Base de datos i,Ing. garcía,Garcia@uni.com,Sistemas,A-101,Pagado,Efectivo
12166,Pedro soto,Psoto@email.com,Base de datos i,Ing. garcía,Garcia@uni.com,Sistemas,A-101,Pagado,Efectivo
12167,Sofía vega,S.vega@email.com,Ia aplicada,Dra. chen,Drchen@uni.com,Sistemas,C-303,Cancelado,Efectivo
12168,Pedro soto,Psoto@email.com,Redes ii,Lic. martínez,Martinez@uni.com,Telecom,B-202,Cancelado,Efectivo
12169,Luis gómez,Luis.g@email.com,Base de datos i,Ing. garcía,Garcia@uni.com,Sistemas,A-101,Pendiente,Efectivo
12170,Sofía vega,S.vega@email.com,Redes ii,Lic. martínez,Martinez@uni.com,Telecom,B-202,Pendiente,Transferencia
12171,Luis gómez,Luis.g@email.com,Ia aplicada,Dra. chen,Drchen@uni.com,Sistemas,C-303,Pagado,Efectivo
12172,Laura paz,L.paz@email.com,Base de datos i,Ing. garcía,Garcia@uni.com,Sistemas,A-101,Pagado,Efectivo
12173,Pedro soto,Psoto@email.com,Matemáticas iii,Dr. gómez,Gomez@uni.com,Ciencias,D-404,Pagado,Transferencia
12174,Ana torres,Ana.t@email.com,Ia aplicada,Dra. chen,Drchen@uni.com,Sistemas,C-303,Pagado,Transferencia
12175,Sofía vega,S.vega@email.com,Ia aplicada,Dra. chen,Drchen@uni.com,Sistemas,C-303,Pendiente,Efectivo
12176,Elena díaz,E.diaz@email.com,Ia aplicada,Dra. chen,Drchen@uni.com,Sistemas,C-303,Pendiente,Transferencia
12177,Juan pérez,Juan.p@email.com,Base de datos i,Ing. garcía,Garcia@uni.com,Sistemas,A-101,Pagado,Transferencia
12178,Juan pérez,Juan.p@email.com,Ia aplicada,Dra. chen,Drchen@uni.com,Sistemas,C-303,Pagado,Tarjeta
12179,Diego luna,Dluna@email.com,Ia aplicada,Dra. chen,Drchen@uni.com,Sistemas,C-303,Cancelado,Efectivo
12180,María lópez,M.lopez@email.com,Matemáticas iii,Dr. gómez,Gomez@uni.com,Ciencias,D-404,Pagado,Efectivo
12181,Elena díaz,E.diaz@email.com,Matemáticas iii,Dr. gómez,Gomez@uni.com,Ciencias,D-404,Pendiente,Efectivo
12182,Ana torres,Ana.t@email.com,Base de datos i,Ing. garcía,Garcia@uni.com,Sistemas,A-101,Pendiente,Tarjeta
12183,Juan pérez,Juan.p@email.com,Ia aplicada,Dra. chen,Drchen@uni.com,Sistemas,C-303,Cancelado,Efectivo
12184,Ana torres,Ana.t@email.com,Base de datos i,Ing. garcía,Garcia@uni.com,Sistemas,A-101,Pendiente,Efectivo
12185,Luis gómez,Luis.g@email.com,Base de datos i,Ing. garcía,Garcia@uni.com,Sistemas,A-101,Cancelado,Transferencia
12186,Carlos ruiz,Cruiz@email.com,Ia aplicada,Dra. chen,Drchen@uni.com,Sistemas,C-303,Pendiente,Transferencia
12187,Sofía vega,S.vega@email.com,Base de datos i,Ing. garcía,Garcia@uni.com,Sistemas,A-101,Pendiente,Tarjeta
12188,Ana torres,Ana.t@email.com,Redes ii,Lic. martínez,Martinez@uni.com,Telecom,B-202,Pagado,Efectivo
12189,María lópez,M.lopez@email.com,Matemáticas iii,Dr. gómez,Gomez@uni.com,Ciencias,D-404,Pendiente,Transferencia
12190,Diego luna,Dluna@email.com,Matemáticas iii,Dr. gómez,Gomez@uni.com,Ciencias,D-404,Pagado,Efectivo
12191,Sofía vega,S.vega@email.com,Redes ii,Lic. martínez,Martinez@uni.com,Telecom,B-202,Cancelado,Efectivo
12192,Laura paz,L.paz@email.com,Redes ii,Lic. martínez,Martinez@uni.com,Telecom,B-202,Cancelado,Tarjeta
12193,Pedro soto,Psoto@email.com,Matemáticas iii,Dr. gómez,Gomez@uni.com,Ciencias,D-404,Pendiente,Transferencia
12194,Sofía vega,S.vega@email.com,Matemáticas iii,Dr. gómez,Gomez@uni.com,Ciencias,D-404,Pagado,Tarjeta
12195,Ana torres,Ana.t@email.com,Redes ii,Lic. martínez,Martinez@uni.com,Telecom,B-202,Pagado,Efectivo
12196,Diego luna,Dluna@email.com,Redes ii,Lic. martínez,Martinez@uni.com,Telecom,B-202,Pendiente,Transferencia
12197,Pedro soto,Psoto@email.com,Base de datos i,Ing. garcía,Garcia@uni.com,Sistemas,A-101,Pagado,Tarjeta
12198,Laura paz,L.paz@email.com,Redes ii,Lic. martínez,Martinez@uni.com,Telecom,B-202,Cancelado,Efectivo
12199,Carlos ruiz,Cruiz@email.com,Matemáticas iii,Dr. gómez,Gomez@uni.com,Ciencias,D-404,Cancelado,Efectivo
12200,María lópez,M.lopez@email.com,Matemáticas iii,Dr. gómez,Gomez@uni.com,Ciencias,D-404,Pagado,Tarjeta
12201,Ana torres,Ana.t@email.com,Base de datos i,Ing. garcía,Garcia@uni.com,Sistemas,A-101,Cancelado,Transferencia
12202,Elena díaz,E.diaz@email.com,Redes ii,Lic. martínez,Martinez@uni.com,Telecom,B-202,Pendiente,Efectivo
12203,Ana torres,Ana.t@email.com,Matemáticas iii,Dr. gómez,Gomez@uni.com,Ciencias,D-404,Pendiente,Transferencia
12204,Sofía vega,S.vega@email.com,Redes ii,Lic. martínez,Martinez@uni.com,Telecom,B-202,Pagado,Efectivo
12205,Juan pérez,Juan.p@email.com,Base de datos i,Ing. garcía,Garcia@uni.com,Sistemas,A-101,Pagado,Efectivo
12206,Carlos ruiz,Cruiz@email.com,Ia aplicada,Dra. chen,Drchen@uni.com,Sistemas,C-303,Cancelado,Transferencia
12207,Elena díaz,E.diaz@email.com,Base de datos i,Ing. garcía,Garcia@uni.com,Sistemas,A-101,Pendiente,Transferencia
12208,Laura paz,L.paz@email.com,Redes ii,Lic. martínez,Martinez@uni.com,Telecom,B-202,Cancelado,Efectivo
12209,Sofía vega,S.vega@email.com,Base de datos i,Ing. garcía,Garcia@uni.com,Sistemas,A-101,Cancelado,Transferencia
12210,Laura paz,L.paz@email.com,Matemáticas iii,Dr. gómez,Gomez@uni.com,Ciencias,D-404,Pendiente,Tarjeta
12211,Elena díaz,E.diaz@email.com,Redes ii,Lic. martínez,Martinez@uni.com,Telecom,B-202,Pagado,Tarjeta
12212,Sofía vega,S.vega@email.com,Redes ii,Lic. martínez,Martinez@uni.com,Telecom,B-202,Pendiente,Tarjeta
12213,Carlos ruiz,Cruiz@email.com,Matemáticas iii,Dr. gómez,Gomez@uni.com,Ciencias,D-404,Pagado,Tarjeta
12214,Carlos ruiz,Cruiz@email.com,Matemáticas iii,Dr. gómez,Gomez@uni.com,Ciencias,D-404,Cancelado,Tarjeta
12215,Juan pérez,Juan.p@email.com,Base de datos i,Ing. garcía,Garcia@uni.com,Sistemas,A-101,Cancelado,Transferencia
12216,Pedro soto,Psoto@email.com,Redes ii,Lic. martínez,Martinez@uni.com,Telecom,B-202,Cancelado,Efectivo
12217,Carlos ruiz,Cruiz@email.com,Redes ii,Lic. martínez,Martinez@uni.com,Telecom,B-202,Cancelado,Transferencia
12218,Ana torres,Ana.t@email.com,Redes ii,Lic. martínez,Martinez@uni.com,Telecom,B-202,Cancelado,Efectivo
12219,Juan pérez,Juan.p@email.com,Matemáticas iii,Dr. gómez,Gomez@uni.com,Ciencias,D-404,Pendiente,Transferencia
12220,Carlos ruiz,Cruiz@email.com,Base de datos i,Ing. garcía,Garcia@uni.com,Sistemas,A-101,Cancelado,Tarjeta
12221,Elena díaz,E.diaz@email.com,Base de datos i,Ing. garcía,Garcia@uni.com,Sistemas,A-101,Cancelado,Tarjeta
12222,Sofía vega,S.vega@email.com,Ia aplicada,Dra. chen,Drchen@uni.com,Sistemas,C-303,Pagado,Efectivo
12223,Sofía vega,S.vega@email.com,Ia aplicada,Dra. chen,Drchen@uni.com,Sistemas,C-303,Cancelado,Transferencia
12224,Elena díaz,E.diaz@email.com,Matemáticas iii,Dr. gómez,Gomez@uni.com,Ciencias,D-404,Cancelado,Efectivo
12225,Laura paz,L.paz@email.com,Base de datos i,Ing. garcía,Garcia@uni.com,Sistemas,A-101,Cancelado,Transferencia
12226,Juan pérez,Juan.p@email.com,Ia aplicada,Dra. chen,Drchen@uni.com,Sistemas,C-303,Cancelado,Transferencia
12227,Carlos ruiz,Cruiz@email.com,Ia aplicada,Dra. chen,Drchen@uni.com,Sistemas,C-303,Cancelado,Tarjeta
12228,Ana torres,Ana.t@email.com,Matemáticas iii,Dr. gómez,Gomez@uni.com,Ciencias,D-404,Pendiente,Transferencia
12229,María lópez,M.lopez@email.com,Ia aplicada,Dra. chen,Drchen@uni.com,Sistemas,C-303,Cancelado,Efectivo
12230,Sofía vega,S.vega@email.com,Base de datos i,Ing. garcía,Garcia@uni.com,Sistemas,A-101,Cancelado,Transferencia
12231,Carlos ruiz,Cruiz@email.com,Ia aplicada,Dra. chen,Drchen@uni.com,Sistemas,C-303,Pagado,Tarjeta
12232,Ana torres,Ana.t@email.com,Ia aplicada,Dra. chen,Drchen@uni.com,Sistemas,C-303,Cancelado,Efectivo
12233,Laura paz,L.paz@email.com,Redes ii,Lic. martínez,Martinez@uni.com,Telecom,B-202,Pendiente,Efectivo
12234,Sofía vega,S.vega@email.com,Redes ii,Lic. martínez,Martinez@uni.com,Telecom,B-202,Cancelado,Tarjeta
12235,Luis gómez,Luis.g@email.com,Base de datos i,Ing. garcía,Garcia@uni.com,Sistemas,A-101,Cancelado,Efectivo
12236,Pedro soto,Psoto@email.com,Ia aplicada,Dra. chen,Drchen@uni.com,Sistemas,C-303,Pendiente,Tarjeta
12237,Luis gómez,Luis.g@email.com,Base de datos i,Ing. garcía,Garcia@uni.com,Sistemas,A-101,Pagado,Tarjeta
12238,Diego luna,Dluna@email.com,Base de datos i,Ing. garcía,Garcia@uni.com,Sistemas,A-101,Pagado,Efectivo
12239,Sofía vega,S.vega@email.com,Matemáticas iii,Dr. gómez,Gomez@uni.com,Ciencias,D-404,Pagado,Efectivo
12240,Laura paz,L.paz@email.com,Redes ii,Lic. martínez,Martinez@uni.com,Telecom,B-202,Pagado,Transferencia
12241,Luis gómez,Luis.g@email.com,Ia aplicada,Dra. chen,Drchen@uni.com,Sistemas,C-303,Cancelado,Tarjeta
12242,Carlos ruiz,Cruiz@email.com,Ia aplicada,Dra. chen,Drchen@uni.com,Sistemas,C-303,Pendiente,Tarjeta
12243,Juan pérez,Juan.p@email.com,Ia aplicada,Dra. chen,Drchen@uni.com,Sistemas,C-303,Pagado,Transferencia
12244,Juan pérez,Juan.p@email.com,Base de datos i,Ing. garcía,Garcia@uni.com,Sistemas,A-101,Pendiente,Transferencia
12245,Sofía vega,S.vega@email.com,Base de datos i,Ing. garcía,Garcia@uni.com,Sistemas,A-101,Pagado,Efectivo
12246,Juan pérez,Juan.p@email.com,Matemáticas iii,Dr. gómez,Gomez@uni.com,Ciencias,D-404,Pendiente,Efectivo
12247,Carlos ruiz,Cruiz@email.com,Ia aplicada,Dra. chen,Drchen@uni.com,Sistemas,C-303,Pagado,Tarjeta
12248,María lópez,M.lopez@email.com,Base de datos i,Ing. garcía,Garcia@uni.com,Sistemas,A-101,Cancelado,Transferencia
12249,Laura paz,L.paz@email.com,Matemáticas iii,Dr. gómez,Gomez@uni.com,Ciencias,D-404,Pendiente,Transferencia
12250,Luis gómez,Luis.g@email.com,Base de datos i,Ing. garcía,Garcia@uni.com,Sistemas,A-101,Cancelado,Tarjeta
12251,Laura paz,L.paz@email.com,Base de datos i,Ing. garcía,Garcia@uni.com,Sistemas,A-101,Cancelado,Transferencia
12252,Luis gómez,Luis.g@email.com,Base de datos i,Ing. garcía,Garcia@uni.com,Sistemas,A-101,Pendiente,Efectivo
12253,Juan pérez,Juan.p@email.com,Base de datos i,Ing. garcía,Garcia@uni.com,Sistemas,A-101,Pagado,Tarjeta
12254,Ana torres,Ana.t@email.com,Base de datos i,Ing. garcía,Garcia@uni.com,Sistemas,A-101,Pendiente,Efectivo
12255,María lópez,M.lopez@email.com,Matemáticas iii,Dr. gómez,Gomez@uni.com,Ciencias,D-404,Cancelado,Tarjeta
12256,Sofía vega,S.vega@email.com,Matemáticas iii,Dr. gómez,Gomez@uni.com,Ciencias,D-404,Pagado,Tarjeta
12257,Elena díaz,E.diaz@email.com,Redes ii,Lic. martínez,Martinez@uni.com,Telecom,B-202,Pendiente,Tarjeta
12258,Ana torres,Ana.t@email.com,Ia aplicada,Dra. chen,Drchen@uni.com,Sistemas,C-303,Pendiente,Transferencia
12259,Laura paz,L.paz@email.com,Redes ii,Lic. martínez,Martinez@uni.com,Telecom,B-202,Pagado,Transferencia
12260,Luis gómez,Luis.g@email.com,Redes ii,Lic. martínez,Martinez@uni.com,Telecom,B-202,Pendiente,Transferencia
12261,Juan pérez,Juan.p@email.com,Base de datos i,Ing. garcía,Garcia@uni.com,Sistemas,A-101,Pagado,Tarjeta
12262,Ana torres,Ana.t@email.com,Matemáticas iii,Dr. gómez,Gomez@uni.com,Ciencias,D-404,Pendiente,Efectivo
12263,Sofía vega,S.vega@email.com,Matemáticas iii,Dr. gómez,Gomez@uni.com,Ciencias,D-404,Pagado,Tarjeta
12264,Pedro soto,Psoto@email.com,Redes ii,Lic. martínez,Martinez@uni.com,Telecom,B-202,Pagado,Transferencia
12265,Diego luna,Dluna@email.com,Matemáticas iii,Dr. gómez,Gomez@uni.com,Ciencias,D-404,Pendiente,Transferencia
12266,Sofía vega,S.vega@email.com,Matemáticas iii,Dr. gómez,Gomez@uni.com,Ciencias,D-404,Pendiente,Tarjeta
12267,Carlos ruiz,Cruiz@email.com,Ia aplicada,Dra. chen,Drchen@uni.com,Sistemas,C-303,Pendiente,Tarjeta
12268,Carlos ruiz,Cruiz@email.com,Base de datos i,Ing. garcía,Garcia@uni.com,Sistemas,A-101,Pagado,Tarjeta
12269,Laura paz,L.paz@email.com,Redes ii,Lic. martínez,Martinez@uni.com,Telecom,B-202,Pendiente,Tarjeta
12270,María lópez,M.lopez@email.com,Base de datos i,Ing. garcía,Garcia@uni.com,Sistemas,A-101,Pagado,Efectivo
12271,María lópez,M.lopez@email.com,Ia aplicada,Dra. chen,Drchen@uni.com,Sistemas,C-303,Pagado,Transferencia
12272,Laura paz,L.paz@email.com,Redes ii,Lic. martínez,Martinez@uni.com,Telecom,B-202,Cancelado,Transferencia
12273,Diego luna,Dluna@email.com,Matemáticas iii,Dr. gómez,Gomez@uni.com,Ciencias,D-404,Pendiente,Transferencia
12274,Pedro soto,Psoto@email.com,Matemáticas iii,Dr. gómez,Gomez@uni.com,Ciencias,D-404,Pendiente,Tarjeta
12275,Ana torres,Ana.t@email.com,Redes ii,Lic. martínez,Martinez@uni.com,Telecom,B-202,Cancelado,Efectivo
12276,Carlos ruiz,Cruiz@email.com,Redes ii,Lic. martínez,Martinez@uni.com,Telecom,B-202,Cancelado,Efectivo
12277,Carlos ruiz,Cruiz@email.com,Redes ii,Lic. martínez,Martinez@uni.com,Telecom,B-202,Pagado,Efectivo
12278,Diego luna,Dluna@email.com,Redes ii,Lic. martínez,Martinez@uni.com,Telecom,B-202,Pendiente,Efectivo
12279,Diego luna,Dluna@email.com,Ia aplicada,Dra. chen,Drchen@uni.com,Sistemas,C-303,Pendiente,Tarjeta
12280,Elena díaz,E.diaz@email.com,Redes ii,Lic. martínez,Martinez@uni.com,Telecom,B-202,Cancelado,Tarjeta
12281,Elena díaz,E.diaz@email.com,Redes ii,Lic. martínez,Martinez@uni.com,Telecom,B-202,Pendiente,Tarjeta
12282,Ana torres,Ana.t@email.com,Base de datos i,Ing. garcía,Garcia@uni.com,Sistemas,A-101,Pagado,Transferencia
12283,María lópez,M.lopez@email.com,Redes ii,Lic. martínez,Martinez@uni.com,Telecom,B-202,Cancelado,Transferencia
12284,Luis gómez,Luis.g@email.com,Redes ii,Lic. martínez,Martinez@uni.com,Telecom,B-202,Cancelado,Tarjeta
12285,Laura paz,L.paz@email.com,Ia aplicada,Dra. chen,Drchen@uni.com,Sistemas,C-303,Cancelado,Efectivo
12286,Laura paz,L.paz@email.com,Matemáticas iii,Dr. gómez,Gomez@uni.com,Ciencias,D-404,Pagado,Tarjeta
12287,Luis gómez,Luis.g@email.com,Redes ii,Lic. martínez,Martinez@uni.com,Telecom,B-202,Cancelado,Efectivo
12288,Sofía vega,S.vega@email.com,Base de datos i,Ing. garcía,Garcia@uni.com,Sistemas,A-101,Pagado,Transferencia
12289,Carlos ruiz,Cruiz@email.com,Ia aplicada,Dra. chen,Drchen@uni.com,Sistemas,C-303,Pendiente,Tarjeta
12290,Sofía vega,S.vega@email.com,Redes ii,Lic. martínez,Martinez@uni.com,Telecom,B-202,Pendiente,Efectivo
12291,María lópez,M.lopez@email.com,Base de datos i,Ing. garcía,Garcia@uni.com,Sistemas,A-101,Pendiente,Efectivo
12292,María lópez,M.lopez@email.com,Ia aplicada,Dra. chen,Drchen@uni.com,Sistemas,C-303,Pagado,Efectivo
12293,Carlos ruiz,Cruiz@email.com,Redes ii,Lic. martínez,Martinez@uni.com,Telecom,B-202,Pagado,Tarjeta
12294,Ana torres,Ana.t@email.com,Redes ii,Lic. martínez,Martinez@uni.com,Telecom,B-202,Cancelado,Transferencia
12295,Laura paz,L.paz@email.com,Redes ii,Lic. martínez,Martinez@uni.com,Telecom,B-202,Pagado,Efectivo
12296,Luis gómez,Luis.g@email.com,Matemáticas iii,Dr. gómez,Gomez@uni.com,Ciencias,D-404,Cancelado,Tarjeta
12297,Luis gómez,Luis.g@email.com,Matemáticas iii,Dr. gómez,Gomez@uni.com,Ciencias,D-404,Cancelado,Efectivo
12298,María lópez,M.lopez@email.com,Base de datos i,Ing. garcía,Garcia@uni.com,Sistemas,A-101,Pendiente,Tarjeta
12299,María lópez,M.lopez@email.com,Redes ii,Lic. martínez,Martinez@uni.com,Telecom,B-202,Pagado,Tarjeta
12300,Carlos ruiz,Cruiz@email.com,Redes ii,Lic. martínez,Martinez@uni.com,Telecom,B-202,Cancelado,Tarjeta
12301,Elena díaz,E.diaz@email.com,Base de datos i,Ing. garcía,Garcia@uni.com,Sistemas,A-101,Pendiente,Transferencia
12302,Juan pérez,Juan.p@email.com,Matemáticas iii,Dr. gómez,Gomez@uni.com,Ciencias,D-404,Pendiente,Transferencia
12303,Elena díaz,E.diaz@email.com,Ia aplicada,Dra. chen,Drchen@uni.com,Sistemas,C-303,Pagado,Efectivo
12304,María lópez,M.lopez@email.com,Redes ii,Lic. martínez,Martinez@uni.com,Telecom,B-202,Pagado,Efectivo
12305,Carlos ruiz,Cruiz@email.com,Matemáticas iii,Dr. gómez,Gomez@uni.com,Ciencias,D-404,Pendiente,Tarjeta
12306,Ana torres,Ana.t@email.com,Base de datos i,Ing. garcía,Garcia@uni.com,Sistemas,A-101,Pendiente,Efectivo
12307,Juan pérez,Juan.p@email.com,Matemáticas iii,Dr. gómez,Gomez@uni.com,Ciencias,D-404,Pendiente,Transferencia
12308,Juan pérez,Juan.p@email.com,Redes ii,Lic. martínez,Martinez@uni.com,Telecom,B-202,Pagado,Tarjeta
12309,Diego luna,Dluna@email.com,Base de datos i,Ing. garcía,Garcia@uni.com,Sistemas,A-101,Cancelado,Transferencia
12310,Luis gómez,Luis.g@email.com,Ia aplicada,Dra. chen,Drchen@uni.com,Sistemas,C-303,Pagado,Efectivo
12311,María lópez,M.lopez@email.com,Ia aplicada,Dra. chen,Drchen@uni.com,Sistemas,C-303,Pagado,Transferencia
12312,Ana torres,Ana.t@email.com,Base de datos i,Ing. garcía,Garcia@uni.com,Sistemas,A-101,Pendiente,Efectivo
12313,Pedro soto,Psoto@email.com,Redes ii,Lic. martínez,Martinez@uni.com,Telecom,B-202,Pagado,Efectivo
12314,Juan pérez,Juan.p@email.com,Base de datos i,Ing. garcía,Garcia@uni.com,Sistemas,A-101,Pendiente,Efectivo
12315,Sofía vega,S.vega@email.com,Matemáticas iii,Dr. gómez,Gomez@uni.com,Ciencias,D-404,Cancelado,Tarjeta
12316,Luis gómez,Luis.g@email.com,Matemáticas iii,Dr. gómez,Gomez@uni.com,Ciencias,D-404,Pagado,Transferencia
12317,Luis gómez,Luis.g@email.com,Base de datos i,Ing. garcía,Garcia@uni.com,Sistemas,A-101,Pagado,Transferencia
12318,Carlos ruiz,Cruiz@email.com,Base de datos i,Ing. garcía,Garcia@uni.com,Sistemas,A-101,Pendiente,Tarjeta
12319,Diego luna,Dluna@email.com,Matemáticas iii,Dr. gómez,Gomez@uni.com,Ciencias,D-404,Pagado,Transferencia
12320,Diego luna,Dluna@email.com,Matemáticas iii,Dr. gómez,Gomez@uni.com,Ciencias,D-404,Pagado,Efectivo
12321,Sofía vega,S.vega@email.com,Matemáticas iii,Dr. gómez,Gomez@uni.com,Ciencias,D-404,Pendiente,Transferencia
12322,Diego luna,Dluna@email.com,Base de datos i,Ing. garcía,Garcia@uni.com,Sistemas,A-101,Cancelado,Tarjeta
12323,Juan pérez,Juan.p@email.com,Base de datos i,Ing. garcía,Garcia@uni.com,Sistemas,A-101,Pendiente,Tarjeta
12324,Laura paz,L.paz@email.com,Ia aplicada,Dra. chen,Drchen@uni.com,Sistemas,C-303,Cancelado,Tarjeta
12325,Juan pérez,Juan.p@email.com,Ia aplicada,Dra. chen,Drchen@uni.com,Sistemas,C-303,Pagado,Tarjeta
12326,Pedro soto,Psoto@email.com,Redes ii,Lic. martínez,Martinez@uni.com,Telecom,B-202,Pagado,Efectivo
12327,Diego luna,Dluna@email.com,Ia aplicada,Dra. chen,Drchen@uni.com,Sistemas,C-303,Pendiente,Transferencia
12328,Laura paz,L.paz@email.com,Redes ii,Lic. martínez,Martinez@uni.com,Telecom,B-202,Pagado,Transferencia
12329,Luis gómez,Luis.g@email.com,Base de datos i,Ing. garcía,Garcia@uni.com,Sistemas,A-101,Cancelado,Transferencia
12330,Carlos ruiz,Cruiz@email.com,Redes ii,Lic. martínez,Martinez@uni.com,Telecom,B-202,Pagado,Transferencia
12331,Luis gómez,Luis.g@email.com,Redes ii,Lic. martínez,Martinez@uni.com,Telecom,B-202,Pagado,Efectivo
12332,Sofía vega,S.vega@email.com,Ia aplicada,Dra. chen,Drchen@uni.com,Sistemas,C-303,Cancelado,Transferencia
12333,Carlos ruiz,Cruiz@email.com,Ia aplicada,Dra. chen,Drchen@uni.com,Sistemas,C-303,Cancelado,Efectivo
12334,Carlos ruiz,Cruiz@email.com,Redes ii,Lic. martínez,Martinez@uni.com,Telecom,B-202,Pendiente,Tarjeta
12335,Laura paz,L.paz@email.com,Redes ii,Lic. martínez,Martinez@uni.com,Telecom,B-202,Pagado,Tarjeta
12336,Carlos ruiz,Cruiz@email.com,Ia aplicada,Dra. chen,Drchen@uni.com,Sistemas,C-303,Pendiente,Efectivo
12337,Luis gómez,Luis.g@email.com,Ia aplicada,Dra. chen,Drchen@uni.com,Sistemas,C-303,Pendiente,Efectivo
12338,María lópez,M.lopez@email.com,Base de datos i,Ing. garcía,Garcia@uni.com,Sistemas,A-101,Pagado,Tarjeta
12339,Juan pérez,Juan.p@email.com,Ia aplicada,Dra. chen,Drchen@uni.com,Sistemas,C-303,Pagado,Tarjeta
12340,Sofía vega,S.vega@email.com,Redes ii,Lic. martínez,Martinez@uni.com,Telecom,B-202,Pendiente,Transferencia
12341,Sofía vega,S.vega@email.com,Ia aplicada,Dra. chen,Drchen@uni.com,Sistemas,C-303,Cancelado,Tarjeta
12342,Elena díaz,E.diaz@email.com,Matemáticas iii,Dr. gómez,Gomez@uni.com,Ciencias,D-404,Pendiente,Transferencia
12343,Laura paz,L.paz@email.com,Base de datos i,Ing. garcía,Garcia@uni.com,Sistemas,A-101,Pendiente,Transferencia
12344,Elena díaz,E.diaz@email.com,Redes ii,Lic. martínez,Martinez@uni.com,Telecom,B-202,Pagado,Efectivo
12345,Sofía vega,S.vega@email.com,Base de datos i,Ing. garcía,Garcia@uni.com,Sistemas,A-101,Pendiente,Efectivo
12346,María lópez,M.lopez@email.com,Ia aplicada,Dra. chen,Drchen@uni.com,Sistemas,C-303,Pendiente,Transferencia
12347,Sofía vega,S.vega@email.com,Ia aplicada,Dra. chen,Drchen@uni.com,Sistemas,C-303,Cancelado,Transferencia
12348,Elena díaz,E.diaz@email.com,Matemáticas iii,Dr. gómez,Gomez@uni.com,Ciencias,D-404,Pagado,Transferencia
12349,Carlos ruiz,Cruiz@email.com,Base de datos i,Ing. garcía,Garcia@uni.com,Sistemas,A-101,Pagado,Transferencia
12350,Diego luna,Dluna@email.com,Matemáticas iii,Dr. gómez,Gomez@uni.com,Ciencias,D-404,Pagado,Transferencia
12351,Juan pérez,Juan.p@email.com,Base de datos i,Ing. garcía,Garcia@uni.com,Sistemas,A-101,Cancelado,Efectivo
12352,Juan pérez,Juan.p@email.com,Matemáticas iii,Dr. gómez,Gomez@uni.com,Ciencias,D-404,Pendiente,Efectivo
12353,Laura paz,L.paz@email.com,Base de datos i,Ing. garcía,Garcia@uni.com,Sistemas,A-101,Pendiente,Tarjeta
12354,Juan pérez,Juan.p@email.com,Base de datos i,Ing. garcía,Garcia@uni.com,Sistemas,A-101,Pagado,Tarjeta
12355,Laura paz,L.paz@email.com,Matemáticas iii,Dr. gómez,Gomez@uni.com,Ciencias,D-404,Pendiente,Transferencia
12356,Juan pérez,Juan.p@email.com,Matemáticas iii,Dr. gómez,Gomez@uni.com,Ciencias,D-404,Pagado,Transferencia
12357,Diego luna,Dluna@email.com,Base de datos i,Ing. garcía,Garcia@uni.com,Sistemas,A-101,Pagado,Tarjeta
12358,Luis gómez,Luis.g@email.com,Redes ii,Lic. martínez,Martinez@uni.com,Telecom,B-202,Pagado,Tarjeta
12359,Elena díaz,E.diaz@email.com,Base de datos i,Ing. garcía,Garcia@uni.com,Sistemas,A-101,Pagado,Efectivo
12360,Carlos ruiz,Cruiz@email.com,Base de datos i,Ing. garcía,Garcia@uni.com,Sistemas,A-101,Cancelado,Tarjeta
12361,Juan pérez,Juan.p@email.com,Redes ii,Lic. martínez,Martinez@uni.com,Telecom,B-202,Cancelado,Tarjeta
12362,Diego luna,Dluna@email.com,Ia aplicada,Dra. chen,Drchen@uni.com,Sistemas,C-303,Pagado,Efectivo
12363,Pedro soto,Psoto@email.com,Redes ii,Lic. martínez,Martinez@uni.com,Telecom,B-202,Cancelado,Transferencia
12364,Laura paz,L.paz@email.com,Redes ii,Lic. martínez,Martinez@uni.com,Telecom,B-202,Pendiente,Tarjeta
12365,Diego luna,Dluna@email.com,Redes ii,Lic. martínez,Martinez@uni.com,Telecom,B-202,Pendiente,Tarjeta
12366,Ana torres,Ana.t@email.com,Redes ii,Lic. martínez,Martinez@uni.com,Telecom,B-202,Pendiente,Tarjeta
12367,Carlos ruiz,Cruiz@email.com,Matemáticas iii,Dr. gómez,Gomez@uni.com,Ciencias,D-404,Pendiente,Efectivo
12368,Carlos ruiz,Cruiz@email.com,Ia aplicada,Dra. chen,Drchen@uni.com,Sistemas,C-303,Cancelado,Tarjeta
12369,Elena díaz,E.diaz@email.com,Base de datos i,Ing. garcía,Garcia@uni.com,Sistemas,A-101,Pendiente,Tarjeta
12370,Diego luna,Dluna@email.com,Base de datos i,Ing. garcía,Garcia@uni.com,Sistemas,A-101,Pagado,Efectivo
12371,Sofía vega,S.vega@email.com,Matemáticas iii,Dr. gómez,Gomez@uni.com,Ciencias,D-404,Cancelado,Transferencia
12372,Sofía vega,S.vega@email.com,Redes ii,Lic. martínez,Martinez@uni.com,Telecom,B-202,Pendiente,Transferencia
12373,Luis gómez,Luis.g@email.com,Base de datos i,Ing. garcía,Garcia@uni.com,Sistemas,A-101,Pagado,Transferencia
12374,Pedro soto,Psoto@email.com,Redes ii,Lic. martínez,Martinez@uni.com,Telecom,B-202,Pendiente,Efectivo
12375,Luis gómez,Luis.g@email.com,Base de datos i,Ing. garcía,Garcia@uni.com,Sistemas,A-101,Pagado,Tarjeta
12376,Carlos ruiz,Cruiz@email.com,Matemáticas iii,Dr. gómez,Gomez@uni.com,Ciencias,D-404,Pagado,Efectivo
12377,Ana torres,Ana.t@email.com,Ia aplicada,Dra. chen,Drchen@uni.com,Sistemas,C-303,Pendiente,Tarjeta
12378,Carlos ruiz,Cruiz@email.com,Base de datos i,Ing. garcía,Garcia@uni.com,Sistemas,A-101,Cancelado,Tarjeta
12379,Juan pérez,Juan.p@email.com,Base de datos i,Ing. garcía,Garcia@uni.com,Sistemas,A-101,Pagado,Efectivo
12380,Ana torres,Ana.t@email.com,Matemáticas iii,Dr. gómez,Gomez@uni.com,Ciencias,D-404,Cancelado,Transferencia
12381,Pedro soto,Psoto@email.com,Base de datos i,Ing. garcía,Garcia@uni.com,Sistemas,A-101,Cancelado,Tarjeta
12382,Ana torres,Ana.t@email.com,Ia aplicada,Dra. chen,Drchen@uni.com,Sistemas,C-303,Pagado,Transferencia
12383,Juan pérez,Juan.p@email.com,Base de datos i,Ing. garcía,Garcia@uni.com,Sistemas,A-101,Pendiente,Tarjeta
12384,Diego luna,Dluna@email.com,Matemáticas iii,Dr. gómez,Gomez@uni.com,Ciencias,D-404,Pagado,Tarjeta
12385,Elena díaz,E.diaz@email.com,Matemáticas iii,Dr. gómez,Gomez@uni.com,Ciencias,D-404,Cancelado,Tarjeta
12386,Laura paz,L.paz@email.com,Base de datos i,Ing. garcía,Garcia@uni.com,Sistemas,A-101,Pagado,Transferencia
12387,Carlos ruiz,Cruiz@email.com,Base de datos i,Ing. garcía,Garcia@uni.com,Sistemas,A-101,Pendiente,Efectivo
12388,Sofía vega,S.vega@email.com,Base de datos i,Ing. garcía,Garcia@uni.com,Sistemas,A-101,Cancelado,Tarjeta
12389,Pedro soto,Psoto@email.com,Ia aplicada,Dra. chen,Drchen@uni.com,Sistemas,C-303,Pendiente,Tarjeta
12390,Laura paz,L.paz@email.com,Matemáticas iii,Dr. gómez,Gomez@uni.com,Ciencias,D-404,Pagado,Efectivo
12391,Luis gómez,Luis.g@email.com,Matemáticas iii,Dr. gómez,Gomez@uni.com,Ciencias,D-404,Cancelado,Efectivo
12392,Diego luna,Dluna@email.com,Ia aplicada,Dra. chen,Drchen@uni.com,Sistemas,C-303,Pendiente,Tarjeta
12393,Laura paz,L.paz@email.com,Matemáticas iii,Dr. gómez,Gomez@uni.com,Ciencias,D-404,Pendiente,Tarjeta
12394,Luis gómez,Luis.g@email.com,Redes ii,Lic. martínez,Martinez@uni.com,Telecom,B-202,Cancelado,Tarjeta
12395,Juan pérez,Juan.p@email.com,Ia aplicada,Dra. chen,Drchen@uni.com,Sistemas,C-303,Pagado,Tarjeta
12396,Elena díaz,E.diaz@email.com,Base de datos i,Ing. garcía,Garcia@uni.com,Sistemas,A-101,Cancelado,Transferencia
12397,Carlos ruiz,Cruiz@email.com,Base de datos i,Ing. garcía,Garcia@uni.com,Sistemas,A-101,Cancelado,Tarjeta
12398,Ana torres,Ana.t@email.com,Ia aplicada,Dra. chen,Drchen@uni.com,Sistemas,C-303,Cancelado,Efectivo
12399,María lópez,M.lopez@email.com,Base de datos i,Ing. garcía,Garcia@uni.com,Sistemas,A-101,Pagado,Transferencia
12400,Pedro soto,Psoto@email.com,Matemáticas iii,Dr. gómez,Gomez@uni.com,Ciencias,D-404,Cancelado,Transferencia
12401,Sofía vega,S.vega@email.com,Redes ii,Lic. martínez,Martinez@uni.com,Telecom,B-202,Cancelado,Transferencia
12402,Ana torres,Ana.t@email.com,Redes ii,Lic. martínez,Martinez@uni.com,Telecom,B-202,Pendiente,Transferencia
12403,Laura paz,L.paz@email.com,Matemáticas iii,Dr. gómez,Gomez@uni.com,Ciencias,D-404,Cancelado,Tarjeta
12404,Laura paz,L.paz@email.com,Base de datos i,Ing. garcía,Garcia@uni.com,Sistemas,A-101,Pagado,Transferencia
12405,Carlos ruiz,Cruiz@email.com,Matemáticas iii,Dr. gómez,Gomez@uni.com,Ciencias,D-404,Cancelado,Transferencia
12406,Luis gómez,Luis.g@email.com,Redes ii,Lic. martínez,Martinez@uni.com,Telecom,B-202,Pendiente,Transferencia
12407,Juan pérez,Juan.p@email.com,Matemáticas iii,Dr. gómez,Gomez@uni.com,Ciencias,D-404,Pendiente,Tarjeta
12408,Elena díaz,E.diaz@email.com,Base de datos i,Ing. garcía,Garcia@uni.com,Sistemas,A-101,Pendiente,Transferencia
12409,Laura paz,L.paz@email.com,Ia aplicada,Dra. chen,Drchen@uni.com,Sistemas,C-303,Pagado,Efectivo
12410,Sofía vega,S.vega@email.com,Base de datos i,Ing. garcía,Garcia@uni.com,Sistemas,A-101,Pagado,Tarjeta
12411,Laura paz,L.paz@email.com,Base de datos i,Ing. garcía,Garcia@uni.com,Sistemas,A-101,Pendiente,Efectivo
12412,Sofía vega,S.vega@email.com,Redes ii,Lic. martínez,Martinez@uni.com,Telecom,B-202,Pagado,Tarjeta
12413,Elena díaz,E.diaz@email.com,Redes ii,Lic. martínez,Martinez@uni.com,Telecom,B-202,Pendiente,Efectivo
12414,Laura paz,L.paz@email.com,Matemáticas iii,Dr. gómez,Gomez@uni.com,Ciencias,D-404,Cancelado,Efectivo
12415,Laura paz,L.paz@email.com,Ia aplicada,Dra. chen,Drchen@uni.com,Sistemas,C-303,Pagado,Efectivo
12416,María lópez,M.lopez@email.com,Redes ii,Lic. martínez,Martinez@uni.com,Telecom,B-202,Pagado,Transferencia
12417,Luis gómez,Luis.g@email.com,Base de datos i,Ing. garcía,Garcia@uni.com,Sistemas,A-101,Cancelado,Tarjeta
12418,Sofía vega,S.vega@email.com,Base de datos i,Ing. garcía,Garcia@uni.com,Sistemas,A-101,Cancelado,Transferencia
12419,María lópez,M.lopez@email.com,Base de datos i,Ing. garcía,Garcia@uni.com,Sistemas,A-101,Pagado,Efectivo
12420,María lópez,M.lopez@email.com,Redes ii,Lic. martínez,Martinez@uni.com,Telecom,B-202,Pendiente,Transferencia
12421,Juan pérez,Juan.p@email.com,Redes ii,Lic. martínez,Martinez@uni.com,Telecom,B-202,Pendiente,Tarjeta
12422,Sofía vega,S.vega@email.com,Ia aplicada,Dra. chen,Drchen@uni.com,Sistemas,C-303,Pagado,Tarjeta
12423,Juan pérez,Juan.p@email.com,Base de datos i,Ing. garcía,Garcia@uni.com,Sistemas,A-101,Pendiente,Transferencia
12424,Juan pérez,Juan.p@email.com,Matemáticas iii,Dr. gómez,Gomez@uni.com,Ciencias,D-404,Pendiente,Transferencia
12425,Carlos ruiz,Cruiz@email.com,Ia aplicada,Dra. chen,Drchen@uni.com,Sistemas,C-303,Pagado,Tarjeta
12426,Luis gómez,Luis.g@email.com,Matemáticas iii,Dr. gómez,Gomez@uni.com,Ciencias,D-404,Pendiente,Efectivo
12427,Ana torres,Ana.t@email.com,Matemáticas iii,Dr. gómez,Gomez@uni.com,Ciencias,D-404,Cancelado,Tarjeta
12428,Sofía vega,S.vega@email.com,Matemáticas iii,Dr. gómez,Gomez@uni.com,Ciencias,D-404,Pendiente,Tarjeta
12429,Sofía vega,S.vega@email.com,Ia aplicada,Dra. chen,Drchen@uni.com,Sistemas,C-303,Pendiente,Efectivo
12430,Ana torres,Ana.t@email.com,Ia aplicada,Dra. chen,Drchen@uni.com,Sistemas,C-303,Pagado,Tarjeta
12431,Luis gómez,Luis.g@email.com,Matemáticas iii,Dr. gómez,Gomez@uni.com,Ciencias,D-404,Pendiente,Tarjeta
12432,Luis gómez,Luis.g@email.com,Matemáticas iii,Dr. gómez,Gomez@uni.com,Ciencias,D-404,Cancelado,Efectivo
12433,Luis gómez,Luis.g@email.com,Ia aplicada,Dra. chen,Drchen@uni.com,Sistemas,C-303,Cancelado,Efectivo
12434,Luis gómez,Luis.g@email.com,Matemáticas iii,Dr. gómez,Gomez@uni.com,Ciencias,D-404,Cancelado,Efectivo
12435,Juan pérez,Juan.p@email.com,Matemáticas iii,Dr. gómez,Gomez@uni.com,Ciencias,D-404,Pendiente,Efectivo
12436,Sofía vega,S.vega@email.com,Matemáticas iii,Dr. gómez,Gomez@uni.com,Ciencias,D-404,Pendiente,Transferencia
12437,Laura paz,L.paz@email.com,Redes ii,Lic. martínez,Martinez@uni.com,Telecom,B-202,Pagado,Efectivo
12438,Carlos ruiz,Cruiz@email.com,Base de datos i,Ing. garcía,Garcia@uni.com,Sistemas,A-101,Pagado,Tarjeta
12439,Sofía vega,S.vega@email.com,Ia aplicada,Dra. chen,Drchen@uni.com,Sistemas,C-303,Cancelado,Transferencia
12440,Juan pérez,Juan.p@email.com,Base de datos i,Ing. garcía,Garcia@uni.com,Sistemas,A-101,Pendiente,Efectivo
12441,Sofía vega,S.vega@email.com,Redes ii,Lic. martínez,Martinez@uni.com,Telecom,B-202,Cancelado,Efectivo
12442,Diego luna,Dluna@email.com,Ia aplicada,Dra. chen,Drchen@uni.com,Sistemas,C-303,Pagado,Efectivo
12443,Pedro soto,Psoto@email.com,Matemáticas iii,Dr. gómez,Gomez@uni.com,Ciencias,D-404,Cancelado,Efectivo
12444,Ana torres,Ana.t@email.com,Redes ii,Lic. martínez,Martinez@uni.com,Telecom,B-202,Cancelado,Tarjeta
12445,Laura paz,L.paz@email.com,Ia aplicada,Dra. chen,Drchen@uni.com,Sistemas,C-303,Pendiente,Transferencia
12446,Laura paz,L.paz@email.com,Ia aplicada,Dra. chen,Drchen@uni.com,Sistemas,C-303,Pagado,Efectivo
12447,Diego luna,Dluna@email.com,Redes ii,Lic. martínez,Martinez@uni.com,Telecom,B-202,Pendiente,Transferencia
12448,Juan pérez,Juan.p@email.com,Redes ii,Lic. martínez,Martinez@uni.com,Telecom,B-202,Cancelado,Transferencia
12449,Pedro soto,Psoto@email.com,Redes ii,Lic. martínez,Martinez@uni.com,Telecom,B-202,Pendiente,Transferencia
12450,María lópez,M.lopez@email.com,Matemáticas iii,Dr. gómez,Gomez@uni.com,Ciencias,D-404,Cancelado,Tarjeta
12451,Juan pérez,Juan.p@email.com,Redes ii,Lic. martínez,Martinez@uni.com,Telecom,B-202,Pendiente,Efectivo
12452,Sofía vega,S.vega@email.com,Matemáticas iii,Dr. gómez,Gomez@uni.com,Ciencias,D-404,Cancelado,Efectivo
12453,Sofía vega,S.vega@email.com,Redes ii,Lic. martínez,Martinez@uni.com,Telecom,B-202,Cancelado,Tarjeta
12454,Pedro soto,Psoto@email.com,Redes ii,Lic. martínez,Martinez@uni.com,Telecom,B-202,Pendiente,Efectivo
12455,Elena díaz,E.diaz@email.com,Redes ii,Lic. martínez,Martinez@uni.com,Telecom,B-202,Cancelado,Tarjeta
12456,Pedro soto,Psoto@email.com,Base de datos i,Ing. garcía,Garcia@uni.com,Sistemas,A-101,Pendiente,Efectivo
12457,Ana torres,Ana.t@email.com,Ia aplicada,Dra. chen,Drchen@uni.com,Sistemas,C-303,Cancelado,Transferencia
12458,Diego luna,Dluna@email.com,Base de datos i,Ing. garcía,Garcia@uni.com,Sistemas,A-101,Pendiente,Transferencia
12459,Diego luna,Dluna@email.com,Base de datos i,Ing. garcía,Garcia@uni.com,Sistemas,A-101,Pendiente,Transferencia
12460,María lópez,M.lopez@email.com,Redes ii,Lic. martínez,Martinez@uni.com,Telecom,B-202,Pendiente,Tarjeta
12461,Juan pérez,Juan.p@email.com,Ia aplicada,Dra. chen,Drchen@uni.com,Sistemas,C-303,Cancelado,Transferencia
12462,Luis gómez,Luis.g@email.com,Redes ii,Lic. martínez,Martinez@uni.com,Telecom,B-202,Pagado,Transferencia
12463,Carlos ruiz,Cruiz@email.com,Matemáticas iii,Dr. gómez,Gomez@uni.com,Ciencias,D-404,Cancelado,Transferencia
12464,Juan pérez,Juan.p@email.com,Matemáticas iii,Dr. gómez,Gomez@uni.com,Ciencias,D-404,Pagado,Tarjeta
12465,Pedro soto,Psoto@email.com,Ia aplicada,Dra. chen,Drchen@uni.com,Sistemas,C-303,Pagado,Transferencia
12466,Diego luna,Dluna@email.com,Ia aplicada,Dra. chen,Drchen@uni.com,Sistemas,C-303,Pagado,Tarjeta
12467,Ana torres,Ana.t@email.com,Matemáticas iii,Dr. gómez,Gomez@uni.com,Ciencias,D-404,Cancelado,Efectivo
12468,María lópez,M.lopez@email.com,Base de datos i,Ing. garcía,Garcia@uni.com,Sistemas,A-101,Pagado,Tarjeta
12469,Diego luna,Dluna@email.com,Redes ii,Lic. martínez,Martinez@uni.com,Telecom,B-202,Pendiente,Transferencia
12470,Elena díaz,E.diaz@email.com,Ia aplicada,Dra. chen,Drchen@uni.com,Sistemas,C-303,Cancelado,Tarjeta
12471,Luis gómez,Luis.g@email.com,Base de datos i,Ing. garcía,Garcia@uni.com,Sistemas,A-101,Pagado,Transferencia
12472,Ana torres,Ana.t@email.com,Ia aplicada,Dra. chen,Drchen@uni.com,Sistemas,C-303,Cancelado,Tarjeta
12473,Sofía vega,S.vega@email.com,Redes ii,Lic. martínez,Martinez@uni.com,Telecom,B-202,Cancelado,Efectivo
12474,Sofía vega,S.vega@email.com,Redes ii,Lic. martínez,Martinez@uni.com,Telecom,B-202,Pagado,Transferencia
12475,Pedro soto,Psoto@email.com,Ia aplicada,Dra. chen,Drchen@uni.com,Sistemas,C-303,Pendiente,Tarjeta
12476,Diego luna,Dluna@email.com,Ia aplicada,Dra. chen,Drchen@uni.com,Sistemas,C-303,Pagado,Transferencia
12477,Diego luna,Dluna@email.com,Base de datos i,Ing. garcía,Garcia@uni.com,Sistemas,A-101,Pagado,Tarjeta
12478,Sofía vega,S.vega@email.com,Redes ii,Lic. martínez,Martinez@uni.com,Telecom,B-202,Cancelado,Transferencia
12479,Ana torres,Ana.t@email.com,Ia aplicada,Dra. chen,Drchen@uni.com,Sistemas,C-303,Pendiente,Tarjeta
12480,Elena díaz,E.diaz@email.com,Ia aplicada,Dra. chen,Drchen@uni.com,Sistemas,C-303,Cancelado,Tarjeta
12481,Laura paz,L.paz@email.com,Matemáticas iii,Dr. gómez,Gomez@uni.com,Ciencias,D-404,Pendiente,Efectivo
12482,Elena díaz,E.diaz@email.com,Redes ii,Lic. martínez,Martinez@uni.com,Telecom,B-202,Pagado,Efectivo
12483,Sofía vega,S.vega@email.com,Redes ii,Lic. martínez,Martinez@uni.com,Telecom,B-202,Pagado,Tarjeta
12484,Elena díaz,E.diaz@email.com,Redes ii,Lic. martínez,Martinez@uni.com,Telecom,B-202,Pagado,Efectivo
12485,Luis gómez,Luis.g@email.com,Redes ii,Lic. martínez,Martinez@uni.com,Telecom,B-202,Pendiente,Efectivo
12486,Juan pérez,Juan.p@email.com,Redes ii,Lic. martínez,Martinez@uni.com,Telecom,B-202,Pendiente,Efectivo
12487,Laura paz,L.paz@email.com,Redes ii,Lic. martínez,Martinez@uni.com,Telecom,B-202,Pagado,Efectivo
12488,Pedro soto,Psoto@email.com,Ia aplicada,Dra. chen,Drchen@uni.com,Sistemas,C-303,Pagado,Transferencia
12489,Juan pérez,Juan.p@email.com,Redes ii,Lic. martínez,Martinez@uni.com,Telecom,B-202,Pagado,Transferencia
12490,Diego luna,Dluna@email.com,Ia aplicada,Dra. chen,Drchen@uni.com,Sistemas,C-303,Cancelado,Efectivo
12491,Ana torres,Ana.t@email.com,Matemáticas iii,Dr. gómez,Gomez@uni.com,Ciencias,D-404,Pendiente,Tarjeta
12492,Luis gómez,Luis.g@email.com,Matemáticas iii,Dr. gómez,Gomez@uni.com,Ciencias,D-404,Pagado,Transferencia
12493,Ana torres,Ana.t@email.com,Matemáticas iii,Dr. gómez,Gomez@uni.com,Ciencias,D-404,Cancelado,Tarjeta
12494,Diego luna,Dluna@email.com,Ia aplicada,Dra. chen,Drchen@uni.com,Sistemas,C-303,Pagado,Transferencia
12495,Luis gómez,Luis.g@email.com,Redes ii,Lic. martínez,Martinez@uni.com,Telecom,B-202,Cancelado,Tarjeta
12496,Laura paz,L.paz@email.com,Base de datos i,Ing. garcía,Garcia@uni.com,Sistemas,A-101,Pagado,Transferencia
12497,María lópez,M.lopez@email.com,Redes ii,Lic. martínez,Martinez@uni.com,Telecom,B-202,Cancelado,Transferencia
12498,Carlos ruiz,Cruiz@email.com,Base de datos i,Ing. garcía,Garcia@uni.com,Sistemas,A-101,Pagado,Tarjeta
12499,Juan pérez,Juan.p@email.com,Matemáticas iii,Dr. gómez,Gomez@uni.com,Ciencias,D-404,Pendiente,Transferencia
12500,Laura paz,L.paz@email.com,Ia aplicada,Dra. chen,Drchen@uni.com,Sistemas,C-303,Pendiente,Transferencia
12501,Elena díaz,E.diaz@email.com,Redes ii,Lic. martínez,Martinez@uni.com,Telecom,B-202,Pendiente,Transferencia
12502,Laura paz,L.paz@email.com,Base de datos i,Ing. garcía,Garcia@uni.com,Sistemas,A-101,Cancelado,Transferencia
12503,Laura paz,L.paz@email.com,Base de datos i,Ing. garcía,Garcia@uni.com,Sistemas,A-101,Pendiente,Efectivo
12504,María lópez,M.lopez@email.com,Base de datos i,Ing. garcía,Garcia@uni.com,Sistemas,A-101,Cancelado,Transferencia
12505,María lópez,M.lopez@email.com,Redes ii,Lic. martínez,Martinez@uni.com,Telecom,B-202,Pagado,Transferencia
12506,Elena díaz,E.diaz@email.com,Matemáticas iii,Dr. gómez,Gomez@uni.com,Ciencias,D-404,Cancelado,Transferencia
12507,Diego luna,Dluna@email.com,Redes ii,Lic. martínez,Martinez@uni.com,Telecom,B-202,Cancelado,Tarjeta
12508,Carlos ruiz,Cruiz@email.com,Matemáticas iii,Dr. gómez,Gomez@uni.com,Ciencias,D-404,Pendiente,Efectivo
12509,Diego luna,Dluna@email.com,Matemáticas iii,Dr. gómez,Gomez@uni.com,Ciencias,D-404,Cancelado,Efectivo
12510,Juan pérez,Juan.p@email.com,Ia aplicada,Dra. chen,Drchen@uni.com,Sistemas,C-303,Cancelado,Tarjeta
12511,Juan pérez,Juan.p@email.com,Matemáticas iii,Dr. gómez,Gomez@uni.com,Ciencias,D-404,Pagado,Transferencia
12512,Pedro soto,Psoto@email.com,Base de datos i,Ing. garcía,Garcia@uni.com,Sistemas,A-101,Pagado,Efectivo
12513,Pedro soto,Psoto@email.com,Redes ii,Lic. martínez,Martinez@uni.com,Telecom,B-202,Pagado,Efectivo
12514,Elena díaz,E.diaz@email.com,Matemáticas iii,Dr. gómez,Gomez@uni.com,Ciencias,D-404,Pendiente,Tarjeta
12515,Laura paz,L.paz@email.com,Ia aplicada,Dra. chen,Drchen@uni.com,Sistemas,C-303,Cancelado,Tarjeta
12516,Pedro soto,Psoto@email.com,Redes ii,Lic. martínez,Martinez@uni.com,Telecom,B-202,Cancelado,Transferencia
12517,Carlos ruiz,Cruiz@email.com,Ia aplicada,Dra. chen,Drchen@uni.com,Sistemas,C-303,Pagado,Tarjeta
12518,Luis gómez,Luis.g@email.com,Matemáticas iii,Dr. gómez,Gomez@uni.com,Ciencias,D-404,Pendiente,Tarjeta
12519,Diego luna,Dluna@email.com,Redes ii,Lic. martínez,Martinez@uni.com,Telecom,B-202,Cancelado,Efectivo
12520,Carlos ruiz,Cruiz@email.com,Matemáticas iii,Dr. gómez,Gomez@uni.com,Ciencias,D-404,Cancelado,Transferencia
12521,Elena díaz,E.diaz@email.com,Redes ii,Lic. martínez,Martinez@uni.com,Telecom,B-202,Cancelado,Tarjeta
12522,Sofía vega,S.vega@email.com,Redes ii,Lic. martínez,Martinez@uni.com,Telecom,B-202,Pagado,Efectivo
12523,Luis gómez,Luis.g@email.com,Ia aplicada,Dra. chen,Drchen@uni.com,Sistemas,C-303,Pendiente,Transferencia
12524,Laura paz,L.paz@email.com,Base de datos i,Ing. garcía,Garcia@uni.com,Sistemas,A-101,Pendiente,Transferencia
12525,Luis gómez,Luis.g@email.com,Matemáticas iii,Dr. gómez,Gomez@uni.com,Ciencias,D-404,Pendiente,Tarjeta
12526,Elena díaz,E.diaz@email.com,Redes ii,Lic. martínez,Martinez@uni.com,Telecom,B-202,Cancelado,Tarjeta
12527,Laura paz,L.paz@email.com,Matemáticas iii,Dr. gómez,Gomez@uni.com,Ciencias,D-404,Pagado,Efectivo
12528,Juan pérez,Juan.p@email.com,Ia aplicada,Dra. chen,Drchen@uni.com,Sistemas,C-303,Pendiente,Tarjeta
12529,Juan pérez,Juan.p@email.com,Redes ii,Lic. martínez,Martinez@uni.com,Telecom,B-202,Pagado,Efectivo
12530,Juan pérez,Juan.p@email.com,Matemáticas iii,Dr. gómez,Gomez@uni.com,Ciencias,D-404,Cancelado,Tarjeta
12531,Laura paz,L.paz@email.com,Ia aplicada,Dra. chen,Drchen@uni.com,Sistemas,C-303,Cancelado,Transferencia
12532,Carlos ruiz,Cruiz@email.com,Ia aplicada,Dra. chen,Drchen@uni.com,Sistemas,C-303,Pendiente,Tarjeta
12533,Elena díaz,E.diaz@email.com,Ia aplicada,Dra. chen,Drchen@uni.com,Sistemas,C-303,Pagado,Efectivo
12534,María lópez,M.lopez@email.com,Ia aplicada,Dra. chen,Drchen@uni.com,Sistemas,C-303,Pendiente,Tarjeta
12535,Sofía vega,S.vega@email.com,Matemáticas iii,Dr. gómez,Gomez@uni.com,Ciencias,D-404,Pagado,Efectivo
12536,Pedro soto,Psoto@email.com,Base de datos i,Ing. garcía,Garcia@uni.com,Sistemas,A-101,Pendiente,Transferencia
12537,Ana torres,Ana.t@email.com,Ia aplicada,Dra. chen,Drchen@uni.com,Sistemas,C-303,Cancelado,Efectivo
12538,Diego luna,Dluna@email.com,Ia aplicada,Dra. chen,Drchen@uni.com,Sistemas,C-303,Pagado,Transferencia
12539,María lópez,M.lopez@email.com,Ia aplicada,Dra. chen,Drchen@uni.com,Sistemas,C-303,Pendiente,Tarjeta
12540,Diego luna,Dluna@email.com,Ia aplicada,Dra. chen,Drchen@uni.com,Sistemas,C-303,Pagado,Tarjeta
12541,Carlos ruiz,Cruiz@email.com,Base de datos i,Ing. garcía,Garcia@uni.com,Sistemas,A-101,Pendiente,Efectivo
12542,Diego luna,Dluna@email.com,Base de datos i,Ing. garcía,Garcia@uni.com,Sistemas,A-101,Pagado,Tarjeta
12543,Diego luna,Dluna@email.com,Redes ii,Lic. martínez,Martinez@uni.com,Telecom,B-202,Pendiente,Efectivo
12544,Diego luna,Dluna@email.com,Redes ii,Lic. martínez,Martinez@uni.com,Telecom,B-202,Cancelado,Tarjeta
12545,María lópez,M.lopez@email.com,Base de datos i,Ing. garcía,Garcia@uni.com,Sistemas,A-101,Pagado,Transferencia
12546,Elena díaz,E.diaz@email.com,Matemáticas iii,Dr. gómez,Gomez@uni.com,Ciencias,D-404,Cancelado,Efectivo
12547,Juan pérez,Juan.p@email.com,Ia aplicada,Dra. chen,Drchen@uni.com,Sistemas,C-303,Pendiente,Efectivo
12548,Elena díaz,E.diaz@email.com,Redes ii,Lic. martínez,Martinez@uni.com,Telecom,B-202,Cancelado,Tarjeta
12549,Pedro soto,Psoto@email.com,Ia aplicada,Dra. chen,Drchen@uni.com,Sistemas,C-303,Pagado,Tarjeta
12550,Carlos ruiz,Cruiz@email.com,Base de datos i,Ing. garcía,Garcia@uni.com,Sistemas,A-101,Pagado,Tarjeta
12551,Juan pérez,Juan.p@email.com,Redes ii,Lic. martínez,Martinez@uni.com,Telecom,B-202,Cancelado,Transferencia
12552,Carlos ruiz,Cruiz@email.com,Redes ii,Lic. martínez,Martinez@uni.com,Telecom,B-202,Pagado,Transferencia
12553,Ana torres,Ana.t@email.com,Matemáticas iii,Dr. gómez,Gomez@uni.com,Ciencias,D-404,Pendiente,Tarjeta
12554,Luis gómez,Luis.g@email.com,Base de datos i,Ing. garcía,Garcia@uni.com,Sistemas,A-101,Pendiente,Efectivo
12555,Carlos ruiz,Cruiz@email.com,Base de datos i,Ing. garcía,Garcia@uni.com,Sistemas,A-101,Pagado,Transferencia
12556,Sofía vega,S.vega@email.com,Matemáticas iii,Dr. gómez,Gomez@uni.com,Ciencias,D-404,Cancelado,Transferencia
12557,Sofía vega,S.vega@email.com,Ia aplicada,Dra. chen,Drchen@uni.com,Sistemas,C-303,Pagado,Efectivo
12558,María lópez,M.lopez@email.com,Redes ii,Lic. martínez,Martinez@uni.com,Telecom,B-202,Pagado,Efectivo
12559,Luis gómez,Luis.g@email.com,Redes ii,Lic. martínez,Martinez@uni.com,Telecom,B-202,Pagado,Tarjeta
12560,Pedro soto,Psoto@email.com,Redes ii,Lic. martínez,Martinez@uni.com,Telecom,B-202,Pagado,Tarjeta
12561,María lópez,M.lopez@email.com,Base de datos i,Ing. garcía,Garcia@uni.com,Sistemas,A-101,Pagado,Efectivo
12562,Sofía vega,S.vega@email.com,Base de datos i,Ing. garcía,Garcia@uni.com,Sistemas,A-101,Pendiente,Tarjeta
12563,Laura paz,L.paz@email.com,Redes ii,Lic. martínez,Martinez@uni.com,Telecom,B-202,Pendiente,Transferencia
12564,Elena díaz,E.diaz@email.com,Base de datos i,Ing. garcía,Garcia@uni.com,Sistemas,A-101,Cancelado,Transferencia
12565,Luis gómez,Luis.g@email.com,Ia aplicada,Dra. chen,Drchen@uni.com,Sistemas,C-303,Cancelado,Transferencia
12566,Ana torres,Ana.t@email.com,Redes ii,Lic. martínez,Martinez@uni.com,Telecom,B-202,Pendiente,Efectivo
12567,Luis gómez,Luis.g@email.com,Matemáticas iii,Dr. gómez,Gomez@uni.com,Ciencias,D-404,Pagado,Tarjeta
12568,Sofía vega,S.vega@email.com,Base de datos i,Ing. garcía,Garcia@uni.com,Sistemas,A-101,Pagado,Efectivo
12569,Sofía vega,S.vega@email.com,Redes ii,Lic. martínez,Martinez@uni.com,Telecom,B-202,Pendiente,Efectivo
12570,Ana torres,Ana.t@email.com,Base de datos i,Ing. garcía,Garcia@uni.com,Sistemas,A-101,Cancelado,Transferencia
12571,Ana torres,Ana.t@email.com,Ia aplicada,Dra. chen,Drchen@uni.com,Sistemas,C-303,Pagado,Transferencia
12572,Diego luna,Dluna@email.com,Ia aplicada,Dra. chen,Drchen@uni.com,Sistemas,C-303,Pendiente,Tarjeta
12573,Luis gómez,Luis.g@email.com,Ia aplicada,Dra. chen,Drchen@uni.com,Sistemas,C-303,Cancelado,Tarjeta
12574,Carlos ruiz,Cruiz@email.com,Matemáticas iii,Dr. gómez,Gomez@uni.com,Ciencias,D-404,Cancelado,Efectivo
12575,Carlos ruiz,Cruiz@email.com,Redes ii,Lic. martínez,Martinez@uni.com,Telecom,B-202,Pendiente,Tarjeta
12576,Pedro soto,Psoto@email.com,Redes ii,Lic. martínez,Martinez@uni.com,Telecom,B-202,Cancelado,Tarjeta
12577,Ana torres,Ana.t@email.com,Redes ii,Lic. martínez,Martinez@uni.com,Telecom,B-202,Cancelado,Efectivo
12578,Laura paz,L.paz@email.com,Ia aplicada,Dra. chen,Drchen@uni.com,Sistemas,C-303,Cancelado,Efectivo
12579,Pedro soto,Psoto@email.com,Base de datos i,Ing. garcía,Garcia@uni.com,Sistemas,A-101,Pagado,Efectivo
12580,Juan pérez,Juan.p@email.com,Redes ii,Lic. martínez,Martinez@uni.com,Telecom,B-202,Pendiente,Efectivo
12581,Juan pérez,Juan.p@email.com,Matemáticas iii,Dr. gómez,Gomez@uni.com,Ciencias,D-404,Pagado,Tarjeta
12582,Luis gómez,Luis.g@email.com,Redes ii,Lic. martínez,Martinez@uni.com,Telecom,B-202,Pagado,Tarjeta
12583,Elena díaz,E.diaz@email.com,Ia aplicada,Dra. chen,Drchen@uni.com,Sistemas,C-303,Pendiente,Efectivo
12584,Ana torres,Ana.t@email.com,Base de datos i,Ing. garcía,Garcia@uni.com,Sistemas,A-101,Cancelado,Efectivo
12585,Laura paz,L.paz@email.com,Ia aplicada,Dra. chen,Drchen@uni.com,Sistemas,C-303,Cancelado,Tarjeta
12586,Juan pérez,Juan.p@email.com,Ia aplicada,Dra. chen,Drchen@uni.com,Sistemas,C-303,Cancelado,Tarjeta
12587,Carlos ruiz,Cruiz@email.com,Matemáticas iii,Dr. gómez,Gomez@uni.com,Ciencias,D-404,Pagado,Tarjeta
12588,Sofía vega,S.vega@email.com,Redes ii,Lic. martínez,Martinez@uni.com,Telecom,B-202,Cancelado,Efectivo
12589,María lópez,M.lopez@email.com,Matemáticas iii,Dr. gómez,Gomez@uni.com,Ciencias,D-404,Pagado,Tarjeta
12590,Pedro soto,Psoto@email.com,Redes ii,Lic. martínez,Martinez@uni.com,Telecom,B-202,Pagado,Transferencia
12591,Diego luna,Dluna@email.com,Ia aplicada,Dra. chen,Drchen@uni.com,Sistemas,C-303,Cancelado,Efectivo
12592,Sofía vega,S.vega@email.com,Ia aplicada,Dra. chen,Drchen@uni.com,Sistemas,C-303,Cancelado,Tarjeta
12593,Ana torres,Ana.t@email.com,Base de datos i,Ing. garcía,Garcia@uni.com,Sistemas,A-101,Cancelado,Transferencia
12594,Ana torres,Ana.t@email.com,Ia aplicada,Dra. chen,Drchen@uni.com,Sistemas,C-303,Cancelado,Tarjeta
12595,Ana torres,Ana.t@email.com,Ia aplicada,Dra. chen,Drchen@uni.com,Sistemas,C-303,Pagado,Tarjeta
12596,Carlos ruiz,Cruiz@email.com,Redes ii,Lic. martínez,Martinez@uni.com,Telecom,B-202,Cancelado,Efectivo
12597,Ana torres,Ana.t@email.com,Ia aplicada,Dra. chen,Drchen@uni.com,Sistemas,C-303,Pendiente,Tarjeta
12598,Elena díaz,E.diaz@email.com,Ia aplicada,Dra. chen,Drchen@uni.com,Sistemas,C-303,Cancelado,Tarjeta
12599,María lópez,M.lopez@email.com,Redes ii,Lic. martínez,Martinez@uni.com,Telecom,B-202,Cancelado,Transferencia
12600,Luis gómez,Luis.g@email.com,Redes ii,Lic. martínez,Martinez@uni.com,Telecom,B-202,Cancelado,Transferencia
12601,Pedro soto,Psoto@email.com,Base de datos i,Ing. garcía,Garcia@uni.com,Sistemas,A-101,Cancelado,Transferencia
12602,Elena díaz,E.diaz@email.com,Base de datos i,Ing. garcía,Garcia@uni.com,Sistemas,A-101,Cancelado,Transferencia
12603,María lópez,M.lopez@email.com,Matemáticas iii,Dr. gómez,Gomez@uni.com,Ciencias,D-404,Pagado,Transferencia
12604,Juan pérez,Juan.p@email.com,Redes ii,Lic. martínez,Martinez@uni.com,Telecom,B-202,Pagado,Tarjeta
12605,María lópez,M.lopez@email.com,Ia aplicada,Dra. chen,Drchen@uni.com,Sistemas,C-303,Pendiente,Efectivo
12606,Diego luna,Dluna@email.com,Ia aplicada,Dra. chen,Drchen@uni.com,Sistemas,C-303,Pendiente,Efectivo
12607,Elena díaz,E.diaz@email.com,Redes ii,Lic. martínez,Martinez@uni.com,Telecom,B-202,Pagado,Transferencia
12608,Luis gómez,Luis.g@email.com,Base de datos i,Ing. garcía,Garcia@uni.com,Sistemas,A-101,Pagado,Tarjeta
12609,Pedro soto,Psoto@email.com,Ia aplicada,Dra. chen,Drchen@uni.com,Sistemas,C-303,Cancelado,Tarjeta
12610,Pedro soto,Psoto@email.com,Matemáticas iii,Dr. gómez,Gomez@uni.com,Ciencias,D-404,Pagado,Tarjeta
12611,Sofía vega,S.vega@email.com,Matemáticas iii,Dr. gómez,Gomez@uni.com,Ciencias,D-404,Pendiente,Tarjeta
12612,Carlos ruiz,Cruiz@email.com,Matemáticas iii,Dr. gómez,Gomez@uni.com,Ciencias,D-404,Pagado,Tarjeta
12613,Carlos ruiz,Cruiz@email.com,Ia aplicada,Dra. chen,Drchen@uni.com,Sistemas,C-303,Pendiente,Tarjeta
12614,Elena díaz,E.diaz@email.com,Redes ii,Lic. martínez,Martinez@uni.com,Telecom,B-202,Pendiente,Transferencia
12615,Juan pérez,Juan.p@email.com,Redes ii,Lic. martínez,Martinez@uni.com,Telecom,B-202,Pagado,Efectivo
12616,Juan pérez,Juan.p@email.com,Redes ii,Lic. martínez,Martinez@uni.com,Telecom,B-202,Cancelado,Tarjeta
12617,Pedro soto,Psoto@email.com,Matemáticas iii,Dr. gómez,Gomez@uni.com,Ciencias,D-404,Cancelado,Efectivo
12618,Sofía vega,S.vega@email.com,Ia aplicada,Dra. chen,Drchen@uni.com,Sistemas,C-303,Pendiente,Transferencia
12619,María lópez,M.lopez@email.com,Base de datos i,Ing. garcía,Garcia@uni.com,Sistemas,A-101,Cancelado,Transferencia
12620,Laura paz,L.paz@email.com,Matemáticas iii,Dr. gómez,Gomez@uni.com,Ciencias,D-404,Cancelado,Tarjeta
12621,Sofía vega,S.vega@email.com,Ia aplicada,Dra. chen,Drchen@uni.com,Sistemas,C-303,Cancelado,Tarjeta
12622,Luis gómez,Luis.g@email.com,Base de datos i,Ing. garcía,Garcia@uni.com,Sistemas,A-101,Pendiente,Efectivo
12623,María lópez,M.lopez@email.com,Matemáticas iii,Dr. gómez,Gomez@uni.com,Ciencias,D-404,Cancelado,Tarjeta
12624,Juan pérez,Juan.p@email.com,Base de datos i,Ing. garcía,Garcia@uni.com,Sistemas,A-101,Cancelado,Tarjeta
12625,Sofía vega,S.vega@email.com,Base de datos i,Ing. garcía,Garcia@uni.com,Sistemas,A-101,Pendiente,Tarjeta
12626,Carlos ruiz,Cruiz@email.com,Ia aplicada,Dra. chen,Drchen@uni.com,Sistemas,C-303,Cancelado,Tarjeta
12627,Ana torres,Ana.t@email.com,Redes ii,Lic. martínez,Martinez@uni.com,Telecom,B-202,Cancelado,Transferencia
12628,María lópez,M.lopez@email.com,Matemáticas iii,Dr. gómez,Gomez@uni.com,Ciencias,D-404,Cancelado,Efectivo
12629,Luis gómez,Luis.g@email.com,Redes ii,Lic. martínez,Martinez@uni.com,Telecom,B-202,Pendiente,Tarjeta
12630,Sofía vega,S.vega@email.com,Ia aplicada,Dra. chen,Drchen@uni.com,Sistemas,C-303,Pagado,Tarjeta
12631,Elena díaz,E.diaz@email.com,Redes ii,Lic. martínez,Martinez@uni.com,Telecom,B-202,Pagado,Transferencia
12632,Juan pérez,Juan.p@email.com,Redes ii,Lic. martínez,Martinez@uni.com,Telecom,B-202,Pagado,Transferencia
12633,Carlos ruiz,Cruiz@email.com,Ia aplicada,Dra. chen,Drchen@uni.com,Sistemas,C-303,Pagado,Tarjeta
12634,Sofía vega,S.vega@email.com,Ia aplicada,Dra. chen,Drchen@uni.com,Sistemas,C-303,Cancelado,Tarjeta
12635,Juan pérez,Juan.p@email.com,Redes ii,Lic. martínez,Martinez@uni.com,Telecom,B-202,Cancelado,Efectivo
12636,Luis gómez,Luis.g@email.com,Base de datos i,Ing. garcía,Garcia@uni.com,Sistemas,A-101,Pagado,Transferencia
12637,María lópez,M.lopez@email.com,Ia aplicada,Dra. chen,Drchen@uni.com,Sistemas,C-303,Pendiente,Tarjeta
12638,Juan pérez,Juan.p@email.com,Ia aplicada,Dra. chen,Drchen@uni.com,Sistemas,C-303,Pagado,Efectivo
12639,Diego luna,Dluna@email.com,Redes ii,Lic. martínez,Martinez@uni.com,Telecom,B-202,Cancelado,Tarjeta
12640,Ana torres,Ana.t@email.com,Ia aplicada,Dra. chen,Drchen@uni.com,Sistemas,C-303,Cancelado,Efectivo
12641,Sofía vega,S.vega@email.com,Ia aplicada,Dra. chen,Drchen@uni.com,Sistemas,C-303,Cancelado,Efectivo
12642,Sofía vega,S.vega@email.com,Base de datos i,Ing. garcía,Garcia@uni.com,Sistemas,A-101,Pagado,Efectivo
12643,Elena díaz,E.diaz@email.com,Base de datos i,Ing. garcía,Garcia@uni.com,Sistemas,A-101,Pendiente,Efectivo
12644,Pedro soto,Psoto@email.com,Redes ii,Lic. martínez,Martinez@uni.com,Telecom,B-202,Pagado,Efectivo
12645,Diego luna,Dluna@email.com,Ia aplicada,Dra. chen,Drchen@uni.com,Sistemas,C-303,Cancelado,Transferencia
12646,Elena díaz,E.diaz@email.com,Matemáticas iii,Dr. gómez,Gomez@uni.com,Ciencias,D-404,Pendiente,Efectivo
12647,Juan pérez,Juan.p@email.com,Redes ii,Lic. martínez,Martinez@uni.com,Telecom,B-202,Pendiente,Transferencia
12648,Elena díaz,E.diaz@email.com,Ia aplicada,Dra. chen,Drchen@uni.com,Sistemas,C-303,Pagado,Tarjeta
12649,María lópez,M.lopez@email.com,Redes ii,Lic. martínez,Martinez@uni.com,Telecom,B-202,Cancelado,Efectivo
12650,Laura paz,L.paz@email.com,Matemáticas iii,Dr. gómez,Gomez@uni.com,Ciencias,D-404,Cancelado,Efectivo
12651,Luis gómez,Luis.g@email.com,Matemáticas iii,Dr. gómez,Gomez@uni.com,Ciencias,D-404,Cancelado,Tarjeta
12652,Ana torres,Ana.t@email.com,Ia aplicada,Dra. chen,Drchen@uni.com,Sistemas,C-303,Cancelado,Transferencia
12653,Juan pérez,Juan.p@email.com,Base de datos i,Ing. garcía,Garcia@uni.com,Sistemas,A-101,Pagado,Efectivo
12654,Juan pérez,Juan.p@email.com,Redes ii,Lic. martínez,Martinez@uni.com,Telecom,B-202,Cancelado,Tarjeta
12655,Sofía vega,S.vega@email.com,Redes ii,Lic. martínez,Martinez@uni.com,Telecom,B-202,Cancelado,Efectivo
12656,Elena díaz,E.diaz@email.com,Ia aplicada,Dra. chen,Drchen@uni.com,Sistemas,C-303,Pendiente,Efectivo
12657,Sofía vega,S.vega@email.com,Base de datos i,Ing. garcía,Garcia@uni.com,Sistemas,A-101,Cancelado,Transferencia
12658,Ana torres,Ana.t@email.com,Matemáticas iii,Dr. gómez,Gomez@uni.com,Ciencias,D-404,Cancelado,Efectivo
12659,Carlos ruiz,Cruiz@email.com,Matemáticas iii,Dr. gómez,Gomez@uni.com,Ciencias,D-404,Pendiente,Transferencia
12660,Ana torres,Ana.t@email.com,Ia aplicada,Dra. chen,Drchen@uni.com,Sistemas,C-303,Cancelado,Efectivo
12661,Pedro soto,Psoto@email.com,Matemáticas iii,Dr. gómez,Gomez@uni.com,Ciencias,D-404,Cancelado,Efectivo
12662,Luis gómez,Luis.g@email.com,Ia aplicada,Dra. chen,Drchen@uni.com,Sistemas,C-303,Pendiente,Efectivo
12663,Ana torres,Ana.t@email.com,Ia aplicada,Dra. chen,Drchen@uni.com,Sistemas,C-303,Cancelado,Transferencia
12664,Sofía vega,S.vega@email.com,Matemáticas iii,Dr. gómez,Gomez@uni.com,Ciencias,D-404,Pagado,Tarjeta
12665,Juan pérez,Juan.p@email.com,Matemáticas iii,Dr. gómez,Gomez@uni.com,Ciencias,D-404,Cancelado,Efectivo
12666,María lópez,M.lopez@email.com,Ia aplicada,Dra. chen,Drchen@uni.com,Sistemas,C-303,Cancelado,Efectivo
12667,Pedro soto,Psoto@email.com,Matemáticas iii,Dr. gómez,Gomez@uni.com,Ciencias,D-404,Pendiente,Efectivo
12668,Elena díaz,E.diaz@email.com,Ia aplicada,Dra. chen,Drchen@uni.com,Sistemas,C-303,Cancelado,Efectivo
12669,Elena díaz,E.diaz@email.com,Base de datos i,Ing. garcía,Garcia@uni.com,Sistemas,A-101,Pendiente,Transferencia
12670,Elena díaz,E.diaz@email.com,Matemáticas iii,Dr. gómez,Gomez@uni.com,Ciencias,D-404,Pagado,Efectivo
12671,Diego luna,Dluna@email.com,Base de datos i,Ing. garcía,Garcia@uni.com,Sistemas,A-101,Pendiente,Tarjeta
12672,Elena díaz,E.diaz@email.com,Base de datos i,Ing. garcía,Garcia@uni.com,Sistemas,A-101,Cancelado,Efectivo
12673,Laura paz,L.paz@email.com,Ia aplicada,Dra. chen,Drchen@uni.com,Sistemas,C-303,Pendiente,Transferencia
12674,Luis gómez,Luis.g@email.com,Ia aplicada,Dra. chen,Drchen@uni.com,Sistemas,C-303,Cancelado,Transferencia
12675,Elena díaz,E.diaz@email.com,Ia aplicada,Dra. chen,Drchen@uni.com,Sistemas,C-303,Pagado,Efectivo
12676,María lópez,M.lopez@email.com,Base de datos i,Ing. garcía,Garcia@uni.com,Sistemas,A-101,Pendiente,Tarjeta
12677,María lópez,M.lopez@email.com,Redes ii,Lic. martínez,Martinez@uni.com,Telecom,B-202,Pendiente,Tarjeta
12678,Elena díaz,E.diaz@email.com,Matemáticas iii,Dr. gómez,Gomez@uni.com,Ciencias,D-404,Pendiente,Tarjeta
12679,Juan pérez,Juan.p@email.com,Ia aplicada,Dra. chen,Drchen@uni.com,Sistemas,C-303,Pagado,Tarjeta
12680,María lópez,M.lopez@email.com,Base de datos i,Ing. garcía,Garcia@uni.com,Sistemas,A-101,Cancelado,Tarjeta
12681,Pedro soto,Psoto@email.com,Redes ii,Lic. martínez,Martinez@uni.com,Telecom,B-202,Cancelado,Tarjeta
12682,Luis gómez,Luis.g@email.com,Matemáticas iii,Dr. gómez,Gomez@uni.com,Ciencias,D-404,Cancelado,Transferencia
12683,María lópez,M.lopez@email.com,Ia aplicada,Dra. chen,Drchen@uni.com,Sistemas,C-303,Pendiente,Tarjeta
12684,Diego luna,Dluna@email.com,Base de datos i,Ing. garcía,Garcia@uni.com,Sistemas,A-101,Cancelado,Transferencia
12685,Juan pérez,Juan.p@email.com,Ia aplicada,Dra. chen,Drchen@uni.com,Sistemas,C-303,Pendiente,Transferencia
12686,Laura paz,L.paz@email.com,Ia aplicada,Dra. chen,Drchen@uni.com,Sistemas,C-303,Pendiente,Tarjeta
12687,Juan pérez,Juan.p@email.com,Redes ii,Lic. martínez,Martinez@uni.com,Telecom,B-202,Cancelado,Tarjeta
12688,Sofía vega,S.vega@email.com,Matemáticas iii,Dr. gómez,Gomez@uni.com,Ciencias,D-404,Pendiente,Efectivo
12689,Diego luna,Dluna@email.com,Ia aplicada,Dra. chen,Drchen@uni.com,Sistemas,C-303,Pendiente,Tarjeta
12690,Elena díaz,E.diaz@email.com,Redes ii,Lic. martínez,Martinez@uni.com,Telecom,B-202,Pagado,Tarjeta
12691,Luis gómez,Luis.g@email.com,Redes ii,Lic. martínez,Martinez@uni.com,Telecom,B-202,Cancelado,Tarjeta
12692,Sofía vega,S.vega@email.com,Matemáticas iii,Dr. gómez,Gomez@uni.com,Ciencias,D-404,Cancelado,Efectivo
12693,Sofía vega,S.vega@email.com,Ia aplicada,Dra. chen,Drchen@uni.com,Sistemas,C-303,Pendiente,Transferencia
12694,María lópez,M.lopez@email.com,Matemáticas iii,Dr. gómez,Gomez@uni.com,Ciencias,D-404,Pagado,Tarjeta
12695,María lópez,M.lopez@email.com,Matemáticas iii,Dr. gómez,Gomez@uni.com,Ciencias,D-404,Pendiente,Tarjeta
12696,Diego luna,Dluna@email.com,Matemáticas iii,Dr. gómez,Gomez@uni.com,Ciencias,D-404,Pendiente,Transferencia
12697,Diego luna,Dluna@email.com,Base de datos i,Ing. garcía,Garcia@uni.com,Sistemas,A-101,Pendiente,Transferencia
12698,Carlos ruiz,Cruiz@email.com,Ia aplicada,Dra. chen,Drchen@uni.com,Sistemas,C-303,Pendiente,Efectivo
12699,Juan pérez,Juan.p@email.com,Redes ii,Lic. martínez,Martinez@uni.com,Telecom,B-202,Cancelado,Efectivo
12700,Laura paz,L.paz@email.com,Ia aplicada,Dra. chen,Drchen@uni.com,Sistemas,C-303,Pagado,Efectivo
12701,Carlos ruiz,Cruiz@email.com,Matemáticas iii,Dr. gómez,Gomez@uni.com,Ciencias,D-404,Pendiente,Tarjeta
12702,Diego luna,Dluna@email.com,Ia aplicada,Dra. chen,Drchen@uni.com,Sistemas,C-303,Cancelado,Transferencia
12703,Ana torres,Ana.t@email.com,Redes ii,Lic. martínez,Martinez@uni.com,Telecom,B-202,Pendiente,Tarjeta
12704,Carlos ruiz,Cruiz@email.com,Redes ii,Lic. martínez,Martinez@uni.com,Telecom,B-202,Pagado,Transferencia
12705,María lópez,M.lopez@email.com,Base de datos i,Ing. garcía,Garcia@uni.com,Sistemas,A-101,Cancelado,Transferencia
12706,Elena díaz,E.diaz@email.com,Ia aplicada,Dra. chen,Drchen@uni.com,Sistemas,C-303,Pagado,Efectivo
12707,Diego luna,Dluna@email.com,Redes ii,Lic. martínez,Martinez@uni.com,Telecom,B-202,Cancelado,Efectivo
12708,Luis gómez,Luis.g@email.com,Ia aplicada,Dra. chen,Drchen@uni.com,Sistemas,C-303,Pendiente,Tarjeta
12709,Ana torres,Ana.t@email.com,Redes ii,Lic. martínez,Martinez@uni.com,Telecom,B-202,Pendiente,Transferencia
12710,María lópez,M.lopez@email.com,Base de datos i,Ing. garcía,Garcia@uni.com,Sistemas,A-101,Pagado,Efectivo
12711,Sofía vega,S.vega@email.com,Redes ii,Lic. martínez,Martinez@uni.com,Telecom,B-202,Pagado,Transferencia
12712,Diego luna,Dluna@email.com,Redes ii,Lic. martínez,Martinez@uni.com,Telecom,B-202,Pendiente,Transferencia
12713,Luis gómez,Luis.g@email.com,Base de datos i,Ing. garcía,Garcia@uni.com,Sistemas,A-101,Pagado,Efectivo
12714,Elena díaz,E.diaz@email.com,Ia aplicada,Dra. chen,Drchen@uni.com,Sistemas,C-303,Cancelado,Transferencia
12715,Laura paz,L.paz@email.com,Ia aplicada,Dra. chen,Drchen@uni.com,Sistemas,C-303,Pagado,Efectivo
12716,Elena díaz,E.diaz@email.com,Redes ii,Lic. martínez,Martinez@uni.com,Telecom,B-202,Pagado,Tarjeta
12717,Luis gómez,Luis.g@email.com,Ia aplicada,Dra. chen,Drchen@uni.com,Sistemas,C-303,Cancelado,Transferencia
12718,Ana torres,Ana.t@email.com,Base de datos i,Ing. garcía,Garcia@uni.com,Sistemas,A-101,Pagado,Efectivo
12719,Luis gómez,Luis.g@email.com,Matemáticas iii,Dr. gómez,Gomez@uni.com,Ciencias,D-404,Pendiente,Tarjeta
12720,María lópez,M.lopez@email.com,Redes ii,Lic. martínez,Martinez@uni.com,Telecom,B-202,Pagado,Tarjeta
12721,Juan pérez,Juan.p@email.com,Matemáticas iii,Dr. gómez,Gomez@uni.com,Ciencias,D-404,Pendiente,Tarjeta
12722,Laura paz,L.paz@email.com,Ia aplicada,Dra. chen,Drchen@uni.com,Sistemas,C-303,Cancelado,Transferencia
12723,María lópez,M.lopez@email.com,Matemáticas iii,Dr. gómez,Gomez@uni.com,Ciencias,D-404,Pendiente,Efectivo
12724,María lópez,M.lopez@email.com,Redes ii,Lic. martínez,Martinez@uni.com,Telecom,B-202,Cancelado,Efectivo
12725,Pedro soto,Psoto@email.com,Redes ii,Lic. martínez,Martinez@uni.com,Telecom,B-202,Pagado,Efectivo
12726,Laura paz,L.paz@email.com,Matemáticas iii,Dr. gómez,Gomez@uni.com,Ciencias,D-404,Pendiente,Efectivo
12727,Carlos ruiz,Cruiz@email.com,Ia aplicada,Dra. chen,Drchen@uni.com,Sistemas,C-303,Pagado,Efectivo
12728,María lópez,M.lopez@email.com,Base de datos i,Ing. garcía,Garcia@uni.com,Sistemas,A-101,Pagado,Transferencia
12729,Luis gómez,Luis.g@email.com,Redes ii,Lic. martínez,Martinez@uni.com,Telecom,B-202,Pagado,Tarjeta
12730,Carlos ruiz,Cruiz@email.com,Matemáticas iii,Dr. gómez,Gomez@uni.com,Ciencias,D-404,Pagado,Tarjeta
12731,Ana torres,Ana.t@email.com,Matemáticas iii,Dr. gómez,Gomez@uni.com,Ciencias,D-404,Pagado,Tarjeta
12732,Carlos ruiz,Cruiz@email.com,Ia aplicada,Dra. chen,Drchen@uni.com,Sistemas,C-303,Cancelado,Tarjeta
12733,Diego luna,Dluna@email.com,Ia aplicada,Dra. chen,Drchen@uni.com,Sistemas,C-303,Pagado,Tarjeta
12734,Laura paz,L.paz@email.com,Ia aplicada,Dra. chen,Drchen@uni.com,Sistemas,C-303,Cancelado,Transferencia
12735,Luis gómez,Luis.g@email.com,Ia aplicada,Dra. chen,Drchen@uni.com,Sistemas,C-303,Pagado,Transferencia
12736,Sofía vega,S.vega@email.com,Matemáticas iii,Dr. gómez,Gomez@uni.com,Ciencias,D-404,Pendiente,Tarjeta
12737,María lópez,M.lopez@email.com,Ia aplicada,Dra. chen,Drchen@uni.com,Sistemas,C-303,Pagado,Tarjeta
12738,Luis gómez,Luis.g@email.com,Ia aplicada,Dra. chen,Drchen@uni.com,Sistemas,C-303,Pagado,Efectivo
12739,María lópez,M.lopez@email.com,Redes ii,Lic. martínez,Martinez@uni.com,Telecom,B-202,Pendiente,Efectivo
12740,Juan pérez,Juan.p@email.com,Base de datos i,Ing. garcía,Garcia@uni.com,Sistemas,A-101,Pendiente,Transferencia
12741,Ana torres,Ana.t@email.com,Base de datos i,Ing. garcía,Garcia@uni.com,Sistemas,A-101,Pagado,Transferencia
12742,María lópez,M.lopez@email.com,Base de datos i,Ing. garcía,Garcia@uni.com,Sistemas,A-101,Pendiente,Tarjeta
12743,Laura paz,L.paz@email.com,Ia aplicada,Dra. chen,Drchen@uni.com,Sistemas,C-303,Cancelado,Tarjeta
12744,Sofía vega,S.vega@email.com,Matemáticas iii,Dr. gómez,Gomez@uni.com,Ciencias,D-404,Cancelado,Tarjeta
12745,Elena díaz,E.diaz@email.com,Matemáticas iii,Dr. gómez,Gomez@uni.com,Ciencias,D-404,Pagado,Efectivo
12746,Elena díaz,E.diaz@email.com,Matemáticas iii,Dr. gómez,Gomez@uni.com,Ciencias,D-404,Pendiente,Transferencia
12747,María lópez,M.lopez@email.com,Ia aplicada,Dra. chen,Drchen@uni.com,Sistemas,C-303,Pendiente,Efectivo
12748,Elena díaz,E.diaz@email.com,Matemáticas iii,Dr. gómez,Gomez@uni.com,Ciencias,D-404,Pagado,Transferencia
12749,Diego luna,Dluna@email.com,Ia aplicada,Dra. chen,Drchen@uni.com,Sistemas,C-303,Pendiente,Tarjeta
12750,Elena díaz,E.diaz@email.com,Redes ii,Lic. martínez,Martinez@uni.com,Telecom,B-202,Pendiente,Transferencia
12751,María lópez,M.lopez@email.com,Matemáticas iii,Dr. gómez,Gomez@uni.com,Ciencias,D-404,Cancelado,Tarjeta
12752,Pedro soto,Psoto@email.com,Base de datos i,Ing. garcía,Garcia@uni.com,Sistemas,A-101,Cancelado,Tarjeta
12753,Sofía vega,S.vega@email.com,Matemáticas iii,Dr. gómez,Gomez@uni.com,Ciencias,D-404,Cancelado,Tarjeta
12754,Juan pérez,Juan.p@email.com,Matemáticas iii,Dr. gómez,Gomez@uni.com,Ciencias,D-404,Pagado,Tarjeta
12755,María lópez,M.lopez@email.com,Redes ii,Lic. martínez,Martinez@uni.com,Telecom,B-202,Pagado,Transferencia
12756,Diego luna,Dluna@email.com,Ia aplicada,Dra. chen,Drchen@uni.com,Sistemas,C-303,Pendiente,Tarjeta
12757,Juan pérez,Juan.p@email.com,Base de datos i,Ing. garcía,Garcia@uni.com,Sistemas,A-101,Cancelado,Transferencia
12758,Pedro soto,Psoto@email.com,Matemáticas iii,Dr. gómez,Gomez@uni.com,Ciencias,D-404,Cancelado,Efectivo
12759,Ana torres,Ana.t@email.com,Redes ii,Lic. martínez,Martinez@uni.com,Telecom,B-202,Cancelado,Transferencia
12760,Luis gómez,Luis.g@email.com,Matemáticas iii,Dr. gómez,Gomez@uni.com,Ciencias,D-404,Cancelado,Transferencia
12761,María lópez,M.lopez@email.com,Matemáticas iii,Dr. gómez,Gomez@uni.com,Ciencias,D-404,Cancelado,Transferencia
12762,Elena díaz,E.diaz@email.com,Base de datos i,Ing. garcía,Garcia@uni.com,Sistemas,A-101,Pagado,Tarjeta
12763,Pedro soto,Psoto@email.com,Base de datos i,Ing. garcía,Garcia@uni.com,Sistemas,A-101,Pagado,Efectivo
12764,Elena díaz,E.diaz@email.com,Base de datos i,Ing. garcía,Garcia@uni.com,Sistemas,A-101,Cancelado,Tarjeta
12765,Juan pérez,Juan.p@email.com,Matemáticas iii,Dr. gómez,Gomez@uni.com,Ciencias,D-404,Cancelado,Tarjeta
12766,Pedro soto,Psoto@email.com,Ia aplicada,Dra. chen,Drchen@uni.com,Sistemas,C-303,Pagado,Tarjeta
12767,Carlos ruiz,Cruiz@email.com,Base de datos i,Ing. garcía,Garcia@uni.com,Sistemas,A-101,Pendiente,Transferencia
12768,Diego luna,Dluna@email.com,Ia aplicada,Dra. chen,Drchen@uni.com,Sistemas,C-303,Cancelado,Tarjeta
12769,Laura paz,L.paz@email.com,Base de datos i,Ing. garcía,Garcia@uni.com,Sistemas,A-101,Pendiente,Transferencia
12770,Ana torres,Ana.t@email.com,Matemáticas iii,Dr. gómez,Gomez@uni.com,Ciencias,D-404,Cancelado,Efectivo
12771,Pedro soto,Psoto@email.com,Matemáticas iii,Dr. gómez,Gomez@uni.com,Ciencias,D-404,Cancelado,Tarjeta
12772,Elena díaz,E.diaz@email.com,Ia aplicada,Dra. chen,Drchen@uni.com,Sistemas,C-303,Pendiente,Efectivo
12773,Sofía vega,S.vega@email.com,Ia aplicada,Dra. chen,Drchen@uni.com,Sistemas,C-303,Pagado,Tarjeta
12774,Diego luna,Dluna@email.com,Ia aplicada,Dra. chen,Drchen@uni.com,Sistemas,C-303,Pagado,Efectivo
12775,Pedro soto,Psoto@email.com,Base de datos i,Ing. garcía,Garcia@uni.com,Sistemas,A-101,Pagado,Tarjeta
12776,Juan pérez,Juan.p@email.com,Matemáticas iii,Dr. gómez,Gomez@uni.com,Ciencias,D-404,Pagado,Transferencia
12777,Diego luna,Dluna@email.com,Base de datos i,Ing. garcía,Garcia@uni.com,Sistemas,A-101,Pagado,Efectivo
12778,Laura paz,L.paz@email.com,Redes ii,Lic. martínez,Martinez@uni.com,Telecom,B-202,Cancelado,Tarjeta
12779,Luis gómez,Luis.g@email.com,Redes ii,Lic. martínez,Martinez@uni.com,Telecom,B-202,Pagado,Tarjeta
12780,Luis gómez,Luis.g@email.com,Base de datos i,Ing. garcía,Garcia@uni.com,Sistemas,A-101,Cancelado,Tarjeta
12781,Diego luna,Dluna@email.com,Base de datos i,Ing. garcía,Garcia@uni.com,Sistemas,A-101,Pagado,Tarjeta
12782,Juan pérez,Juan.p@email.com,Ia aplicada,Dra. chen,Drchen@uni.com,Sistemas,C-303,Cancelado,Efectivo
12783,Sofía vega,S.vega@email.com,Ia aplicada,Dra. chen,Drchen@uni.com,Sistemas,C-303,Cancelado,Transferencia
12784,Elena díaz,E.diaz@email.com,Base de datos i,Ing. garcía,Garcia@uni.com,Sistemas,A-101,Pagado,Tarjeta
12785,María lópez,M.lopez@email.com,Ia aplicada,Dra. chen,Drchen@uni.com,Sistemas,C-303,Pagado,Efectivo
12786,Ana torres,Ana.t@email.com,Redes ii,Lic. martínez,Martinez@uni.com,Telecom,B-202,Pagado,Efectivo
12787,Laura paz,L.paz@email.com,Redes ii,Lic. martínez,Martinez@uni.com,Telecom,B-202,Cancelado,Transferencia
12788,Pedro soto,Psoto@email.com,Redes ii,Lic. martínez,Martinez@uni.com,Telecom,B-202,Pendiente,Efectivo
12789,Juan pérez,Juan.p@email.com,Ia aplicada,Dra. chen,Drchen@uni.com,Sistemas,C-303,Cancelado,Tarjeta
12790,Ana torres,Ana.t@email.com,Matemáticas iii,Dr. gómez,Gomez@uni.com,Ciencias,D-404,Cancelado,Transferencia
12791,Luis gómez,Luis.g@email.com,Redes ii,Lic. martínez,Martinez@uni.com,Telecom,B-202,Cancelado,Transferencia
12792,Laura paz,L.paz@email.com,Ia aplicada,Dra. chen,Drchen@uni.com,Sistemas,C-303,Pagado,Transferencia
12793,Diego luna,Dluna@email.com,Matemáticas iii,Dr. gómez,Gomez@uni.com,Ciencias,D-404,Cancelado,Transferencia
12794,Carlos ruiz,Cruiz@email.com,Redes ii,Lic. martínez,Martinez@uni.com,Telecom,B-202,Pagado,Tarjeta
12795,Sofía vega,S.vega@email.com,Base de datos i,Ing. garcía,Garcia@uni.com,Sistemas,A-101,Pagado,Efectivo
12796,Elena díaz,E.diaz@email.com,Base de datos i,Ing. garcía,Garcia@uni.com,Sistemas,A-101,Cancelado,Transferencia
12797,Juan pérez,Juan.p@email.com,Matemáticas iii,Dr. gómez,Gomez@uni.com,Ciencias,D-404,Pagado,Efectivo
12798,Ana torres,Ana.t@email.com,Matemáticas iii,Dr. gómez,Gomez@uni.com,Ciencias,D-404,Pendiente,Efectivo
12799,Sofía vega,S.vega@email.com,Ia aplicada,Dra. chen,Drchen@uni.com,Sistemas,C-303,Pendiente,Tarjeta
12800,Juan pérez,Juan.p@email.com,Matemáticas iii,Dr. gómez,Gomez@uni.com,Ciencias,D-404,Pagado,Efectivo
12801,Ana torres,Ana.t@email.com,Matemáticas iii,Dr. gómez,Gomez@uni.com,Ciencias,D-404,Cancelado,Tarjeta
12802,Laura paz,L.paz@email.com,Base de datos i,Ing. garcía,Garcia@uni.com,Sistemas,A-101,Pagado,Transferencia
12803,Juan pérez,Juan.p@email.com,Matemáticas iii,Dr. gómez,Gomez@uni.com,Ciencias,D-404,Pendiente,Efectivo
12804,Diego luna,Dluna@email.com,Ia aplicada,Dra. chen,Drchen@uni.com,Sistemas,C-303,Pagado,Transferencia
12805,Juan pérez,Juan.p@email.com,Redes ii,Lic. martínez,Martinez@uni.com,Telecom,B-202,Cancelado,Tarjeta
12806,Pedro soto,Psoto@email.com,Redes ii,Lic. martínez,Martinez@uni.com,Telecom,B-202,Pagado,Efectivo
12807,Diego luna,Dluna@email.com,Redes ii,Lic. martínez,Martinez@uni.com,Telecom,B-202,Pagado,Efectivo
12808,Sofía vega,S.vega@email.com,Redes ii,Lic. martínez,Martinez@uni.com,Telecom,B-202,Pagado,Tarjeta
12809,Carlos ruiz,Cruiz@email.com,Matemáticas iii,Dr. gómez,Gomez@uni.com,Ciencias,D-404,Pendiente,Tarjeta
12810,Pedro soto,Psoto@email.com,Redes ii,Lic. martínez,Martinez@uni.com,Telecom,B-202,Pagado,Transferencia
12811,Laura paz,L.paz@email.com,Ia aplicada,Dra. chen,Drchen@uni.com,Sistemas,C-303,Pagado,Efectivo
12812,Luis gómez,Luis.g@email.com,Ia aplicada,Dra. chen,Drchen@uni.com,Sistemas,C-303,Cancelado,Tarjeta
12813,María lópez,M.lopez@email.com,Matemáticas iii,Dr. gómez,Gomez@uni.com,Ciencias,D-404,Pagado,Transferencia
12814,Luis gómez,Luis.g@email.com,Redes ii,Lic. martínez,Martinez@uni.com,Telecom,B-202,Cancelado,Transferencia
12815,Carlos ruiz,Cruiz@email.com,Redes ii,Lic. martínez,Martinez@uni.com,Telecom,B-202,Pagado,Tarjeta
12816,María lópez,M.lopez@email.com,Matemáticas iii,Dr. gómez,Gomez@uni.com,Ciencias,D-404,Cancelado,Efectivo
12817,Elena díaz,E.diaz@email.com,Ia aplicada,Dra. chen,Drchen@uni.com,Sistemas,C-303,Pendiente,Transferencia
12818,Carlos ruiz,Cruiz@email.com,Matemáticas iii,Dr. gómez,Gomez@uni.com,Ciencias,D-404,Pendiente,Efectivo
12819,Elena díaz,E.diaz@email.com,Ia aplicada,Dra. chen,Drchen@uni.com,Sistemas,C-303,Cancelado,Efectivo
12820,Diego luna,Dluna@email.com,Base de datos i,Ing. garcía,Garcia@uni.com,Sistemas,A-101,Cancelado,Transferencia
12821,Pedro soto,Psoto@email.com,Base de datos i,Ing. garcía,Garcia@uni.com,Sistemas,A-101,Pagado,Efectivo
12822,Pedro soto,Psoto@email.com,Ia aplicada,Dra. chen,Drchen@uni.com,Sistemas,C-303,Pagado,Tarjeta
12823,María lópez,M.lopez@email.com,Redes ii,Lic. martínez,Martinez@uni.com,Telecom,B-202,Pagado,Efectivo
12824,Carlos ruiz,Cruiz@email.com,Redes ii,Lic. martínez,Martinez@uni.com,Telecom,B-202,Pendiente,Tarjeta
12825,Elena díaz,E.diaz@email.com,Redes ii,Lic. martínez,Martinez@uni.com,Telecom,B-202,Pendiente,Efectivo
12826,Juan pérez,Juan.p@email.com,Matemáticas iii,Dr. gómez,Gomez@uni.com,Ciencias,D-404,Cancelado,Efectivo
12827,Elena díaz,E.diaz@email.com,Matemáticas iii,Dr. gómez,Gomez@uni.com,Ciencias,D-404,Pendiente,Tarjeta
12828,Pedro soto,Psoto@email.com,Base de datos i,Ing. garcía,Garcia@uni.com,Sistemas,A-101,Pendiente,Transferencia
12829,María lópez,M.lopez@email.com,Base de datos i,Ing. garcía,Garcia@uni.com,Sistemas,A-101,Pendiente,Tarjeta
12830,Ana torres,Ana.t@email.com,Ia aplicada,Dra. chen,Drchen@uni.com,Sistemas,C-303,Pagado,Efectivo
12831,Pedro soto,Psoto@email.com,Redes ii,Lic. martínez,Martinez@uni.com,Telecom,B-202,Cancelado,Efectivo
12832,Elena díaz,E.diaz@email.com,Redes ii,Lic. martínez,Martinez@uni.com,Telecom,B-202,Pendiente,Efectivo
12833,Elena díaz,E.diaz@email.com,Matemáticas iii,Dr. gómez,Gomez@uni.com,Ciencias,D-404,Pagado,Efectivo
12834,Carlos ruiz,Cruiz@email.com,Ia aplicada,Dra. chen,Drchen@uni.com,Sistemas,C-303,Cancelado,Transferencia
12835,Pedro soto,Psoto@email.com,Redes ii,Lic. martínez,Martinez@uni.com,Telecom,B-202,Cancelado,Tarjeta
12836,Luis gómez,Luis.g@email.com,Matemáticas iii,Dr. gómez,Gomez@uni.com,Ciencias,D-404,Pagado,Tarjeta
12837,Luis gómez,Luis.g@email.com,Matemáticas iii,Dr. gómez,Gomez@uni.com,Ciencias,D-404,Cancelado,Efectivo
12838,Luis gómez,Luis.g@email.com,Ia aplicada,Dra. chen,Drchen@uni.com,Sistemas,C-303,Pendiente,Transferencia
12839,Luis gómez,Luis.g@email.com,Matemáticas iii,Dr. gómez,Gomez@uni.com,Ciencias,D-404,Pagado,Efectivo
12840,Laura paz,L.paz@email.com,Base de datos i,Ing. garcía,Garcia@uni.com,Sistemas,A-101,Pendiente,Tarjeta
12841,Ana torres,Ana.t@email.com,Ia aplicada,Dra. chen,Drchen@uni.com,Sistemas,C-303,Cancelado,Tarjeta
12842,Ana torres,Ana.t@email.com,Matemáticas iii,Dr. gómez,Gomez@uni.com,Ciencias,D-404,Cancelado,Tarjeta
12843,Juan pérez,Juan.p@email.com,Ia aplicada,Dra. chen,Drchen@uni.com,Sistemas,C-303,Pendiente,Efectivo
12844,Laura paz,L.paz@email.com,Matemáticas iii,Dr. gómez,Gomez@uni.com,Ciencias,D-404,Pagado,Tarjeta
12845,Luis gómez,Luis.g@email.com,Base de datos i,Ing. garcía,Garcia@uni.com,Sistemas,A-101,Pendiente,Efectivo
12846,Carlos ruiz,Cruiz@email.com,Base de datos i,Ing. garcía,Garcia@uni.com,Sistemas,A-101,Cancelado,Transferencia
12847,Diego luna,Dluna@email.com,Redes ii,Lic. martínez,Martinez@uni.com,Telecom,B-202,Pendiente,Tarjeta
12848,Laura paz,L.paz@email.com,Ia aplicada,Dra. chen,Drchen@uni.com,Sistemas,C-303,Pagado,Tarjeta
12849,Juan pérez,Juan.p@email.com,Redes ii,Lic. martínez,Martinez@uni.com,Telecom,B-202,Pendiente,Transferencia
12850,Juan pérez,Juan.p@email.com,Redes ii,Lic. martínez,Martinez@uni.com,Telecom,B-202,Cancelado,Tarjeta
12851,Laura paz,L.paz@email.com,Matemáticas iii,Dr. gómez,Gomez@uni.com,Ciencias,D-404,Pendiente,Transferencia
12852,María lópez,M.lopez@email.com,Redes ii,Lic. martínez,Martinez@uni.com,Telecom,B-202,Pagado,Transferencia
12853,Pedro soto,Psoto@email.com,Ia aplicada,Dra. chen,Drchen@uni.com,Sistemas,C-303,Pagado,Tarjeta
12854,María lópez,M.lopez@email.com,Base de datos i,Ing. garcía,Garcia@uni.com,Sistemas,A-101,Pendiente,Efectivo
12855,Carlos ruiz,Cruiz@email.com,Base de datos i,Ing. garcía,Garcia@uni.com,Sistemas,A-101,Pendiente,Efectivo
12856,Sofía vega,S.vega@email.com,Base de datos i,Ing. garcía,Garcia@uni.com,Sistemas,A-101,Pagado,Transferencia
12857,Pedro soto,Psoto@email.com,Redes ii,Lic. martínez,Martinez@uni.com,Telecom,B-202,Cancelado,Efectivo
12858,Elena díaz,E.diaz@email.com,Matemáticas iii,Dr. gómez,Gomez@uni.com,Ciencias,D-404,Pendiente,Tarjeta
12859,Luis gómez,Luis.g@email.com,Base de datos i,Ing. garcía,Garcia@uni.com,Sistemas,A-101,Pagado,Tarjeta
12860,Pedro soto,Psoto@email.com,Redes ii,Lic. martínez,Martinez@uni.com,Telecom,B-202,Pendiente,Efectivo
12861,Pedro soto,Psoto@email.com,Redes ii,Lic. martínez,Martinez@uni.com,Telecom,B-202,Pagado,Transferencia
12862,Juan pérez,Juan.p@email.com,Redes ii,Lic. martínez,Martinez@uni.com,Telecom,B-202,Cancelado,Efectivo
12863,Elena díaz,E.diaz@email.com,Matemáticas iii,Dr. gómez,Gomez@uni.com,Ciencias,D-404,Cancelado,Efectivo
12864,Carlos ruiz,Cruiz@email.com,Base de datos i,Ing. garcía,Garcia@uni.com,Sistemas,A-101,Cancelado,Tarjeta
12865,Ana torres,Ana.t@email.com,Matemáticas iii,Dr. gómez,Gomez@uni.com,Ciencias,D-404,Pagado,Transferencia
12866,Laura paz,L.paz@email.com,Redes ii,Lic. martínez,Martinez@uni.com,Telecom,B-202,Pagado,Efectivo
12867,Ana torres,Ana.t@email.com,Ia aplicada,Dra. chen,Drchen@uni.com,Sistemas,C-303,Pendiente,Transferencia
12868,Laura paz,L.paz@email.com,Base de datos i,Ing. garcía,Garcia@uni.com,Sistemas,A-101,Pagado,Efectivo
12869,Luis gómez,Luis.g@email.com,Redes ii,Lic. martínez,Martinez@uni.com,Telecom,B-202,Cancelado,Transferencia
12870,Luis gómez,Luis.g@email.com,Base de datos i,Ing. garcía,Garcia@uni.com,Sistemas,A-101,Cancelado,Transferencia
12871,Diego luna,Dluna@email.com,Base de datos i,Ing. garcía,Garcia@uni.com,Sistemas,A-101,Pendiente,Tarjeta
12872,Luis gómez,Luis.g@email.com,Base de datos i,Ing. garcía,Garcia@uni.com,Sistemas,A-101,Pagado,Tarjeta
12873,Juan pérez,Juan.p@email.com,Matemáticas iii,Dr. gómez,Gomez@uni.com,Ciencias,D-404,Pendiente,Tarjeta
12874,Luis gómez,Luis.g@email.com,Ia aplicada,Dra. chen,Drchen@uni.com,Sistemas,C-303,Pagado,Tarjeta
12875,Carlos ruiz,Cruiz@email.com,Matemáticas iii,Dr. gómez,Gomez@uni.com,Ciencias,D-404,Pendiente,Efectivo
12876,Laura paz,L.paz@email.com,Matemáticas iii,Dr. gómez,Gomez@uni.com,Ciencias,D-404,Pagado,Tarjeta
12877,María lópez,M.lopez@email.com,Redes ii,Lic. martínez,Martinez@uni.com,Telecom,B-202,Pendiente,Efectivo
12878,Carlos ruiz,Cruiz@email.com,Ia aplicada,Dra. chen,Drchen@uni.com,Sistemas,C-303,Cancelado,Tarjeta
12879,Laura paz,L.paz@email.com,Base de datos i,Ing. garcía,Garcia@uni.com,Sistemas,A-101,Pendiente,Tarjeta
12880,Elena díaz,E.diaz@email.com,Redes ii,Lic. martínez,Martinez@uni.com,Telecom,B-202,Pendiente,Efectivo
12881,Sofía vega,S.vega@email.com,Redes ii,Lic. martínez,Martinez@uni.com,Telecom,B-202,Pendiente,Efectivo
12882,María lópez,M.lopez@email.com,Base de datos i,Ing. garcía,Garcia@uni.com,Sistemas,A-101,Cancelado,Transferencia
12883,Elena díaz,E.diaz@email.com,Base de datos i,Ing. garcía,Garcia@uni.com,Sistemas,A-101,Pagado,Tarjeta
12884,Sofía vega,S.vega@email.com,Ia aplicada,Dra. chen,Drchen@uni.com,Sistemas,C-303,Cancelado,Transferencia
12885,Sofía vega,S.vega@email.com,Ia aplicada,Dra. chen,Drchen@uni.com,Sistemas,C-303,Cancelado,Efectivo
12886,Elena díaz,E.diaz@email.com,Base de datos i,Ing. garcía,Garcia@uni.com,Sistemas,A-101,Cancelado,Efectivo
12887,Pedro soto,Psoto@email.com,Base de datos i,Ing. garcía,Garcia@uni.com,Sistemas,A-101,Pagado,Efectivo
12888,Ana torres,Ana.t@email.com,Matemáticas iii,Dr. gómez,Gomez@uni.com,Ciencias,D-404,Pagado,Tarjeta
12889,Laura paz,L.paz@email.com,Base de datos i,Ing. garcía,Garcia@uni.com,Sistemas,A-101,Cancelado,Transferencia
12890,Ana torres,Ana.t@email.com,Matemáticas iii,Dr. gómez,Gomez@uni.com,Ciencias,D-404,Pendiente,Transferencia
12891,María lópez,M.lopez@email.com,Matemáticas iii,Dr. gómez,Gomez@uni.com,Ciencias,D-404,Cancelado,Transferencia
12892,Elena díaz,E.diaz@email.com,Matemáticas iii,Dr. gómez,Gomez@uni.com,Ciencias,D-404,Pendiente,Tarjeta
12893,Elena díaz,E.diaz@email.com,Base de datos i,Ing. garcía,Garcia@uni.com,Sistemas,A-101,Pendiente,Efectivo
12894,Luis gómez,Luis.g@email.com,Matemáticas iii,Dr. gómez,Gomez@uni.com,Ciencias,D-404,Pagado,Tarjeta
12895,Juan pérez,Juan.p@email.com,Ia aplicada,Dra. chen,Drchen@uni.com,Sistemas,C-303,Pagado,Tarjeta
12896,Carlos ruiz,Cruiz@email.com,Redes ii,Lic. martínez,Martinez@uni.com,Telecom,B-202,Pagado,Tarjeta
12897,Juan pérez,Juan.p@email.com,Matemáticas iii,Dr. gómez,Gomez@uni.com,Ciencias,D-404,Cancelado,Efectivo
12898,Laura paz,L.paz@email.com,Matemáticas iii,Dr. gómez,Gomez@uni.com,Ciencias,D-404,Pagado,Tarjeta
12899,Luis gómez,Luis.g@email.com,Matemáticas iii,Dr. gómez,Gomez@uni.com,Ciencias,D-404,Pendiente,Efectivo
12900,Pedro soto,Psoto@email.com,Redes ii,Lic. martínez,Martinez@uni.com,Telecom,B-202,Pendiente,Transferencia
12901,Sofía vega,S.vega@email.com,Matemáticas iii,Dr. gómez,Gomez@uni.com,Ciencias,D-404,Pagado,Efectivo
12902,Diego luna,Dluna@email.com,Base de datos i,Ing. garcía,Garcia@uni.com,Sistemas,A-101,Pagado,Transferencia
12903,Luis gómez,Luis.g@email.com,Matemáticas iii,Dr. gómez,Gomez@uni.com,Ciencias,D-404,Cancelado,Transferencia
12904,María lópez,M.lopez@email.com,Matemáticas iii,Dr. gómez,Gomez@uni.com,Ciencias,D-404,Pendiente,Tarjeta
12905,Juan pérez,Juan.p@email.com,Redes ii,Lic. martínez,Martinez@uni.com,Telecom,B-202,Pendiente,Tarjeta
12906,Carlos ruiz,Cruiz@email.com,Matemáticas iii,Dr. gómez,Gomez@uni.com,Ciencias,D-404,Pagado,Efectivo
12907,Ana torres,Ana.t@email.com,Base de datos i,Ing. garcía,Garcia@uni.com,Sistemas,A-101,Pendiente,Efectivo
12908,Elena díaz,E.diaz@email.com,Matemáticas iii,Dr. gómez,Gomez@uni.com,Ciencias,D-404,Cancelado,Transferencia
12909,Sofía vega,S.vega@email.com,Base de datos i,Ing. garcía,Garcia@uni.com,Sistemas,A-101,Pagado,Tarjeta
12910,Ana torres,Ana.t@email.com,Matemáticas iii,Dr. gómez,Gomez@uni.com,Ciencias,D-404,Pendiente,Tarjeta
12911,Sofía vega,S.vega@email.com,Ia aplicada,Dra. chen,Drchen@uni.com,Sistemas,C-303,Pendiente,Efectivo
12912,Luis gómez,Luis.g@email.com,Matemáticas iii,Dr. gómez,Gomez@uni.com,Ciencias,D-404,Cancelado,Efectivo
12913,Carlos ruiz,Cruiz@email.com,Base de datos i,Ing. garcía,Garcia@uni.com,Sistemas,A-101,Pendiente,Efectivo
12914,Juan pérez,Juan.p@email.com,Redes ii,Lic. martínez,Martinez@uni.com,Telecom,B-202,Pagado,Tarjeta
12915,Carlos ruiz,Cruiz@email.com,Base de datos i,Ing. garcía,Garcia@uni.com,Sistemas,A-101,Pendiente,Efectivo
12916,María lópez,M.lopez@email.com,Redes ii,Lic. martínez,Martinez@uni.com,Telecom,B-202,Pendiente,Tarjeta
12917,Sofía vega,S.vega@email.com,Ia aplicada,Dra. chen,Drchen@uni.com,Sistemas,C-303,Pendiente,Efectivo
12918,Sofía vega,S.vega@email.com,Redes ii,Lic. martínez,Martinez@uni.com,Telecom,B-202,Pagado,Tarjeta
12919,Diego luna,Dluna@email.com,Matemáticas iii,Dr. gómez,Gomez@uni.com,Ciencias,D-404,Pagado,Tarjeta
12920,Juan pérez,Juan.p@email.com,Matemáticas iii,Dr. gómez,Gomez@uni.com,Ciencias,D-404,Pendiente,Tarjeta
12921,Luis gómez,Luis.g@email.com,Base de datos i,Ing. garcía,Garcia@uni.com,Sistemas,A-101,Pagado,Efectivo
12922,Sofía vega,S.vega@email.com,Base de datos i,Ing. garcía,Garcia@uni.com,Sistemas,A-101,Cancelado,Tarjeta
12923,María lópez,M.lopez@email.com,Ia aplicada,Dra. chen,Drchen@uni.com,Sistemas,C-303,Pagado,Tarjeta
12924,Diego luna,Dluna@email.com,Redes ii,Lic. martínez,Martinez@uni.com,Telecom,B-202,Pagado,Transferencia
12925,Juan pérez,Juan.p@email.com,Base de datos i,Ing. garcía,Garcia@uni.com,Sistemas,A-101,Pagado,Efectivo
12926,Carlos ruiz,Cruiz@email.com,Base de datos i,Ing. garcía,Garcia@uni.com,Sistemas,A-101,Pagado,Tarjeta
12927,Luis gómez,Luis.g@email.com,Matemáticas iii,Dr. gómez,Gomez@uni.com,Ciencias,D-404,Pagado,Tarjeta
12928,María lópez,M.lopez@email.com,Redes ii,Lic. martínez,Martinez@uni.com,Telecom,B-202,Pagado,Tarjeta
12929,Luis gómez,Luis.g@email.com,Redes ii,Lic. martínez,Martinez@uni.com,Telecom,B-202,Pagado,Transferencia
12930,Sofía vega,S.vega@email.com,Base de datos i,Ing. garcía,Garcia@uni.com,Sistemas,A-101,Pagado,Efectivo
12931,Juan pérez,Juan.p@email.com,Redes ii,Lic. martínez,Martinez@uni.com,Telecom,B-202,Cancelado,Transferencia
12932,Laura paz,L.paz@email.com,Ia aplicada,Dra. chen,Drchen@uni.com,Sistemas,C-303,Cancelado,Efectivo
12933,Carlos ruiz,Cruiz@email.com,Redes ii,Lic. martínez,Martinez@uni.com,Telecom,B-202,Pendiente,Transferencia
12934,Ana torres,Ana.t@email.com,Redes ii,Lic. martínez,Martinez@uni.com,Telecom,B-202,Pagado,Tarjeta
12935,María lópez,M.lopez@email.com,Redes ii,Lic. martínez,Martinez@uni.com,Telecom,B-202,Pagado,Tarjeta
12936,María lópez,M.lopez@email.com,Matemáticas iii,Dr. gómez,Gomez@uni.com,Ciencias,D-404,Cancelado,Transferencia
12937,Ana torres,Ana.t@email.com,Base de datos i,Ing. garcía,Garcia@uni.com,Sistemas,A-101,Pagado,Efectivo
12938,María lópez,M.lopez@email.com,Matemáticas iii,Dr. gómez,Gomez@uni.com,Ciencias,D-404,Pendiente,Transferencia
12939,Ana torres,Ana.t@email.com,Redes ii,Lic. martínez,Martinez@uni.com,Telecom,B-202,Pendiente,Transferencia
12940,Carlos ruiz,Cruiz@email.com,Matemáticas iii,Dr. gómez,Gomez@uni.com,Ciencias,D-404,Cancelado,Transferencia
12941,Elena díaz,E.diaz@email.com,Redes ii,Lic. martínez,Martinez@uni.com,Telecom,B-202,Pagado,Transferencia
12942,Ana torres,Ana.t@email.com,Ia aplicada,Dra. chen,Drchen@uni.com,Sistemas,C-303,Pagado,Efectivo
12943,Pedro soto,Psoto@email.com,Ia aplicada,Dra. chen,Drchen@uni.com,Sistemas,C-303,Cancelado,Efectivo
12944,Pedro soto,Psoto@email.com,Matemáticas iii,Dr. gómez,Gomez@uni.com,Ciencias,D-404,Pendiente,Efectivo
12945,Pedro soto,Psoto@email.com,Ia aplicada,Dra. chen,Drchen@uni.com,Sistemas,C-303,Cancelado,Tarjeta
12946,Ana torres,Ana.t@email.com,Base de datos i,Ing. garcía,Garcia@uni.com,Sistemas,A-101,Pagado,Efectivo
12947,Sofía vega,S.vega@email.com,Ia aplicada,Dra. chen,Drchen@uni.com,Sistemas,C-303,Pendiente,Transferencia
12948,Diego luna,Dluna@email.com,Base de datos i,Ing. garcía,Garcia@uni.com,Sistemas,A-101,Cancelado,Transferencia
12949,Carlos ruiz,Cruiz@email.com,Base de datos i,Ing. garcía,Garcia@uni.com,Sistemas,A-101,Pagado,Transferencia
12950,Juan pérez,Juan.p@email.com,Ia aplicada,Dra. chen,Drchen@uni.com,Sistemas,C-303,Cancelado,Efectivo
12951,Elena díaz,E.diaz@email.com,Ia aplicada,Dra. chen,Drchen@uni.com,Sistemas,C-303,Pendiente,Efectivo
12952,Juan pérez,Juan.p@email.com,Matemáticas iii,Dr. gómez,Gomez@uni.com,Ciencias,D-404,Cancelado,Transferencia
12953,Luis gómez,Luis.g@email.com,Ia aplicada,Dra. chen,Drchen@uni.com,Sistemas,C-303,Pendiente,Tarjeta
12954,Laura paz,L.paz@email.com,Matemáticas iii,Dr. gómez,Gomez@uni.com,Ciencias,D-404,Pendiente,Tarjeta
12955,Ana torres,Ana.t@email.com,Redes ii,Lic. martínez,Martinez@uni.com,Telecom,B-202,Pagado,Transferencia
12956,Juan pérez,Juan.p@email.com,Ia aplicada,Dra. chen,Drchen@uni.com,Sistemas,C-303,Pagado,Transferencia
12957,Ana torres,Ana.t@email.com,Base de datos i,Ing. garcía,Garcia@uni.com,Sistemas,A-101,Pendiente,Efectivo
12958,Luis gómez,Luis.g@email.com,Base de datos i,Ing. garcía,Garcia@uni.com,Sistemas,A-101,Pendiente,Transferencia
12959,Diego luna,Dluna@email.com,Redes ii,Lic. martínez,Martinez@uni.com,Telecom,B-202,Cancelado,Efectivo
12960,Sofía vega,S.vega@email.com,Redes ii,Lic. martínez,Martinez@uni.com,Telecom,B-202,Cancelado,Efectivo
12961,Luis gómez,Luis.g@email.com,Matemáticas iii,Dr. gómez,Gomez@uni.com,Ciencias,D-404,Pendiente,Transferencia
12962,Sofía vega,S.vega@email.com,Redes ii,Lic. martínez,Martinez@uni.com,Telecom,B-202,Pendiente,Tarjeta
12963,Elena díaz,E.diaz@email.com,Matemáticas iii,Dr. gómez,Gomez@uni.com,Ciencias,D-404,Pendiente,Tarjeta
12964,Ana torres,Ana.t@email.com,Redes ii,Lic. martínez,Martinez@uni.com,Telecom,B-202,Pendiente,Transferencia
12965,Laura paz,L.paz@email.com,Base de datos i,Ing. garcía,Garcia@uni.com,Sistemas,A-101,Pagado,Efectivo
12966,Laura paz,L.paz@email.com,Base de datos i,Ing. garcía,Garcia@uni.com,Sistemas,A-101,Cancelado,Transferencia
12967,Luis gómez,Luis.g@email.com,Matemáticas iii,Dr. gómez,Gomez@uni.com,Ciencias,D-404,Pendiente,Transferencia
12968,Sofía vega,S.vega@email.com,Ia aplicada,Dra. chen,Drchen@uni.com,Sistemas,C-303,Cancelado,Efectivo
12969,Luis gómez,Luis.g@email.com,Matemáticas iii,Dr. gómez,Gomez@uni.com,Ciencias,D-404,Pagado,Tarjeta
12970,Laura paz,L.paz@email.com,Ia aplicada,Dra. chen,Drchen@uni.com,Sistemas,C-303,Pendiente,Transferencia
12971,Luis gómez,Luis.g@email.com,Base de datos i,Ing. garcía,Garcia@uni.com,Sistemas,A-101,Cancelado,Efectivo
12972,Elena díaz,E.diaz@email.com,Base de datos i,Ing. garcía,Garcia@uni.com,Sistemas,A-101,Pagado,Efectivo
12973,Sofía vega,S.vega@email.com,Matemáticas iii,Dr. gómez,Gomez@uni.com,Ciencias,D-404,Cancelado,Transferencia
12974,Juan pérez,Juan.p@email.com,Base de datos i,Ing. garcía,Garcia@uni.com,Sistemas,A-101,Pendiente,Transferencia
12975,Sofía vega,S.vega@email.com,Ia aplicada,Dra. chen,Drchen@uni.com,Sistemas,C-303,Pendiente,Tarjeta
12976,Laura paz,L.paz@email.com,Redes ii,Lic. martínez,Martinez@uni.com,Telecom,B-202,Pendiente,Tarjeta
12977,María lópez,M.lopez@email.com,Redes ii,Lic. martínez,Martinez@uni.com,Telecom,B-202,Pendiente,Transferencia
12978,Laura paz,L.paz@email.com,Base de datos i,Ing. garcía,Garcia@uni.com,Sistemas,A-101,Pagado,Transferencia
12979,Juan pérez,Juan.p@email.com,Ia aplicada,Dra. chen,Drchen@uni.com,Sistemas,C-303,Pendiente,Tarjeta
12980,Sofía vega,S.vega@email.com,Redes ii,Lic. martínez,Martinez@uni.com,Telecom,B-202,Pendiente,Efectivo
12981,Diego luna,Dluna@email.com,Redes ii,Lic. martínez,Martinez@uni.com,Telecom,B-202,Pendiente,Efectivo
12982,Diego luna,Dluna@email.com,Ia aplicada,Dra. chen,Drchen@uni.com,Sistemas,C-303,Cancelado,Tarjeta
12983,Ana torres,Ana.t@email.com,Matemáticas iii,Dr. gómez,Gomez@uni.com,Ciencias,D-404,Cancelado,Transferencia
12984,Elena díaz,E.diaz@email.com,Matemáticas iii,Dr. gómez,Gomez@uni.com,Ciencias,D-404,Cancelado,Tarjeta
12985,Pedro soto,Psoto@email.com,Redes ii,Lic. martínez,Martinez@uni.com,Telecom,B-202,Cancelado,Tarjeta
12986,Ana torres,Ana.t@email.com,Redes ii,Lic. martínez,Martinez@uni.com,Telecom,B-202,Pendiente,Transferencia
12987,Diego luna,Dluna@email.com,Ia aplicada,Dra. chen,Drchen@uni.com,Sistemas,C-303,Cancelado,Transferencia
12988,Juan pérez,Juan.p@email.com,Redes ii,Lic. martínez,Martinez@uni.com,Telecom,B-202,Pagado,Efectivo
12989,Pedro soto,Psoto@email.com,Base de datos i,Ing. garcía,Garcia@uni.com,Sistemas,A-101,Pendiente,Transferencia
12990,Juan pérez,Juan.p@email.com,Base de datos i,Ing. garcía,Garcia@uni.com,Sistemas,A-101,Pendiente,Efectivo
12991,Ana torres,Ana.t@email.com,Matemáticas iii,Dr. gómez,Gomez@uni.com,Ciencias,D-404,Cancelado,Tarjeta
12992,Pedro soto,Psoto@email.com,Base de datos i,Ing. garcía,Garcia@uni.com,Sistemas,A-101,Cancelado,Efectivo
12993,Pedro soto,Psoto@email.com,Redes ii,Lic. martínez,Martinez@uni.com,Telecom,B-202,Pendiente,Transferencia
12994,Pedro soto,Psoto@email.com,Matemáticas iii,Dr. gómez,Gomez@uni.com,Ciencias,D-404,Pagado,Tarjeta
12995,Juan pérez,Juan.p@email.com,Ia aplicada,Dra. chen,Drchen@uni.com,Sistemas,C-303,Pagado,Tarjeta
12996,María lópez,M.lopez@email.com,Ia aplicada,Dra. chen,Drchen@uni.com,Sistemas,C-303,Pendiente,Transferencia
12997,Carlos ruiz,Cruiz@email.com,Base de datos i,Ing. garcía,Garcia@uni.com,Sistemas,A-101,Cancelado,Efectivo
12998,Elena díaz,E.diaz@email.com,Redes ii,Lic. martínez,Martinez@uni.com,Telecom,B-202,Pagado,Tarjeta
12999,Elena díaz,E.diaz@email.com,Ia aplicada,Dra. chen,Drchen@uni.com,Sistemas,C-303,Cancelado,Tarjeta
13000,Laura paz,L.paz@email.com,Redes ii,Lic. martínez,Martinez@uni.com,Telecom,B-202,Cancelado,Transferencia
13001,Luis gómez,Luis.g@email.com,Base de datos i,Ing. garcía,Garcia@uni.com,Sistemas,A-101,Cancelado,Transferencia
13002,María lópez,M.lopez@email.com,Redes ii,Lic. martínez,Martinez@uni.com,Telecom,B-202,Cancelado,Tarjeta
13003,Juan pérez,Juan.p@email.com,Base de datos i,Ing. garcía,Garcia@uni.com,Sistemas,A-101,Cancelado,Efectivo
13004,Carlos ruiz,Cruiz@email.com,Matemáticas iii,Dr. gómez,Gomez@uni.com,Ciencias,D-404,Pagado,Transferencia
13005,Sofía vega,S.vega@email.com,Ia aplicada,Dra. chen,Drchen@uni.com,Sistemas,C-303,Cancelado,Efectivo
13006,Laura paz,L.paz@email.com,Ia aplicada,Dra. chen,Drchen@uni.com,Sistemas,C-303,Cancelado,Tarjeta
13007,Juan pérez,Juan.p@email.com,Ia aplicada,Dra. chen,Drchen@uni.com,Sistemas,C-303,Pendiente,Transferencia
13008,Sofía vega,S.vega@email.com,Base de datos i,Ing. garcía,Garcia@uni.com,Sistemas,A-101,Pendiente,Tarjeta
13009,Luis gómez,Luis.g@email.com,Matemáticas iii,Dr. gómez,Gomez@uni.com,Ciencias,D-404,Cancelado,Efectivo
13010,Diego luna,Dluna@email.com,Ia aplicada,Dra. chen,Drchen@uni.com,Sistemas,C-303,Pendiente,Efectivo
13011,Laura paz,L.paz@email.com,Base de datos i,Ing. garcía,Garcia@uni.com,Sistemas,A-101,Pendiente,Transferencia
13012,Luis gómez,Luis.g@email.com,Base de datos i,Ing. garcía,Garcia@uni.com,Sistemas,A-101,Pendiente,Efectivo
13013,Elena díaz,E.diaz@email.com,Base de datos i,Ing. garcía,Garcia@uni.com,Sistemas,A-101,Cancelado,Efectivo
13014,María lópez,M.lopez@email.com,Base de datos i,Ing. garcía,Garcia@uni.com,Sistemas,A-101,Pagado,Efectivo
13015,Carlos ruiz,Cruiz@email.com,Base de datos i,Ing. garcía,Garcia@uni.com,Sistemas,A-101,Cancelado,Transferencia
13016,Juan pérez,Juan.p@email.com,Base de datos i,Ing. garcía,Garcia@uni.com,Sistemas,A-101,Pendiente,Transferencia
13017,Carlos ruiz,Cruiz@email.com,Matemáticas iii,Dr. gómez,Gomez@uni.com,Ciencias,D-404,Pagado,Tarjeta
13018,Luis gómez,Luis.g@email.com,Base de datos i,Ing. garcía,Garcia@uni.com,Sistemas,A-101,Pendiente,Tarjeta
13019,Laura paz,L.paz@email.com,Ia aplicada,Dra. chen,Drchen@uni.com,Sistemas,C-303,Pendiente,Tarjeta
13020,María lópez,M.lopez@email.com,Matemáticas iii,Dr. gómez,Gomez@uni.com,Ciencias,D-404,Pagado,Transferencia
13021,Carlos ruiz,Cruiz@email.com,Ia aplicada,Dra. chen,Drchen@uni.com,Sistemas,C-303,Cancelado,Transferencia
13022,Juan pérez,Juan.p@email.com,Redes ii,Lic. martínez,Martinez@uni.com,Telecom,B-202,Cancelado,Tarjeta
13023,Juan pérez,Juan.p@email.com,Redes ii,Lic. martínez,Martinez@uni.com,Telecom,B-202,Pagado,Transferencia
13024,Ana torres,Ana.t@email.com,Matemáticas iii,Dr. gómez,Gomez@uni.com,Ciencias,D-404,Pagado,Efectivo
13025,Luis gómez,Luis.g@email.com,Ia aplicada,Dra. chen,Drchen@uni.com,Sistemas,C-303,Pagado,Tarjeta
13026,Laura paz,L.paz@email.com,Base de datos i,Ing. garcía,Garcia@uni.com,Sistemas,A-101,Pagado,Transferencia
13027,María lópez,M.lopez@email.com,Matemáticas iii,Dr. gómez,Gomez@uni.com,Ciencias,D-404,Pendiente,Efectivo
13028,Carlos ruiz,Cruiz@email.com,Redes ii,Lic. martínez,Martinez@uni.com,Telecom,B-202,Pagado,Transferencia
13029,Diego luna,Dluna@email.com,Ia aplicada,Dra. chen,Drchen@uni.com,Sistemas,C-303,Cancelado,Efectivo
13030,Carlos ruiz,Cruiz@email.com,Redes ii,Lic. martínez,Martinez@uni.com,Telecom,B-202,Pagado,Efectivo
13031,Laura paz,L.paz@email.com,Base de datos i,Ing. garcía,Garcia@uni.com,Sistemas,A-101,Pagado,Tarjeta
13032,María lópez,M.lopez@email.com,Redes ii,Lic. martínez,Martinez@uni.com,Telecom,B-202,Pendiente,Efectivo
13033,Luis gómez,Luis.g@email.com,Matemáticas iii,Dr. gómez,Gomez@uni.com,Ciencias,D-404,Pendiente,Tarjeta
13034,Diego luna,Dluna@email.com,Redes ii,Lic. martínez,Martinez@uni.com,Telecom,B-202,Pendiente,Tarjeta
13035,Pedro soto,Psoto@email.com,Matemáticas iii,Dr. gómez,Gomez@uni.com,Ciencias,D-404,Cancelado,Transferencia
13036,Juan pérez,Juan.p@email.com,Ia aplicada,Dra. chen,Drchen@uni.com,Sistemas,C-303,Pendiente,Transferencia
13037,Ana torres,Ana.t@email.com,Ia aplicada,Dra. chen,Drchen@uni.com,Sistemas,C-303,Cancelado,Efectivo
13038,María lópez,M.lopez@email.com,Redes ii,Lic. martínez,Martinez@uni.com,Telecom,B-202,Pagado,Tarjeta
13039,Carlos ruiz,Cruiz@email.com,Redes ii,Lic. martínez,Martinez@uni.com,Telecom,B-202,Pagado,Efectivo
13040,Sofía vega,S.vega@email.com,Matemáticas iii,Dr. gómez,Gomez@uni.com,Ciencias,D-404,Cancelado,Tarjeta
13041,Juan pérez,Juan.p@email.com,Ia aplicada,Dra. chen,Drchen@uni.com,Sistemas,C-303,Cancelado,Tarjeta
13042,Elena díaz,E.diaz@email.com,Base de datos i,Ing. garcía,Garcia@uni.com,Sistemas,A-101,Cancelado,Tarjeta
13043,Luis gómez,Luis.g@email.com,Ia aplicada,Dra. chen,Drchen@uni.com,Sistemas,C-303,Pagado,Efectivo
13044,Ana torres,Ana.t@email.com,Ia aplicada,Dra. chen,Drchen@uni.com,Sistemas,C-303,Cancelado,Efectivo
13045,Ana torres,Ana.t@email.com,Base de datos i,Ing. garcía,Garcia@uni.com,Sistemas,A-101,Pendiente,Transferencia
13046,Laura paz,L.paz@email.com,Base de datos i,Ing. garcía,Garcia@uni.com,Sistemas,A-101,Pagado,Transferencia
13047,Luis gómez,Luis.g@email.com,Matemáticas iii,Dr. gómez,Gomez@uni.com,Ciencias,D-404,Cancelado,Transferencia
13048,Carlos ruiz,Cruiz@email.com,Base de datos i,Ing. garcía,Garcia@uni.com,Sistemas,A-101,Cancelado,Transferencia
13049,Ana torres,Ana.t@email.com,Base de datos i,Ing. garcía,Garcia@uni.com,Sistemas,A-101,Cancelado,Tarjeta
13050,Laura paz,L.paz@email.com,Ia aplicada,Dra. chen,Drchen@uni.com,Sistemas,C-303,Cancelado,Efectivo
13051,Elena díaz,E.diaz@email.com,Ia aplicada,Dra. chen,Drchen@uni.com,Sistemas,C-303,Pendiente,Efectivo
13052,Luis gómez,Luis.g@email.com,Matemáticas iii,Dr. gómez,Gomez@uni.com,Ciencias,D-404,Pendiente,Efectivo
13053,María lópez,M.lopez@email.com,Base de datos i,Ing. garcía,Garcia@uni.com,Sistemas,A-101,Pagado,Efectivo
13054,Luis gómez,Luis.g@email.com,Redes ii,Lic. martínez,Martinez@uni.com,Telecom,B-202,Cancelado,Transferencia
13055,Laura paz,L.paz@email.com,Base de datos i,Ing. garcía,Garcia@uni.com,Sistemas,A-101,Cancelado,Efectivo
13056,Pedro soto,Psoto@email.com,Redes ii,Lic. martínez,Martinez@uni.com,Telecom,B-202,Pagado,Transferencia
13057,Elena díaz,E.diaz@email.com,Redes ii,Lic. martínez,Martinez@uni.com,Telecom,B-202,Cancelado,Efectivo
13058,Juan pérez,Juan.p@email.com,Ia aplicada,Dra. chen,Drchen@uni.com,Sistemas,C-303,Pendiente,Tarjeta
13059,Diego luna,Dluna@email.com,Ia aplicada,Dra. chen,Drchen@uni.com,Sistemas,C-303,Cancelado,Efectivo
13060,Pedro soto,Psoto@email.com,Matemáticas iii,Dr. gómez,Gomez@uni.com,Ciencias,D-404,Pagado,Tarjeta
13061,Pedro soto,Psoto@email.com,Redes ii,Lic. martínez,Martinez@uni.com,Telecom,B-202,Pendiente,Efectivo
13062,Laura paz,L.paz@email.com,Base de datos i,Ing. garcía,Garcia@uni.com,Sistemas,A-101,Pendiente,Transferencia
13063,Pedro soto,Psoto@email.com,Matemáticas iii,Dr. gómez,Gomez@uni.com,Ciencias,D-404,Cancelado,Transferencia
13064,Carlos ruiz,Cruiz@email.com,Ia aplicada,Dra. chen,Drchen@uni.com,Sistemas,C-303,Pendiente,Transferencia
13065,Pedro soto,Psoto@email.com,Ia aplicada,Dra. chen,Drchen@uni.com,Sistemas,C-303,Pagado,Tarjeta
13066,Sofía vega,S.vega@email.com,Base de datos i,Ing. garcía,Garcia@uni.com,Sistemas,A-101,Cancelado,Transferencia
13067,Ana torres,Ana.t@email.com,Redes ii,Lic. martínez,Martinez@uni.com,Telecom,B-202,Pendiente,Efectivo
13068,Juan pérez,Juan.p@email.com,Ia aplicada,Dra. chen,Drchen@uni.com,Sistemas,C-303,Pendiente,Tarjeta
13069,Pedro soto,Psoto@email.com,Redes ii,Lic. martínez,Martinez@uni.com,Telecom,B-202,Pendiente,Efectivo
13070,Juan pérez,Juan.p@email.com,Ia aplicada,Dra. chen,Drchen@uni.com,Sistemas,C-303,Cancelado,Tarjeta
13071,Luis gómez,Luis.g@email.com,Redes ii,Lic. martínez,Martinez@uni.com,Telecom,B-202,Cancelado,Efectivo
13072,Laura paz,L.paz@email.com,Base de datos i,Ing. garcía,Garcia@uni.com,Sistemas,A-101,Pagado,Efectivo
13073,Pedro soto,Psoto@email.com,Ia aplicada,Dra. chen,Drchen@uni.com,Sistemas,C-303,Cancelado,Efectivo
13074,Sofía vega,S.vega@email.com,Base de datos i,Ing. garcía,Garcia@uni.com,Sistemas,A-101,Cancelado,Transferencia
13075,Sofía vega,S.vega@email.com,Ia aplicada,Dra. chen,Drchen@uni.com,Sistemas,C-303,Pagado,Transferencia
13076,Carlos ruiz,Cruiz@email.com,Base de datos i,Ing. garcía,Garcia@uni.com,Sistemas,A-101,Pagado,Transferencia
13077,Sofía vega,S.vega@email.com,Base de datos i,Ing. garcía,Garcia@uni.com,Sistemas,A-101,Pendiente,Tarjeta
13078,Carlos ruiz,Cruiz@email.com,Base de datos i,Ing. garcía,Garcia@uni.com,Sistemas,A-101,Cancelado,Efectivo
13079,Ana torres,Ana.t@email.com,Matemáticas iii,Dr. gómez,Gomez@uni.com,Ciencias,D-404,Cancelado,Tarjeta
13080,Pedro soto,Psoto@email.com,Matemáticas iii,Dr. gómez,Gomez@uni.com,Ciencias,D-404,Pendiente,Tarjeta
13081,Carlos ruiz,Cruiz@email.com,Base de datos i,Ing. garcía,Garcia@uni.com,Sistemas,A-101,Cancelado,Tarjeta
13082,Carlos ruiz,Cruiz@email.com,Matemáticas iii,Dr. gómez,Gomez@uni.com,Ciencias,D-404,Pagado,Transferencia
13083,Luis gómez,Luis.g@email.com,Ia aplicada,Dra. chen,Drchen@uni.com,Sistemas,C-303,Pendiente,Efectivo
13084,Sofía vega,S.vega@email.com,Matemáticas iii,Dr. gómez,Gomez@uni.com,Ciencias,D-404,Cancelado,Efectivo
13085,Juan pérez,Juan.p@email.com,Ia aplicada,Dra. chen,Drchen@uni.com,Sistemas,C-303,Pagado,Efectivo
13086,Laura paz,L.paz@email.com,Ia aplicada,Dra. chen,Drchen@uni.com,Sistemas,C-303,Cancelado,Efectivo
13087,Carlos ruiz,Cruiz@email.com,Ia aplicada,Dra. chen,Drchen@uni.com,Sistemas,C-303,Pagado,Efectivo
13088,Sofía vega,S.vega@email.com,Ia aplicada,Dra. chen,Drchen@uni.com,Sistemas,C-303,Pagado,Tarjeta
13089,Juan pérez,Juan.p@email.com,Matemáticas iii,Dr. gómez,Gomez@uni.com,Ciencias,D-404,Pendiente,Efectivo
13090,Laura paz,L.paz@email.com,Ia aplicada,Dra. chen,Drchen@uni.com,Sistemas,C-303,Pagado,Tarjeta
13091,María lópez,M.lopez@email.com,Matemáticas iii,Dr. gómez,Gomez@uni.com,Ciencias,D-404,Pendiente,Transferencia
13092,Elena díaz,E.diaz@email.com,Redes ii,Lic. martínez,Martinez@uni.com,Telecom,B-202,Cancelado,Transferencia
13093,Juan pérez,Juan.p@email.com,Base de datos i,Ing. garcía,Garcia@uni.com,Sistemas,A-101,Cancelado,Tarjeta
13094,Elena díaz,E.diaz@email.com,Base de datos i,Ing. garcía,Garcia@uni.com,Sistemas,A-101,Pagado,Transferencia
13095,Elena díaz,E.diaz@email.com,Ia aplicada,Dra. chen,Drchen@uni.com,Sistemas,C-303,Pendiente,Efectivo
13096,Pedro soto,Psoto@email.com,Redes ii,Lic. martínez,Martinez@uni.com,Telecom,B-202,Pendiente,Transferencia
13097,Elena díaz,E.diaz@email.com,Base de datos i,Ing. garcía,Garcia@uni.com,Sistemas,A-101,Pendiente,Efectivo
13098,Elena díaz,E.diaz@email.com,Redes ii,Lic. martínez,Martinez@uni.com,Telecom,B-202,Cancelado,Tarjeta
13099,Diego luna,Dluna@email.com,Ia aplicada,Dra. chen,Drchen@uni.com,Sistemas,C-303,Cancelado,Tarjeta
13100,Diego luna,Dluna@email.com,Matemáticas iii,Dr. gómez,Gomez@uni.com,Ciencias,D-404,Pagado,Tarjeta
13101,Elena díaz,E.diaz@email.com,Base de datos i,Ing. garcía,Garcia@uni.com,Sistemas,A-101,Pagado,Transferencia
13102,Diego luna,Dluna@email.com,Matemáticas iii,Dr. gómez,Gomez@uni.com,Ciencias,D-404,Pagado,Transferencia
13103,Diego luna,Dluna@email.com,Ia aplicada,Dra. chen,Drchen@uni.com,Sistemas,C-303,Pendiente,Tarjeta
13104,Laura paz,L.paz@email.com,Base de datos i,Ing. garcía,Garcia@uni.com,Sistemas,A-101,Pagado,Transferencia
13105,Luis gómez,Luis.g@email.com,Redes ii,Lic. martínez,Martinez@uni.com,Telecom,B-202,Pagado,Transferencia
13106,Ana torres,Ana.t@email.com,Redes ii,Lic. martínez,Martinez@uni.com,Telecom,B-202,Pendiente,Transferencia
13107,Pedro soto,Psoto@email.com,Matemáticas iii,Dr. gómez,Gomez@uni.com,Ciencias,D-404,Pendiente,Tarjeta
13108,Sofía vega,S.vega@email.com,Redes ii,Lic. martínez,Martinez@uni.com,Telecom,B-202,Pendiente,Efectivo
13109,Pedro soto,Psoto@email.com,Ia aplicada,Dra. chen,Drchen@uni.com,Sistemas,C-303,Pendiente,Efectivo
13110,Diego luna,Dluna@email.com,Ia aplicada,Dra. chen,Drchen@uni.com,Sistemas,C-303,Pagado,Transferencia
13111,Carlos ruiz,Cruiz@email.com,Redes ii,Lic. martínez,Martinez@uni.com,Telecom,B-202,Cancelado,Efectivo
13112,Sofía vega,S.vega@email.com,Matemáticas iii,Dr. gómez,Gomez@uni.com,Ciencias,D-404,Cancelado,Efectivo
13113,Laura paz,L.paz@email.com,Redes ii,Lic. martínez,Martinez@uni.com,Telecom,B-202,Pendiente,Transferencia
13114,Sofía vega,S.vega@email.com,Redes ii,Lic. martínez,Martinez@uni.com,Telecom,B-202,Cancelado,Tarjeta
13115,Carlos ruiz,Cruiz@email.com,Ia aplicada,Dra. chen,Drchen@uni.com,Sistemas,C-303,Cancelado,Efectivo
13116,María lópez,M.lopez@email.com,Ia aplicada,Dra. chen,Drchen@uni.com,Sistemas,C-303,Pendiente,Tarjeta
13117,Elena díaz,E.diaz@email.com,Redes ii,Lic. martínez,Martinez@uni.com,Telecom,B-202,Cancelado,Tarjeta
13118,Pedro soto,Psoto@email.com,Redes ii,Lic. martínez,Martinez@uni.com,Telecom,B-202,Pagado,Tarjeta
13119,Sofía vega,S.vega@email.com,Ia aplicada,Dra. chen,Drchen@uni.com,Sistemas,C-303,Cancelado,Efectivo
13120,Pedro soto,Psoto@email.com,Base de datos i,Ing. garcía,Garcia@uni.com,Sistemas,A-101,Pagado,Efectivo
13121,María lópez,M.lopez@email.com,Ia aplicada,Dra. chen,Drchen@uni.com,Sistemas,C-303,Pagado,Efectivo
13122,Diego luna,Dluna@email.com,Matemáticas iii,Dr. gómez,Gomez@uni.com,Ciencias,D-404,Pendiente,Tarjeta
13123,Luis gómez,Luis.g@email.com,Ia aplicada,Dra. chen,Drchen@uni.com,Sistemas,C-303,Pagado,Tarjeta
13124,Sofía vega,S.vega@email.com,Base de datos i,Ing. garcía,Garcia@uni.com,Sistemas,A-101,Pagado,Efectivo
13125,Diego luna,Dluna@email.com,Matemáticas iii,Dr. gómez,Gomez@uni.com,Ciencias,D-404,Cancelado,Transferencia
13126,Luis gómez,Luis.g@email.com,Ia aplicada,Dra. chen,Drchen@uni.com,Sistemas,C-303,Pendiente,Efectivo
13127,Sofía vega,S.vega@email.com,Ia aplicada,Dra. chen,Drchen@uni.com,Sistemas,C-303,Pendiente,Tarjeta
13128,Ana torres,Ana.t@email.com,Matemáticas iii,Dr. gómez,Gomez@uni.com,Ciencias,D-404,Pagado,Efectivo
13129,Pedro soto,Psoto@email.com,Matemáticas iii,Dr. gómez,Gomez@uni.com,Ciencias,D-404,Pendiente,Transferencia
13130,Elena díaz,E.diaz@email.com,Redes ii,Lic. martínez,Martinez@uni.com,Telecom,B-202,Cancelado,Tarjeta
13131,Carlos ruiz,Cruiz@email.com,Redes ii,Lic. martínez,Martinez@uni.com,Telecom,B-202,Pagado,Tarjeta
13132,Carlos ruiz,Cruiz@email.com,Redes ii,Lic. martínez,Martinez@uni.com,Telecom,B-202,Cancelado,Efectivo
13133,Ana torres,Ana.t@email.com,Redes ii,Lic. martínez,Martinez@uni.com,Telecom,B-202,Pendiente,Efectivo
13134,Pedro soto,Psoto@email.com,Matemáticas iii,Dr. gómez,Gomez@uni.com,Ciencias,D-404,Cancelado,Tarjeta
13135,Juan pérez,Juan.p@email.com,Redes ii,Lic. martínez,Martinez@uni.com,Telecom,B-202,Cancelado,Transferencia
13136,Diego luna,Dluna@email.com,Ia aplicada,Dra. chen,Drchen@uni.com,Sistemas,C-303,Pendiente,Tarjeta
13137,Luis gómez,Luis.g@email.com,Matemáticas iii,Dr. gómez,Gomez@uni.com,Ciencias,D-404,Pagado,Tarjeta
13138,Sofía vega,S.vega@email.com,Base de datos i,Ing. garcía,Garcia@uni.com,Sistemas,A-101,Pendiente,Efectivo
13139,Sofía vega,S.vega@email.com,Ia aplicada,Dra. chen,Drchen@uni.com,Sistemas,C-303,Cancelado,Efectivo
13140,Sofía vega,S.vega@email.com,Redes ii,Lic. martínez,Martinez@uni.com,Telecom,B-202,Pendiente,Efectivo
13141,Juan pérez,Juan.p@email.com,Matemáticas iii,Dr. gómez,Gomez@uni.com,Ciencias,D-404,Pagado,Transferencia
13142,Pedro soto,Psoto@email.com,Ia aplicada,Dra. chen,Drchen@uni.com,Sistemas,C-303,Pagado,Tarjeta
13143,Ana torres,Ana.t@email.com,Ia aplicada,Dra. chen,Drchen@uni.com,Sistemas,C-303,Pendiente,Transferencia
13144,Juan pérez,Juan.p@email.com,Redes ii,Lic. martínez,Martinez@uni.com,Telecom,B-202,Cancelado,Transferencia
13145,Luis gómez,Luis.g@email.com,Base de datos i,Ing. garcía,Garcia@uni.com,Sistemas,A-101,Pendiente,Transferencia
13146,Ana torres,Ana.t@email.com,Ia aplicada,Dra. chen,Drchen@uni.com,Sistemas,C-303,Pagado,Tarjeta
13147,Luis gómez,Luis.g@email.com,Redes ii,Lic. martínez,Martinez@uni.com,Telecom,B-202,Pendiente,Efectivo
13148,María lópez,M.lopez@email.com,Ia aplicada,Dra. chen,Drchen@uni.com,Sistemas,C-303,Cancelado,Efectivo
13149,Ana torres,Ana.t@email.com,Base de datos i,Ing. garcía,Garcia@uni.com,Sistemas,A-101,Cancelado,Efectivo
13150,Elena díaz,E.diaz@email.com,Matemáticas iii,Dr. gómez,Gomez@uni.com,Ciencias,D-404,Cancelado,Transferencia
13151,Ana torres,Ana.t@email.com,Ia aplicada,Dra. chen,Drchen@uni.com,Sistemas,C-303,Cancelado,Tarjeta
13152,Elena díaz,E.diaz@email.com,Matemáticas iii,Dr. gómez,Gomez@uni.com,Ciencias,D-404,Pagado,Efectivo
13153,Pedro soto,Psoto@email.com,Ia aplicada,Dra. chen,Drchen@uni.com,Sistemas,C-303,Pagado,Transferencia
13154,Diego luna,Dluna@email.com,Redes ii,Lic. martínez,Martinez@uni.com,Telecom,B-202,Pendiente,Tarjeta
13155,Ana torres,Ana.t@email.com,Ia aplicada,Dra. chen,Drchen@uni.com,Sistemas,C-303,Pendiente,Tarjeta
13156,Juan pérez,Juan.p@email.com,Matemáticas iii,Dr. gómez,Gomez@uni.com,Ciencias,D-404,Pagado,Transferencia
13157,Diego luna,Dluna@email.com,Ia aplicada,Dra. chen,Drchen@uni.com,Sistemas,C-303,Pendiente,Efectivo
13158,Pedro soto,Psoto@email.com,Base de datos i,Ing. garcía,Garcia@uni.com,Sistemas,A-101,Cancelado,Transferencia
13159,Sofía vega,S.vega@email.com,Ia aplicada,Dra. chen,Drchen@uni.com,Sistemas,C-303,Pendiente,Efectivo
13160,María lópez,M.lopez@email.com,Matemáticas iii,Dr. gómez,Gomez@uni.com,Ciencias,D-404,Cancelado,Transferencia
13161,Diego luna,Dluna@email.com,Redes ii,Lic. martínez,Martinez@uni.com,Telecom,B-202,Pendiente,Efectivo
13162,Ana torres,Ana.t@email.com,Matemáticas iii,Dr. gómez,Gomez@uni.com,Ciencias,D-404,Pagado,Tarjeta
13163,Carlos ruiz,Cruiz@email.com,Redes ii,Lic. martínez,Martinez@uni.com,Telecom,B-202,Cancelado,Transferencia
13164,Juan pérez,Juan.p@email.com,Base de datos i,Ing. garcía,Garcia@uni.com,Sistemas,A-101,Cancelado,Transferencia
13165,Pedro soto,Psoto@email.com,Redes ii,Lic. martínez,Martinez@uni.com,Telecom,B-202,Pendiente,Tarjeta
13166,Diego luna,Dluna@email.com,Redes ii,Lic. martínez,Martinez@uni.com,Telecom,B-202,Pagado,Transferencia
13167,Carlos ruiz,Cruiz@email.com,Ia aplicada,Dra. chen,Drchen@uni.com,Sistemas,C-303,Pagado,Efectivo
13168,Laura paz,L.paz@email.com,Redes ii,Lic. martínez,Martinez@uni.com,Telecom,B-202,Pendiente,Transferencia
13169,Ana torres,Ana.t@email.com,Ia aplicada,Dra. chen,Drchen@uni.com,Sistemas,C-303,Pagado,Tarjeta
13170,María lópez,M.lopez@email.com,Base de datos i,Ing. garcía,Garcia@uni.com,Sistemas,A-101,Pagado,Transferencia
13171,María lópez,M.lopez@email.com,Ia aplicada,Dra. chen,Drchen@uni.com,Sistemas,C-303,Cancelado,Transferencia
13172,Luis gómez,Luis.g@email.com,Matemáticas iii,Dr. gómez,Gomez@uni.com,Ciencias,D-404,Cancelado,Tarjeta
13173,Elena díaz,E.diaz@email.com,Matemáticas iii,Dr. gómez,Gomez@uni.com,Ciencias,D-404,Cancelado,Tarjeta
13174,Pedro soto,Psoto@email.com,Ia aplicada,Dra. chen,Drchen@uni.com,Sistemas,C-303,Pendiente,Efectivo
13175,María lópez,M.lopez@email.com,Matemáticas iii,Dr. gómez,Gomez@uni.com,Ciencias,D-404,Cancelado,Transferencia
13176,Luis gómez,Luis.g@email.com,Ia aplicada,Dra. chen,Drchen@uni.com,Sistemas,C-303,Cancelado,Efectivo
13177,María lópez,M.lopez@email.com,Matemáticas iii,Dr. gómez,Gomez@uni.com,Ciencias,D-404,Pagado,Efectivo
13178,Laura paz,L.paz@email.com,Redes ii,Lic. martínez,Martinez@uni.com,Telecom,B-202,Cancelado,Transferencia
13179,Pedro soto,Psoto@email.com,Base de datos i,Ing. garcía,Garcia@uni.com,Sistemas,A-101,Cancelado,Efectivo
13180,Pedro soto,Psoto@email.com,Base de datos i,Ing. garcía,Garcia@uni.com,Sistemas,A-101,Pagado,Tarjeta
13181,María lópez,M.lopez@email.com,Matemáticas iii,Dr. gómez,Gomez@uni.com,Ciencias,D-404,Cancelado,Transferencia
13182,Carlos ruiz,Cruiz@email.com,Ia aplicada,Dra. chen,Drchen@uni.com,Sistemas,C-303,Pagado,Efectivo
13183,Luis gómez,Luis.g@email.com,Matemáticas iii,Dr. gómez,Gomez@uni.com,Ciencias,D-404,Pagado,Efectivo
13184,María lópez,M.lopez@email.com,Redes ii,Lic. martínez,Martinez@uni.com,Telecom,B-202,Pendiente,Transferencia
13185,Ana torres,Ana.t@email.com,Base de datos i,Ing. garcía,Garcia@uni.com,Sistemas,A-101,Cancelado,Tarjeta
13186,Diego luna,Dluna@email.com,Matemáticas iii,Dr. gómez,Gomez@uni.com,Ciencias,D-404,Cancelado,Tarjeta
13187,Diego luna,Dluna@email.com,Matemáticas iii,Dr. gómez,Gomez@uni.com,Ciencias,D-404,Pendiente,Transferencia
13188,Ana torres,Ana.t@email.com,Matemáticas iii,Dr. gómez,Gomez@uni.com,Ciencias,D-404,Pendiente,Transferencia
13189,Luis gómez,Luis.g@email.com,Matemáticas iii,Dr. gómez,Gomez@uni.com,Ciencias,D-404,Cancelado,Efectivo
13190,Ana torres,Ana.t@email.com,Matemáticas iii,Dr. gómez,Gomez@uni.com,Ciencias,D-404,Pendiente,Tarjeta
13191,Juan pérez,Juan.p@email.com,Matemáticas iii,Dr. gómez,Gomez@uni.com,Ciencias,D-404,Cancelado,Tarjeta
13192,Luis gómez,Luis.g@email.com,Matemáticas iii,Dr. gómez,Gomez@uni.com,Ciencias,D-404,Pendiente,Transferencia
13193,Sofía vega,S.vega@email.com,Matemáticas iii,Dr. gómez,Gomez@uni.com,Ciencias,D-404,Pendiente,Transferencia
13194,Luis gómez,Luis.g@email.com,Matemáticas iii,Dr. gómez,Gomez@uni.com,Ciencias,D-404,Pagado,Transferencia
13195,Luis gómez,Luis.g@email.com,Ia aplicada,Dra. chen,Drchen@uni.com,Sistemas,C-303,Cancelado,Transferencia
13196,Pedro soto,Psoto@email.com,Matemáticas iii,Dr. gómez,Gomez@uni.com,Ciencias,D-404,Cancelado,Transferencia
13197,Luis gómez,Luis.g@email.com,Matemáticas iii,Dr. gómez,Gomez@uni.com,Ciencias,D-404,Cancelado,Transferencia
13198,Carlos ruiz,Cruiz@email.com,Redes ii,Lic. martínez,Martinez@uni.com,Telecom,B-202,Pendiente,Efectivo
13199,Elena díaz,E.diaz@email.com,Matemáticas iii,Dr. gómez,Gomez@uni.com,Ciencias,D-404,Cancelado,Efectivo
13200,Elena díaz,E.diaz@email.com,Matemáticas iii,Dr. gómez,Gomez@uni.com,Ciencias,D-404,Pendiente,Tarjeta
13201,Diego luna,Dluna@email.com,Matemáticas iii,Dr. gómez,Gomez@uni.com,Ciencias,D-404,Cancelado,Efectivo
13202,María lópez,M.lopez@email.com,Ia aplicada,Dra. chen,Drchen@uni.com,Sistemas,C-303,Pendiente,Transferencia
13203,Elena díaz,E.diaz@email.com,Redes ii,Lic. martínez,Martinez@uni.com,Telecom,B-202,Cancelado,Transferencia
13204,Elena díaz,E.diaz@email.com,Matemáticas iii,Dr. gómez,Gomez@uni.com,Ciencias,D-404,Pagado,Efectivo
13205,Elena díaz,E.diaz@email.com,Ia aplicada,Dra. chen,Drchen@uni.com,Sistemas,C-303,Pagado,Efectivo
13206,Pedro soto,Psoto@email.com,Redes ii,Lic. martínez,Martinez@uni.com,Telecom,B-202,Cancelado,Tarjeta
13207,Laura paz,L.paz@email.com,Base de datos i,Ing. garcía,Garcia@uni.com,Sistemas,A-101,Cancelado,Efectivo
13208,Sofía vega,S.vega@email.com,Matemáticas iii,Dr. gómez,Gomez@uni.com,Ciencias,D-404,Cancelado,Transferencia
13209,Elena díaz,E.diaz@email.com,Redes ii,Lic. martínez,Martinez@uni.com,Telecom,B-202,Cancelado,Tarjeta
13210,Laura paz,L.paz@email.com,Matemáticas iii,Dr. gómez,Gomez@uni.com,Ciencias,D-404,Cancelado,Efectivo
13211,Pedro soto,Psoto@email.com,Ia aplicada,Dra. chen,Drchen@uni.com,Sistemas,C-303,Cancelado,Transferencia
13212,Luis gómez,Luis.g@email.com,Matemáticas iii,Dr. gómez,Gomez@uni.com,Ciencias,D-404,Pendiente,Tarjeta
13213,Sofía vega,S.vega@email.com,Redes ii,Lic. martínez,Martinez@uni.com,Telecom,B-202,Pendiente,Tarjeta
13214,Juan pérez,Juan.p@email.com,Redes ii,Lic. martínez,Martinez@uni.com,Telecom,B-202,Pagado,Tarjeta
13215,Laura paz,L.paz@email.com,Ia aplicada,Dra. chen,Drchen@uni.com,Sistemas,C-303,Pagado,Transferencia
13216,Juan pérez,Juan.p@email.com,Ia aplicada,Dra. chen,Drchen@uni.com,Sistemas,C-303,Pendiente,Efectivo
13217,Juan pérez,Juan.p@email.com,Matemáticas iii,Dr. gómez,Gomez@uni.com,Ciencias,D-404,Pendiente,Efectivo
13218,Elena díaz,E.diaz@email.com,Base de datos i,Ing. garcía,Garcia@uni.com,Sistemas,A-101,Cancelado,Efectivo
13219,Elena díaz,E.diaz@email.com,Base de datos i,Ing. garcía,Garcia@uni.com,Sistemas,A-101,Pendiente,Transferencia
13220,Diego luna,Dluna@email.com,Redes ii,Lic. martínez,Martinez@uni.com,Telecom,B-202,Cancelado,Efectivo
13221,Elena díaz,E.diaz@email.com,Matemáticas iii,Dr. gómez,Gomez@uni.com,Ciencias,D-404,Pendiente,Tarjeta
13222,Diego luna,Dluna@email.com,Matemáticas iii,Dr. gómez,Gomez@uni.com,Ciencias,D-404,Pendiente,Transferencia
13223,María lópez,M.lopez@email.com,Redes ii,Lic. martínez,Martinez@uni.com,Telecom,B-202,Pendiente,Tarjeta
13224,Diego luna,Dluna@email.com,Redes ii,Lic. martínez,Martinez@uni.com,Telecom,B-202,Pagado,Transferencia
13225,Diego luna,Dluna@email.com,Base de datos i,Ing. garcía,Garcia@uni.com,Sistemas,A-101,Cancelado,Efectivo
13226,Elena díaz,E.diaz@email.com,Redes ii,Lic. martínez,Martinez@uni.com,Telecom,B-202,Pendiente,Tarjeta
13227,Sofía vega,S.vega@email.com,Redes ii,Lic. martínez,Martinez@uni.com,Telecom,B-202,Pendiente,Efectivo
13228,Sofía vega,S.vega@email.com,Matemáticas iii,Dr. gómez,Gomez@uni.com,Ciencias,D-404,Pendiente,Transferencia
13229,Ana torres,Ana.t@email.com,Matemáticas iii,Dr. gómez,Gomez@uni.com,Ciencias,D-404,Cancelado,Transferencia
13230,Juan pérez,Juan.p@email.com,Base de datos i,Ing. garcía,Garcia@uni.com,Sistemas,A-101,Cancelado,Transferencia
13231,Diego luna,Dluna@email.com,Redes ii,Lic. martínez,Martinez@uni.com,Telecom,B-202,Pagado,Transferencia
13232,Sofía vega,S.vega@email.com,Redes ii,Lic. martínez,Martinez@uni.com,Telecom,B-202,Pagado,Efectivo
13233,Diego luna,Dluna@email.com,Matemáticas iii,Dr. gómez,Gomez@uni.com,Ciencias,D-404,Pagado,Tarjeta
13234,Pedro soto,Psoto@email.com,Matemáticas iii,Dr. gómez,Gomez@uni.com,Ciencias,D-404,Cancelado,Transferencia
13235,Diego luna,Dluna@email.com,Ia aplicada,Dra. chen,Drchen@uni.com,Sistemas,C-303,Pendiente,Tarjeta
13236,Juan pérez,Juan.p@email.com,Ia aplicada,Dra. chen,Drchen@uni.com,Sistemas,C-303,Pendiente,Efectivo
13237,Pedro soto,Psoto@email.com,Redes ii,Lic. martínez,Martinez@uni.com,Telecom,B-202,Cancelado,Efectivo
13238,Sofía vega,S.vega@email.com,Matemáticas iii,Dr. gómez,Gomez@uni.com,Ciencias,D-404,Cancelado,Transferencia
13239,Pedro soto,Psoto@email.com,Ia aplicada,Dra. chen,Drchen@uni.com,Sistemas,C-303,Pendiente,Efectivo
13240,Luis gómez,Luis.g@email.com,Matemáticas iii,Dr. gómez,Gomez@uni.com,Ciencias,D-404,Cancelado,Transferencia
13241,Luis gómez,Luis.g@email.com,Ia aplicada,Dra. chen,Drchen@uni.com,Sistemas,C-303,Cancelado,Transferencia
13242,Pedro soto,Psoto@email.com,Matemáticas iii,Dr. gómez,Gomez@uni.com,Ciencias,D-404,Pendiente,Tarjeta
13243,Juan pérez,Juan.p@email.com,Redes ii,Lic. martínez,Martinez@uni.com,Telecom,B-202,Cancelado,Efectivo
13244,Pedro soto,Psoto@email.com,Matemáticas iii,Dr. gómez,Gomez@uni.com,Ciencias,D-404,Cancelado,Transferencia
13245,Carlos ruiz,Cruiz@email.com,Base de datos i,Ing. garcía,Garcia@uni.com,Sistemas,A-101,Pendiente,Tarjeta
13246,Ana torres,Ana.t@email.com,Ia aplicada,Dra. chen,Drchen@uni.com,Sistemas,C-303,Pagado,Tarjeta
13247,Luis gómez,Luis.g@email.com,Redes ii,Lic. martínez,Martinez@uni.com,Telecom,B-202,Cancelado,Tarjeta
13248,María lópez,M.lopez@email.com,Ia aplicada,Dra. chen,Drchen@uni.com,Sistemas,C-303,Pagado,Efectivo
13249,Ana torres,Ana.t@email.com,Redes ii,Lic. martínez,Martinez@uni.com,Telecom,B-202,Pendiente,Tarjeta
13250,Pedro soto,Psoto@email.com,Ia aplicada,Dra. chen,Drchen@uni.com,Sistemas,C-303,Pendiente,Transferencia
13251,Sofía vega,S.vega@email.com,Ia aplicada,Dra. chen,Drchen@uni.com,Sistemas,C-303,Pendiente,Transferencia
13252,Elena díaz,E.diaz@email.com,Redes ii,Lic. martínez,Martinez@uni.com,Telecom,B-202,Pagado,Tarjeta
13253,María lópez,M.lopez@email.com,Matemáticas iii,Dr. gómez,Gomez@uni.com,Ciencias,D-404,Pendiente,Tarjeta
13254,Pedro soto,Psoto@email.com,Redes ii,Lic. martínez,Martinez@uni.com,Telecom,B-202,Cancelado,Transferencia
13255,María lópez,M.lopez@email.com,Base de datos i,Ing. garcía,Garcia@uni.com,Sistemas,A-101,Pendiente,Tarjeta
13256,Ana torres,Ana.t@email.com,Ia aplicada,Dra. chen,Drchen@uni.com,Sistemas,C-303,Pagado,Efectivo
13257,Sofía vega,S.vega@email.com,Matemáticas iii,Dr. gómez,Gomez@uni.com,Ciencias,D-404,Pendiente,Efectivo
13258,María lópez,M.lopez@email.com,Matemáticas iii,Dr. gómez,Gomez@uni.com,Ciencias,D-404,Cancelado,Transferencia
13259,María lópez,M.lopez@email.com,Ia aplicada,Dra. chen,Drchen@uni.com,Sistemas,C-303,Pendiente,Transferencia
13260,Sofía vega,S.vega@email.com,Redes ii,Lic. martínez,Martinez@uni.com,Telecom,B-202,Pagado,Tarjeta
13261,María lópez,M.lopez@email.com,Base de datos i,Ing. garcía,Garcia@uni.com,Sistemas,A-101,Cancelado,Efectivo
13262,Juan pérez,Juan.p@email.com,Base de datos i,Ing. garcía,Garcia@uni.com,Sistemas,A-101,Pendiente,Transferencia
13263,Carlos ruiz,Cruiz@email.com,Ia aplicada,Dra. chen,Drchen@uni.com,Sistemas,C-303,Pagado,Transferencia
13264,Sofía vega,S.vega@email.com,Matemáticas iii,Dr. gómez,Gomez@uni.com,Ciencias,D-404,Cancelado,Tarjeta
13265,Elena díaz,E.diaz@email.com,Matemáticas iii,Dr. gómez,Gomez@uni.com,Ciencias,D-404,Pendiente,Efectivo
13266,Ana torres,Ana.t@email.com,Base de datos i,Ing. garcía,Garcia@uni.com,Sistemas,A-101,Pendiente,Efectivo
13267,Carlos ruiz,Cruiz@email.com,Base de datos i,Ing. garcía,Garcia@uni.com,Sistemas,A-101,Pendiente,Transferencia
13268,Sofía vega,S.vega@email.com,Matemáticas iii,Dr. gómez,Gomez@uni.com,Ciencias,D-404,Cancelado,Transferencia
13269,Pedro soto,Psoto@email.com,Base de datos i,Ing. garcía,Garcia@uni.com,Sistemas,A-101,Pendiente,Tarjeta
13270,Luis gómez,Luis.g@email.com,Redes ii,Lic. martínez,Martinez@uni.com,Telecom,B-202,Pagado,Efectivo
13271,Luis gómez,Luis.g@email.com,Base de datos i,Ing. garcía,Garcia@uni.com,Sistemas,A-101,Pendiente,Efectivo
13272,Luis gómez,Luis.g@email.com,Base de datos i,Ing. garcía,Garcia@uni.com,Sistemas,A-101,Pendiente,Transferencia
13273,Ana torres,Ana.t@email.com,Redes ii,Lic. martínez,Martinez@uni.com,Telecom,B-202,Pagado,Transferencia
13274,Laura paz,L.paz@email.com,Base de datos i,Ing. garcía,Garcia@uni.com,Sistemas,A-101,Pagado,Transferencia
13275,Juan pérez,Juan.p@email.com,Base de datos i,Ing. garcía,Garcia@uni.com,Sistemas,A-101,Pagado,Transferencia
13276,Pedro soto,Psoto@email.com,Ia aplicada,Dra. chen,Drchen@uni.com,Sistemas,C-303,Cancelado,Efectivo
13277,Juan pérez,Juan.p@email.com,Base de datos i,Ing. garcía,Garcia@uni.com,Sistemas,A-101,Pendiente,Efectivo
13278,Laura paz,L.paz@email.com,Base de datos i,Ing. garcía,Garcia@uni.com,Sistemas,A-101,Cancelado,Transferencia
13279,Juan pérez,Juan.p@email.com,Matemáticas iii,Dr. gómez,Gomez@uni.com,Ciencias,D-404,Pendiente,Efectivo
13280,María lópez,M.lopez@email.com,Matemáticas iii,Dr. gómez,Gomez@uni.com,Ciencias,D-404,Cancelado,Transferencia
13281,Pedro soto,Psoto@email.com,Matemáticas iii,Dr. gómez,Gomez@uni.com,Ciencias,D-404,Cancelado,Efectivo
13282,Juan pérez,Juan.p@email.com,Ia aplicada,Dra. chen,Drchen@uni.com,Sistemas,C-303,Pagado,Efectivo
13283,Carlos ruiz,Cruiz@email.com,Matemáticas iii,Dr. gómez,Gomez@uni.com,Ciencias,D-404,Pagado,Efectivo
13284,María lópez,M.lopez@email.com,Base de datos i,Ing. garcía,Garcia@uni.com,Sistemas,A-101,Cancelado,Transferencia
13285,Juan pérez,Juan.p@email.com,Matemáticas iii,Dr. gómez,Gomez@uni.com,Ciencias,D-404,Pendiente,Tarjeta
13286,Sofía vega,S.vega@email.com,Ia aplicada,Dra. chen,Drchen@uni.com,Sistemas,C-303,Pagado,Efectivo
13287,Pedro soto,Psoto@email.com,Ia aplicada,Dra. chen,Drchen@uni.com,Sistemas,C-303,Pendiente,Efectivo
13288,María lópez,M.lopez@email.com,Base de datos i,Ing. garcía,Garcia@uni.com,Sistemas,A-101,Pendiente,Tarjeta
13289,Diego luna,Dluna@email.com,Ia aplicada,Dra. chen,Drchen@uni.com,Sistemas,C-303,Pendiente,Tarjeta
13290,María lópez,M.lopez@email.com,Ia aplicada,Dra. chen,Drchen@uni.com,Sistemas,C-303,Pendiente,Tarjeta
13291,María lópez,M.lopez@email.com,Base de datos i,Ing. garcía,Garcia@uni.com,Sistemas,A-101,Pendiente,Efectivo
13292,Diego luna,Dluna@email.com,Matemáticas iii,Dr. gómez,Gomez@uni.com,Ciencias,D-404,Cancelado,Tarjeta
13293,Elena díaz,E.diaz@email.com,Redes ii,Lic. martínez,Martinez@uni.com,Telecom,B-202,Pendiente,Efectivo
13294,Diego luna,Dluna@email.com,Matemáticas iii,Dr. gómez,Gomez@uni.com,Ciencias,D-404,Cancelado,Efectivo
13295,Pedro soto,Psoto@email.com,Matemáticas iii,Dr. gómez,Gomez@uni.com,Ciencias,D-404,Pendiente,Transferencia
13296,Sofía vega,S.vega@email.com,Redes ii,Lic. martínez,Martinez@uni.com,Telecom,B-202,Pagado,Transferencia
13297,Pedro soto,Psoto@email.com,Ia aplicada,Dra. chen,Drchen@uni.com,Sistemas,C-303,Pendiente,Transferencia
13298,Ana torres,Ana.t@email.com,Ia aplicada,Dra. chen,Drchen@uni.com,Sistemas,C-303,Cancelado,Transferencia
13299,Juan pérez,Juan.p@email.com,Redes ii,Lic. martínez,Martinez@uni.com,Telecom,B-202,Cancelado,Efectivo
13300,Ana torres,Ana.t@email.com,Redes ii,Lic. martínez,Martinez@uni.com,Telecom,B-202,Pendiente,Tarjeta
13301,María lópez,M.lopez@email.com,Base de datos i,Ing. garcía,Garcia@uni.com,Sistemas,A-101,Pendiente,Tarjeta
13302,Juan pérez,Juan.p@email.com,Redes ii,Lic. martínez,Martinez@uni.com,Telecom,B-202,Pendiente,Efectivo
13303,Ana torres,Ana.t@email.com,Redes ii,Lic. martínez,Martinez@uni.com,Telecom,B-202,Pagado,Tarjeta
13304,Juan pérez,Juan.p@email.com,Redes ii,Lic. martínez,Martinez@uni.com,Telecom,B-202,Pendiente,Transferencia
13305,Elena díaz,E.diaz@email.com,Ia aplicada,Dra. chen,Drchen@uni.com,Sistemas,C-303,Pendiente,Tarjeta
13306,Pedro soto,Psoto@email.com,Ia aplicada,Dra. chen,Drchen@uni.com,Sistemas,C-303,Cancelado,Transferencia
13307,Luis gómez,Luis.g@email.com,Ia aplicada,Dra. chen,Drchen@uni.com,Sistemas,C-303,Pendiente,Transferencia
13308,Juan pérez,Juan.p@email.com,Base de datos i,Ing. garcía,Garcia@uni.com,Sistemas,A-101,Cancelado,Tarjeta
13309,Pedro soto,Psoto@email.com,Matemáticas iii,Dr. gómez,Gomez@uni.com,Ciencias,D-404,Pendiente,Efectivo
13310,Sofía vega,S.vega@email.com,Ia aplicada,Dra. chen,Drchen@uni.com,Sistemas,C-303,Pagado,Tarjeta
13311,Ana torres,Ana.t@email.com,Redes ii,Lic. martínez,Martinez@uni.com,Telecom,B-202,Pendiente,Tarjeta
13312,Elena díaz,E.diaz@email.com,Redes ii,Lic. martínez,Martinez@uni.com,Telecom,B-202,Pendiente,Efectivo
13313,Juan pérez,Juan.p@email.com,Matemáticas iii,Dr. gómez,Gomez@uni.com,Ciencias,D-404,Cancelado,Efectivo
13314,Laura paz,L.paz@email.com,Ia aplicada,Dra. chen,Drchen@uni.com,Sistemas,C-303,Pendiente,Transferencia
13315,Ana torres,Ana.t@email.com,Ia aplicada,Dra. chen,Drchen@uni.com,Sistemas,C-303,Pendiente,Efectivo
13316,Diego luna,Dluna@email.com,Matemáticas iii,Dr. gómez,Gomez@uni.com,Ciencias,D-404,Cancelado,Efectivo
13317,Diego luna,Dluna@email.com,Matemáticas iii,Dr. gómez,Gomez@uni.com,Ciencias,D-404,Pagado,Tarjeta
13318,Juan pérez,Juan.p@email.com,Base de datos i,Ing. garcía,Garcia@uni.com,Sistemas,A-101,Pendiente,Transferencia
13319,Pedro soto,Psoto@email.com,Base de datos i,Ing. garcía,Garcia@uni.com,Sistemas,A-101,Cancelado,Tarjeta
13320,Laura paz,L.paz@email.com,Ia aplicada,Dra. chen,Drchen@uni.com,Sistemas,C-303,Cancelado,Tarjeta
13321,Diego luna,Dluna@email.com,Ia aplicada,Dra. chen,Drchen@uni.com,Sistemas,C-303,Pendiente,Efectivo
13322,Luis gómez,Luis.g@email.com,Base de datos i,Ing. garcía,Garcia@uni.com,Sistemas,A-101,Cancelado,Transferencia
13323,Luis gómez,Luis.g@email.com,Base de datos i,Ing. garcía,Garcia@uni.com,Sistemas,A-101,Pagado,Transferencia
13324,Sofía vega,S.vega@email.com,Base de datos i,Ing. garcía,Garcia@uni.com,Sistemas,A-101,Cancelado,Tarjeta
13325,Ana torres,Ana.t@email.com,Matemáticas iii,Dr. gómez,Gomez@uni.com,Ciencias,D-404,Pendiente,Tarjeta
13326,Diego luna,Dluna@email.com,Matemáticas iii,Dr. gómez,Gomez@uni.com,Ciencias,D-404,Pagado,Tarjeta
13327,María lópez,M.lopez@email.com,Ia aplicada,Dra. chen,Drchen@uni.com,Sistemas,C-303,Pendiente,Tarjeta
13328,Ana torres,Ana.t@email.com,Redes ii,Lic. martínez,Martinez@uni.com,Telecom,B-202,Pendiente,Transferencia
13329,Diego luna,Dluna@email.com,Ia aplicada,Dra. chen,Drchen@uni.com,Sistemas,C-303,Pendiente,Tarjeta
13330,Diego luna,Dluna@email.com,Redes ii,Lic. martínez,Martinez@uni.com,Telecom,B-202,Pagado,Efectivo
13331,Ana torres,Ana.t@email.com,Ia aplicada,Dra. chen,Drchen@uni.com,Sistemas,C-303,Cancelado,Transferencia
13332,Sofía vega,S.vega@email.com,Matemáticas iii,Dr. gómez,Gomez@uni.com,Ciencias,D-404,Cancelado,Transferencia
13333,Carlos ruiz,Cruiz@email.com,Redes ii,Lic. martínez,Martinez@uni.com,Telecom,B-202,Pagado,Tarjeta
13334,Carlos ruiz,Cruiz@email.com,Redes ii,Lic. martínez,Martinez@uni.com,Telecom,B-202,Pendiente,Efectivo
13335,Diego luna,Dluna@email.com,Base de datos i,Ing. garcía,Garcia@uni.com,Sistemas,A-101,Pendiente,Efectivo
13336,Luis gómez,Luis.g@email.com,Matemáticas iii,Dr. gómez,Gomez@uni.com,Ciencias,D-404,Pagado,Tarjeta
13337,Sofía vega,S.vega@email.com,Base de datos i,Ing. garcía,Garcia@uni.com,Sistemas,A-101,Cancelado,Tarjeta
13338,Laura paz,L.paz@email.com,Base de datos i,Ing. garcía,Garcia@uni.com,Sistemas,A-101,Pagado,Tarjeta
13339,Ana torres,Ana.t@email.com,Redes ii,Lic. martínez,Martinez@uni.com,Telecom,B-202,Cancelado,Efectivo
13340,María lópez,M.lopez@email.com,Redes ii,Lic. martínez,Martinez@uni.com,Telecom,B-202,Pagado,Transferencia
13341,Carlos ruiz,Cruiz@email.com,Ia aplicada,Dra. chen,Drchen@uni.com,Sistemas,C-303,Cancelado,Efectivo
13342,Pedro soto,Psoto@email.com,Base de datos i,Ing. garcía,Garcia@uni.com,Sistemas,A-101,Cancelado,Efectivo
13343,Ana torres,Ana.t@email.com,Ia aplicada,Dra. chen,Drchen@uni.com,Sistemas,C-303,Pagado,Tarjeta
13344,Luis gómez,Luis.g@email.com,Ia aplicada,Dra. chen,Drchen@uni.com,Sistemas,C-303,Cancelado,Tarjeta
13345,Diego luna,Dluna@email.com,Redes ii,Lic. martínez,Martinez@uni.com,Telecom,B-202,Cancelado,Transferencia
13346,María lópez,M.lopez@email.com,Redes ii,Lic. martínez,Martinez@uni.com,Telecom,B-202,Pagado,Transferencia
13347,Pedro soto,Psoto@email.com,Matemáticas iii,Dr. gómez,Gomez@uni.com,Ciencias,D-404,Pendiente,Transferencia
13348,Pedro soto,Psoto@email.com,Redes ii,Lic. martínez,Martinez@uni.com,Telecom,B-202,Pagado,Tarjeta
13349,Juan pérez,Juan.p@email.com,Redes ii,Lic. martínez,Martinez@uni.com,Telecom,B-202,Pagado,Tarjeta
13350,Laura paz,L.paz@email.com,Matemáticas iii,Dr. gómez,Gomez@uni.com,Ciencias,D-404,Pagado,Transferencia
13351,Laura paz,L.paz@email.com,Base de datos i,Ing. garcía,Garcia@uni.com,Sistemas,A-101,Cancelado,Efectivo
13352,Pedro soto,Psoto@email.com,Redes ii,Lic. martínez,Martinez@uni.com,Telecom,B-202,Pendiente,Transferencia
13353,Luis gómez,Luis.g@email.com,Ia aplicada,Dra. chen,Drchen@uni.com,Sistemas,C-303,Cancelado,Efectivo
13354,Sofía vega,S.vega@email.com,Ia aplicada,Dra. chen,Drchen@uni.com,Sistemas,C-303,Pagado,Transferencia
13355,Juan pérez,Juan.p@email.com,Redes ii,Lic. martínez,Martinez@uni.com,Telecom,B-202,Cancelado,Tarjeta
13356,Ana torres,Ana.t@email.com,Redes ii,Lic. martínez,Martinez@uni.com,Telecom,B-202,Cancelado,Tarjeta
13357,María lópez,M.lopez@email.com,Redes ii,Lic. martínez,Martinez@uni.com,Telecom,B-202,Pendiente,Transferencia
13358,Laura paz,L.paz@email.com,Ia aplicada,Dra. chen,Drchen@uni.com,Sistemas,C-303,Cancelado,Transferencia
13359,Sofía vega,S.vega@email.com,Redes ii,Lic. martínez,Martinez@uni.com,Telecom,B-202,Cancelado,Tarjeta
13360,María lópez,M.lopez@email.com,Ia aplicada,Dra. chen,Drchen@uni.com,Sistemas,C-303,Cancelado,Efectivo
13361,María lópez,M.lopez@email.com,Matemáticas iii,Dr. gómez,Gomez@uni.com,Ciencias,D-404,Pendiente,Transferencia
13362,María lópez,M.lopez@email.com,Ia aplicada,Dra. chen,Drchen@uni.com,Sistemas,C-303,Pagado,Transferencia
13363,Diego luna,Dluna@email.com,Matemáticas iii,Dr. gómez,Gomez@uni.com,Ciencias,D-404,Pagado,Efectivo
13364,Diego luna,Dluna@email.com,Ia aplicada,Dra. chen,Drchen@uni.com,Sistemas,C-303,Pagado,Tarjeta
13365,Sofía vega,S.vega@email.com,Ia aplicada,Dra. chen,Drchen@uni.com,Sistemas,C-303,Pagado,Efectivo
13366,Pedro soto,Psoto@email.com,Matemáticas iii,Dr. gómez,Gomez@uni.com,Ciencias,D-404,Pendiente,Transferencia
13367,Pedro soto,Psoto@email.com,Ia aplicada,Dra. chen,Drchen@uni.com,Sistemas,C-303,Pendiente,Transferencia
13368,Pedro soto,Psoto@email.com,Ia aplicada,Dra. chen,Drchen@uni.com,Sistemas,C-303,Pendiente,Tarjeta
13369,María lópez,M.lopez@email.com,Base de datos i,Ing. garcía,Garcia@uni.com,Sistemas,A-101,Cancelado,Efectivo
13370,Elena díaz,E.diaz@email.com,Matemáticas iii,Dr. gómez,Gomez@uni.com,Ciencias,D-404,Cancelado,Tarjeta
13371,Sofía vega,S.vega@email.com,Ia aplicada,Dra. chen,Drchen@uni.com,Sistemas,C-303,Cancelado,Tarjeta
13372,Pedro soto,Psoto@email.com,Redes ii,Lic. martínez,Martinez@uni.com,Telecom,B-202,Cancelado,Efectivo
13373,Sofía vega,S.vega@email.com,Ia aplicada,Dra. chen,Drchen@uni.com,Sistemas,C-303,Pendiente,Transferencia
13374,Pedro soto,Psoto@email.com,Base de datos i,Ing. garcía,Garcia@uni.com,Sistemas,A-101,Pendiente,Tarjeta
13375,Sofía vega,S.vega@email.com,Redes ii,Lic. martínez,Martinez@uni.com,Telecom,B-202,Cancelado,Tarjeta
13376,Sofía vega,S.vega@email.com,Ia aplicada,Dra. chen,Drchen@uni.com,Sistemas,C-303,Pendiente,Efectivo
13377,Ana torres,Ana.t@email.com,Base de datos i,Ing. garcía,Garcia@uni.com,Sistemas,A-101,Pendiente,Transferencia
13378,María lópez,M.lopez@email.com,Redes ii,Lic. martínez,Martinez@uni.com,Telecom,B-202,Pendiente,Tarjeta
13379,Luis gómez,Luis.g@email.com,Ia aplicada,Dra. chen,Drchen@uni.com,Sistemas,C-303,Pendiente,Efectivo
13380,Carlos ruiz,Cruiz@email.com,Ia aplicada,Dra. chen,Drchen@uni.com,Sistemas,C-303,Pendiente,Transferencia
13381,Sofía vega,S.vega@email.com,Ia aplicada,Dra. chen,Drchen@uni.com,Sistemas,C-303,Cancelado,Tarjeta
13382,María lópez,M.lopez@email.com,Base de datos i,Ing. garcía,Garcia@uni.com,Sistemas,A-101,Pagado,Transferencia
13383,Luis gómez,Luis.g@email.com,Matemáticas iii,Dr. gómez,Gomez@uni.com,Ciencias,D-404,Cancelado,Efectivo
13384,Laura paz,L.paz@email.com,Matemáticas iii,Dr. gómez,Gomez@uni.com,Ciencias,D-404,Pagado,Transferencia
13385,Juan pérez,Juan.p@email.com,Ia aplicada,Dra. chen,Drchen@uni.com,Sistemas,C-303,Pagado,Tarjeta
13386,Elena díaz,E.diaz@email.com,Base de datos i,Ing. garcía,Garcia@uni.com,Sistemas,A-101,Pagado,Transferencia
13387,Pedro soto,Psoto@email.com,Redes ii,Lic. martínez,Martinez@uni.com,Telecom,B-202,Pagado,Efectivo
13388,Carlos ruiz,Cruiz@email.com,Ia aplicada,Dra. chen,Drchen@uni.com,Sistemas,C-303,Pagado,Tarjeta
13389,Ana torres,Ana.t@email.com,Matemáticas iii,Dr. gómez,Gomez@uni.com,Ciencias,D-404,Cancelado,Tarjeta
13390,Diego luna,Dluna@email.com,Redes ii,Lic. martínez,Martinez@uni.com,Telecom,B-202,Cancelado,Efectivo
13391,María lópez,M.lopez@email.com,Redes ii,Lic. martínez,Martinez@uni.com,Telecom,B-202,Cancelado,Efectivo
13392,María lópez,M.lopez@email.com,Base de datos i,Ing. garcía,Garcia@uni.com,Sistemas,A-101,Pagado,Efectivo
13393,Juan pérez,Juan.p@email.com,Ia aplicada,Dra. chen,Drchen@uni.com,Sistemas,C-303,Cancelado,Tarjeta
13394,Carlos ruiz,Cruiz@email.com,Ia aplicada,Dra. chen,Drchen@uni.com,Sistemas,C-303,Pagado,Efectivo
13395,Diego luna,Dluna@email.com,Matemáticas iii,Dr. gómez,Gomez@uni.com,Ciencias,D-404,Pagado,Efectivo
13396,Carlos ruiz,Cruiz@email.com,Base de datos i,Ing. garcía,Garcia@uni.com,Sistemas,A-101,Pendiente,Efectivo
13397,Sofía vega,S.vega@email.com,Base de datos i,Ing. garcía,Garcia@uni.com,Sistemas,A-101,Cancelado,Tarjeta
13398,Juan pérez,Juan.p@email.com,Base de datos i,Ing. garcía,Garcia@uni.com,Sistemas,A-101,Pagado,Transferencia
13399,Laura paz,L.paz@email.com,Ia aplicada,Dra. chen,Drchen@uni.com,Sistemas,C-303,Cancelado,Tarjeta
13400,María lópez,M.lopez@email.com,Ia aplicada,Dra. chen,Drchen@uni.com,Sistemas,C-303,Pagado,Efectivo
13401,María lópez,M.lopez@email.com,Base de datos i,Ing. garcía,Garcia@uni.com,Sistemas,A-101,Pagado,Efectivo
13402,Laura paz,L.paz@email.com,Redes ii,Lic. martínez,Martinez@uni.com,Telecom,B-202,Cancelado,Efectivo
13403,Juan pérez,Juan.p@email.com,Ia aplicada,Dra. chen,Drchen@uni.com,Sistemas,C-303,Pagado,Transferencia
13404,Luis gómez,Luis.g@email.com,Matemáticas iii,Dr. gómez,Gomez@uni.com,Ciencias,D-404,Pagado,Transferencia
13405,Carlos ruiz,Cruiz@email.com,Base de datos i,Ing. garcía,Garcia@uni.com,Sistemas,A-101,Cancelado,Transferencia
13406,Elena díaz,E.diaz@email.com,Base de datos i,Ing. garcía,Garcia@uni.com,Sistemas,A-101,Cancelado,Efectivo
13407,María lópez,M.lopez@email.com,Redes ii,Lic. martínez,Martinez@uni.com,Telecom,B-202,Cancelado,Efectivo
13408,Sofía vega,S.vega@email.com,Ia aplicada,Dra. chen,Drchen@uni.com,Sistemas,C-303,Pendiente,Tarjeta
13409,María lópez,M.lopez@email.com,Base de datos i,Ing. garcía,Garcia@uni.com,Sistemas,A-101,Pagado,Transferencia
13410,Carlos ruiz,Cruiz@email.com,Matemáticas iii,Dr. gómez,Gomez@uni.com,Ciencias,D-404,Pendiente,Efectivo
13411,Luis gómez,Luis.g@email.com,Ia aplicada,Dra. chen,Drchen@uni.com,Sistemas,C-303,Pagado,Transferencia
13412,María lópez,M.lopez@email.com,Base de datos i,Ing. garcía,Garcia@uni.com,Sistemas,A-101,Cancelado,Efectivo
13413,Pedro soto,Psoto@email.com,Redes ii,Lic. martínez,Martinez@uni.com,Telecom,B-202,Cancelado,Tarjeta
13414,Sofía vega,S.vega@email.com,Ia aplicada,Dra. chen,Drchen@uni.com,Sistemas,C-303,Cancelado,Transferencia
13415,María lópez,M.lopez@email.com,Base de datos i,Ing. garcía,Garcia@uni.com,Sistemas,A-101,Cancelado,Tarjeta
13416,Diego luna,Dluna@email.com,Matemáticas iii,Dr. gómez,Gomez@uni.com,Ciencias,D-404,Pendiente,Transferencia
13417,Diego luna,Dluna@email.com,Redes ii,Lic. martínez,Martinez@uni.com,Telecom,B-202,Pagado,Transferencia
13418,Diego luna,Dluna@email.com,Base de datos i,Ing. garcía,Garcia@uni.com,Sistemas,A-101,Cancelado,Efectivo
13419,Diego luna,Dluna@email.com,Ia aplicada,Dra. chen,Drchen@uni.com,Sistemas,C-303,Pagado,Efectivo
13420,Laura paz,L.paz@email.com,Matemáticas iii,Dr. gómez,Gomez@uni.com,Ciencias,D-404,Pendiente,Efectivo
13421,Carlos ruiz,Cruiz@email.com,Matemáticas iii,Dr. gómez,Gomez@uni.com,Ciencias,D-404,Pagado,Efectivo
13422,María lópez,M.lopez@email.com,Ia aplicada,Dra. chen,Drchen@uni.com,Sistemas,C-303,Cancelado,Efectivo
13423,Ana torres,Ana.t@email.com,Base de datos i,Ing. garcía,Garcia@uni.com,Sistemas,A-101,Pagado,Transferencia
13424,Diego luna,Dluna@email.com,Ia aplicada,Dra. chen,Drchen@uni.com,Sistemas,C-303,Pagado,Tarjeta
13425,Pedro soto,Psoto@email.com,Base de datos i,Ing. garcía,Garcia@uni.com,Sistemas,A-101,Pendiente,Efectivo
13426,Diego luna,Dluna@email.com,Matemáticas iii,Dr. gómez,Gomez@uni.com,Ciencias,D-404,Pendiente,Efectivo
13427,Elena díaz,E.diaz@email.com,Base de datos i,Ing. garcía,Garcia@uni.com,Sistemas,A-101,Cancelado,Efectivo
13428,María lópez,M.lopez@email.com,Redes ii,Lic. martínez,Martinez@uni.com,Telecom,B-202,Pendiente,Transferencia
13429,Sofía vega,S.vega@email.com,Matemáticas iii,Dr. gómez,Gomez@uni.com,Ciencias,D-404,Cancelado,Tarjeta
13430,Elena díaz,E.diaz@email.com,Ia aplicada,Dra. chen,Drchen@uni.com,Sistemas,C-303,Pagado,Transferencia
13431,Ana torres,Ana.t@email.com,Redes ii,Lic. martínez,Martinez@uni.com,Telecom,B-202,Pagado,Tarjeta
13432,Pedro soto,Psoto@email.com,Matemáticas iii,Dr. gómez,Gomez@uni.com,Ciencias,D-404,Pagado,Tarjeta
13433,María lópez,M.lopez@email.com,Matemáticas iii,Dr. gómez,Gomez@uni.com,Ciencias,D-404,Pendiente,Tarjeta
13434,Elena díaz,E.diaz@email.com,Base de datos i,Ing. garcía,Garcia@uni.com,Sistemas,A-101,Pagado,Efectivo
13435,Luis gómez,Luis.g@email.com,Matemáticas iii,Dr. gómez,Gomez@uni.com,Ciencias,D-404,Cancelado,Tarjeta
13436,Sofía vega,S.vega@email.com,Matemáticas iii,Dr. gómez,Gomez@uni.com,Ciencias,D-404,Pendiente,Transferencia
13437,Ana torres,Ana.t@email.com,Base de datos i,Ing. garcía,Garcia@uni.com,Sistemas,A-101,Cancelado,Tarjeta
13438,Elena díaz,E.diaz@email.com,Ia aplicada,Dra. chen,Drchen@uni.com,Sistemas,C-303,Cancelado,Efectivo
13439,Luis gómez,Luis.g@email.com,Base de datos i,Ing. garcía,Garcia@uni.com,Sistemas,A-101,Pagado,Transferencia
13440,Juan pérez,Juan.p@email.com,Ia aplicada,Dra. chen,Drchen@uni.com,Sistemas,C-303,Pagado,Efectivo
13441,Luis gómez,Luis.g@email.com,Ia aplicada,Dra. chen,Drchen@uni.com,Sistemas,C-303,Pagado,Tarjeta
13442,Laura paz,L.paz@email.com,Base de datos i,Ing. garcía,Garcia@uni.com,Sistemas,A-101,Pendiente,Efectivo
13443,Sofía vega,S.vega@email.com,Matemáticas iii,Dr. gómez,Gomez@uni.com,Ciencias,D-404,Pagado,Efectivo
13444,Juan pérez,Juan.p@email.com,Matemáticas iii,Dr. gómez,Gomez@uni.com,Ciencias,D-404,Cancelado,Tarjeta
13445,Sofía vega,S.vega@email.com,Ia aplicada,Dra. chen,Drchen@uni.com,Sistemas,C-303,Cancelado,Efectivo
13446,Luis gómez,Luis.g@email.com,Redes ii,Lic. martínez,Martinez@uni.com,Telecom,B-202,Pagado,Efectivo
13447,Luis gómez,Luis.g@email.com,Base de datos i,Ing. garcía,Garcia@uni.com,Sistemas,A-101,Pagado,Transferencia
13448,Pedro soto,Psoto@email.com,Redes ii,Lic. martínez,Martinez@uni.com,Telecom,B-202,Pendiente,Tarjeta
13449,Sofía vega,S.vega@email.com,Ia aplicada,Dra. chen,Drchen@uni.com,Sistemas,C-303,Pendiente,Efectivo
13450,Laura paz,L.paz@email.com,Base de datos i,Ing. garcía,Garcia@uni.com,Sistemas,A-101,Pendiente,Tarjeta
13451,Laura paz,L.paz@email.com,Matemáticas iii,Dr. gómez,Gomez@uni.com,Ciencias,D-404,Pagado,Tarjeta
13452,Carlos ruiz,Cruiz@email.com,Redes ii,Lic. martínez,Martinez@uni.com,Telecom,B-202,Pagado,Tarjeta
13453,Juan pérez,Juan.p@email.com,Base de datos i,Ing. garcía,Garcia@uni.com,Sistemas,A-101,Cancelado,Efectivo
13454,Juan pérez,Juan.p@email.com,Base de datos i,Ing. garcía,Garcia@uni.com,Sistemas,A-101,Pagado,Efectivo
13455,Carlos ruiz,Cruiz@email.com,Base de datos i,Ing. garcía,Garcia@uni.com,Sistemas,A-101,Pagado,Efectivo
13456,Ana torres,Ana.t@email.com,Ia aplicada,Dra. chen,Drchen@uni.com,Sistemas,C-303,Pagado,Efectivo
13457,Elena díaz,E.diaz@email.com,Ia aplicada,Dra. chen,Drchen@uni.com,Sistemas,C-303,Pagado,Transferencia
13458,Luis gómez,Luis.g@email.com,Base de datos i,Ing. garcía,Garcia@uni.com,Sistemas,A-101,Pagado,Transferencia
13459,Sofía vega,S.vega@email.com,Redes ii,Lic. martínez,Martinez@uni.com,Telecom,B-202,Cancelado,Transferencia
13460,Pedro soto,Psoto@email.com,Ia aplicada,Dra. chen,Drchen@uni.com,Sistemas,C-303,Pendiente,Transferencia
13461,Ana torres,Ana.t@email.com,Ia aplicada,Dra. chen,Drchen@uni.com,Sistemas,C-303,Cancelado,Transferencia
13462,Laura paz,L.paz@email.com,Base de datos i,Ing. garcía,Garcia@uni.com,Sistemas,A-101,Cancelado,Efectivo
13463,Juan pérez,Juan.p@email.com,Redes ii,Lic. martínez,Martinez@uni.com,Telecom,B-202,Cancelado,Tarjeta
13464,Diego luna,Dluna@email.com,Base de datos i,Ing. garcía,Garcia@uni.com,Sistemas,A-101,Cancelado,Transferencia
13465,Ana torres,Ana.t@email.com,Redes ii,Lic. martínez,Martinez@uni.com,Telecom,B-202,Cancelado,Efectivo
13466,Pedro soto,Psoto@email.com,Ia aplicada,Dra. chen,Drchen@uni.com,Sistemas,C-303,Pendiente,Transferencia
13467,Juan pérez,Juan.p@email.com,Base de datos i,Ing. garcía,Garcia@uni.com,Sistemas,A-101,Cancelado,Efectivo
13468,Laura paz,L.paz@email.com,Ia aplicada,Dra. chen,Drchen@uni.com,Sistemas,C-303,Pagado,Efectivo
13469,María lópez,M.lopez@email.com,Base de datos i,Ing. garcía,Garcia@uni.com,Sistemas,A-101,Pagado,Transferencia
13470,Juan pérez,Juan.p@email.com,Matemáticas iii,Dr. gómez,Gomez@uni.com,Ciencias,D-404,Cancelado,Transferencia
13471,Pedro soto,Psoto@email.com,Ia aplicada,Dra. chen,Drchen@uni.com,Sistemas,C-303,Pagado,Efectivo
13472,Sofía vega,S.vega@email.com,Base de datos i,Ing. garcía,Garcia@uni.com,Sistemas,A-101,Cancelado,Transferencia
13473,Carlos ruiz,Cruiz@email.com,Base de datos i,Ing. garcía,Garcia@uni.com,Sistemas,A-101,Pendiente,Efectivo
13474,Elena díaz,E.diaz@email.com,Base de datos i,Ing. garcía,Garcia@uni.com,Sistemas,A-101,Cancelado,Tarjeta
13475,Luis gómez,Luis.g@email.com,Redes ii,Lic. martínez,Martinez@uni.com,Telecom,B-202,Cancelado,Tarjeta
13476,Juan pérez,Juan.p@email.com,Redes ii,Lic. martínez,Martinez@uni.com,Telecom,B-202,Cancelado,Efectivo
13477,Laura paz,L.paz@email.com,Ia aplicada,Dra. chen,Drchen@uni.com,Sistemas,C-303,Pagado,Efectivo
13478,Diego luna,Dluna@email.com,Redes ii,Lic. martínez,Martinez@uni.com,Telecom,B-202,Cancelado,Efectivo
13479,Carlos ruiz,Cruiz@email.com,Ia aplicada,Dra. chen,Drchen@uni.com,Sistemas,C-303,Pendiente,Efectivo
13480,Sofía vega,S.vega@email.com,Base de datos i,Ing. garcía,Garcia@uni.com,Sistemas,A-101,Pagado,Transferencia
13481,Laura paz,L.paz@email.com,Base de datos i,Ing. garcía,Garcia@uni.com,Sistemas,A-101,Pagado,Tarjeta
13482,Pedro soto,Psoto@email.com,Ia aplicada,Dra. chen,Drchen@uni.com,Sistemas,C-303,Pendiente,Efectivo
13483,Laura paz,L.paz@email.com,Redes ii,Lic. martínez,Martinez@uni.com,Telecom,B-202,Pagado,Tarjeta
13484,Elena díaz,E.diaz@email.com,Base de datos i,Ing. garcía,Garcia@uni.com,Sistemas,A-101,Pagado,Tarjeta
13485,Elena díaz,E.diaz@email.com,Matemáticas iii,Dr. gómez,Gomez@uni.com,Ciencias,D-404,Pendiente,Efectivo
13486,Sofía vega,S.vega@email.com,Base de datos i,Ing. garcía,Garcia@uni.com,Sistemas,A-101,Pendiente,Efectivo
13487,Ana torres,Ana.t@email.com,Base de datos i,Ing. garcía,Garcia@uni.com,Sistemas,A-101,Pendiente,Efectivo
13488,Elena díaz,E.diaz@email.com,Matemáticas iii,Dr. gómez,Gomez@uni.com,Ciencias,D-404,Cancelado,Tarjeta
13489,Juan pérez,Juan.p@email.com,Ia aplicada,Dra. chen,Drchen@uni.com,Sistemas,C-303,Pendiente,Tarjeta
13490,Juan pérez,Juan.p@email.com,Matemáticas iii,Dr. gómez,Gomez@uni.com,Ciencias,D-404,Pagado,Transferencia
13491,Carlos ruiz,Cruiz@email.com,Ia aplicada,Dra. chen,Drchen@uni.com,Sistemas,C-303,Cancelado,Efectivo
13492,Carlos ruiz,Cruiz@email.com,Matemáticas iii,Dr. gómez,Gomez@uni.com,Ciencias,D-404,Pendiente,Tarjeta
13493,Sofía vega,S.vega@email.com,Base de datos i,Ing. garcía,Garcia@uni.com,Sistemas,A-101,Cancelado,Tarjeta
13494,Luis gómez,Luis.g@email.com,Base de datos i,Ing. garcía,Garcia@uni.com,Sistemas,A-101,Cancelado,Transferencia
13495,Carlos ruiz,Cruiz@email.com,Redes ii,Lic. martínez,Martinez@uni.com,Telecom,B-202,Pendiente,Transferencia
13496,Pedro soto,Psoto@email.com,Matemáticas iii,Dr. gómez,Gomez@uni.com,Ciencias,D-404,Pendiente,Tarjeta
13497,Carlos ruiz,Cruiz@email.com,Ia aplicada,Dra. chen,Drchen@uni.com,Sistemas,C-303,Pendiente,Tarjeta
13498,Carlos ruiz,Cruiz@email.com,Base de datos i,Ing. garcía,Garcia@uni.com,Sistemas,A-101,Pendiente,Transferencia
13499,María lópez,M.lopez@email.com,Ia aplicada,Dra. chen,Drchen@uni.com,Sistemas,C-303,Pendiente,Transferencia
13500,Juan pérez,Juan.p@email.com,Ia aplicada,Dra. chen,Drchen@uni.com,Sistemas,C-303,Pagado,Tarjeta
13501,Carlos ruiz,Cruiz@email.com,Redes ii,Lic. martínez,Martinez@uni.com,Telecom,B-202,Pendiente,Tarjeta
13502,María lópez,M.lopez@email.com,Base de datos i,Ing. garcía,Garcia@uni.com,Sistemas,A-101,Pagado,Tarjeta
13503,Luis gómez,Luis.g@email.com,Ia aplicada,Dra. chen,Drchen@uni.com,Sistemas,C-303,Pendiente,Efectivo
13504,Diego luna,Dluna@email.com,Matemáticas iii,Dr. gómez,Gomez@uni.com,Ciencias,D-404,Pendiente,Tarjeta
13505,María lópez,M.lopez@email.com,Base de datos i,Ing. garcía,Garcia@uni.com,Sistemas,A-101,Cancelado,Efectivo
13506,Laura paz,L.paz@email.com,Base de datos i,Ing. garcía,Garcia@uni.com,Sistemas,A-101,Pendiente,Efectivo
13507,Luis gómez,Luis.g@email.com,Ia aplicada,Dra. chen,Drchen@uni.com,Sistemas,C-303,Pendiente,Transferencia
13508,Ana torres,Ana.t@email.com,Matemáticas iii,Dr. gómez,Gomez@uni.com,Ciencias,D-404,Pagado,Efectivo
13509,Carlos ruiz,Cruiz@email.com,Matemáticas iii,Dr. gómez,Gomez@uni.com,Ciencias,D-404,Pendiente,Efectivo
13510,Carlos ruiz,Cruiz@email.com,Matemáticas iii,Dr. gómez,Gomez@uni.com,Ciencias,D-404,Pagado,Tarjeta
13511,Laura paz,L.paz@email.com,Base de datos i,Ing. garcía,Garcia@uni.com,Sistemas,A-101,Pagado,Transferencia
13512,Sofía vega,S.vega@email.com,Base de datos i,Ing. garcía,Garcia@uni.com,Sistemas,A-101,Cancelado,Transferencia
13513,Carlos ruiz,Cruiz@email.com,Redes ii,Lic. martínez,Martinez@uni.com,Telecom,B-202,Pendiente,Efectivo
13514,Diego luna,Dluna@email.com,Matemáticas iii,Dr. gómez,Gomez@uni.com,Ciencias,D-404,Pendiente,Tarjeta
13515,Luis gómez,Luis.g@email.com,Ia aplicada,Dra. chen,Drchen@uni.com,Sistemas,C-303,Pagado,Transferencia
13516,Diego luna,Dluna@email.com,Redes ii,Lic. martínez,Martinez@uni.com,Telecom,B-202,Cancelado,Efectivo
13517,Carlos ruiz,Cruiz@email.com,Matemáticas iii,Dr. gómez,Gomez@uni.com,Ciencias,D-404,Pagado,Transferencia
13518,Ana torres,Ana.t@email.com,Ia aplicada,Dra. chen,Drchen@uni.com,Sistemas,C-303,Pagado,Transferencia
13519,María lópez,M.lopez@email.com,Matemáticas iii,Dr. gómez,Gomez@uni.com,Ciencias,D-404,Pagado,Transferencia
13520,Juan pérez,Juan.p@email.com,Ia aplicada,Dra. chen,Drchen@uni.com,Sistemas,C-303,Pendiente,Transferencia
13521,Juan pérez,Juan.p@email.com,Matemáticas iii,Dr. gómez,Gomez@uni.com,Ciencias,D-404,Pendiente,Transferencia
13522,Sofía vega,S.vega@email.com,Base de datos i,Ing. garcía,Garcia@uni.com,Sistemas,A-101,Pagado,Tarjeta
13523,Carlos ruiz,Cruiz@email.com,Redes ii,Lic. martínez,Martinez@uni.com,Telecom,B-202,Pagado,Tarjeta
13524,Juan pérez,Juan.p@email.com,Ia aplicada,Dra. chen,Drchen@uni.com,Sistemas,C-303,Pendiente,Efectivo
13525,Pedro soto,Psoto@email.com,Redes ii,Lic. martínez,Martinez@uni.com,Telecom,B-202,Pagado,Tarjeta
13526,Diego luna,Dluna@email.com,Base de datos i,Ing. garcía,Garcia@uni.com,Sistemas,A-101,Pendiente,Efectivo
13527,Sofía vega,S.vega@email.com,Redes ii,Lic. martínez,Martinez@uni.com,Telecom,B-202,Cancelado,Transferencia
13528,Pedro soto,Psoto@email.com,Ia aplicada,Dra. chen,Drchen@uni.com,Sistemas,C-303,Pendiente,Transferencia
13529,Laura paz,L.paz@email.com,Ia aplicada,Dra. chen,Drchen@uni.com,Sistemas,C-303,Pendiente,Tarjeta
13530,Juan pérez,Juan.p@email.com,Base de datos i,Ing. garcía,Garcia@uni.com,Sistemas,A-101,Pendiente,Transferencia
13531,Laura paz,L.paz@email.com,Base de datos i,Ing. garcía,Garcia@uni.com,Sistemas,A-101,Pagado,Tarjeta
13532,Laura paz,L.paz@email.com,Redes ii,Lic. martínez,Martinez@uni.com,Telecom,B-202,Pendiente,Tarjeta
13533,Diego luna,Dluna@email.com,Base de datos i,Ing. garcía,Garcia@uni.com,Sistemas,A-101,Pagado,Efectivo
13534,María lópez,M.lopez@email.com,Ia aplicada,Dra. chen,Drchen@uni.com,Sistemas,C-303,Pendiente,Efectivo
13535,Elena díaz,E.diaz@email.com,Matemáticas iii,Dr. gómez,Gomez@uni.com,Ciencias,D-404,Pendiente,Transferencia
13536,Elena díaz,E.diaz@email.com,Redes ii,Lic. martínez,Martinez@uni.com,Telecom,B-202,Cancelado,Efectivo
13537,Ana torres,Ana.t@email.com,Base de datos i,Ing. garcía,Garcia@uni.com,Sistemas,A-101,Pagado,Tarjeta
13538,Diego luna,Dluna@email.com,Redes ii,Lic. martínez,Martinez@uni.com,Telecom,B-202,Pagado,Efectivo
13539,Diego luna,Dluna@email.com,Ia aplicada,Dra. chen,Drchen@uni.com,Sistemas,C-303,Pendiente,Tarjeta
13540,Juan pérez,Juan.p@email.com,Redes ii,Lic. martínez,Martinez@uni.com,Telecom,B-202,Pagado,Transferencia
13541,Laura paz,L.paz@email.com,Base de datos i,Ing. garcía,Garcia@uni.com,Sistemas,A-101,Pendiente,Transferencia
13542,Pedro soto,Psoto@email.com,Matemáticas iii,Dr. gómez,Gomez@uni.com,Ciencias,D-404,Cancelado,Efectivo
13543,Diego luna,Dluna@email.com,Ia aplicada,Dra. chen,Drchen@uni.com,Sistemas,C-303,Pendiente,Transferencia
13544,Juan pérez,Juan.p@email.com,Base de datos i,Ing. garcía,Garcia@uni.com,Sistemas,A-101,Pagado,Tarjeta
13545,Diego luna,Dluna@email.com,Base de datos i,Ing. garcía,Garcia@uni.com,Sistemas,A-101,Pendiente,Transferencia
13546,Ana torres,Ana.t@email.com,Base de datos i,Ing. garcía,Garcia@uni.com,Sistemas,A-101,Cancelado,Tarjeta
13547,María lópez,M.lopez@email.com,Base de datos i,Ing. garcía,Garcia@uni.com,Sistemas,A-101,Pendiente,Efectivo
13548,Pedro soto,Psoto@email.com,Base de datos i,Ing. garcía,Garcia@uni.com,Sistemas,A-101,Cancelado,Transferencia
13549,Diego luna,Dluna@email.com,Matemáticas iii,Dr. gómez,Gomez@uni.com,Ciencias,D-404,Cancelado,Tarjeta
13550,Pedro soto,Psoto@email.com,Ia aplicada,Dra. chen,Drchen@uni.com,Sistemas,C-303,Pagado,Tarjeta
13551,Laura paz,L.paz@email.com,Ia aplicada,Dra. chen,Drchen@uni.com,Sistemas,C-303,Pendiente,Efectivo
13552,Luis gómez,Luis.g@email.com,Redes ii,Lic. martínez,Martinez@uni.com,Telecom,B-202,Pendiente,Efectivo
13553,Laura paz,L.paz@email.com,Matemáticas iii,Dr. gómez,Gomez@uni.com,Ciencias,D-404,Pendiente,Efectivo
13554,Carlos ruiz,Cruiz@email.com,Base de datos i,Ing. garcía,Garcia@uni.com,Sistemas,A-101,Cancelado,Efectivo
13555,Luis gómez,Luis.g@email.com,Base de datos i,Ing. garcía,Garcia@uni.com,Sistemas,A-101,Pagado,Tarjeta
13556,Pedro soto,Psoto@email.com,Redes ii,Lic. martínez,Martinez@uni.com,Telecom,B-202,Pendiente,Efectivo
13557,Diego luna,Dluna@email.com,Redes ii,Lic. martínez,Martinez@uni.com,Telecom,B-202,Pendiente,Transferencia
13558,Pedro soto,Psoto@email.com,Matemáticas iii,Dr. gómez,Gomez@uni.com,Ciencias,D-404,Cancelado,Tarjeta
13559,María lópez,M.lopez@email.com,Redes ii,Lic. martínez,Martinez@uni.com,Telecom,B-202,Pendiente,Efectivo
13560,Juan pérez,Juan.p@email.com,Matemáticas iii,Dr. gómez,Gomez@uni.com,Ciencias,D-404,Cancelado,Efectivo
13561,Juan pérez,Juan.p@email.com,Ia aplicada,Dra. chen,Drchen@uni.com,Sistemas,C-303,Cancelado,Tarjeta
13562,Juan pérez,Juan.p@email.com,Base de datos i,Ing. garcía,Garcia@uni.com,Sistemas,A-101,Cancelado,Tarjeta
13563,Luis gómez,Luis.g@email.com,Matemáticas iii,Dr. gómez,Gomez@uni.com,Ciencias,D-404,Pagado,Tarjeta
13564,Ana torres,Ana.t@email.com,Ia aplicada,Dra. chen,Drchen@uni.com,Sistemas,C-303,Pagado,Transferencia
13565,Elena díaz,E.diaz@email.com,Matemáticas iii,Dr. gómez,Gomez@uni.com,Ciencias,D-404,Pendiente,Transferencia
13566,Diego luna,Dluna@email.com,Matemáticas iii,Dr. gómez,Gomez@uni.com,Ciencias,D-404,Pagado,Tarjeta
13567,Juan pérez,Juan.p@email.com,Base de datos i,Ing. garcía,Garcia@uni.com,Sistemas,A-101,Pagado,Tarjeta
13568,Pedro soto,Psoto@email.com,Matemáticas iii,Dr. gómez,Gomez@uni.com,Ciencias,D-404,Pendiente,Transferencia
13569,Laura paz,L.paz@email.com,Base de datos i,Ing. garcía,Garcia@uni.com,Sistemas,A-101,Pendiente,Tarjeta
13570,Elena díaz,E.diaz@email.com,Matemáticas iii,Dr. gómez,Gomez@uni.com,Ciencias,D-404,Pendiente,Efectivo
13571,Ana torres,Ana.t@email.com,Matemáticas iii,Dr. gómez,Gomez@uni.com,Ciencias,D-404,Cancelado,Efectivo
13572,Pedro soto,Psoto@email.com,Matemáticas iii,Dr. gómez,Gomez@uni.com,Ciencias,D-404,Pagado,Transferencia
13573,Laura paz,L.paz@email.com,Matemáticas iii,Dr. gómez,Gomez@uni.com,Ciencias,D-404,Pendiente,Transferencia
13574,Carlos ruiz,Cruiz@email.com,Matemáticas iii,Dr. gómez,Gomez@uni.com,Ciencias,D-404,Pendiente,Transferencia
13575,Diego luna,Dluna@email.com,Redes ii,Lic. martínez,Martinez@uni.com,Telecom,B-202,Pagado,Transferencia
13576,Sofía vega,S.vega@email.com,Redes ii,Lic. martínez,Martinez@uni.com,Telecom,B-202,Pagado,Efectivo
13577,Ana torres,Ana.t@email.com,Ia aplicada,Dra. chen,Drchen@uni.com,Sistemas,C-303,Cancelado,Tarjeta
13578,Sofía vega,S.vega@email.com,Base de datos i,Ing. garcía,Garcia@uni.com,Sistemas,A-101,Cancelado,Tarjeta
13579,Diego luna,Dluna@email.com,Base de datos i,Ing. garcía,Garcia@uni.com,Sistemas,A-101,Pagado,Transferencia
13580,Luis gómez,Luis.g@email.com,Ia aplicada,Dra. chen,Drchen@uni.com,Sistemas,C-303,Cancelado,Transferencia
13581,Sofía vega,S.vega@email.com,Base de datos i,Ing. garcía,Garcia@uni.com,Sistemas,A-101,Cancelado,Transferencia
13582,Elena díaz,E.diaz@email.com,Base de datos i,Ing. garcía,Garcia@uni.com,Sistemas,A-101,Pagado,Efectivo
13583,María lópez,M.lopez@email.com,Matemáticas iii,Dr. gómez,Gomez@uni.com,Ciencias,D-404,Pendiente,Efectivo
13584,Juan pérez,Juan.p@email.com,Base de datos i,Ing. garcía,Garcia@uni.com,Sistemas,A-101,Pendiente,Transferencia
13585,Luis gómez,Luis.g@email.com,Ia aplicada,Dra. chen,Drchen@uni.com,Sistemas,C-303,Pendiente,Transferencia
13586,María lópez,M.lopez@email.com,Matemáticas iii,Dr. gómez,Gomez@uni.com,Ciencias,D-404,Pendiente,Transferencia
13587,Elena díaz,E.diaz@email.com,Ia aplicada,Dra. chen,Drchen@uni.com,Sistemas,C-303,Pendiente,Transferencia
13588,Ana torres,Ana.t@email.com,Base de datos i,Ing. garcía,Garcia@uni.com,Sistemas,A-101,Pagado,Efectivo
13589,Sofía vega,S.vega@email.com,Redes ii,Lic. martínez,Martinez@uni.com,Telecom,B-202,Pendiente,Tarjeta
13590,Ana torres,Ana.t@email.com,Matemáticas iii,Dr. gómez,Gomez@uni.com,Ciencias,D-404,Pendiente,Transferencia
13591,Luis gómez,Luis.g@email.com,Matemáticas iii,Dr. gómez,Gomez@uni.com,Ciencias,D-404,Cancelado,Transferencia
13592,Sofía vega,S.vega@email.com,Redes ii,Lic. martínez,Martinez@uni.com,Telecom,B-202,Pagado,Efectivo
13593,Luis gómez,Luis.g@email.com,Redes ii,Lic. martínez,Martinez@uni.com,Telecom,B-202,Pendiente,Efectivo
13594,Diego luna,Dluna@email.com,Redes ii,Lic. martínez,Martinez@uni.com,Telecom,B-202,Pendiente,Transferencia
13595,Ana torres,Ana.t@email.com,Matemáticas iii,Dr. gómez,Gomez@uni.com,Ciencias,D-404,Pendiente,Tarjeta
13596,Carlos ruiz,Cruiz@email.com,Redes ii,Lic. martínez,Martinez@uni.com,Telecom,B-202,Pagado,Tarjeta
13597,Pedro soto,Psoto@email.com,Base de datos i,Ing. garcía,Garcia@uni.com,Sistemas,A-101,Pendiente,Transferencia
13598,Elena díaz,E.diaz@email.com,Redes ii,Lic. martínez,Martinez@uni.com,Telecom,B-202,Pagado,Transferencia
13599,Laura paz,L.paz@email.com,Base de datos i,Ing. garcía,Garcia@uni.com,Sistemas,A-101,Pagado,Efectivo
13600,Sofía vega,S.vega@email.com,Redes ii,Lic. martínez,Martinez@uni.com,Telecom,B-202,Pendiente,Tarjeta
13601,Carlos ruiz,Cruiz@email.com,Redes ii,Lic. martínez,Martinez@uni.com,Telecom,B-202,Pendiente,Transferencia
13602,Carlos ruiz,Cruiz@email.com,Matemáticas iii,Dr. gómez,Gomez@uni.com,Ciencias,D-404,Pendiente,Tarjeta
13603,Sofía vega,S.vega@email.com,Redes ii,Lic. martínez,Martinez@uni.com,Telecom,B-202,Pagado,Transferencia
13604,Diego luna,Dluna@email.com,Base de datos i,Ing. garcía,Garcia@uni.com,Sistemas,A-101,Pendiente,Transferencia
13605,Luis gómez,Luis.g@email.com,Ia aplicada,Dra. chen,Drchen@uni.com,Sistemas,C-303,Cancelado,Transferencia
13606,Elena díaz,E.diaz@email.com,Redes ii,Lic. martínez,Martinez@uni.com,Telecom,B-202,Pagado,Tarjeta
13607,Juan pérez,Juan.p@email.com,Base de datos i,Ing. garcía,Garcia@uni.com,Sistemas,A-101,Cancelado,Transferencia
13608,Ana torres,Ana.t@email.com,Ia aplicada,Dra. chen,Drchen@uni.com,Sistemas,C-303,Pendiente,Transferencia
13609,Laura paz,L.paz@email.com,Matemáticas iii,Dr. gómez,Gomez@uni.com,Ciencias,D-404,Cancelado,Transferencia
13610,Luis gómez,Luis.g@email.com,Redes ii,Lic. martínez,Martinez@uni.com,Telecom,B-202,Pagado,Efectivo
13611,Pedro soto,Psoto@email.com,Base de datos i,Ing. garcía,Garcia@uni.com,Sistemas,A-101,Cancelado,Tarjeta
13612,Diego luna,Dluna@email.com,Base de datos i,Ing. garcía,Garcia@uni.com,Sistemas,A-101,Pagado,Efectivo
13613,Luis gómez,Luis.g@email.com,Base de datos i,Ing. garcía,Garcia@uni.com,Sistemas,A-101,Cancelado,Tarjeta
13614,Luis gómez,Luis.g@email.com,Base de datos i,Ing. garcía,Garcia@uni.com,Sistemas,A-101,Pagado,Tarjeta
13615,Sofía vega,S.vega@email.com,Matemáticas iii,Dr. gómez,Gomez@uni.com,Ciencias,D-404,Pagado,Efectivo
13616,Elena díaz,E.diaz@email.com,Ia aplicada,Dra. chen,Drchen@uni.com,Sistemas,C-303,Pendiente,Efectivo
13617,Ana torres,Ana.t@email.com,Ia aplicada,Dra. chen,Drchen@uni.com,Sistemas,C-303,Cancelado,Transferencia
13618,Luis gómez,Luis.g@email.com,Redes ii,Lic. martínez,Martinez@uni.com,Telecom,B-202,Pendiente,Transferencia
13619,Luis gómez,Luis.g@email.com,Matemáticas iii,Dr. gómez,Gomez@uni.com,Ciencias,D-404,Pendiente,Transferencia
13620,Luis gómez,Luis.g@email.com,Redes ii,Lic. martínez,Martinez@uni.com,Telecom,B-202,Cancelado,Efectivo
13621,Diego luna,Dluna@email.com,Redes ii,Lic. martínez,Martinez@uni.com,Telecom,B-202,Cancelado,Tarjeta
13622,Sofía vega,S.vega@email.com,Redes ii,Lic. martínez,Martinez@uni.com,Telecom,B-202,Cancelado,Efectivo
13623,Carlos ruiz,Cruiz@email.com,Ia aplicada,Dra. chen,Drchen@uni.com,Sistemas,C-303,Pagado,Tarjeta
13624,María lópez,M.lopez@email.com,Redes ii,Lic. martínez,Martinez@uni.com,Telecom,B-202,Pendiente,Efectivo
13625,Elena díaz,E.diaz@email.com,Base de datos i,Ing. garcía,Garcia@uni.com,Sistemas,A-101,Pagado,Transferencia
13626,Sofía vega,S.vega@email.com,Redes ii,Lic. martínez,Martinez@uni.com,Telecom,B-202,Pendiente,Transferencia
13627,Carlos ruiz,Cruiz@email.com,Ia aplicada,Dra. chen,Drchen@uni.com,Sistemas,C-303,Pendiente,Transferencia
13628,María lópez,M.lopez@email.com,Base de datos i,Ing. garcía,Garcia@uni.com,Sistemas,A-101,Pagado,Transferencia
13629,Luis gómez,Luis.g@email.com,Base de datos i,Ing. garcía,Garcia@uni.com,Sistemas,A-101,Pagado,Efectivo
13630,Laura paz,L.paz@email.com,Base de datos i,Ing. garcía,Garcia@uni.com,Sistemas,A-101,Pendiente,Efectivo
13631,Luis gómez,Luis.g@email.com,Matemáticas iii,Dr. gómez,Gomez@uni.com,Ciencias,D-404,Pendiente,Tarjeta
13632,Luis gómez,Luis.g@email.com,Redes ii,Lic. martínez,Martinez@uni.com,Telecom,B-202,Pagado,Efectivo
13633,Sofía vega,S.vega@email.com,Matemáticas iii,Dr. gómez,Gomez@uni.com,Ciencias,D-404,Pendiente,Tarjeta
13634,Elena díaz,E.diaz@email.com,Ia aplicada,Dra. chen,Drchen@uni.com,Sistemas,C-303,Pendiente,Transferencia
13635,Laura paz,L.paz@email.com,Redes ii,Lic. martínez,Martinez@uni.com,Telecom,B-202,Pendiente,Efectivo
13636,Pedro soto,Psoto@email.com,Base de datos i,Ing. garcía,Garcia@uni.com,Sistemas,A-101,Cancelado,Tarjeta
13637,Juan pérez,Juan.p@email.com,Matemáticas iii,Dr. gómez,Gomez@uni.com,Ciencias,D-404,Pendiente,Efectivo
13638,Pedro soto,Psoto@email.com,Base de datos i,Ing. garcía,Garcia@uni.com,Sistemas,A-101,Pendiente,Transferencia
13639,Ana torres,Ana.t@email.com,Redes ii,Lic. martínez,Martinez@uni.com,Telecom,B-202,Cancelado,Transferencia
13640,Diego luna,Dluna@email.com,Matemáticas iii,Dr. gómez,Gomez@uni.com,Ciencias,D-404,Pagado,Efectivo
13641,María lópez,M.lopez@email.com,Base de datos i,Ing. garcía,Garcia@uni.com,Sistemas,A-101,Pagado,Tarjeta
13642,Juan pérez,Juan.p@email.com,Base de datos i,Ing. garcía,Garcia@uni.com,Sistemas,A-101,Pendiente,Transferencia
13643,Elena díaz,E.diaz@email.com,Redes ii,Lic. martínez,Martinez@uni.com,Telecom,B-202,Pendiente,Efectivo
13644,Juan pérez,Juan.p@email.com,Redes ii,Lic. martínez,Martinez@uni.com,Telecom,B-202,Pendiente,Transferencia
13645,Elena díaz,E.diaz@email.com,Redes ii,Lic. martínez,Martinez@uni.com,Telecom,B-202,Pendiente,Efectivo
13646,Laura paz,L.paz@email.com,Matemáticas iii,Dr. gómez,Gomez@uni.com,Ciencias,D-404,Cancelado,Efectivo
13647,Pedro soto,Psoto@email.com,Matemáticas iii,Dr. gómez,Gomez@uni.com,Ciencias,D-404,Pendiente,Efectivo
13648,Sofía vega,S.vega@email.com,Ia aplicada,Dra. chen,Drchen@uni.com,Sistemas,C-303,Pendiente,Tarjeta
13649,Laura paz,L.paz@email.com,Matemáticas iii,Dr. gómez,Gomez@uni.com,Ciencias,D-404,Pagado,Efectivo
13650,Elena díaz,E.diaz@email.com,Redes ii,Lic. martínez,Martinez@uni.com,Telecom,B-202,Pendiente,Tarjeta
13651,Ana torres,Ana.t@email.com,Base de datos i,Ing. garcía,Garcia@uni.com,Sistemas,A-101,Pagado,Transferencia
13652,María lópez,M.lopez@email.com,Base de datos i,Ing. garcía,Garcia@uni.com,Sistemas,A-101,Pendiente,Efectivo
13653,Sofía vega,S.vega@email.com,Base de datos i,Ing. garcía,Garcia@uni.com,Sistemas,A-101,Pendiente,Efectivo
13654,Carlos ruiz,Cruiz@email.com,Matemáticas iii,Dr. gómez,Gomez@uni.com,Ciencias,D-404,Pendiente,Tarjeta
13655,Luis gómez,Luis.g@email.com,Redes ii,Lic. martínez,Martinez@uni.com,Telecom,B-202,Pagado,Tarjeta
13656,Luis gómez,Luis.g@email.com,Ia aplicada,Dra. chen,Drchen@uni.com,Sistemas,C-303,Pendiente,Efectivo
13657,María lópez,M.lopez@email.com,Ia aplicada,Dra. chen,Drchen@uni.com,Sistemas,C-303,Pendiente,Tarjeta
13658,Luis gómez,Luis.g@email.com,Redes ii,Lic. martínez,Martinez@uni.com,Telecom,B-202,Pagado,Efectivo
13659,Laura paz,L.paz@email.com,Base de datos i,Ing. garcía,Garcia@uni.com,Sistemas,A-101,Pagado,Efectivo
13660,María lópez,M.lopez@email.com,Base de datos i,Ing. garcía,Garcia@uni.com,Sistemas,A-101,Cancelado,Transferencia
13661,Luis gómez,Luis.g@email.com,Ia aplicada,Dra. chen,Drchen@uni.com,Sistemas,C-303,Pendiente,Transferencia
13662,Diego luna,Dluna@email.com,Ia aplicada,Dra. chen,Drchen@uni.com,Sistemas,C-303,Cancelado,Efectivo
13663,Elena díaz,E.diaz@email.com,Ia aplicada,Dra. chen,Drchen@uni.com,Sistemas,C-303,Cancelado,Efectivo
13664,Pedro soto,Psoto@email.com,Base de datos i,Ing. garcía,Garcia@uni.com,Sistemas,A-101,Cancelado,Transferencia
13665,Pedro soto,Psoto@email.com,Matemáticas iii,Dr. gómez,Gomez@uni.com,Ciencias,D-404,Pendiente,Transferencia
13666,Laura paz,L.paz@email.com,Redes ii,Lic. martínez,Martinez@uni.com,Telecom,B-202,Pendiente,Transferencia
13667,Luis gómez,Luis.g@email.com,Base de datos i,Ing. garcía,Garcia@uni.com,Sistemas,A-101,Pendiente,Efectivo
13668,Juan pérez,Juan.p@email.com,Redes ii,Lic. martínez,Martinez@uni.com,Telecom,B-202,Cancelado,Efectivo
13669,Juan pérez,Juan.p@email.com,Matemáticas iii,Dr. gómez,Gomez@uni.com,Ciencias,D-404,Pendiente,Tarjeta
13670,Luis gómez,Luis.g@email.com,Base de datos i,Ing. garcía,Garcia@uni.com,Sistemas,A-101,Pendiente,Efectivo
13671,Elena díaz,E.diaz@email.com,Redes ii,Lic. martínez,Martinez@uni.com,Telecom,B-202,Pendiente,Tarjeta
13672,María lópez,M.lopez@email.com,Base de datos i,Ing. garcía,Garcia@uni.com,Sistemas,A-101,Pendiente,Transferencia
13673,Elena díaz,E.diaz@email.com,Ia aplicada,Dra. chen,Drchen@uni.com,Sistemas,C-303,Pagado,Efectivo
13674,María lópez,M.lopez@email.com,Base de datos i,Ing. garcía,Garcia@uni.com,Sistemas,A-101,Pendiente,Efectivo
13675,Diego luna,Dluna@email.com,Ia aplicada,Dra. chen,Drchen@uni.com,Sistemas,C-303,Pendiente,Transferencia
13676,Ana torres,Ana.t@email.com,Base de datos i,Ing. garcía,Garcia@uni.com,Sistemas,A-101,Cancelado,Transferencia
13677,Sofía vega,S.vega@email.com,Base de datos i,Ing. garcía,Garcia@uni.com,Sistemas,A-101,Cancelado,Efectivo
13678,Laura paz,L.paz@email.com,Base de datos i,Ing. garcía,Garcia@uni.com,Sistemas,A-101,Pagado,Efectivo
13679,María lópez,M.lopez@email.com,Base de datos i,Ing. garcía,Garcia@uni.com,Sistemas,A-101,Pagado,Transferencia
13680,Elena díaz,E.diaz@email.com,Ia aplicada,Dra. chen,Drchen@uni.com,Sistemas,C-303,Pendiente,Transferencia
13681,Ana torres,Ana.t@email.com,Matemáticas iii,Dr. gómez,Gomez@uni.com,Ciencias,D-404,Cancelado,Tarjeta
13682,Diego luna,Dluna@email.com,Redes ii,Lic. martínez,Martinez@uni.com,Telecom,B-202,Pagado,Transferencia
13683,Laura paz,L.paz@email.com,Base de datos i,Ing. garcía,Garcia@uni.com,Sistemas,A-101,Pendiente,Tarjeta
13684,Juan pérez,Juan.p@email.com,Ia aplicada,Dra. chen,Drchen@uni.com,Sistemas,C-303,Pagado,Transferencia
13685,María lópez,M.lopez@email.com,Redes ii,Lic. martínez,Martinez@uni.com,Telecom,B-202,Cancelado,Tarjeta
13686,Sofía vega,S.vega@email.com,Ia aplicada,Dra. chen,Drchen@uni.com,Sistemas,C-303,Pendiente,Efectivo
13687,Pedro soto,Psoto@email.com,Base de datos i,Ing. garcía,Garcia@uni.com,Sistemas,A-101,Pendiente,Tarjeta
13688,Laura paz,L.paz@email.com,Base de datos i,Ing. garcía,Garcia@uni.com,Sistemas,A-101,Pagado,Transferencia
13689,Pedro soto,Psoto@email.com,Redes ii,Lic. martínez,Martinez@uni.com,Telecom,B-202,Pendiente,Efectivo
13690,Laura paz,L.paz@email.com,Redes ii,Lic. martínez,Martinez@uni.com,Telecom,B-202,Pendiente,Tarjeta
13691,Pedro soto,Psoto@email.com,Base de datos i,Ing. garcía,Garcia@uni.com,Sistemas,A-101,Pendiente,Tarjeta
13692,Pedro soto,Psoto@email.com,Ia aplicada,Dra. chen,Drchen@uni.com,Sistemas,C-303,Cancelado,Tarjeta
13693,Carlos ruiz,Cruiz@email.com,Matemáticas iii,Dr. gómez,Gomez@uni.com,Ciencias,D-404,Cancelado,Efectivo
13694,Carlos ruiz,Cruiz@email.com,Ia aplicada,Dra. chen,Drchen@uni.com,Sistemas,C-303,Pendiente,Transferencia
13695,Pedro soto,Psoto@email.com,Base de datos i,Ing. garcía,Garcia@uni.com,Sistemas,A-101,Cancelado,Efectivo
13696,Diego luna,Dluna@email.com,Matemáticas iii,Dr. gómez,Gomez@uni.com,Ciencias,D-404,Pendiente,Efectivo
13697,Laura paz,L.paz@email.com,Base de datos i,Ing. garcía,Garcia@uni.com,Sistemas,A-101,Pendiente,Tarjeta
13698,Pedro soto,Psoto@email.com,Matemáticas iii,Dr. gómez,Gomez@uni.com,Ciencias,D-404,Pagado,Tarjeta
13699,Carlos ruiz,Cruiz@email.com,Ia aplicada,Dra. chen,Drchen@uni.com,Sistemas,C-303,Pagado,Tarjeta
13700,Ana torres,Ana.t@email.com,Ia aplicada,Dra. chen,Drchen@uni.com,Sistemas,C-303,Cancelado,Transferencia
13701,Diego luna,Dluna@email.com,Matemáticas iii,Dr. gómez,Gomez@uni.com,Ciencias,D-404,Pendiente,Transferencia
13702,María lópez,M.lopez@email.com,Base de datos i,Ing. garcía,Garcia@uni.com,Sistemas,A-101,Pendiente,Transferencia
13703,Pedro soto,Psoto@email.com,Ia aplicada,Dra. chen,Drchen@uni.com,Sistemas,C-303,Cancelado,Transferencia
13704,Luis gómez,Luis.g@email.com,Redes ii,Lic. martínez,Martinez@uni.com,Telecom,B-202,Pagado,Tarjeta
13705,Carlos ruiz,Cruiz@email.com,Redes ii,Lic. martínez,Martinez@uni.com,Telecom,B-202,Cancelado,Tarjeta
13706,Laura paz,L.paz@email.com,Redes ii,Lic. martínez,Martinez@uni.com,Telecom,B-202,Pagado,Transferencia
13707,Carlos ruiz,Cruiz@email.com,Redes ii,Lic. martínez,Martinez@uni.com,Telecom,B-202,Cancelado,Transferencia
13708,Carlos ruiz,Cruiz@email.com,Redes ii,Lic. martínez,Martinez@uni.com,Telecom,B-202,Cancelado,Efectivo
13709,María lópez,M.lopez@email.com,Base de datos i,Ing. garcía,Garcia@uni.com,Sistemas,A-101,Pendiente,Tarjeta
13710,Elena díaz,E.diaz@email.com,Base de datos i,Ing. garcía,Garcia@uni.com,Sistemas,A-101,Pendiente,Transferencia
13711,Laura paz,L.paz@email.com,Redes ii,Lic. martínez,Martinez@uni.com,Telecom,B-202,Pendiente,Transferencia
13712,Ana torres,Ana.t@email.com,Ia aplicada,Dra. chen,Drchen@uni.com,Sistemas,C-303,Pendiente,Transferencia
13713,Laura paz,L.paz@email.com,Base de datos i,Ing. garcía,Garcia@uni.com,Sistemas,A-101,Cancelado,Transferencia
13714,Pedro soto,Psoto@email.com,Redes ii,Lic. martínez,Martinez@uni.com,Telecom,B-202,Cancelado,Tarjeta
13715,Diego luna,Dluna@email.com,Matemáticas iii,Dr. gómez,Gomez@uni.com,Ciencias,D-404,Pagado,Efectivo
13716,Juan pérez,Juan.p@email.com,Base de datos i,Ing. garcía,Garcia@uni.com,Sistemas,A-101,Pagado,Transferencia
13717,María lópez,M.lopez@email.com,Base de datos i,Ing. garcía,Garcia@uni.com,Sistemas,A-101,Pagado,Transferencia
13718,Carlos ruiz,Cruiz@email.com,Matemáticas iii,Dr. gómez,Gomez@uni.com,Ciencias,D-404,Pendiente,Tarjeta
13719,María lópez,M.lopez@email.com,Base de datos i,Ing. garcía,Garcia@uni.com,Sistemas,A-101,Pagado,Transferencia
13720,Laura paz,L.paz@email.com,Redes ii,Lic. martínez,Martinez@uni.com,Telecom,B-202,Cancelado,Tarjeta
13721,Sofía vega,S.vega@email.com,Ia aplicada,Dra. chen,Drchen@uni.com,Sistemas,C-303,Pagado,Tarjeta
13722,Pedro soto,Psoto@email.com,Redes ii,Lic. martínez,Martinez@uni.com,Telecom,B-202,Cancelado,Efectivo
13723,Elena díaz,E.diaz@email.com,Base de datos i,Ing. garcía,Garcia@uni.com,Sistemas,A-101,Pagado,Efectivo
13724,María lópez,M.lopez@email.com,Redes ii,Lic. martínez,Martinez@uni.com,Telecom,B-202,Pagado,Tarjeta
13725,Carlos ruiz,Cruiz@email.com,Ia aplicada,Dra. chen,Drchen@uni.com,Sistemas,C-303,Pendiente,Transferencia
13726,Sofía vega,S.vega@email.com,Redes ii,Lic. martínez,Martinez@uni.com,Telecom,B-202,Cancelado,Transferencia
13727,Laura paz,L.paz@email.com,Matemáticas iii,Dr. gómez,Gomez@uni.com,Ciencias,D-404,Cancelado,Tarjeta
13728,Juan pérez,Juan.p@email.com,Matemáticas iii,Dr. gómez,Gomez@uni.com,Ciencias,D-404,Cancelado,Transferencia
13729,Juan pérez,Juan.p@email.com,Ia aplicada,Dra. chen,Drchen@uni.com,Sistemas,C-303,Pendiente,Tarjeta
13730,Laura paz,L.paz@email.com,Ia aplicada,Dra. chen,Drchen@uni.com,Sistemas,C-303,Pagado,Efectivo
13731,Carlos ruiz,Cruiz@email.com,Matemáticas iii,Dr. gómez,Gomez@uni.com,Ciencias,D-404,Cancelado,Efectivo
13732,María lópez,M.lopez@email.com,Redes ii,Lic. martínez,Martinez@uni.com,Telecom,B-202,Pagado,Tarjeta
13733,Elena díaz,E.diaz@email.com,Matemáticas iii,Dr. gómez,Gomez@uni.com,Ciencias,D-404,Pendiente,Tarjeta
13734,María lópez,M.lopez@email.com,Matemáticas iii,Dr. gómez,Gomez@uni.com,Ciencias,D-404,Pagado,Transferencia
13735,Pedro soto,Psoto@email.com,Ia aplicada,Dra. chen,Drchen@uni.com,Sistemas,C-303,Cancelado,Tarjeta
13736,Sofía vega,S.vega@email.com,Ia aplicada,Dra. chen,Drchen@uni.com,Sistemas,C-303,Cancelado,Tarjeta
13737,Pedro soto,Psoto@email.com,Base de datos i,Ing. garcía,Garcia@uni.com,Sistemas,A-101,Pendiente,Tarjeta
13738,Luis gómez,Luis.g@email.com,Base de datos i,Ing. garcía,Garcia@uni.com,Sistemas,A-101,Pendiente,Transferencia
13739,Laura paz,L.paz@email.com,Redes ii,Lic. martínez,Martinez@uni.com,Telecom,B-202,Cancelado,Tarjeta
13740,Carlos ruiz,Cruiz@email.com,Redes ii,Lic. martínez,Martinez@uni.com,Telecom,B-202,Pendiente,Tarjeta
13741,Juan pérez,Juan.p@email.com,Redes ii,Lic. martínez,Martinez@uni.com,Telecom,B-202,Pendiente,Transferencia
13742,Ana torres,Ana.t@email.com,Ia aplicada,Dra. chen,Drchen@uni.com,Sistemas,C-303,Pendiente,Efectivo
13743,Laura paz,L.paz@email.com,Matemáticas iii,Dr. gómez,Gomez@uni.com,Ciencias,D-404,Pagado,Transferencia
13744,Elena díaz,E.diaz@email.com,Base de datos i,Ing. garcía,Garcia@uni.com,Sistemas,A-101,Pendiente,Efectivo
13745,Juan pérez,Juan.p@email.com,Redes ii,Lic. martínez,Martinez@uni.com,Telecom,B-202,Pendiente,Efectivo
13746,Elena díaz,E.diaz@email.com,Matemáticas iii,Dr. gómez,Gomez@uni.com,Ciencias,D-404,Pagado,Tarjeta
13747,Pedro soto,Psoto@email.com,Redes ii,Lic. martínez,Martinez@uni.com,Telecom,B-202,Cancelado,Efectivo
13748,Laura paz,L.paz@email.com,Base de datos i,Ing. garcía,Garcia@uni.com,Sistemas,A-101,Pendiente,Efectivo
13749,Sofía vega,S.vega@email.com,Base de datos i,Ing. garcía,Garcia@uni.com,Sistemas,A-101,Pagado,Tarjeta
13750,Diego luna,Dluna@email.com,Ia aplicada,Dra. chen,Drchen@uni.com,Sistemas,C-303,Pagado,Tarjeta
13751,Sofía vega,S.vega@email.com,Redes ii,Lic. martínez,Martinez@uni.com,Telecom,B-202,Pagado,Efectivo
13752,María lópez,M.lopez@email.com,Ia aplicada,Dra. chen,Drchen@uni.com,Sistemas,C-303,Pagado,Efectivo
13753,Elena díaz,E.diaz@email.com,Ia aplicada,Dra. chen,Drchen@uni.com,Sistemas,C-303,Pendiente,Efectivo
13754,Laura paz,L.paz@email.com,Matemáticas iii,Dr. gómez,Gomez@uni.com,Ciencias,D-404,Pendiente,Transferencia
13755,Ana torres,Ana.t@email.com,Matemáticas iii,Dr. gómez,Gomez@uni.com,Ciencias,D-404,Cancelado,Tarjeta
13756,Laura paz,L.paz@email.com,Redes ii,Lic. martínez,Martinez@uni.com,Telecom,B-202,Pagado,Transferencia
13757,Carlos ruiz,Cruiz@email.com,Redes ii,Lic. martínez,Martinez@uni.com,Telecom,B-202,Pendiente,Efectivo
13758,Juan pérez,Juan.p@email.com,Matemáticas iii,Dr. gómez,Gomez@uni.com,Ciencias,D-404,Cancelado,Efectivo
13759,Ana torres,Ana.t@email.com,Redes ii,Lic. martínez,Martinez@uni.com,Telecom,B-202,Pendiente,Efectivo
13760,Diego luna,Dluna@email.com,Matemáticas iii,Dr. gómez,Gomez@uni.com,Ciencias,D-404,Pagado,Efectivo
13761,Luis gómez,Luis.g@email.com,Base de datos i,Ing. garcía,Garcia@uni.com,Sistemas,A-101,Pagado,Tarjeta
13762,Carlos ruiz,Cruiz@email.com,Base de datos i,Ing. garcía,Garcia@uni.com,Sistemas,A-101,Pendiente,Efectivo
13763,Diego luna,Dluna@email.com,Base de datos i,Ing. garcía,Garcia@uni.com,Sistemas,A-101,Cancelado,Transferencia
13764,Pedro soto,Psoto@email.com,Ia aplicada,Dra. chen,Drchen@uni.com,Sistemas,C-303,Pagado,Transferencia
13765,Ana torres,Ana.t@email.com,Ia aplicada,Dra. chen,Drchen@uni.com,Sistemas,C-303,Cancelado,Efectivo
13766,Diego luna,Dluna@email.com,Matemáticas iii,Dr. gómez,Gomez@uni.com,Ciencias,D-404,Pendiente,Transferencia
13767,Luis gómez,Luis.g@email.com,Matemáticas iii,Dr. gómez,Gomez@uni.com,Ciencias,D-404,Pagado,Transferencia
13768,Sofía vega,S.vega@email.com,Matemáticas iii,Dr. gómez,Gomez@uni.com,Ciencias,D-404,Pendiente,Transferencia
13769,María lópez,M.lopez@email.com,Ia aplicada,Dra. chen,Drchen@uni.com,Sistemas,C-303,Pendiente,Transferencia
13770,María lópez,M.lopez@email.com,Matemáticas iii,Dr. gómez,Gomez@uni.com,Ciencias,D-404,Pagado,Transferencia
13771,Juan pérez,Juan.p@email.com,Ia aplicada,Dra. chen,Drchen@uni.com,Sistemas,C-303,Pendiente,Transferencia
13772,Carlos ruiz,Cruiz@email.com,Matemáticas iii,Dr. gómez,Gomez@uni.com,Ciencias,D-404,Pagado,Transferencia
13773,Laura paz,L.paz@email.com,Base de datos i,Ing. garcía,Garcia@uni.com,Sistemas,A-101,Pendiente,Transferencia
13774,Luis gómez,Luis.g@email.com,Redes ii,Lic. martínez,Martinez@uni.com,Telecom,B-202,Pagado,Transferencia
13775,Elena díaz,E.diaz@email.com,Matemáticas iii,Dr. gómez,Gomez@uni.com,Ciencias,D-404,Cancelado,Tarjeta
13776,Juan pérez,Juan.p@email.com,Ia aplicada,Dra. chen,Drchen@uni.com,Sistemas,C-303,Cancelado,Tarjeta
13777,Elena díaz,E.diaz@email.com,Matemáticas iii,Dr. gómez,Gomez@uni.com,Ciencias,D-404,Pagado,Tarjeta
13778,Laura paz,L.paz@email.com,Ia aplicada,Dra. chen,Drchen@uni.com,Sistemas,C-303,Pagado,Transferencia
13779,Luis gómez,Luis.g@email.com,Matemáticas iii,Dr. gómez,Gomez@uni.com,Ciencias,D-404,Pagado,Transferencia
13780,Juan pérez,Juan.p@email.com,Base de datos i,Ing. garcía,Garcia@uni.com,Sistemas,A-101,Pendiente,Efectivo
13781,Pedro soto,Psoto@email.com,Redes ii,Lic. martínez,Martinez@uni.com,Telecom,B-202,Cancelado,Transferencia
13782,Diego luna,Dluna@email.com,Ia aplicada,Dra. chen,Drchen@uni.com,Sistemas,C-303,Pagado,Efectivo
13783,María lópez,M.lopez@email.com,Redes ii,Lic. martínez,Martinez@uni.com,Telecom,B-202,Cancelado,Efectivo
13784,Diego luna,Dluna@email.com,Base de datos i,Ing. garcía,Garcia@uni.com,Sistemas,A-101,Pagado,Tarjeta
13785,Sofía vega,S.vega@email.com,Matemáticas iii,Dr. gómez,Gomez@uni.com,Ciencias,D-404,Cancelado,Efectivo
13786,Ana torres,Ana.t@email.com,Matemáticas iii,Dr. gómez,Gomez@uni.com,Ciencias,D-404,Cancelado,Efectivo
13787,Luis gómez,Luis.g@email.com,Base de datos i,Ing. garcía,Garcia@uni.com,Sistemas,A-101,Pagado,Transferencia
13788,Laura paz,L.paz@email.com,Redes ii,Lic. martínez,Martinez@uni.com,Telecom,B-202,Pendiente,Transferencia
13789,María lópez,M.lopez@email.com,Matemáticas iii,Dr. gómez,Gomez@uni.com,Ciencias,D-404,Pagado,Efectivo
13790,Ana torres,Ana.t@email.com,Matemáticas iii,Dr. gómez,Gomez@uni.com,Ciencias,D-404,Pagado,Tarjeta
13791,Ana torres,Ana.t@email.com,Redes ii,Lic. martínez,Martinez@uni.com,Telecom,B-202,Pagado,Efectivo
13792,Carlos ruiz,Cruiz@email.com,Matemáticas iii,Dr. gómez,Gomez@uni.com,Ciencias,D-404,Cancelado,Efectivo
13793,Luis gómez,Luis.g@email.com,Ia aplicada,Dra. chen,Drchen@uni.com,Sistemas,C-303,Cancelado,Tarjeta
13794,María lópez,M.lopez@email.com,Redes ii,Lic. martínez,Martinez@uni.com,Telecom,B-202,Pendiente,Efectivo
13795,Juan pérez,Juan.p@email.com,Ia aplicada,Dra. chen,Drchen@uni.com,Sistemas,C-303,Cancelado,Tarjeta
13796,Laura paz,L.paz@email.com,Ia aplicada,Dra. chen,Drchen@uni.com,Sistemas,C-303,Pagado,Efectivo
13797,Laura paz,L.paz@email.com,Ia aplicada,Dra. chen,Drchen@uni.com,Sistemas,C-303,Pendiente,Tarjeta
13798,Laura paz,L.paz@email.com,Base de datos i,Ing. garcía,Garcia@uni.com,Sistemas,A-101,Pagado,Tarjeta
13799,Laura paz,L.paz@email.com,Redes ii,Lic. martínez,Martinez@uni.com,Telecom,B-202,Pagado,Transferencia
13800,Laura paz,L.paz@email.com,Redes ii,Lic. martínez,Martinez@uni.com,Telecom,B-202,Pendiente,Tarjeta
13801,Juan pérez,Juan.p@email.com,Matemáticas iii,Dr. gómez,Gomez@uni.com,Ciencias,D-404,Pendiente,Transferencia
13802,Elena díaz,E.diaz@email.com,Ia aplicada,Dra. chen,Drchen@uni.com,Sistemas,C-303,Pagado,Transferencia
13803,Juan pérez,Juan.p@email.com,Matemáticas iii,Dr. gómez,Gomez@uni.com,Ciencias,D-404,Pendiente,Efectivo
13804,Diego luna,Dluna@email.com,Base de datos i,Ing. garcía,Garcia@uni.com,Sistemas,A-101,Pagado,Tarjeta
13805,Pedro soto,Psoto@email.com,Matemáticas iii,Dr. gómez,Gomez@uni.com,Ciencias,D-404,Cancelado,Tarjeta
13806,Carlos ruiz,Cruiz@email.com,Base de datos i,Ing. garcía,Garcia@uni.com,Sistemas,A-101,Cancelado,Tarjeta
13807,Juan pérez,Juan.p@email.com,Ia aplicada,Dra. chen,Drchen@uni.com,Sistemas,C-303,Cancelado,Efectivo
13808,Diego luna,Dluna@email.com,Redes ii,Lic. martínez,Martinez@uni.com,Telecom,B-202,Cancelado,Efectivo
13809,Elena díaz,E.diaz@email.com,Ia aplicada,Dra. chen,Drchen@uni.com,Sistemas,C-303,Pendiente,Tarjeta
13810,Luis gómez,Luis.g@email.com,Base de datos i,Ing. garcía,Garcia@uni.com,Sistemas,A-101,Pendiente,Efectivo
13811,Carlos ruiz,Cruiz@email.com,Ia aplicada,Dra. chen,Drchen@uni.com,Sistemas,C-303,Cancelado,Tarjeta
13812,Diego luna,Dluna@email.com,Redes ii,Lic. martínez,Martinez@uni.com,Telecom,B-202,Cancelado,Efectivo
13813,Elena díaz,E.diaz@email.com,Ia aplicada,Dra. chen,Drchen@uni.com,Sistemas,C-303,Pendiente,Transferencia
13814,Pedro soto,Psoto@email.com,Redes ii,Lic. martínez,Martinez@uni.com,Telecom,B-202,Pendiente,Efectivo
13815,Carlos ruiz,Cruiz@email.com,Redes ii,Lic. martínez,Martinez@uni.com,Telecom,B-202,Cancelado,Efectivo
13816,Ana torres,Ana.t@email.com,Matemáticas iii,Dr. gómez,Gomez@uni.com,Ciencias,D-404,Cancelado,Tarjeta
13817,Elena díaz,E.diaz@email.com,Base de datos i,Ing. garcía,Garcia@uni.com,Sistemas,A-101,Pendiente,Tarjeta
13818,Luis gómez,Luis.g@email.com,Redes ii,Lic. martínez,Martinez@uni.com,Telecom,B-202,Cancelado,Efectivo
13819,Ana torres,Ana.t@email.com,Redes ii,Lic. martínez,Martinez@uni.com,Telecom,B-202,Pagado,Transferencia
13820,Laura paz,L.paz@email.com,Base de datos i,Ing. garcía,Garcia@uni.com,Sistemas,A-101,Pendiente,Transferencia
13821,Laura paz,L.paz@email.com,Base de datos i,Ing. garcía,Garcia@uni.com,Sistemas,A-101,Pendiente,Transferencia
13822,Diego luna,Dluna@email.com,Redes ii,Lic. martínez,Martinez@uni.com,Telecom,B-202,Pendiente,Efectivo
13823,Pedro soto,Psoto@email.com,Base de datos i,Ing. garcía,Garcia@uni.com,Sistemas,A-101,Pagado,Tarjeta
13824,Laura paz,L.paz@email.com,Matemáticas iii,Dr. gómez,Gomez@uni.com,Ciencias,D-404,Pendiente,Tarjeta
13825,Elena díaz,E.diaz@email.com,Base de datos i,Ing. garcía,Garcia@uni.com,Sistemas,A-101,Pendiente,Efectivo
13826,Pedro soto,Psoto@email.com,Base de datos i,Ing. garcía,Garcia@uni.com,Sistemas,A-101,Pendiente,Efectivo
13827,Carlos ruiz,Cruiz@email.com,Base de datos i,Ing. garcía,Garcia@uni.com,Sistemas,A-101,Pagado,Efectivo
13828,Diego luna,Dluna@email.com,Matemáticas iii,Dr. gómez,Gomez@uni.com,Ciencias,D-404,Pendiente,Tarjeta
13829,Sofía vega,S.vega@email.com,Base de datos i,Ing. garcía,Garcia@uni.com,Sistemas,A-101,Pendiente,Efectivo
13830,Sofía vega,S.vega@email.com,Redes ii,Lic. martínez,Martinez@uni.com,Telecom,B-202,Cancelado,Efectivo
13831,María lópez,M.lopez@email.com,Ia aplicada,Dra. chen,Drchen@uni.com,Sistemas,C-303,Pendiente,Transferencia
13832,Sofía vega,S.vega@email.com,Ia aplicada,Dra. chen,Drchen@uni.com,Sistemas,C-303,Cancelado,Transferencia
13833,Elena díaz,E.diaz@email.com,Matemáticas iii,Dr. gómez,Gomez@uni.com,Ciencias,D-404,Pagado,Efectivo
13834,Carlos ruiz,Cruiz@email.com,Redes ii,Lic. martínez,Martinez@uni.com,Telecom,B-202,Pendiente,Efectivo
13835,Sofía vega,S.vega@email.com,Redes ii,Lic. martínez,Martinez@uni.com,Telecom,B-202,Pendiente,Tarjeta
13836,Juan pérez,Juan.p@email.com,Base de datos i,Ing. garcía,Garcia@uni.com,Sistemas,A-101,Pagado,Transferencia
13837,Juan pérez,Juan.p@email.com,Matemáticas iii,Dr. gómez,Gomez@uni.com,Ciencias,D-404,Cancelado,Tarjeta
13838,Sofía vega,S.vega@email.com,Base de datos i,Ing. garcía,Garcia@uni.com,Sistemas,A-101,Pendiente,Efectivo
13839,Pedro soto,Psoto@email.com,Redes ii,Lic. martínez,Martinez@uni.com,Telecom,B-202,Pendiente,Tarjeta
13840,Diego luna,Dluna@email.com,Redes ii,Lic. martínez,Martinez@uni.com,Telecom,B-202,Pagado,Efectivo
13841,Luis gómez,Luis.g@email.com,Ia aplicada,Dra. chen,Drchen@uni.com,Sistemas,C-303,Cancelado,Tarjeta
13842,Ana torres,Ana.t@email.com,Ia aplicada,Dra. chen,Drchen@uni.com,Sistemas,C-303,Pendiente,Transferencia
13843,Luis gómez,Luis.g@email.com,Redes ii,Lic. martínez,Martinez@uni.com,Telecom,B-202,Pagado,Transferencia
13844,Diego luna,Dluna@email.com,Matemáticas iii,Dr. gómez,Gomez@uni.com,Ciencias,D-404,Pagado,Efectivo
13845,Sofía vega,S.vega@email.com,Redes ii,Lic. martínez,Martinez@uni.com,Telecom,B-202,Pendiente,Efectivo
13846,Pedro soto,Psoto@email.com,Base de datos i,Ing. garcía,Garcia@uni.com,Sistemas,A-101,Cancelado,Transferencia
13847,Luis gómez,Luis.g@email.com,Base de datos i,Ing. garcía,Garcia@uni.com,Sistemas,A-101,Pagado,Transferencia
13848,Laura paz,L.paz@email.com,Ia aplicada,Dra. chen,Drchen@uni.com,Sistemas,C-303,Pagado,Transferencia
13849,Juan pérez,Juan.p@email.com,Redes ii,Lic. martínez,Martinez@uni.com,Telecom,B-202,Cancelado,Tarjeta
13850,Pedro soto,Psoto@email.com,Ia aplicada,Dra. chen,Drchen@uni.com,Sistemas,C-303,Pendiente,Efectivo
13851,Elena díaz,E.diaz@email.com,Base de datos i,Ing. garcía,Garcia@uni.com,Sistemas,A-101,Pendiente,Tarjeta
13852,Diego luna,Dluna@email.com,Ia aplicada,Dra. chen,Drchen@uni.com,Sistemas,C-303,Pendiente,Tarjeta
13853,Sofía vega,S.vega@email.com,Base de datos i,Ing. garcía,Garcia@uni.com,Sistemas,A-101,Pagado,Tarjeta
13854,Elena díaz,E.diaz@email.com,Ia aplicada,Dra. chen,Drchen@uni.com,Sistemas,C-303,Pendiente,Transferencia
13855,Elena díaz,E.diaz@email.com,Matemáticas iii,Dr. gómez,Gomez@uni.com,Ciencias,D-404,Cancelado,Efectivo
13856,Diego luna,Dluna@email.com,Ia aplicada,Dra. chen,Drchen@uni.com,Sistemas,C-303,Pagado,Transferencia
13857,Juan pérez,Juan.p@email.com,Ia aplicada,Dra. chen,Drchen@uni.com,Sistemas,C-303,Pendiente,Tarjeta
13858,Elena díaz,E.diaz@email.com,Redes ii,Lic. martínez,Martinez@uni.com,Telecom,B-202,Pendiente,Transferencia
13859,Elena díaz,E.diaz@email.com,Matemáticas iii,Dr. gómez,Gomez@uni.com,Ciencias,D-404,Pagado,Efectivo
13860,Elena díaz,E.diaz@email.com,Matemáticas iii,Dr. gómez,Gomez@uni.com,Ciencias,D-404,Pendiente,Efectivo
13861,Diego luna,Dluna@email.com,Base de datos i,Ing. garcía,Garcia@uni.com,Sistemas,A-101,Pendiente,Transferencia
13862,Pedro soto,Psoto@email.com,Redes ii,Lic. martínez,Martinez@uni.com,Telecom,B-202,Pendiente,Efectivo
13863,Elena díaz,E.diaz@email.com,Matemáticas iii,Dr. gómez,Gomez@uni.com,Ciencias,D-404,Cancelado,Efectivo
13864,Pedro soto,Psoto@email.com,Base de datos i,Ing. garcía,Garcia@uni.com,Sistemas,A-101,Pagado,Transferencia
13865,Ana torres,Ana.t@email.com,Matemáticas iii,Dr. gómez,Gomez@uni.com,Ciencias,D-404,Pendiente,Tarjeta
13866,Sofía vega,S.vega@email.com,Matemáticas iii,Dr. gómez,Gomez@uni.com,Ciencias,D-404,Cancelado,Tarjeta
13867,Carlos ruiz,Cruiz@email.com,Base de datos i,Ing. garcía,Garcia@uni.com,Sistemas,A-101,Pendiente,Transferencia
13868,Ana torres,Ana.t@email.com,Matemáticas iii,Dr. gómez,Gomez@uni.com,Ciencias,D-404,Pendiente,Tarjeta
13869,Sofía vega,S.vega@email.com,Base de datos i,Ing. garcía,Garcia@uni.com,Sistemas,A-101,Pendiente,Efectivo
13870,Laura paz,L.paz@email.com,Base de datos i,Ing. garcía,Garcia@uni.com,Sistemas,A-101,Pagado,Tarjeta
13871,Sofía vega,S.vega@email.com,Matemáticas iii,Dr. gómez,Gomez@uni.com,Ciencias,D-404,Pendiente,Tarjeta
13872,Pedro soto,Psoto@email.com,Redes ii,Lic. martínez,Martinez@uni.com,Telecom,B-202,Cancelado,Efectivo
13873,Pedro soto,Psoto@email.com,Redes ii,Lic. martínez,Martinez@uni.com,Telecom,B-202,Pagado,Transferencia
13874,Ana torres,Ana.t@email.com,Matemáticas iii,Dr. gómez,Gomez@uni.com,Ciencias,D-404,Cancelado,Efectivo
13875,Carlos ruiz,Cruiz@email.com,Redes ii,Lic. martínez,Martinez@uni.com,Telecom,B-202,Pendiente,Efectivo
13876,Carlos ruiz,Cruiz@email.com,Matemáticas iii,Dr. gómez,Gomez@uni.com,Ciencias,D-404,Pagado,Transferencia
13877,Ana torres,Ana.t@email.com,Ia aplicada,Dra. chen,Drchen@uni.com,Sistemas,C-303,Cancelado,Efectivo
13878,Juan pérez,Juan.p@email.com,Matemáticas iii,Dr. gómez,Gomez@uni.com,Ciencias,D-404,Cancelado,Efectivo
13879,Elena díaz,E.diaz@email.com,Base de datos i,Ing. garcía,Garcia@uni.com,Sistemas,A-101,Pendiente,Transferencia
13880,Sofía vega,S.vega@email.com,Ia aplicada,Dra. chen,Drchen@uni.com,Sistemas,C-303,Pendiente,Transferencia
13881,Diego luna,Dluna@email.com,Redes ii,Lic. martínez,Martinez@uni.com,Telecom,B-202,Cancelado,Transferencia
13882,Elena díaz,E.diaz@email.com,Matemáticas iii,Dr. gómez,Gomez@uni.com,Ciencias,D-404,Cancelado,Tarjeta
13883,Diego luna,Dluna@email.com,Base de datos i,Ing. garcía,Garcia@uni.com,Sistemas,A-101,Pendiente,Tarjeta
13884,Laura paz,L.paz@email.com,Ia aplicada,Dra. chen,Drchen@uni.com,Sistemas,C-303,Pagado,Efectivo
13885,Elena díaz,E.diaz@email.com,Base de datos i,Ing. garcía,Garcia@uni.com,Sistemas,A-101,Cancelado,Transferencia
13886,Pedro soto,Psoto@email.com,Base de datos i,Ing. garcía,Garcia@uni.com,Sistemas,A-101,Pagado,Efectivo
13887,Pedro soto,Psoto@email.com,Base de datos i,Ing. garcía,Garcia@uni.com,Sistemas,A-101,Pendiente,Tarjeta
13888,Laura paz,L.paz@email.com,Ia aplicada,Dra. chen,Drchen@uni.com,Sistemas,C-303,Pagado,Transferencia
13889,Diego luna,Dluna@email.com,Redes ii,Lic. martínez,Martinez@uni.com,Telecom,B-202,Pagado,Transferencia
13890,Elena díaz,E.diaz@email.com,Matemáticas iii,Dr. gómez,Gomez@uni.com,Ciencias,D-404,Cancelado,Efectivo
13891,Laura paz,L.paz@email.com,Base de datos i,Ing. garcía,Garcia@uni.com,Sistemas,A-101,Cancelado,Efectivo
13892,Carlos ruiz,Cruiz@email.com,Ia aplicada,Dra. chen,Drchen@uni.com,Sistemas,C-303,Pagado,Transferencia
13893,Laura paz,L.paz@email.com,Base de datos i,Ing. garcía,Garcia@uni.com,Sistemas,A-101,Cancelado,Efectivo
13894,Sofía vega,S.vega@email.com,Ia aplicada,Dra. chen,Drchen@uni.com,Sistemas,C-303,Pagado,Efectivo
13895,Luis gómez,Luis.g@email.com,Ia aplicada,Dra. chen,Drchen@uni.com,Sistemas,C-303,Cancelado,Efectivo
13896,Ana torres,Ana.t@email.com,Ia aplicada,Dra. chen,Drchen@uni.com,Sistemas,C-303,Pagado,Transferencia
13897,María lópez,M.lopez@email.com,Matemáticas iii,Dr. gómez,Gomez@uni.com,Ciencias,D-404,Pagado,Transferencia
13898,Carlos ruiz,Cruiz@email.com,Redes ii,Lic. martínez,Martinez@uni.com,Telecom,B-202,Pendiente,Tarjeta
13899,Carlos ruiz,Cruiz@email.com,Matemáticas iii,Dr. gómez,Gomez@uni.com,Ciencias,D-404,Pagado,Transferencia
13900,Laura paz,L.paz@email.com,Base de datos i,Ing. garcía,Garcia@uni.com,Sistemas,A-101,Pagado,Tarjeta
13901,Sofía vega,S.vega@email.com,Base de datos i,Ing. garcía,Garcia@uni.com,Sistemas,A-101,Cancelado,Tarjeta
13902,Laura paz,L.paz@email.com,Base de datos i,Ing. garcía,Garcia@uni.com,Sistemas,A-101,Cancelado,Transferencia
13903,Juan pérez,Juan.p@email.com,Ia aplicada,Dra. chen,Drchen@uni.com,Sistemas,C-303,Pendiente,Efectivo
13904,Carlos ruiz,Cruiz@email.com,Redes ii,Lic. martínez,Martinez@uni.com,Telecom,B-202,Pagado,Transferencia
13905,Juan pérez,Juan.p@email.com,Base de datos i,Ing. garcía,Garcia@uni.com,Sistemas,A-101,Cancelado,Efectivo
13906,Carlos ruiz,Cruiz@email.com,Redes ii,Lic. martínez,Martinez@uni.com,Telecom,B-202,Pagado,Transferencia
13907,Carlos ruiz,Cruiz@email.com,Base de datos i,Ing. garcía,Garcia@uni.com,Sistemas,A-101,Pendiente,Transferencia
13908,Elena díaz,E.diaz@email.com,Base de datos i,Ing. garcía,Garcia@uni.com,Sistemas,A-101,Pagado,Tarjeta
13909,Laura paz,L.paz@email.com,Matemáticas iii,Dr. gómez,Gomez@uni.com,Ciencias,D-404,Pendiente,Transferencia
13910,Diego luna,Dluna@email.com,Base de datos i,Ing. garcía,Garcia@uni.com,Sistemas,A-101,Cancelado,Transferencia
13911,Carlos ruiz,Cruiz@email.com,Redes ii,Lic. martínez,Martinez@uni.com,Telecom,B-202,Pendiente,Transferencia
13912,Diego luna,Dluna@email.com,Base de datos i,Ing. garcía,Garcia@uni.com,Sistemas,A-101,Pagado,Transferencia
13913,Luis gómez,Luis.g@email.com,Redes ii,Lic. martínez,Martinez@uni.com,Telecom,B-202,Pendiente,Tarjeta
13914,Pedro soto,Psoto@email.com,Matemáticas iii,Dr. gómez,Gomez@uni.com,Ciencias,D-404,Pagado,Tarjeta
13915,Carlos ruiz,Cruiz@email.com,Base de datos i,Ing. garcía,Garcia@uni.com,Sistemas,A-101,Pendiente,Tarjeta
13916,Elena díaz,E.diaz@email.com,Redes ii,Lic. martínez,Martinez@uni.com,Telecom,B-202,Pagado,Efectivo
13917,Ana torres,Ana.t@email.com,Matemáticas iii,Dr. gómez,Gomez@uni.com,Ciencias,D-404,Pagado,Transferencia
13918,Diego luna,Dluna@email.com,Redes ii,Lic. martínez,Martinez@uni.com,Telecom,B-202,Pendiente,Transferencia
13919,Laura paz,L.paz@email.com,Redes ii,Lic. martínez,Martinez@uni.com,Telecom,B-202,Pendiente,Transferencia
13920,Juan pérez,Juan.p@email.com,Base de datos i,Ing. garcía,Garcia@uni.com,Sistemas,A-101,Pagado,Tarjeta
13921,Juan pérez,Juan.p@email.com,Redes ii,Lic. martínez,Martinez@uni.com,Telecom,B-202,Pagado,Efectivo
13922,Pedro soto,Psoto@email.com,Ia aplicada,Dra. chen,Drchen@uni.com,Sistemas,C-303,Pendiente,Efectivo
13923,Laura paz,L.paz@email.com,Ia aplicada,Dra. chen,Drchen@uni.com,Sistemas,C-303,Pagado,Transferencia
13924,Elena díaz,E.diaz@email.com,Matemáticas iii,Dr. gómez,Gomez@uni.com,Ciencias,D-404,Pendiente,Efectivo
13925,Pedro soto,Psoto@email.com,Ia aplicada,Dra. chen,Drchen@uni.com,Sistemas,C-303,Pagado,Tarjeta
13926,Elena díaz,E.diaz@email.com,Base de datos i,Ing. garcía,Garcia@uni.com,Sistemas,A-101,Cancelado,Tarjeta
13927,Elena díaz,E.diaz@email.com,Matemáticas iii,Dr. gómez,Gomez@uni.com,Ciencias,D-404,Cancelado,Transferencia
13928,Ana torres,Ana.t@email.com,Matemáticas iii,Dr. gómez,Gomez@uni.com,Ciencias,D-404,Cancelado,Transferencia
13929,Elena díaz,E.diaz@email.com,Redes ii,Lic. martínez,Martinez@uni.com,Telecom,B-202,Pendiente,Efectivo
13930,Elena díaz,E.diaz@email.com,Ia aplicada,Dra. chen,Drchen@uni.com,Sistemas,C-303,Cancelado,Efectivo
13931,Juan pérez,Juan.p@email.com,Ia aplicada,Dra. chen,Drchen@uni.com,Sistemas,C-303,Pendiente,Transferencia
13932,Carlos ruiz,Cruiz@email.com,Matemáticas iii,Dr. gómez,Gomez@uni.com,Ciencias,D-404,Pendiente,Transferencia
13933,Pedro soto,Psoto@email.com,Matemáticas iii,Dr. gómez,Gomez@uni.com,Ciencias,D-404,Cancelado,Tarjeta
13934,Diego luna,Dluna@email.com,Base de datos i,Ing. garcía,Garcia@uni.com,Sistemas,A-101,Pendiente,Transferencia
13935,Carlos ruiz,Cruiz@email.com,Redes ii,Lic. martínez,Martinez@uni.com,Telecom,B-202,Cancelado,Tarjeta
13936,Laura paz,L.paz@email.com,Base de datos i,Ing. garcía,Garcia@uni.com,Sistemas,A-101,Pendiente,Efectivo
13937,Diego luna,Dluna@email.com,Matemáticas iii,Dr. gómez,Gomez@uni.com,Ciencias,D-404,Pagado,Tarjeta
13938,Carlos ruiz,Cruiz@email.com,Redes ii,Lic. martínez,Martinez@uni.com,Telecom,B-202,Pendiente,Transferencia
13939,Elena díaz,E.diaz@email.com,Base de datos i,Ing. garcía,Garcia@uni.com,Sistemas,A-101,Pagado,Tarjeta
13940,María lópez,M.lopez@email.com,Ia aplicada,Dra. chen,Drchen@uni.com,Sistemas,C-303,Pendiente,Tarjeta
13941,Sofía vega,S.vega@email.com,Ia aplicada,Dra. chen,Drchen@uni.com,Sistemas,C-303,Cancelado,Transferencia
13942,Carlos ruiz,Cruiz@email.com,Matemáticas iii,Dr. gómez,Gomez@uni.com,Ciencias,D-404,Pagado,Transferencia
13943,Carlos ruiz,Cruiz@email.com,Ia aplicada,Dra. chen,Drchen@uni.com,Sistemas,C-303,Pendiente,Transferencia
13944,María lópez,M.lopez@email.com,Matemáticas iii,Dr. gómez,Gomez@uni.com,Ciencias,D-404,Pagado,Tarjeta
13945,Luis gómez,Luis.g@email.com,Base de datos i,Ing. garcía,Garcia@uni.com,Sistemas,A-101,Cancelado,Efectivo
13946,María lópez,M.lopez@email.com,Base de datos i,Ing. garcía,Garcia@uni.com,Sistemas,A-101,Cancelado,Efectivo
13947,Elena díaz,E.diaz@email.com,Matemáticas iii,Dr. gómez,Gomez@uni.com,Ciencias,D-404,Pendiente,Efectivo
13948,Ana torres,Ana.t@email.com,Base de datos i,Ing. garcía,Garcia@uni.com,Sistemas,A-101,Pendiente,Tarjeta
13949,Sofía vega,S.vega@email.com,Ia aplicada,Dra. chen,Drchen@uni.com,Sistemas,C-303,Cancelado,Tarjeta
13950,Pedro soto,Psoto@email.com,Base de datos i,Ing. garcía,Garcia@uni.com,Sistemas,A-101,Pagado,Tarjeta
13951,Laura paz,L.paz@email.com,Base de datos i,Ing. garcía,Garcia@uni.com,Sistemas,A-101,Cancelado,Transferencia
13952,Ana torres,Ana.t@email.com,Ia aplicada,Dra. chen,Drchen@uni.com,Sistemas,C-303,Cancelado,Tarjeta
13953,Carlos ruiz,Cruiz@email.com,Base de datos i,Ing. garcía,Garcia@uni.com,Sistemas,A-101,Cancelado,Tarjeta
13954,Sofía vega,S.vega@email.com,Redes ii,Lic. martínez,Martinez@uni.com,Telecom,B-202,Cancelado,Transferencia
13955,Ana torres,Ana.t@email.com,Matemáticas iii,Dr. gómez,Gomez@uni.com,Ciencias,D-404,Pagado,Tarjeta
13956,Sofía vega,S.vega@email.com,Base de datos i,Ing. garcía,Garcia@uni.com,Sistemas,A-101,Pendiente,Tarjeta
13957,Juan pérez,Juan.p@email.com,Redes ii,Lic. martínez,Martinez@uni.com,Telecom,B-202,Pendiente,Transferencia
13958,Diego luna,Dluna@email.com,Matemáticas iii,Dr. gómez,Gomez@uni.com,Ciencias,D-404,Cancelado,Tarjeta
13959,Carlos ruiz,Cruiz@email.com,Redes ii,Lic. martínez,Martinez@uni.com,Telecom,B-202,Cancelado,Tarjeta
13960,Elena díaz,E.diaz@email.com,Redes ii,Lic. martínez,Martinez@uni.com,Telecom,B-202,Pendiente,Efectivo
13961,Laura paz,L.paz@email.com,Ia aplicada,Dra. chen,Drchen@uni.com,Sistemas,C-303,Cancelado,Efectivo
13962,Elena díaz,E.diaz@email.com,Ia aplicada,Dra. chen,Drchen@uni.com,Sistemas,C-303,Pagado,Efectivo
13963,Laura paz,L.paz@email.com,Base de datos i,Ing. garcía,Garcia@uni.com,Sistemas,A-101,Cancelado,Transferencia
13964,María lópez,M.lopez@email.com,Ia aplicada,Dra. chen,Drchen@uni.com,Sistemas,C-303,Pendiente,Efectivo
13965,Carlos ruiz,Cruiz@email.com,Redes ii,Lic. martínez,Martinez@uni.com,Telecom,B-202,Cancelado,Tarjeta
13966,Carlos ruiz,Cruiz@email.com,Redes ii,Lic. martínez,Martinez@uni.com,Telecom,B-202,Pendiente,Efectivo
13967,Carlos ruiz,Cruiz@email.com,Ia aplicada,Dra. chen,Drchen@uni.com,Sistemas,C-303,Cancelado,Efectivo
13968,Juan pérez,Juan.p@email.com,Matemáticas iii,Dr. gómez,Gomez@uni.com,Ciencias,D-404,Pagado,Tarjeta
13969,Luis gómez,Luis.g@email.com,Redes ii,Lic. martínez,Martinez@uni.com,Telecom,B-202,Pagado,Transferencia
13970,Carlos ruiz,Cruiz@email.com,Redes ii,Lic. martínez,Martinez@uni.com,Telecom,B-202,Cancelado,Transferencia
13971,Luis gómez,Luis.g@email.com,Matemáticas iii,Dr. gómez,Gomez@uni.com,Ciencias,D-404,Cancelado,Tarjeta
13972,Sofía vega,S.vega@email.com,Base de datos i,Ing. garcía,Garcia@uni.com,Sistemas,A-101,Cancelado,Tarjeta
13973,Laura paz,L.paz@email.com,Matemáticas iii,Dr. gómez,Gomez@uni.com,Ciencias,D-404,Pagado,Transferencia
13974,Luis gómez,Luis.g@email.com,Ia aplicada,Dra. chen,Drchen@uni.com,Sistemas,C-303,Pendiente,Tarjeta
13975,Carlos ruiz,Cruiz@email.com,Redes ii,Lic. martínez,Martinez@uni.com,Telecom,B-202,Pagado,Tarjeta
13976,Carlos ruiz,Cruiz@email.com,Matemáticas iii,Dr. gómez,Gomez@uni.com,Ciencias,D-404,Pagado,Transferencia
13977,Pedro soto,Psoto@email.com,Ia aplicada,Dra. chen,Drchen@uni.com,Sistemas,C-303,Cancelado,Tarjeta
13978,Sofía vega,S.vega@email.com,Base de datos i,Ing. garcía,Garcia@uni.com,Sistemas,A-101,Cancelado,Tarjeta
13979,Diego luna,Dluna@email.com,Matemáticas iii,Dr. gómez,Gomez@uni.com,Ciencias,D-404,Pendiente,Efectivo
13980,Sofía vega,S.vega@email.com,Ia aplicada,Dra. chen,Drchen@uni.com,Sistemas,C-303,Pagado,Transferencia
13981,Juan pérez,Juan.p@email.com,Redes ii,Lic. martínez,Martinez@uni.com,Telecom,B-202,Pendiente,Transferencia
13982,Juan pérez,Juan.p@email.com,Base de datos i,Ing. garcía,Garcia@uni.com,Sistemas,A-101,Pendiente,Transferencia
13983,Elena díaz,E.diaz@email.com,Redes ii,Lic. martínez,Martinez@uni.com,Telecom,B-202,Cancelado,Efectivo
13984,María lópez,M.lopez@email.com,Redes ii,Lic. martínez,Martinez@uni.com,Telecom,B-202,Pagado,Transferencia
13985,María lópez,M.lopez@email.com,Redes ii,Lic. martínez,Martinez@uni.com,Telecom,B-202,Cancelado,Tarjeta
13986,Luis gómez,Luis.g@email.com,Ia aplicada,Dra. chen,Drchen@uni.com,Sistemas,C-303,Pendiente,Efectivo
13987,Pedro soto,Psoto@email.com,Base de datos i,Ing. garcía,Garcia@uni.com,Sistemas,A-101,Pendiente,Efectivo
13988,Ana torres,Ana.t@email.com,Redes ii,Lic. martínez,Martinez@uni.com,Telecom,B-202,Cancelado,Tarjeta
13989,Pedro soto,Psoto@email.com,Ia aplicada,Dra. chen,Drchen@uni.com,Sistemas,C-303,Pendiente,Transferencia
13990,Diego luna,Dluna@email.com,Matemáticas iii,Dr. gómez,Gomez@uni.com,Ciencias,D-404,Pendiente,Tarjeta
13991,Sofía vega,S.vega@email.com,Redes ii,Lic. martínez,Martinez@uni.com,Telecom,B-202,Pendiente,Efectivo
13992,Pedro soto,Psoto@email.com,Redes ii,Lic. martínez,Martinez@uni.com,Telecom,B-202,Pagado,Efectivo
13993,Laura paz,L.paz@email.com,Matemáticas iii,Dr. gómez,Gomez@uni.com,Ciencias,D-404,Cancelado,Efectivo
13994,Pedro soto,Psoto@email.com,Matemáticas iii,Dr. gómez,Gomez@uni.com,Ciencias,D-404,Pendiente,Tarjeta
13995,Carlos ruiz,Cruiz@email.com,Redes ii,Lic. martínez,Martinez@uni.com,Telecom,B-202,Pagado,Transferencia
13996,Diego luna,Dluna@email.com,Redes ii,Lic. martínez,Martinez@uni.com,Telecom,B-202,Pendiente,Efectivo
13997,Carlos ruiz,Cruiz@email.com,Matemáticas iii,Dr. gómez,Gomez@uni.com,Ciencias,D-404,Pagado,Efectivo
13998,María lópez,M.lopez@email.com,Base de datos i,Ing. garcía,Garcia@uni.com,Sistemas,A-101,Pendiente,Transferencia
13999,María lópez,M.lopez@email.com,Ia aplicada,Dra. chen,Drchen@uni.com,Sistemas,C-303,Pendiente,Efectivo
14000,Laura paz,L.paz@email.com,Matemáticas iii,Dr. gómez,Gomez@uni.com,Ciencias,D-404,Cancelado,Transferencia
14001,María lópez,M.lopez@email.com,Ia aplicada,Dra. chen,Drchen@uni.com,Sistemas,C-303,Pagado,Transferencia
14002,Ana torres,Ana.t@email.com,Redes ii,Lic. martínez,Martinez@uni.com,Telecom,B-202,Cancelado,Efectivo
14003,María lópez,M.lopez@email.com,Redes ii,Lic. martínez,Martinez@uni.com,Telecom,B-202,Pendiente,Transferencia
14004,Carlos ruiz,Cruiz@email.com,Redes ii,Lic. martínez,Martinez@uni.com,Telecom,B-202,Pendiente,Efectivo
14005,Carlos ruiz,Cruiz@email.com,Ia aplicada,Dra. chen,Drchen@uni.com,Sistemas,C-303,Pagado,Tarjeta
14006,Elena díaz,E.diaz@email.com,Base de datos i,Ing. garcía,Garcia@uni.com,Sistemas,A-101,Pendiente,Transferencia
14007,Pedro soto,Psoto@email.com,Matemáticas iii,Dr. gómez,Gomez@uni.com,Ciencias,D-404,Pendiente,Efectivo
14008,Diego luna,Dluna@email.com,Redes ii,Lic. martínez,Martinez@uni.com,Telecom,B-202,Pagado,Tarjeta
14009,Laura paz,L.paz@email.com,Base de datos i,Ing. garcía,Garcia@uni.com,Sistemas,A-101,Pendiente,Efectivo
14010,Pedro soto,Psoto@email.com,Base de datos i,Ing. garcía,Garcia@uni.com,Sistemas,A-101,Cancelado,Efectivo
14011,Diego luna,Dluna@email.com,Redes ii,Lic. martínez,Martinez@uni.com,Telecom,B-202,Pendiente,Tarjeta
14012,Diego luna,Dluna@email.com,Ia aplicada,Dra. chen,Drchen@uni.com,Sistemas,C-303,Pagado,Efectivo
14013,Sofía vega,S.vega@email.com,Base de datos i,Ing. garcía,Garcia@uni.com,Sistemas,A-101,Pendiente,Transferencia
14014,Elena díaz,E.diaz@email.com,Matemáticas iii,Dr. gómez,Gomez@uni.com,Ciencias,D-404,Cancelado,Transferencia
14015,Juan pérez,Juan.p@email.com,Matemáticas iii,Dr. gómez,Gomez@uni.com,Ciencias,D-404,Pendiente,Transferencia
14016,Ana torres,Ana.t@email.com,Base de datos i,Ing. garcía,Garcia@uni.com,Sistemas,A-101,Pagado,Tarjeta
14017,Luis gómez,Luis.g@email.com,Base de datos i,Ing. garcía,Garcia@uni.com,Sistemas,A-101,Cancelado,Transferencia
14018,Sofía vega,S.vega@email.com,Ia aplicada,Dra. chen,Drchen@uni.com,Sistemas,C-303,Pagado,Efectivo
14019,Diego luna,Dluna@email.com,Matemáticas iii,Dr. gómez,Gomez@uni.com,Ciencias,D-404,Pagado,Tarjeta
14020,Ana torres,Ana.t@email.com,Base de datos i,Ing. garcía,Garcia@uni.com,Sistemas,A-101,Pendiente,Efectivo
14021,Ana torres,Ana.t@email.com,Redes ii,Lic. martínez,Martinez@uni.com,Telecom,B-202,Cancelado,Transferencia
14022,Luis gómez,Luis.g@email.com,Ia aplicada,Dra. chen,Drchen@uni.com,Sistemas,C-303,Pendiente,Tarjeta
14023,Laura paz,L.paz@email.com,Matemáticas iii,Dr. gómez,Gomez@uni.com,Ciencias,D-404,Pendiente,Transferencia
14024,María lópez,M.lopez@email.com,Redes ii,Lic. martínez,Martinez@uni.com,Telecom,B-202,Pendiente,Efectivo
14025,Laura paz,L.paz@email.com,Matemáticas iii,Dr. gómez,Gomez@uni.com,Ciencias,D-404,Pendiente,Transferencia
14026,Laura paz,L.paz@email.com,Base de datos i,Ing. garcía,Garcia@uni.com,Sistemas,A-101,Pendiente,Efectivo
14027,Laura paz,L.paz@email.com,Base de datos i,Ing. garcía,Garcia@uni.com,Sistemas,A-101,Pagado,Tarjeta
14028,Luis gómez,Luis.g@email.com,Redes ii,Lic. martínez,Martinez@uni.com,Telecom,B-202,Pagado,Transferencia
14029,Luis gómez,Luis.g@email.com,Base de datos i,Ing. garcía,Garcia@uni.com,Sistemas,A-101,Cancelado,Efectivo
14030,Sofía vega,S.vega@email.com,Redes ii,Lic. martínez,Martinez@uni.com,Telecom,B-202,Pendiente,Efectivo
14031,Ana torres,Ana.t@email.com,Base de datos i,Ing. garcía,Garcia@uni.com,Sistemas,A-101,Pagado,Transferencia
14032,Ana torres,Ana.t@email.com,Matemáticas iii,Dr. gómez,Gomez@uni.com,Ciencias,D-404,Pagado,Transferencia
14033,Sofía vega,S.vega@email.com,Ia aplicada,Dra. chen,Drchen@uni.com,Sistemas,C-303,Pagado,Tarjeta
14034,Sofía vega,S.vega@email.com,Base de datos i,Ing. garcía,Garcia@uni.com,Sistemas,A-101,Cancelado,Transferencia
14035,Diego luna,Dluna@email.com,Matemáticas iii,Dr. gómez,Gomez@uni.com,Ciencias,D-404,Pendiente,Tarjeta
14036,Sofía vega,S.vega@email.com,Base de datos i,Ing. garcía,Garcia@uni.com,Sistemas,A-101,Pagado,Tarjeta
14037,María lópez,M.lopez@email.com,Matemáticas iii,Dr. gómez,Gomez@uni.com,Ciencias,D-404,Pagado,Transferencia
14038,María lópez,M.lopez@email.com,Redes ii,Lic. martínez,Martinez@uni.com,Telecom,B-202,Cancelado,Efectivo
14039,Laura paz,L.paz@email.com,Matemáticas iii,Dr. gómez,Gomez@uni.com,Ciencias,D-404,Cancelado,Transferencia
14040,Laura paz,L.paz@email.com,Ia aplicada,Dra. chen,Drchen@uni.com,Sistemas,C-303,Pagado,Transferencia
14041,Ana torres,Ana.t@email.com,Matemáticas iii,Dr. gómez,Gomez@uni.com,Ciencias,D-404,Cancelado,Tarjeta
14042,María lópez,M.lopez@email.com,Base de datos i,Ing. garcía,Garcia@uni.com,Sistemas,A-101,Cancelado,Tarjeta
14043,Elena díaz,E.diaz@email.com,Ia aplicada,Dra. chen,Drchen@uni.com,Sistemas,C-303,Pendiente,Efectivo
14044,Diego luna,Dluna@email.com,Ia aplicada,Dra. chen,Drchen@uni.com,Sistemas,C-303,Cancelado,Efectivo
14045,Laura paz,L.paz@email.com,Matemáticas iii,Dr. gómez,Gomez@uni.com,Ciencias,D-404,Pagado,Efectivo
14046,Sofía vega,S.vega@email.com,Base de datos i,Ing. garcía,Garcia@uni.com,Sistemas,A-101,Pendiente,Tarjeta
14047,Sofía vega,S.vega@email.com,Base de datos i,Ing. garcía,Garcia@uni.com,Sistemas,A-101,Pendiente,Efectivo
14048,Pedro soto,Psoto@email.com,Ia aplicada,Dra. chen,Drchen@uni.com,Sistemas,C-303,Pagado,Efectivo
14049,Carlos ruiz,Cruiz@email.com,Redes ii,Lic. martínez,Martinez@uni.com,Telecom,B-202,Pagado,Efectivo
14050,Ana torres,Ana.t@email.com,Base de datos i,Ing. garcía,Garcia@uni.com,Sistemas,A-101,Cancelado,Transferencia
14051,Elena díaz,E.diaz@email.com,Base de datos i,Ing. garcía,Garcia@uni.com,Sistemas,A-101,Pagado,Transferencia
14052,Elena díaz,E.diaz@email.com,Redes ii,Lic. martínez,Martinez@uni.com,Telecom,B-202,Pendiente,Transferencia
14053,Carlos ruiz,Cruiz@email.com,Ia aplicada,Dra. chen,Drchen@uni.com,Sistemas,C-303,Cancelado,Tarjeta
14054,Diego luna,Dluna@email.com,Base de datos i,Ing. garcía,Garcia@uni.com,Sistemas,A-101,Cancelado,Transferencia
14055,Laura paz,L.paz@email.com,Base de datos i,Ing. garcía,Garcia@uni.com,Sistemas,A-101,Cancelado,Transferencia
14056,Ana torres,Ana.t@email.com,Ia aplicada,Dra. chen,Drchen@uni.com,Sistemas,C-303,Cancelado,Tarjeta
14057,Laura paz,L.paz@email.com,Matemáticas iii,Dr. gómez,Gomez@uni.com,Ciencias,D-404,Pagado,Tarjeta
14058,Luis gómez,Luis.g@email.com,Redes ii,Lic. martínez,Martinez@uni.com,Telecom,B-202,Pagado,Tarjeta
14059,Pedro soto,Psoto@email.com,Base de datos i,Ing. garcía,Garcia@uni.com,Sistemas,A-101,Cancelado,Transferencia
14060,Carlos ruiz,Cruiz@email.com,Redes ii,Lic. martínez,Martinez@uni.com,Telecom,B-202,Pendiente,Efectivo
14061,Pedro soto,Psoto@email.com,Redes ii,Lic. martínez,Martinez@uni.com,Telecom,B-202,Cancelado,Transferencia
14062,Ana torres,Ana.t@email.com,Redes ii,Lic. martínez,Martinez@uni.com,Telecom,B-202,Pagado,Tarjeta
14063,Juan pérez,Juan.p@email.com,Matemáticas iii,Dr. gómez,Gomez@uni.com,Ciencias,D-404,Pendiente,Transferencia
14064,Ana torres,Ana.t@email.com,Matemáticas iii,Dr. gómez,Gomez@uni.com,Ciencias,D-404,Pendiente,Transferencia
14065,Pedro soto,Psoto@email.com,Base de datos i,Ing. garcía,Garcia@uni.com,Sistemas,A-101,Cancelado,Efectivo
14066,Diego luna,Dluna@email.com,Redes ii,Lic. martínez,Martinez@uni.com,Telecom,B-202,Pagado,Tarjeta
14067,Juan pérez,Juan.p@email.com,Redes ii,Lic. martínez,Martinez@uni.com,Telecom,B-202,Cancelado,Transferencia
14068,María lópez,M.lopez@email.com,Redes ii,Lic. martínez,Martinez@uni.com,Telecom,B-202,Pagado,Transferencia
14069,María lópez,M.lopez@email.com,Base de datos i,Ing. garcía,Garcia@uni.com,Sistemas,A-101,Pagado,Tarjeta
14070,Sofía vega,S.vega@email.com,Base de datos i,Ing. garcía,Garcia@uni.com,Sistemas,A-101,Cancelado,Efectivo
14071,Luis gómez,Luis.g@email.com,Matemáticas iii,Dr. gómez,Gomez@uni.com,Ciencias,D-404,Pendiente,Transferencia
14072,Sofía vega,S.vega@email.com,Ia aplicada,Dra. chen,Drchen@uni.com,Sistemas,C-303,Cancelado,Efectivo
14073,Laura paz,L.paz@email.com,Redes ii,Lic. martínez,Martinez@uni.com,Telecom,B-202,Pagado,Efectivo
14074,Juan pérez,Juan.p@email.com,Ia aplicada,Dra. chen,Drchen@uni.com,Sistemas,C-303,Cancelado,Tarjeta
14075,Carlos ruiz,Cruiz@email.com,Base de datos i,Ing. garcía,Garcia@uni.com,Sistemas,A-101,Pendiente,Transferencia
14076,Ana torres,Ana.t@email.com,Base de datos i,Ing. garcía,Garcia@uni.com,Sistemas,A-101,Pendiente,Efectivo
14077,Sofía vega,S.vega@email.com,Redes ii,Lic. martínez,Martinez@uni.com,Telecom,B-202,Cancelado,Efectivo
14078,María lópez,M.lopez@email.com,Ia aplicada,Dra. chen,Drchen@uni.com,Sistemas,C-303,Pagado,Tarjeta
14079,Diego luna,Dluna@email.com,Ia aplicada,Dra. chen,Drchen@uni.com,Sistemas,C-303,Pendiente,Transferencia
14080,Sofía vega,S.vega@email.com,Redes ii,Lic. martínez,Martinez@uni.com,Telecom,B-202,Pendiente,Efectivo
14081,Elena díaz,E.diaz@email.com,Matemáticas iii,Dr. gómez,Gomez@uni.com,Ciencias,D-404,Cancelado,Transferencia
14082,Diego luna,Dluna@email.com,Matemáticas iii,Dr. gómez,Gomez@uni.com,Ciencias,D-404,Pendiente,Transferencia
14083,Ana torres,Ana.t@email.com,Redes ii,Lic. martínez,Martinez@uni.com,Telecom,B-202,Pendiente,Tarjeta
14084,Laura paz,L.paz@email.com,Matemáticas iii,Dr. gómez,Gomez@uni.com,Ciencias,D-404,Pagado,Efectivo
14085,Carlos ruiz,Cruiz@email.com,Matemáticas iii,Dr. gómez,Gomez@uni.com,Ciencias,D-404,Pendiente,Transferencia
14086,María lópez,M.lopez@email.com,Ia aplicada,Dra. chen,Drchen@uni.com,Sistemas,C-303,Cancelado,Efectivo
14087,Juan pérez,Juan.p@email.com,Matemáticas iii,Dr. gómez,Gomez@uni.com,Ciencias,D-404,Pagado,Transferencia
14088,Ana torres,Ana.t@email.com,Base de datos i,Ing. garcía,Garcia@uni.com,Sistemas,A-101,Cancelado,Tarjeta
14089,Elena díaz,E.diaz@email.com,Ia aplicada,Dra. chen,Drchen@uni.com,Sistemas,C-303,Pagado,Tarjeta
14090,Ana torres,Ana.t@email.com,Matemáticas iii,Dr. gómez,Gomez@uni.com,Ciencias,D-404,Pendiente,Efectivo
14091,Luis gómez,Luis.g@email.com,Base de datos i,Ing. garcía,Garcia@uni.com,Sistemas,A-101,Pagado,Efectivo
14092,María lópez,M.lopez@email.com,Matemáticas iii,Dr. gómez,Gomez@uni.com,Ciencias,D-404,Pagado,Tarjeta
14093,Carlos ruiz,Cruiz@email.com,Ia aplicada,Dra. chen,Drchen@uni.com,Sistemas,C-303,Cancelado,Transferencia
14094,Ana torres,Ana.t@email.com,Matemáticas iii,Dr. gómez,Gomez@uni.com,Ciencias,D-404,Pagado,Efectivo
14095,Laura paz,L.paz@email.com,Base de datos i,Ing. garcía,Garcia@uni.com,Sistemas,A-101,Pagado,Efectivo
14096,María lópez,M.lopez@email.com,Matemáticas iii,Dr. gómez,Gomez@uni.com,Ciencias,D-404,Cancelado,Transferencia
14097,Pedro soto,Psoto@email.com,Base de datos i,Ing. garcía,Garcia@uni.com,Sistemas,A-101,Pagado,Efectivo
14098,Juan pérez,Juan.p@email.com,Matemáticas iii,Dr. gómez,Gomez@uni.com,Ciencias,D-404,Cancelado,Transferencia
14099,María lópez,M.lopez@email.com,Matemáticas iii,Dr. gómez,Gomez@uni.com,Ciencias,D-404,Pendiente,Tarjeta
14100,Luis gómez,Luis.g@email.com,Redes ii,Lic. martínez,Martinez@uni.com,Telecom,B-202,Pagado,Transferencia
14101,Ana torres,Ana.t@email.com,Matemáticas iii,Dr. gómez,Gomez@uni.com,Ciencias,D-404,Pagado,Tarjeta
14102,Diego luna,Dluna@email.com,Ia aplicada,Dra. chen,Drchen@uni.com,Sistemas,C-303,Cancelado,Transferencia
14103,Laura paz,L.paz@email.com,Base de datos i,Ing. garcía,Garcia@uni.com,Sistemas,A-101,Pagado,Tarjeta
14104,Luis gómez,Luis.g@email.com,Redes ii,Lic. martínez,Martinez@uni.com,Telecom,B-202,Pendiente,Tarjeta
14105,Elena díaz,E.diaz@email.com,Redes ii,Lic. martínez,Martinez@uni.com,Telecom,B-202,Pagado,Efectivo
14106,Sofía vega,S.vega@email.com,Redes ii,Lic. martínez,Martinez@uni.com,Telecom,B-202,Pendiente,Efectivo
14107,Pedro soto,Psoto@email.com,Redes ii,Lic. martínez,Martinez@uni.com,Telecom,B-202,Pendiente,Efectivo
14108,María lópez,M.lopez@email.com,Base de datos i,Ing. garcía,Garcia@uni.com,Sistemas,A-101,Cancelado,Tarjeta
14109,Carlos ruiz,Cruiz@email.com,Redes ii,Lic. martínez,Martinez@uni.com,Telecom,B-202,Pagado,Efectivo
14110,Carlos ruiz,Cruiz@email.com,Matemáticas iii,Dr. gómez,Gomez@uni.com,Ciencias,D-404,Pendiente,Efectivo
14111,Sofía vega,S.vega@email.com,Matemáticas iii,Dr. gómez,Gomez@uni.com,Ciencias,D-404,Pendiente,Transferencia
14112,Juan pérez,Juan.p@email.com,Ia aplicada,Dra. chen,Drchen@uni.com,Sistemas,C-303,Pendiente,Transferencia
14113,Juan pérez,Juan.p@email.com,Matemáticas iii,Dr. gómez,Gomez@uni.com,Ciencias,D-404,Cancelado,Transferencia
14114,Laura paz,L.paz@email.com,Matemáticas iii,Dr. gómez,Gomez@uni.com,Ciencias,D-404,Pendiente,Transferencia
14115,Ana torres,Ana.t@email.com,Ia aplicada,Dra. chen,Drchen@uni.com,Sistemas,C-303,Cancelado,Tarjeta
14116,Sofía vega,S.vega@email.com,Ia aplicada,Dra. chen,Drchen@uni.com,Sistemas,C-303,Pagado,Efectivo
14117,Carlos ruiz,Cruiz@email.com,Ia aplicada,Dra. chen,Drchen@uni.com,Sistemas,C-303,Pagado,Efectivo
14118,Juan pérez,Juan.p@email.com,Matemáticas iii,Dr. gómez,Gomez@uni.com,Ciencias,D-404,Cancelado,Transferencia
14119,Diego luna,Dluna@email.com,Ia aplicada,Dra. chen,Drchen@uni.com,Sistemas,C-303,Pendiente,Tarjeta
14120,Laura paz,L.paz@email.com,Ia aplicada,Dra. chen,Drchen@uni.com,Sistemas,C-303,Pendiente,Tarjeta
14121,Diego luna,Dluna@email.com,Matemáticas iii,Dr. gómez,Gomez@uni.com,Ciencias,D-404,Pendiente,Transferencia
14122,Carlos ruiz,Cruiz@email.com,Redes ii,Lic. martínez,Martinez@uni.com,Telecom,B-202,Pendiente,Efectivo
14123,Diego luna,Dluna@email.com,Redes ii,Lic. martínez,Martinez@uni.com,Telecom,B-202,Pendiente,Transferencia
14124,Carlos ruiz,Cruiz@email.com,Matemáticas iii,Dr. gómez,Gomez@uni.com,Ciencias,D-404,Cancelado,Tarjeta
14125,Laura paz,L.paz@email.com,Base de datos i,Ing. garcía,Garcia@uni.com,Sistemas,A-101,Pendiente,Tarjeta
14126,Pedro soto,Psoto@email.com,Base de datos i,Ing. garcía,Garcia@uni.com,Sistemas,A-101,Pendiente,Transferencia
14127,Laura paz,L.paz@email.com,Ia aplicada,Dra. chen,Drchen@uni.com,Sistemas,C-303,Pagado,Transferencia
14128,Diego luna,Dluna@email.com,Redes ii,Lic. martínez,Martinez@uni.com,Telecom,B-202,Pendiente,Transferencia
14129,Juan pérez,Juan.p@email.com,Redes ii,Lic. martínez,Martinez@uni.com,Telecom,B-202,Pagado,Efectivo
14130,Ana torres,Ana.t@email.com,Base de datos i,Ing. garcía,Garcia@uni.com,Sistemas,A-101,Pendiente,Efectivo
14131,María lópez,M.lopez@email.com,Redes ii,Lic. martínez,Martinez@uni.com,Telecom,B-202,Pagado,Transferencia
14132,Pedro soto,Psoto@email.com,Matemáticas iii,Dr. gómez,Gomez@uni.com,Ciencias,D-404,Cancelado,Transferencia
14133,Pedro soto,Psoto@email.com,Ia aplicada,Dra. chen,Drchen@uni.com,Sistemas,C-303,Pagado,Tarjeta
14134,Laura paz,L.paz@email.com,Base de datos i,Ing. garcía,Garcia@uni.com,Sistemas,A-101,Pendiente,Transferencia
14135,Juan pérez,Juan.p@email.com,Matemáticas iii,Dr. gómez,Gomez@uni.com,Ciencias,D-404,Pendiente,Efectivo
14136,Elena díaz,E.diaz@email.com,Ia aplicada,Dra. chen,Drchen@uni.com,Sistemas,C-303,Pagado,Transferencia
14137,Ana torres,Ana.t@email.com,Redes ii,Lic. martínez,Martinez@uni.com,Telecom,B-202,Pagado,Tarjeta
14138,Laura paz,L.paz@email.com,Base de datos i,Ing. garcía,Garcia@uni.com,Sistemas,A-101,Pendiente,Efectivo
14139,Diego luna,Dluna@email.com,Base de datos i,Ing. garcía,Garcia@uni.com,Sistemas,A-101,Cancelado,Tarjeta
14140,Ana torres,Ana.t@email.com,Matemáticas iii,Dr. gómez,Gomez@uni.com,Ciencias,D-404,Pendiente,Transferencia
14141,Diego luna,Dluna@email.com,Matemáticas iii,Dr. gómez,Gomez@uni.com,Ciencias,D-404,Cancelado,Efectivo
14142,Pedro soto,Psoto@email.com,Redes ii,Lic. martínez,Martinez@uni.com,Telecom,B-202,Cancelado,Tarjeta
14143,Laura paz,L.paz@email.com,Base de datos i,Ing. garcía,Garcia@uni.com,Sistemas,A-101,Cancelado,Transferencia
14144,Diego luna,Dluna@email.com,Matemáticas iii,Dr. gómez,Gomez@uni.com,Ciencias,D-404,Pagado,Tarjeta
14145,Carlos ruiz,Cruiz@email.com,Base de datos i,Ing. garcía,Garcia@uni.com,Sistemas,A-101,Pagado,Efectivo
14146,Luis gómez,Luis.g@email.com,Matemáticas iii,Dr. gómez,Gomez@uni.com,Ciencias,D-404,Pagado,Transferencia
14147,Diego luna,Dluna@email.com,Matemáticas iii,Dr. gómez,Gomez@uni.com,Ciencias,D-404,Cancelado,Transferencia
14148,Diego luna,Dluna@email.com,Ia aplicada,Dra. chen,Drchen@uni.com,Sistemas,C-303,Cancelado,Tarjeta
14149,Carlos ruiz,Cruiz@email.com,Matemáticas iii,Dr. gómez,Gomez@uni.com,Ciencias,D-404,Pagado,Tarjeta
14150,Diego luna,Dluna@email.com,Ia aplicada,Dra. chen,Drchen@uni.com,Sistemas,C-303,Cancelado,Transferencia
14151,Carlos ruiz,Cruiz@email.com,Base de datos i,Ing. garcía,Garcia@uni.com,Sistemas,A-101,Pagado,Transferencia
14152,Juan pérez,Juan.p@email.com,Redes ii,Lic. martínez,Martinez@uni.com,Telecom,B-202,Pagado,Transferencia
14153,Juan pérez,Juan.p@email.com,Redes ii,Lic. martínez,Martinez@uni.com,Telecom,B-202,Cancelado,Tarjeta
14154,Laura paz,L.paz@email.com,Ia aplicada,Dra. chen,Drchen@uni.com,Sistemas,C-303,Cancelado,Efectivo
14155,Ana torres,Ana.t@email.com,Base de datos i,Ing. garcía,Garcia@uni.com,Sistemas,A-101,Cancelado,Efectivo
14156,María lópez,M.lopez@email.com,Matemáticas iii,Dr. gómez,Gomez@uni.com,Ciencias,D-404,Cancelado,Tarjeta
14157,Sofía vega,S.vega@email.com,Redes ii,Lic. martínez,Martinez@uni.com,Telecom,B-202,Pagado,Tarjeta
14158,Elena díaz,E.diaz@email.com,Matemáticas iii,Dr. gómez,Gomez@uni.com,Ciencias,D-404,Pagado,Transferencia
14159,Juan pérez,Juan.p@email.com,Redes ii,Lic. martínez,Martinez@uni.com,Telecom,B-202,Pendiente,Tarjeta
14160,Sofía vega,S.vega@email.com,Ia aplicada,Dra. chen,Drchen@uni.com,Sistemas,C-303,Pagado,Transferencia
14161,Sofía vega,S.vega@email.com,Redes ii,Lic. martínez,Martinez@uni.com,Telecom,B-202,Pendiente,Efectivo
14162,Pedro soto,Psoto@email.com,Redes ii,Lic. martínez,Martinez@uni.com,Telecom,B-202,Pagado,Efectivo
14163,Elena díaz,E.diaz@email.com,Ia aplicada,Dra. chen,Drchen@uni.com,Sistemas,C-303,Cancelado,Transferencia
14164,Ana torres,Ana.t@email.com,Redes ii,Lic. martínez,Martinez@uni.com,Telecom,B-202,Cancelado,Tarjeta
14165,Laura paz,L.paz@email.com,Redes ii,Lic. martínez,Martinez@uni.com,Telecom,B-202,Pendiente,Tarjeta
14166,Pedro soto,Psoto@email.com,Base de datos i,Ing. garcía,Garcia@uni.com,Sistemas,A-101,Cancelado,Transferencia
14167,Laura paz,L.paz@email.com,Redes ii,Lic. martínez,Martinez@uni.com,Telecom,B-202,Pagado,Transferencia
14168,Elena díaz,E.diaz@email.com,Base de datos i,Ing. garcía,Garcia@uni.com,Sistemas,A-101,Pagado,Transferencia
14169,Pedro soto,Psoto@email.com,Base de datos i,Ing. garcía,Garcia@uni.com,Sistemas,A-101,Pendiente,Tarjeta
14170,Elena díaz,E.diaz@email.com,Ia aplicada,Dra. chen,Drchen@uni.com,Sistemas,C-303,Cancelado,Transferencia
14171,Sofía vega,S.vega@email.com,Matemáticas iii,Dr. gómez,Gomez@uni.com,Ciencias,D-404,Pagado,Transferencia
14172,María lópez,M.lopez@email.com,Redes ii,Lic. martínez,Martinez@uni.com,Telecom,B-202,Pagado,Tarjeta
14173,Elena díaz,E.diaz@email.com,Matemáticas iii,Dr. gómez,Gomez@uni.com,Ciencias,D-404,Cancelado,Tarjeta
14174,Diego luna,Dluna@email.com,Redes ii,Lic. martínez,Martinez@uni.com,Telecom,B-202,Pagado,Efectivo
14175,Juan pérez,Juan.p@email.com,Redes ii,Lic. martínez,Martinez@uni.com,Telecom,B-202,Cancelado,Transferencia
14176,Ana torres,Ana.t@email.com,Redes ii,Lic. martínez,Martinez@uni.com,Telecom,B-202,Cancelado,Transferencia
14177,Laura paz,L.paz@email.com,Ia aplicada,Dra. chen,Drchen@uni.com,Sistemas,C-303,Pendiente,Tarjeta
14178,Juan pérez,Juan.p@email.com,Redes ii,Lic. martínez,Martinez@uni.com,Telecom,B-202,Cancelado,Tarjeta
14179,Elena díaz,E.diaz@email.com,Ia aplicada,Dra. chen,Drchen@uni.com,Sistemas,C-303,Pagado,Tarjeta
14180,Juan pérez,Juan.p@email.com,Matemáticas iii,Dr. gómez,Gomez@uni.com,Ciencias,D-404,Pendiente,Tarjeta
14181,Luis gómez,Luis.g@email.com,Base de datos i,Ing. garcía,Garcia@uni.com,Sistemas,A-101,Pendiente,Tarjeta
14182,Ana torres,Ana.t@email.com,Base de datos i,Ing. garcía,Garcia@uni.com,Sistemas,A-101,Pagado,Efectivo
14183,Pedro soto,Psoto@email.com,Ia aplicada,Dra. chen,Drchen@uni.com,Sistemas,C-303,Cancelado,Transferencia
14184,Juan pérez,Juan.p@email.com,Ia aplicada,Dra. chen,Drchen@uni.com,Sistemas,C-303,Cancelado,Tarjeta
14185,Juan pérez,Juan.p@email.com,Base de datos i,Ing. garcía,Garcia@uni.com,Sistemas,A-101,Pendiente,Transferencia
14186,Carlos ruiz,Cruiz@email.com,Base de datos i,Ing. garcía,Garcia@uni.com,Sistemas,A-101,Pagado,Efectivo
14187,Ana torres,Ana.t@email.com,Base de datos i,Ing. garcía,Garcia@uni.com,Sistemas,A-101,Pagado,Efectivo
14188,Laura paz,L.paz@email.com,Redes ii,Lic. martínez,Martinez@uni.com,Telecom,B-202,Cancelado,Efectivo
14189,Juan pérez,Juan.p@email.com,Base de datos i,Ing. garcía,Garcia@uni.com,Sistemas,A-101,Pagado,Efectivo
14190,Luis gómez,Luis.g@email.com,Matemáticas iii,Dr. gómez,Gomez@uni.com,Ciencias,D-404,Cancelado,Tarjeta
14191,Pedro soto,Psoto@email.com,Matemáticas iii,Dr. gómez,Gomez@uni.com,Ciencias,D-404,Pagado,Efectivo
14192,Elena díaz,E.diaz@email.com,Redes ii,Lic. martínez,Martinez@uni.com,Telecom,B-202,Pagado,Transferencia
14193,Diego luna,Dluna@email.com,Ia aplicada,Dra. chen,Drchen@uni.com,Sistemas,C-303,Pagado,Tarjeta
14194,Laura paz,L.paz@email.com,Matemáticas iii,Dr. gómez,Gomez@uni.com,Ciencias,D-404,Pagado,Transferencia
14195,Elena díaz,E.diaz@email.com,Base de datos i,Ing. garcía,Garcia@uni.com,Sistemas,A-101,Cancelado,Tarjeta
14196,Sofía vega,S.vega@email.com,Base de datos i,Ing. garcía,Garcia@uni.com,Sistemas,A-101,Pendiente,Tarjeta
14197,Diego luna,Dluna@email.com,Matemáticas iii,Dr. gómez,Gomez@uni.com,Ciencias,D-404,Pagado,Efectivo
14198,Juan pérez,Juan.p@email.com,Matemáticas iii,Dr. gómez,Gomez@uni.com,Ciencias,D-404,Cancelado,Transferencia
14199,Carlos ruiz,Cruiz@email.com,Redes ii,Lic. martínez,Martinez@uni.com,Telecom,B-202,Cancelado,Transferencia
14200,María lópez,M.lopez@email.com,Redes ii,Lic. martínez,Martinez@uni.com,Telecom,B-202,Pendiente,Tarjeta
14201,Pedro soto,Psoto@email.com,Matemáticas iii,Dr. gómez,Gomez@uni.com,Ciencias,D-404,Pendiente,Transferencia
14202,Laura paz,L.paz@email.com,Ia aplicada,Dra. chen,Drchen@uni.com,Sistemas,C-303,Cancelado,Efectivo
14203,Juan pérez,Juan.p@email.com,Matemáticas iii,Dr. gómez,Gomez@uni.com,Ciencias,D-404,Cancelado,Efectivo
14204,Ana torres,Ana.t@email.com,Redes ii,Lic. martínez,Martinez@uni.com,Telecom,B-202,Cancelado,Transferencia
14205,Juan pérez,Juan.p@email.com,Matemáticas iii,Dr. gómez,Gomez@uni.com,Ciencias,D-404,Pagado,Transferencia
14206,Juan pérez,Juan.p@email.com,Base de datos i,Ing. garcía,Garcia@uni.com,Sistemas,A-101,Cancelado,Tarjeta
14207,Sofía vega,S.vega@email.com,Ia aplicada,Dra. chen,Drchen@uni.com,Sistemas,C-303,Pendiente,Tarjeta
14208,Juan pérez,Juan.p@email.com,Ia aplicada,Dra. chen,Drchen@uni.com,Sistemas,C-303,Pendiente,Tarjeta
14209,Pedro soto,Psoto@email.com,Ia aplicada,Dra. chen,Drchen@uni.com,Sistemas,C-303,Pendiente,Tarjeta
14210,Diego luna,Dluna@email.com,Redes ii,Lic. martínez,Martinez@uni.com,Telecom,B-202,Pendiente,Efectivo
14211,Ana torres,Ana.t@email.com,Matemáticas iii,Dr. gómez,Gomez@uni.com,Ciencias,D-404,Cancelado,Tarjeta
14212,Sofía vega,S.vega@email.com,Matemáticas iii,Dr. gómez,Gomez@uni.com,Ciencias,D-404,Pendiente,Transferencia
14213,Laura paz,L.paz@email.com,Redes ii,Lic. martínez,Martinez@uni.com,Telecom,B-202,Pagado,Efectivo
14214,Pedro soto,Psoto@email.com,Base de datos i,Ing. garcía,Garcia@uni.com,Sistemas,A-101,Pagado,Efectivo
14215,Luis gómez,Luis.g@email.com,Ia aplicada,Dra. chen,Drchen@uni.com,Sistemas,C-303,Pendiente,Transferencia
14216,Pedro soto,Psoto@email.com,Ia aplicada,Dra. chen,Drchen@uni.com,Sistemas,C-303,Pagado,Efectivo
14217,Carlos ruiz,Cruiz@email.com,Base de datos i,Ing. garcía,Garcia@uni.com,Sistemas,A-101,Pagado,Transferencia
14218,Sofía vega,S.vega@email.com,Redes ii,Lic. martínez,Martinez@uni.com,Telecom,B-202,Pagado,Efectivo
14219,Pedro soto,Psoto@email.com,Base de datos i,Ing. garcía,Garcia@uni.com,Sistemas,A-101,Cancelado,Efectivo
14220,Pedro soto,Psoto@email.com,Redes ii,Lic. martínez,Martinez@uni.com,Telecom,B-202,Cancelado,Transferencia
14221,Carlos ruiz,Cruiz@email.com,Redes ii,Lic. martínez,Martinez@uni.com,Telecom,B-202,Pendiente,Transferencia
14222,Pedro soto,Psoto@email.com,Base de datos i,Ing. garcía,Garcia@uni.com,Sistemas,A-101,Pendiente,Tarjeta
14223,Juan pérez,Juan.p@email.com,Redes ii,Lic. martínez,Martinez@uni.com,Telecom,B-202,Pagado,Efectivo
14224,Elena díaz,E.diaz@email.com,Redes ii,Lic. martínez,Martinez@uni.com,Telecom,B-202,Cancelado,Tarjeta
14225,Diego luna,Dluna@email.com,Matemáticas iii,Dr. gómez,Gomez@uni.com,Ciencias,D-404,Pagado,Tarjeta
14226,Diego luna,Dluna@email.com,Matemáticas iii,Dr. gómez,Gomez@uni.com,Ciencias,D-404,Pendiente,Transferencia
14227,Elena díaz,E.diaz@email.com,Matemáticas iii,Dr. gómez,Gomez@uni.com,Ciencias,D-404,Cancelado,Efectivo
14228,María lópez,M.lopez@email.com,Redes ii,Lic. martínez,Martinez@uni.com,Telecom,B-202,Pagado,Tarjeta
14229,Elena díaz,E.diaz@email.com,Ia aplicada,Dra. chen,Drchen@uni.com,Sistemas,C-303,Pagado,Tarjeta
14230,Elena díaz,E.diaz@email.com,Redes ii,Lic. martínez,Martinez@uni.com,Telecom,B-202,Pagado,Efectivo
14231,Laura paz,L.paz@email.com,Matemáticas iii,Dr. gómez,Gomez@uni.com,Ciencias,D-404,Pendiente,Transferencia
14232,María lópez,M.lopez@email.com,Base de datos i,Ing. garcía,Garcia@uni.com,Sistemas,A-101,Pagado,Tarjeta
14233,Juan pérez,Juan.p@email.com,Matemáticas iii,Dr. gómez,Gomez@uni.com,Ciencias,D-404,Cancelado,Transferencia
14234,Luis gómez,Luis.g@email.com,Base de datos i,Ing. garcía,Garcia@uni.com,Sistemas,A-101,Cancelado,Efectivo
14235,Juan pérez,Juan.p@email.com,Redes ii,Lic. martínez,Martinez@uni.com,Telecom,B-202,Pendiente,Efectivo
14236,Luis gómez,Luis.g@email.com,Ia aplicada,Dra. chen,Drchen@uni.com,Sistemas,C-303,Pagado,Tarjeta
14237,Elena díaz,E.diaz@email.com,Base de datos i,Ing. garcía,Garcia@uni.com,Sistemas,A-101,Pendiente,Tarjeta
14238,Pedro soto,Psoto@email.com,Redes ii,Lic. martínez,Martinez@uni.com,Telecom,B-202,Pagado,Transferencia
14239,Carlos ruiz,Cruiz@email.com,Matemáticas iii,Dr. gómez,Gomez@uni.com,Ciencias,D-404,Pagado,Transferencia
14240,Elena díaz,E.diaz@email.com,Matemáticas iii,Dr. gómez,Gomez@uni.com,Ciencias,D-404,Pagado,Tarjeta
14241,Laura paz,L.paz@email.com,Redes ii,Lic. martínez,Martinez@uni.com,Telecom,B-202,Pendiente,Tarjeta
14242,Juan pérez,Juan.p@email.com,Base de datos i,Ing. garcía,Garcia@uni.com,Sistemas,A-101,Pendiente,Transferencia
14243,Carlos ruiz,Cruiz@email.com,Redes ii,Lic. martínez,Martinez@uni.com,Telecom,B-202,Pagado,Tarjeta
14244,Luis gómez,Luis.g@email.com,Matemáticas iii,Dr. gómez,Gomez@uni.com,Ciencias,D-404,Cancelado,Tarjeta
14245,Laura paz,L.paz@email.com,Ia aplicada,Dra. chen,Drchen@uni.com,Sistemas,C-303,Cancelado,Efectivo
14246,Carlos ruiz,Cruiz@email.com,Base de datos i,Ing. garcía,Garcia@uni.com,Sistemas,A-101,Pagado,Tarjeta
14247,Pedro soto,Psoto@email.com,Base de datos i,Ing. garcía,Garcia@uni.com,Sistemas,A-101,Cancelado,Transferencia
14248,Diego luna,Dluna@email.com,Ia aplicada,Dra. chen,Drchen@uni.com,Sistemas,C-303,Pendiente,Tarjeta
14249,Elena díaz,E.diaz@email.com,Redes ii,Lic. martínez,Martinez@uni.com,Telecom,B-202,Pagado,Transferencia
14250,Ana torres,Ana.t@email.com,Redes ii,Lic. martínez,Martinez@uni.com,Telecom,B-202,Cancelado,Transferencia
14251,Diego luna,Dluna@email.com,Matemáticas iii,Dr. gómez,Gomez@uni.com,Ciencias,D-404,Pagado,Tarjeta
14252,María lópez,M.lopez@email.com,Ia aplicada,Dra. chen,Drchen@uni.com,Sistemas,C-303,Pagado,Efectivo
14253,María lópez,M.lopez@email.com,Base de datos i,Ing. garcía,Garcia@uni.com,Sistemas,A-101,Pagado,Efectivo
14254,María lópez,M.lopez@email.com,Base de datos i,Ing. garcía,Garcia@uni.com,Sistemas,A-101,Pagado,Efectivo
14255,María lópez,M.lopez@email.com,Matemáticas iii,Dr. gómez,Gomez@uni.com,Ciencias,D-404,Pagado,Transferencia
14256,Elena díaz,E.diaz@email.com,Base de datos i,Ing. garcía,Garcia@uni.com,Sistemas,A-101,Pagado,Transferencia
14257,Pedro soto,Psoto@email.com,Ia aplicada,Dra. chen,Drchen@uni.com,Sistemas,C-303,Pendiente,Tarjeta
14258,Pedro soto,Psoto@email.com,Ia aplicada,Dra. chen,Drchen@uni.com,Sistemas,C-303,Pendiente,Transferencia
14259,Juan pérez,Juan.p@email.com,Redes ii,Lic. martínez,Martinez@uni.com,Telecom,B-202,Pagado,Transferencia
14260,Pedro soto,Psoto@email.com,Base de datos i,Ing. garcía,Garcia@uni.com,Sistemas,A-101,Pendiente,Transferencia
14261,Diego luna,Dluna@email.com,Base de datos i,Ing. garcía,Garcia@uni.com,Sistemas,A-101,Pagado,Tarjeta
14262,Juan pérez,Juan.p@email.com,Matemáticas iii,Dr. gómez,Gomez@uni.com,Ciencias,D-404,Pagado,Efectivo
14263,Elena díaz,E.diaz@email.com,Ia aplicada,Dra. chen,Drchen@uni.com,Sistemas,C-303,Pendiente,Efectivo
14264,Elena díaz,E.diaz@email.com,Base de datos i,Ing. garcía,Garcia@uni.com,Sistemas,A-101,Pagado,Transferencia
14265,Pedro soto,Psoto@email.com,Matemáticas iii,Dr. gómez,Gomez@uni.com,Ciencias,D-404,Pendiente,Tarjeta
14266,Ana torres,Ana.t@email.com,Ia aplicada,Dra. chen,Drchen@uni.com,Sistemas,C-303,Cancelado,Efectivo
14267,María lópez,M.lopez@email.com,Redes ii,Lic. martínez,Martinez@uni.com,Telecom,B-202,Pendiente,Transferencia
14268,Ana torres,Ana.t@email.com,Redes ii,Lic. martínez,Martinez@uni.com,Telecom,B-202,Pagado,Tarjeta
14269,Luis gómez,Luis.g@email.com,Base de datos i,Ing. garcía,Garcia@uni.com,Sistemas,A-101,Cancelado,Transferencia
14270,Ana torres,Ana.t@email.com,Redes ii,Lic. martínez,Martinez@uni.com,Telecom,B-202,Pagado,Efectivo
14271,Carlos ruiz,Cruiz@email.com,Base de datos i,Ing. garcía,Garcia@uni.com,Sistemas,A-101,Cancelado,Transferencia
14272,Juan pérez,Juan.p@email.com,Redes ii,Lic. martínez,Martinez@uni.com,Telecom,B-202,Cancelado,Tarjeta
14273,María lópez,M.lopez@email.com,Base de datos i,Ing. garcía,Garcia@uni.com,Sistemas,A-101,Pagado,Tarjeta
14274,Luis gómez,Luis.g@email.com,Base de datos i,Ing. garcía,Garcia@uni.com,Sistemas,A-101,Pendiente,Transferencia
14275,María lópez,M.lopez@email.com,Base de datos i,Ing. garcía,Garcia@uni.com,Sistemas,A-101,Pendiente,Transferencia
14276,Sofía vega,S.vega@email.com,Matemáticas iii,Dr. gómez,Gomez@uni.com,Ciencias,D-404,Cancelado,Transferencia
14277,Ana torres,Ana.t@email.com,Base de datos i,Ing. garcía,Garcia@uni.com,Sistemas,A-101,Pagado,Transferencia
14278,Laura paz,L.paz@email.com,Redes ii,Lic. martínez,Martinez@uni.com,Telecom,B-202,Pagado,Transferencia
14279,Luis gómez,Luis.g@email.com,Base de datos i,Ing. garcía,Garcia@uni.com,Sistemas,A-101,Cancelado,Transferencia
14280,María lópez,M.lopez@email.com,Matemáticas iii,Dr. gómez,Gomez@uni.com,Ciencias,D-404,Pagado,Transferencia
14281,Pedro soto,Psoto@email.com,Ia aplicada,Dra. chen,Drchen@uni.com,Sistemas,C-303,Pagado,Transferencia
14282,Ana torres,Ana.t@email.com,Ia aplicada,Dra. chen,Drchen@uni.com,Sistemas,C-303,Cancelado,Efectivo
14283,Juan pérez,Juan.p@email.com,Ia aplicada,Dra. chen,Drchen@uni.com,Sistemas,C-303,Pendiente,Tarjeta
14284,Luis gómez,Luis.g@email.com,Ia aplicada,Dra. chen,Drchen@uni.com,Sistemas,C-303,Pendiente,Efectivo
14285,Juan pérez,Juan.p@email.com,Redes ii,Lic. martínez,Martinez@uni.com,Telecom,B-202,Pendiente,Transferencia
14286,Luis gómez,Luis.g@email.com,Base de datos i,Ing. garcía,Garcia@uni.com,Sistemas,A-101,Cancelado,Efectivo
14287,Juan pérez,Juan.p@email.com,Ia aplicada,Dra. chen,Drchen@uni.com,Sistemas,C-303,Pagado,Transferencia
14288,Laura paz,L.paz@email.com,Base de datos i,Ing. garcía,Garcia@uni.com,Sistemas,A-101,Pagado,Transferencia
14289,Diego luna,Dluna@email.com,Ia aplicada,Dra. chen,Drchen@uni.com,Sistemas,C-303,Pendiente,Efectivo
14290,Laura paz,L.paz@email.com,Ia aplicada,Dra. chen,Drchen@uni.com,Sistemas,C-303,Pagado,Efectivo
14291,Carlos ruiz,Cruiz@email.com,Matemáticas iii,Dr. gómez,Gomez@uni.com,Ciencias,D-404,Pendiente,Transferencia
14292,Ana torres,Ana.t@email.com,Matemáticas iii,Dr. gómez,Gomez@uni.com,Ciencias,D-404,Cancelado,Efectivo
14293,Juan pérez,Juan.p@email.com,Matemáticas iii,Dr. gómez,Gomez@uni.com,Ciencias,D-404,Cancelado,Efectivo
14294,Sofía vega,S.vega@email.com,Matemáticas iii,Dr. gómez,Gomez@uni.com,Ciencias,D-404,Pagado,Transferencia
14295,Pedro soto,Psoto@email.com,Ia aplicada,Dra. chen,Drchen@uni.com,Sistemas,C-303,Pagado,Tarjeta
14296,Carlos ruiz,Cruiz@email.com,Base de datos i,Ing. garcía,Garcia@uni.com,Sistemas,A-101,Pendiente,Efectivo
14297,Sofía vega,S.vega@email.com,Ia aplicada,Dra. chen,Drchen@uni.com,Sistemas,C-303,Pendiente,Tarjeta
14298,Carlos ruiz,Cruiz@email.com,Base de datos i,Ing. garcía,Garcia@uni.com,Sistemas,A-101,Pagado,Tarjeta
14299,María lópez,M.lopez@email.com,Ia aplicada,Dra. chen,Drchen@uni.com,Sistemas,C-303,Pendiente,Tarjeta
14300,María lópez,M.lopez@email.com,Matemáticas iii,Dr. gómez,Gomez@uni.com,Ciencias,D-404,Pagado,Tarjeta
14301,Laura paz,L.paz@email.com,Matemáticas iii,Dr. gómez,Gomez@uni.com,Ciencias,D-404,Pendiente,Tarjeta
14302,Laura paz,L.paz@email.com,Redes ii,Lic. martínez,Martinez@uni.com,Telecom,B-202,Pagado,Efectivo
14303,Elena díaz,E.diaz@email.com,Redes ii,Lic. martínez,Martinez@uni.com,Telecom,B-202,Pendiente,Tarjeta
14304,Carlos ruiz,Cruiz@email.com,Redes ii,Lic. martínez,Martinez@uni.com,Telecom,B-202,Cancelado,Transferencia
14305,Pedro soto,Psoto@email.com,Redes ii,Lic. martínez,Martinez@uni.com,Telecom,B-202,Pendiente,Transferencia
14306,Juan pérez,Juan.p@email.com,Matemáticas iii,Dr. gómez,Gomez@uni.com,Ciencias,D-404,Pagado,Tarjeta
14307,Juan pérez,Juan.p@email.com,Ia aplicada,Dra. chen,Drchen@uni.com,Sistemas,C-303,Pagado,Efectivo
14308,Sofía vega,S.vega@email.com,Ia aplicada,Dra. chen,Drchen@uni.com,Sistemas,C-303,Pendiente,Efectivo
14309,Laura paz,L.paz@email.com,Matemáticas iii,Dr. gómez,Gomez@uni.com,Ciencias,D-404,Cancelado,Tarjeta
14310,Sofía vega,S.vega@email.com,Base de datos i,Ing. garcía,Garcia@uni.com,Sistemas,A-101,Pagado,Efectivo
14311,Pedro soto,Psoto@email.com,Base de datos i,Ing. garcía,Garcia@uni.com,Sistemas,A-101,Pendiente,Transferencia
14312,Sofía vega,S.vega@email.com,Ia aplicada,Dra. chen,Drchen@uni.com,Sistemas,C-303,Pendiente,Tarjeta
14313,Sofía vega,S.vega@email.com,Ia aplicada,Dra. chen,Drchen@uni.com,Sistemas,C-303,Cancelado,Tarjeta
14314,Elena díaz,E.diaz@email.com,Redes ii,Lic. martínez,Martinez@uni.com,Telecom,B-202,Pagado,Efectivo
14315,Sofía vega,S.vega@email.com,Redes ii,Lic. martínez,Martinez@uni.com,Telecom,B-202,Cancelado,Tarjeta
14316,Laura paz,L.paz@email.com,Matemáticas iii,Dr. gómez,Gomez@uni.com,Ciencias,D-404,Pendiente,Tarjeta
14317,Pedro soto,Psoto@email.com,Redes ii,Lic. martínez,Martinez@uni.com,Telecom,B-202,Cancelado,Efectivo
14318,Elena díaz,E.diaz@email.com,Matemáticas iii,Dr. gómez,Gomez@uni.com,Ciencias,D-404,Pagado,Efectivo
14319,Juan pérez,Juan.p@email.com,Ia aplicada,Dra. chen,Drchen@uni.com,Sistemas,C-303,Pendiente,Tarjeta
14320,Carlos ruiz,Cruiz@email.com,Redes ii,Lic. martínez,Martinez@uni.com,Telecom,B-202,Pagado,Tarjeta
14321,Sofía vega,S.vega@email.com,Base de datos i,Ing. garcía,Garcia@uni.com,Sistemas,A-101,Pendiente,Tarjeta
14322,Juan pérez,Juan.p@email.com,Base de datos i,Ing. garcía,Garcia@uni.com,Sistemas,A-101,Cancelado,Transferencia
14323,Laura paz,L.paz@email.com,Base de datos i,Ing. garcía,Garcia@uni.com,Sistemas,A-101,Cancelado,Tarjeta
14324,Laura paz,L.paz@email.com,Ia aplicada,Dra. chen,Drchen@uni.com,Sistemas,C-303,Cancelado,Tarjeta
14325,Diego luna,Dluna@email.com,Ia aplicada,Dra. chen,Drchen@uni.com,Sistemas,C-303,Pendiente,Transferencia
14326,Diego luna,Dluna@email.com,Matemáticas iii,Dr. gómez,Gomez@uni.com,Ciencias,D-404,Cancelado,Efectivo
14327,Ana torres,Ana.t@email.com,Base de datos i,Ing. garcía,Garcia@uni.com,Sistemas,A-101,Pendiente,Tarjeta
14328,María lópez,M.lopez@email.com,Matemáticas iii,Dr. gómez,Gomez@uni.com,Ciencias,D-404,Pagado,Efectivo
14329,Ana torres,Ana.t@email.com,Redes ii,Lic. martínez,Martinez@uni.com,Telecom,B-202,Cancelado,Efectivo
14330,Carlos ruiz,Cruiz@email.com,Redes ii,Lic. martínez,Martinez@uni.com,Telecom,B-202,Pendiente,Transferencia
14331,María lópez,M.lopez@email.com,Base de datos i,Ing. garcía,Garcia@uni.com,Sistemas,A-101,Pagado,Transferencia
14332,Carlos ruiz,Cruiz@email.com,Matemáticas iii,Dr. gómez,Gomez@uni.com,Ciencias,D-404,Cancelado,Tarjeta
14333,Ana torres,Ana.t@email.com,Matemáticas iii,Dr. gómez,Gomez@uni.com,Ciencias,D-404,Pendiente,Transferencia
14334,Luis gómez,Luis.g@email.com,Base de datos i,Ing. garcía,Garcia@uni.com,Sistemas,A-101,Pagado,Efectivo
14335,Laura paz,L.paz@email.com,Redes ii,Lic. martínez,Martinez@uni.com,Telecom,B-202,Cancelado,Efectivo
14336,Luis gómez,Luis.g@email.com,Base de datos i,Ing. garcía,Garcia@uni.com,Sistemas,A-101,Pendiente,Transferencia
14337,Elena díaz,E.diaz@email.com,Redes ii,Lic. martínez,Martinez@uni.com,Telecom,B-202,Pendiente,Tarjeta
14338,Luis gómez,Luis.g@email.com,Redes ii,Lic. martínez,Martinez@uni.com,Telecom,B-202,Cancelado,Transferencia
14339,Pedro soto,Psoto@email.com,Redes ii,Lic. martínez,Martinez@uni.com,Telecom,B-202,Pagado,Tarjeta
14340,Luis gómez,Luis.g@email.com,Matemáticas iii,Dr. gómez,Gomez@uni.com,Ciencias,D-404,Pagado,Transferencia
14341,Juan pérez,Juan.p@email.com,Matemáticas iii,Dr. gómez,Gomez@uni.com,Ciencias,D-404,Pendiente,Efectivo
14342,Elena díaz,E.diaz@email.com,Matemáticas iii,Dr. gómez,Gomez@uni.com,Ciencias,D-404,Pagado,Efectivo
14343,Elena díaz,E.diaz@email.com,Base de datos i,Ing. garcía,Garcia@uni.com,Sistemas,A-101,Cancelado,Efectivo
14344,Ana torres,Ana.t@email.com,Base de datos i,Ing. garcía,Garcia@uni.com,Sistemas,A-101,Cancelado,Transferencia
14345,Elena díaz,E.diaz@email.com,Ia aplicada,Dra. chen,Drchen@uni.com,Sistemas,C-303,Pendiente,Transferencia
14346,Sofía vega,S.vega@email.com,Matemáticas iii,Dr. gómez,Gomez@uni.com,Ciencias,D-404,Cancelado,Tarjeta
14347,Luis gómez,Luis.g@email.com,Base de datos i,Ing. garcía,Garcia@uni.com,Sistemas,A-101,Pendiente,Efectivo
14348,María lópez,M.lopez@email.com,Matemáticas iii,Dr. gómez,Gomez@uni.com,Ciencias,D-404,Pagado,Efectivo
14349,Elena díaz,E.diaz@email.com,Redes ii,Lic. martínez,Martinez@uni.com,Telecom,B-202,Cancelado,Transferencia
14350,Sofía vega,S.vega@email.com,Redes ii,Lic. martínez,Martinez@uni.com,Telecom,B-202,Pendiente,Efectivo
14351,Sofía vega,S.vega@email.com,Redes ii,Lic. martínez,Martinez@uni.com,Telecom,B-202,Cancelado,Transferencia
14352,Luis gómez,Luis.g@email.com,Matemáticas iii,Dr. gómez,Gomez@uni.com,Ciencias,D-404,Pendiente,Tarjeta
14353,Luis gómez,Luis.g@email.com,Ia aplicada,Dra. chen,Drchen@uni.com,Sistemas,C-303,Pagado,Transferencia
14354,Pedro soto,Psoto@email.com,Matemáticas iii,Dr. gómez,Gomez@uni.com,Ciencias,D-404,Pendiente,Tarjeta
14355,Pedro soto,Psoto@email.com,Matemáticas iii,Dr. gómez,Gomez@uni.com,Ciencias,D-404,Cancelado,Efectivo
14356,Carlos ruiz,Cruiz@email.com,Base de datos i,Ing. garcía,Garcia@uni.com,Sistemas,A-101,Pendiente,Efectivo
14357,Pedro soto,Psoto@email.com,Matemáticas iii,Dr. gómez,Gomez@uni.com,Ciencias,D-404,Cancelado,Tarjeta
14358,Pedro soto,Psoto@email.com,Ia aplicada,Dra. chen,Drchen@uni.com,Sistemas,C-303,Pendiente,Tarjeta
14359,Diego luna,Dluna@email.com,Redes ii,Lic. martínez,Martinez@uni.com,Telecom,B-202,Pendiente,Efectivo
14360,Laura paz,L.paz@email.com,Matemáticas iii,Dr. gómez,Gomez@uni.com,Ciencias,D-404,Pagado,Transferencia
14361,Ana torres,Ana.t@email.com,Matemáticas iii,Dr. gómez,Gomez@uni.com,Ciencias,D-404,Cancelado,Efectivo
14362,Juan pérez,Juan.p@email.com,Redes ii,Lic. martínez,Martinez@uni.com,Telecom,B-202,Cancelado,Tarjeta
14363,Diego luna,Dluna@email.com,Redes ii,Lic. martínez,Martinez@uni.com,Telecom,B-202,Pagado,Efectivo
14364,Carlos ruiz,Cruiz@email.com,Matemáticas iii,Dr. gómez,Gomez@uni.com,Ciencias,D-404,Pendiente,Efectivo
14365,Elena díaz,E.diaz@email.com,Matemáticas iii,Dr. gómez,Gomez@uni.com,Ciencias,D-404,Pagado,Tarjeta
14366,Ana torres,Ana.t@email.com,Matemáticas iii,Dr. gómez,Gomez@uni.com,Ciencias,D-404,Cancelado,Transferencia
14367,Laura paz,L.paz@email.com,Matemáticas iii,Dr. gómez,Gomez@uni.com,Ciencias,D-404,Pendiente,Transferencia
14368,Carlos ruiz,Cruiz@email.com,Matemáticas iii,Dr. gómez,Gomez@uni.com,Ciencias,D-404,Pendiente,Tarjeta
14369,Juan pérez,Juan.p@email.com,Ia aplicada,Dra. chen,Drchen@uni.com,Sistemas,C-303,Pagado,Transferencia
14370,Ana torres,Ana.t@email.com,Ia aplicada,Dra. chen,Drchen@uni.com,Sistemas,C-303,Cancelado,Tarjeta
14371,Laura paz,L.paz@email.com,Redes ii,Lic. martínez,Martinez@uni.com,Telecom,B-202,Cancelado,Tarjeta
14372,Pedro soto,Psoto@email.com,Redes ii,Lic. martínez,Martinez@uni.com,Telecom,B-202,Pendiente,Tarjeta
14373,Carlos ruiz,Cruiz@email.com,Base de datos i,Ing. garcía,Garcia@uni.com,Sistemas,A-101,Pagado,Efectivo
14374,Ana torres,Ana.t@email.com,Redes ii,Lic. martínez,Martinez@uni.com,Telecom,B-202,Pagado,Tarjeta
14375,Pedro soto,Psoto@email.com,Matemáticas iii,Dr. gómez,Gomez@uni.com,Ciencias,D-404,Cancelado,Tarjeta
14376,Elena díaz,E.diaz@email.com,Redes ii,Lic. martínez,Martinez@uni.com,Telecom,B-202,Pagado,Efectivo
14377,Sofía vega,S.vega@email.com,Base de datos i,Ing. garcía,Garcia@uni.com,Sistemas,A-101,Pendiente,Efectivo
14378,María lópez,M.lopez@email.com,Matemáticas iii,Dr. gómez,Gomez@uni.com,Ciencias,D-404,Pendiente,Efectivo
14379,Carlos ruiz,Cruiz@email.com,Base de datos i,Ing. garcía,Garcia@uni.com,Sistemas,A-101,Pagado,Efectivo
14380,Elena díaz,E.diaz@email.com,Base de datos i,Ing. garcía,Garcia@uni.com,Sistemas,A-101,Pagado,Transferencia
14381,Sofía vega,S.vega@email.com,Redes ii,Lic. martínez,Martinez@uni.com,Telecom,B-202,Pendiente,Transferencia
14382,Diego luna,Dluna@email.com,Base de datos i,Ing. garcía,Garcia@uni.com,Sistemas,A-101,Cancelado,Transferencia
14383,Pedro soto,Psoto@email.com,Base de datos i,Ing. garcía,Garcia@uni.com,Sistemas,A-101,Pendiente,Efectivo
14384,Sofía vega,S.vega@email.com,Redes ii,Lic. martínez,Martinez@uni.com,Telecom,B-202,Pendiente,Tarjeta
14385,Elena díaz,E.diaz@email.com,Redes ii,Lic. martínez,Martinez@uni.com,Telecom,B-202,Pendiente,Efectivo
14386,Luis gómez,Luis.g@email.com,Redes ii,Lic. martínez,Martinez@uni.com,Telecom,B-202,Pendiente,Tarjeta
14387,Elena díaz,E.diaz@email.com,Ia aplicada,Dra. chen,Drchen@uni.com,Sistemas,C-303,Cancelado,Tarjeta
14388,Juan pérez,Juan.p@email.com,Base de datos i,Ing. garcía,Garcia@uni.com,Sistemas,A-101,Pagado,Efectivo
14389,Juan pérez,Juan.p@email.com,Redes ii,Lic. martínez,Martinez@uni.com,Telecom,B-202,Pagado,Efectivo
14390,Ana torres,Ana.t@email.com,Ia aplicada,Dra. chen,Drchen@uni.com,Sistemas,C-303,Cancelado,Tarjeta
14391,Carlos ruiz,Cruiz@email.com,Base de datos i,Ing. garcía,Garcia@uni.com,Sistemas,A-101,Pagado,Transferencia
14392,Laura paz,L.paz@email.com,Matemáticas iii,Dr. gómez,Gomez@uni.com,Ciencias,D-404,Pendiente,Efectivo
14393,Luis gómez,Luis.g@email.com,Ia aplicada,Dra. chen,Drchen@uni.com,Sistemas,C-303,Pendiente,Tarjeta
14394,Juan pérez,Juan.p@email.com,Redes ii,Lic. martínez,Martinez@uni.com,Telecom,B-202,Cancelado,Tarjeta
14395,Pedro soto,Psoto@email.com,Matemáticas iii,Dr. gómez,Gomez@uni.com,Ciencias,D-404,Pagado,Transferencia
14396,Sofía vega,S.vega@email.com,Base de datos i,Ing. garcía,Garcia@uni.com,Sistemas,A-101,Cancelado,Tarjeta
14397,Carlos ruiz,Cruiz@email.com,Base de datos i,Ing. garcía,Garcia@uni.com,Sistemas,A-101,Pendiente,Efectivo
14398,Ana torres,Ana.t@email.com,Base de datos i,Ing. garcía,Garcia@uni.com,Sistemas,A-101,Pagado,Transferencia
14399,Sofía vega,S.vega@email.com,Redes ii,Lic. martínez,Martinez@uni.com,Telecom,B-202,Cancelado,Transferencia
14400,Luis gómez,Luis.g@email.com,Matemáticas iii,Dr. gómez,Gomez@uni.com,Ciencias,D-404,Cancelado,Tarjeta
14401,Elena díaz,E.diaz@email.com,Redes ii,Lic. martínez,Martinez@uni.com,Telecom,B-202,Pagado,Transferencia
14402,Ana torres,Ana.t@email.com,Base de datos i,Ing. garcía,Garcia@uni.com,Sistemas,A-101,Pendiente,Transferencia
14403,Ana torres,Ana.t@email.com,Base de datos i,Ing. garcía,Garcia@uni.com,Sistemas,A-101,Pagado,Tarjeta
14404,Pedro soto,Psoto@email.com,Matemáticas iii,Dr. gómez,Gomez@uni.com,Ciencias,D-404,Pagado,Efectivo
14405,Juan pérez,Juan.p@email.com,Redes ii,Lic. martínez,Martinez@uni.com,Telecom,B-202,Pagado,Transferencia
14406,Laura paz,L.paz@email.com,Matemáticas iii,Dr. gómez,Gomez@uni.com,Ciencias,D-404,Pagado,Efectivo
14407,Pedro soto,Psoto@email.com,Base de datos i,Ing. garcía,Garcia@uni.com,Sistemas,A-101,Pendiente,Efectivo
14408,Diego luna,Dluna@email.com,Matemáticas iii,Dr. gómez,Gomez@uni.com,Ciencias,D-404,Pagado,Tarjeta
14409,Pedro soto,Psoto@email.com,Base de datos i,Ing. garcía,Garcia@uni.com,Sistemas,A-101,Cancelado,Transferencia
14410,Elena díaz,E.diaz@email.com,Base de datos i,Ing. garcía,Garcia@uni.com,Sistemas,A-101,Cancelado,Transferencia
14411,Pedro soto,Psoto@email.com,Ia aplicada,Dra. chen,Drchen@uni.com,Sistemas,C-303,Cancelado,Efectivo
14412,Elena díaz,E.diaz@email.com,Matemáticas iii,Dr. gómez,Gomez@uni.com,Ciencias,D-404,Pendiente,Transferencia
14413,Laura paz,L.paz@email.com,Redes ii,Lic. martínez,Martinez@uni.com,Telecom,B-202,Pendiente,Tarjeta
14414,Carlos ruiz,Cruiz@email.com,Base de datos i,Ing. garcía,Garcia@uni.com,Sistemas,A-101,Pendiente,Efectivo
14415,María lópez,M.lopez@email.com,Redes ii,Lic. martínez,Martinez@uni.com,Telecom,B-202,Pagado,Tarjeta
14416,Elena díaz,E.diaz@email.com,Ia aplicada,Dra. chen,Drchen@uni.com,Sistemas,C-303,Pagado,Efectivo
14417,María lópez,M.lopez@email.com,Base de datos i,Ing. garcía,Garcia@uni.com,Sistemas,A-101,Cancelado,Tarjeta
14418,Diego luna,Dluna@email.com,Base de datos i,Ing. garcía,Garcia@uni.com,Sistemas,A-101,Pendiente,Efectivo
14419,Elena díaz,E.diaz@email.com,Redes ii,Lic. martínez,Martinez@uni.com,Telecom,B-202,Cancelado,Tarjeta
14420,María lópez,M.lopez@email.com,Ia aplicada,Dra. chen,Drchen@uni.com,Sistemas,C-303,Pendiente,Tarjeta
14421,Diego luna,Dluna@email.com,Ia aplicada,Dra. chen,Drchen@uni.com,Sistemas,C-303,Cancelado,Efectivo
14422,Elena díaz,E.diaz@email.com,Ia aplicada,Dra. chen,Drchen@uni.com,Sistemas,C-303,Cancelado,Transferencia
14423,Pedro soto,Psoto@email.com,Base de datos i,Ing. garcía,Garcia@uni.com,Sistemas,A-101,Pagado,Transferencia
14424,Luis gómez,Luis.g@email.com,Base de datos i,Ing. garcía,Garcia@uni.com,Sistemas,A-101,Pagado,Transferencia
14425,Sofía vega,S.vega@email.com,Redes ii,Lic. martínez,Martinez@uni.com,Telecom,B-202,Cancelado,Transferencia
14426,Luis gómez,Luis.g@email.com,Matemáticas iii,Dr. gómez,Gomez@uni.com,Ciencias,D-404,Cancelado,Efectivo
14427,Juan pérez,Juan.p@email.com,Matemáticas iii,Dr. gómez,Gomez@uni.com,Ciencias,D-404,Pendiente,Transferencia
14428,Laura paz,L.paz@email.com,Matemáticas iii,Dr. gómez,Gomez@uni.com,Ciencias,D-404,Pendiente,Transferencia
14429,Juan pérez,Juan.p@email.com,Redes ii,Lic. martínez,Martinez@uni.com,Telecom,B-202,Pendiente,Transferencia
14430,Juan pérez,Juan.p@email.com,Matemáticas iii,Dr. gómez,Gomez@uni.com,Ciencias,D-404,Pendiente,Efectivo
14431,María lópez,M.lopez@email.com,Base de datos i,Ing. garcía,Garcia@uni.com,Sistemas,A-101,Pagado,Efectivo
14432,Laura paz,L.paz@email.com,Ia aplicada,Dra. chen,Drchen@uni.com,Sistemas,C-303,Cancelado,Transferencia
14433,Pedro soto,Psoto@email.com,Base de datos i,Ing. garcía,Garcia@uni.com,Sistemas,A-101,Cancelado,Efectivo
14434,Juan pérez,Juan.p@email.com,Redes ii,Lic. martínez,Martinez@uni.com,Telecom,B-202,Cancelado,Tarjeta
14435,Elena díaz,E.diaz@email.com,Base de datos i,Ing. garcía,Garcia@uni.com,Sistemas,A-101,Pagado,Efectivo
14436,Juan pérez,Juan.p@email.com,Matemáticas iii,Dr. gómez,Gomez@uni.com,Ciencias,D-404,Pendiente,Transferencia
14437,Luis gómez,Luis.g@email.com,Matemáticas iii,Dr. gómez,Gomez@uni.com,Ciencias,D-404,Pagado,Tarjeta
14438,Pedro soto,Psoto@email.com,Ia aplicada,Dra. chen,Drchen@uni.com,Sistemas,C-303,Pendiente,Efectivo
14439,Juan pérez,Juan.p@email.com,Redes ii,Lic. martínez,Martinez@uni.com,Telecom,B-202,Pendiente,Tarjeta
14440,Diego luna,Dluna@email.com,Redes ii,Lic. martínez,Martinez@uni.com,Telecom,B-202,Pagado,Tarjeta
14441,Ana torres,Ana.t@email.com,Ia aplicada,Dra. chen,Drchen@uni.com,Sistemas,C-303,Cancelado,Efectivo
14442,Diego luna,Dluna@email.com,Redes ii,Lic. martínez,Martinez@uni.com,Telecom,B-202,Cancelado,Transferencia
14443,Sofía vega,S.vega@email.com,Matemáticas iii,Dr. gómez,Gomez@uni.com,Ciencias,D-404,Pagado,Tarjeta
14444,Elena díaz,E.diaz@email.com,Base de datos i,Ing. garcía,Garcia@uni.com,Sistemas,A-101,Pagado,Tarjeta
14445,Juan pérez,Juan.p@email.com,Matemáticas iii,Dr. gómez,Gomez@uni.com,Ciencias,D-404,Pagado,Transferencia
14446,Ana torres,Ana.t@email.com,Redes ii,Lic. martínez,Martinez@uni.com,Telecom,B-202,Cancelado,Tarjeta
14447,Carlos ruiz,Cruiz@email.com,Base de datos i,Ing. garcía,Garcia@uni.com,Sistemas,A-101,Pendiente,Tarjeta
14448,Elena díaz,E.diaz@email.com,Redes ii,Lic. martínez,Martinez@uni.com,Telecom,B-202,Pagado,Transferencia
14449,Diego luna,Dluna@email.com,Base de datos i,Ing. garcía,Garcia@uni.com,Sistemas,A-101,Pagado,Efectivo
14450,Diego luna,Dluna@email.com,Redes ii,Lic. martínez,Martinez@uni.com,Telecom,B-202,Cancelado,Transferencia
14451,Juan pérez,Juan.p@email.com,Redes ii,Lic. martínez,Martinez@uni.com,Telecom,B-202,Pendiente,Tarjeta
14452,Diego luna,Dluna@email.com,Redes ii,Lic. martínez,Martinez@uni.com,Telecom,B-202,Pendiente,Efectivo
14453,Diego luna,Dluna@email.com,Redes ii,Lic. martínez,Martinez@uni.com,Telecom,B-202,Pendiente,Efectivo
14454,Juan pérez,Juan.p@email.com,Matemáticas iii,Dr. gómez,Gomez@uni.com,Ciencias,D-404,Cancelado,Efectivo
14455,Elena díaz,E.diaz@email.com,Matemáticas iii,Dr. gómez,Gomez@uni.com,Ciencias,D-404,Pagado,Transferencia
14456,Luis gómez,Luis.g@email.com,Matemáticas iii,Dr. gómez,Gomez@uni.com,Ciencias,D-404,Pagado,Tarjeta
14457,Carlos ruiz,Cruiz@email.com,Ia aplicada,Dra. chen,Drchen@uni.com,Sistemas,C-303,Cancelado,Tarjeta
14458,Sofía vega,S.vega@email.com,Redes ii,Lic. martínez,Martinez@uni.com,Telecom,B-202,Cancelado,Transferencia
14459,Carlos ruiz,Cruiz@email.com,Ia aplicada,Dra. chen,Drchen@uni.com,Sistemas,C-303,Cancelado,Transferencia
14460,Diego luna,Dluna@email.com,Ia aplicada,Dra. chen,Drchen@uni.com,Sistemas,C-303,Pendiente,Efectivo
14461,Elena díaz,E.diaz@email.com,Matemáticas iii,Dr. gómez,Gomez@uni.com,Ciencias,D-404,Pendiente,Tarjeta
14462,Laura paz,L.paz@email.com,Base de datos i,Ing. garcía,Garcia@uni.com,Sistemas,A-101,Pendiente,Transferencia
14463,Elena díaz,E.diaz@email.com,Redes ii,Lic. martínez,Martinez@uni.com,Telecom,B-202,Pagado,Tarjeta
14464,Sofía vega,S.vega@email.com,Matemáticas iii,Dr. gómez,Gomez@uni.com,Ciencias,D-404,Pagado,Tarjeta
14465,Ana torres,Ana.t@email.com,Base de datos i,Ing. garcía,Garcia@uni.com,Sistemas,A-101,Pagado,Efectivo
14466,Elena díaz,E.diaz@email.com,Redes ii,Lic. martínez,Martinez@uni.com,Telecom,B-202,Pagado,Tarjeta
14467,Ana torres,Ana.t@email.com,Redes ii,Lic. martínez,Martinez@uni.com,Telecom,B-202,Pendiente,Transferencia
14468,María lópez,M.lopez@email.com,Ia aplicada,Dra. chen,Drchen@uni.com,Sistemas,C-303,Pendiente,Transferencia
14469,Pedro soto,Psoto@email.com,Ia aplicada,Dra. chen,Drchen@uni.com,Sistemas,C-303,Pagado,Efectivo
14470,Luis gómez,Luis.g@email.com,Matemáticas iii,Dr. gómez,Gomez@uni.com,Ciencias,D-404,Cancelado,Tarjeta
14471,Elena díaz,E.diaz@email.com,Redes ii,Lic. martínez,Martinez@uni.com,Telecom,B-202,Pagado,Transferencia
14472,Carlos ruiz,Cruiz@email.com,Base de datos i,Ing. garcía,Garcia@uni.com,Sistemas,A-101,Cancelado,Tarjeta
14473,Elena díaz,E.diaz@email.com,Matemáticas iii,Dr. gómez,Gomez@uni.com,Ciencias,D-404,Cancelado,Tarjeta
14474,Sofía vega,S.vega@email.com,Ia aplicada,Dra. chen,Drchen@uni.com,Sistemas,C-303,Cancelado,Tarjeta
14475,Sofía vega,S.vega@email.com,Matemáticas iii,Dr. gómez,Gomez@uni.com,Ciencias,D-404,Cancelado,Efectivo
14476,Sofía vega,S.vega@email.com,Ia aplicada,Dra. chen,Drchen@uni.com,Sistemas,C-303,Cancelado,Transferencia
14477,Juan pérez,Juan.p@email.com,Matemáticas iii,Dr. gómez,Gomez@uni.com,Ciencias,D-404,Cancelado,Efectivo
14478,Sofía vega,S.vega@email.com,Ia aplicada,Dra. chen,Drchen@uni.com,Sistemas,C-303,Cancelado,Efectivo
14479,Juan pérez,Juan.p@email.com,Base de datos i,Ing. garcía,Garcia@uni.com,Sistemas,A-101,Cancelado,Efectivo
14480,Elena díaz,E.diaz@email.com,Matemáticas iii,Dr. gómez,Gomez@uni.com,Ciencias,D-404,Pendiente,Efectivo
14481,Ana torres,Ana.t@email.com,Redes ii,Lic. martínez,Martinez@uni.com,Telecom,B-202,Cancelado,Efectivo
14482,Pedro soto,Psoto@email.com,Base de datos i,Ing. garcía,Garcia@uni.com,Sistemas,A-101,Cancelado,Transferencia
14483,Elena díaz,E.diaz@email.com,Ia aplicada,Dra. chen,Drchen@uni.com,Sistemas,C-303,Pagado,Tarjeta
14484,María lópez,M.lopez@email.com,Redes ii,Lic. martínez,Martinez@uni.com,Telecom,B-202,Pagado,Tarjeta
14485,Juan pérez,Juan.p@email.com,Matemáticas iii,Dr. gómez,Gomez@uni.com,Ciencias,D-404,Pendiente,Efectivo
14486,María lópez,M.lopez@email.com,Base de datos i,Ing. garcía,Garcia@uni.com,Sistemas,A-101,Pendiente,Transferencia
14487,Elena díaz,E.diaz@email.com,Redes ii,Lic. martínez,Martinez@uni.com,Telecom,B-202,Cancelado,Tarjeta
14488,Ana torres,Ana.t@email.com,Ia aplicada,Dra. chen,Drchen@uni.com,Sistemas,C-303,Pagado,Transferencia
14489,Carlos ruiz,Cruiz@email.com,Matemáticas iii,Dr. gómez,Gomez@uni.com,Ciencias,D-404,Cancelado,Tarjeta
14490,Ana torres,Ana.t@email.com,Matemáticas iii,Dr. gómez,Gomez@uni.com,Ciencias,D-404,Pendiente,Efectivo
14491,Carlos ruiz,Cruiz@email.com,Ia aplicada,Dra. chen,Drchen@uni.com,Sistemas,C-303,Pagado,Efectivo
14492,Laura paz,L.paz@email.com,Matemáticas iii,Dr. gómez,Gomez@uni.com,Ciencias,D-404,Cancelado,Transferencia
14493,Carlos ruiz,Cruiz@email.com,Matemáticas iii,Dr. gómez,Gomez@uni.com,Ciencias,D-404,Cancelado,Tarjeta
14494,Sofía vega,S.vega@email.com,Ia aplicada,Dra. chen,Drchen@uni.com,Sistemas,C-303,Pendiente,Transferencia
14495,Carlos ruiz,Cruiz@email.com,Redes ii,Lic. martínez,Martinez@uni.com,Telecom,B-202,Pendiente,Transferencia
14496,Sofía vega,S.vega@email.com,Base de datos i,Ing. garcía,Garcia@uni.com,Sistemas,A-101,Pagado,Efectivo
14497,Elena díaz,E.diaz@email.com,Ia aplicada,Dra. chen,Drchen@uni.com,Sistemas,C-303,Pagado,Transferencia
14498,Elena díaz,E.diaz@email.com,Ia aplicada,Dra. chen,Drchen@uni.com,Sistemas,C-303,Pagado,Tarjeta
14499,Luis gómez,Luis.g@email.com,Base de datos i,Ing. garcía,Garcia@uni.com,Sistemas,A-101,Cancelado,Transferencia
14500,Juan pérez,Juan.p@email.com,Matemáticas iii,Dr. gómez,Gomez@uni.com,Ciencias,D-404,Cancelado,Transferencia
14501,Sofía vega,S.vega@email.com,Matemáticas iii,Dr. gómez,Gomez@uni.com,Ciencias,D-404,Pendiente,Efectivo
14502,Ana torres,Ana.t@email.com,Redes ii,Lic. martínez,Martinez@uni.com,Telecom,B-202,Pagado,Efectivo
14503,Pedro soto,Psoto@email.com,Matemáticas iii,Dr. gómez,Gomez@uni.com,Ciencias,D-404,Cancelado,Transferencia
14504,María lópez,M.lopez@email.com,Redes ii,Lic. martínez,Martinez@uni.com,Telecom,B-202,Cancelado,Transferencia
14505,Carlos ruiz,Cruiz@email.com,Base de datos i,Ing. garcía,Garcia@uni.com,Sistemas,A-101,Pagado,Tarjeta
14506,Sofía vega,S.vega@email.com,Redes ii,Lic. martínez,Martinez@uni.com,Telecom,B-202,Pendiente,Transferencia
14507,Diego luna,Dluna@email.com,Redes ii,Lic. martínez,Martinez@uni.com,Telecom,B-202,Cancelado,Transferencia
14508,Elena díaz,E.diaz@email.com,Matemáticas iii,Dr. gómez,Gomez@uni.com,Ciencias,D-404,Cancelado,Efectivo
14509,Diego luna,Dluna@email.com,Redes ii,Lic. martínez,Martinez@uni.com,Telecom,B-202,Pendiente,Transferencia
14510,Juan pérez,Juan.p@email.com,Base de datos i,Ing. garcía,Garcia@uni.com,Sistemas,A-101,Pagado,Tarjeta
14511,Sofía vega,S.vega@email.com,Matemáticas iii,Dr. gómez,Gomez@uni.com,Ciencias,D-404,Pendiente,Transferencia
14512,Juan pérez,Juan.p@email.com,Base de datos i,Ing. garcía,Garcia@uni.com,Sistemas,A-101,Cancelado,Efectivo
14513,Juan pérez,Juan.p@email.com,Ia aplicada,Dra. chen,Drchen@uni.com,Sistemas,C-303,Pagado,Efectivo
14514,Diego luna,Dluna@email.com,Base de datos i,Ing. garcía,Garcia@uni.com,Sistemas,A-101,Cancelado,Efectivo
14515,Sofía vega,S.vega@email.com,Base de datos i,Ing. garcía,Garcia@uni.com,Sistemas,A-101,Pagado,Tarjeta
14516,María lópez,M.lopez@email.com,Redes ii,Lic. martínez,Martinez@uni.com,Telecom,B-202,Cancelado,Transferencia
14517,Carlos ruiz,Cruiz@email.com,Matemáticas iii,Dr. gómez,Gomez@uni.com,Ciencias,D-404,Cancelado,Tarjeta
14518,Carlos ruiz,Cruiz@email.com,Base de datos i,Ing. garcía,Garcia@uni.com,Sistemas,A-101,Pendiente,Tarjeta
14519,Elena díaz,E.diaz@email.com,Base de datos i,Ing. garcía,Garcia@uni.com,Sistemas,A-101,Pagado,Transferencia
14520,Luis gómez,Luis.g@email.com,Base de datos i,Ing. garcía,Garcia@uni.com,Sistemas,A-101,Pagado,Efectivo
14521,Elena díaz,E.diaz@email.com,Ia aplicada,Dra. chen,Drchen@uni.com,Sistemas,C-303,Pendiente,Transferencia
14522,Luis gómez,Luis.g@email.com,Redes ii,Lic. martínez,Martinez@uni.com,Telecom,B-202,Pagado,Tarjeta
14523,Carlos ruiz,Cruiz@email.com,Redes ii,Lic. martínez,Martinez@uni.com,Telecom,B-202,Cancelado,Transferencia
14524,Carlos ruiz,Cruiz@email.com,Base de datos i,Ing. garcía,Garcia@uni.com,Sistemas,A-101,Cancelado,Efectivo
14525,Luis gómez,Luis.g@email.com,Matemáticas iii,Dr. gómez,Gomez@uni.com,Ciencias,D-404,Pagado,Efectivo
14526,Sofía vega,S.vega@email.com,Ia aplicada,Dra. chen,Drchen@uni.com,Sistemas,C-303,Pendiente,Transferencia
14527,Elena díaz,E.diaz@email.com,Matemáticas iii,Dr. gómez,Gomez@uni.com,Ciencias,D-404,Cancelado,Tarjeta
14528,Elena díaz,E.diaz@email.com,Base de datos i,Ing. garcía,Garcia@uni.com,Sistemas,A-101,Pagado,Efectivo
14529,Sofía vega,S.vega@email.com,Base de datos i,Ing. garcía,Garcia@uni.com,Sistemas,A-101,Pendiente,Transferencia
14530,Ana torres,Ana.t@email.com,Base de datos i,Ing. garcía,Garcia@uni.com,Sistemas,A-101,Cancelado,Tarjeta
14531,Juan pérez,Juan.p@email.com,Redes ii,Lic. martínez,Martinez@uni.com,Telecom,B-202,Cancelado,Tarjeta
14532,Pedro soto,Psoto@email.com,Redes ii,Lic. martínez,Martinez@uni.com,Telecom,B-202,Pendiente,Transferencia
14533,Ana torres,Ana.t@email.com,Redes ii,Lic. martínez,Martinez@uni.com,Telecom,B-202,Pagado,Transferencia
14534,Sofía vega,S.vega@email.com,Ia aplicada,Dra. chen,Drchen@uni.com,Sistemas,C-303,Pagado,Transferencia
14535,Sofía vega,S.vega@email.com,Base de datos i,Ing. garcía,Garcia@uni.com,Sistemas,A-101,Cancelado,Tarjeta
14536,Elena díaz,E.diaz@email.com,Matemáticas iii,Dr. gómez,Gomez@uni.com,Ciencias,D-404,Pagado,Tarjeta
14537,Ana torres,Ana.t@email.com,Matemáticas iii,Dr. gómez,Gomez@uni.com,Ciencias,D-404,Pagado,Efectivo
14538,Laura paz,L.paz@email.com,Matemáticas iii,Dr. gómez,Gomez@uni.com,Ciencias,D-404,Pendiente,Transferencia
14539,Luis gómez,Luis.g@email.com,Base de datos i,Ing. garcía,Garcia@uni.com,Sistemas,A-101,Pendiente,Transferencia
14540,Luis gómez,Luis.g@email.com,Base de datos i,Ing. garcía,Garcia@uni.com,Sistemas,A-101,Cancelado,Efectivo
14541,Juan pérez,Juan.p@email.com,Redes ii,Lic. martínez,Martinez@uni.com,Telecom,B-202,Pagado,Tarjeta
14542,Carlos ruiz,Cruiz@email.com,Matemáticas iii,Dr. gómez,Gomez@uni.com,Ciencias,D-404,Cancelado,Transferencia
14543,Sofía vega,S.vega@email.com,Redes ii,Lic. martínez,Martinez@uni.com,Telecom,B-202,Pagado,Transferencia
14544,Pedro soto,Psoto@email.com,Ia aplicada,Dra. chen,Drchen@uni.com,Sistemas,C-303,Cancelado,Efectivo
14545,Diego luna,Dluna@email.com,Matemáticas iii,Dr. gómez,Gomez@uni.com,Ciencias,D-404,Cancelado,Tarjeta
14546,Ana torres,Ana.t@email.com,Base de datos i,Ing. garcía,Garcia@uni.com,Sistemas,A-101,Pendiente,Transferencia
14547,Laura paz,L.paz@email.com,Redes ii,Lic. martínez,Martinez@uni.com,Telecom,B-202,Pagado,Transferencia
14548,Sofía vega,S.vega@email.com,Redes ii,Lic. martínez,Martinez@uni.com,Telecom,B-202,Pendiente,Transferencia
14549,María lópez,M.lopez@email.com,Ia aplicada,Dra. chen,Drchen@uni.com,Sistemas,C-303,Pendiente,Transferencia
14550,María lópez,M.lopez@email.com,Base de datos i,Ing. garcía,Garcia@uni.com,Sistemas,A-101,Pagado,Tarjeta
14551,Laura paz,L.paz@email.com,Matemáticas iii,Dr. gómez,Gomez@uni.com,Ciencias,D-404,Pagado,Efectivo
14552,Elena díaz,E.diaz@email.com,Redes ii,Lic. martínez,Martinez@uni.com,Telecom,B-202,Pendiente,Transferencia
14553,Diego luna,Dluna@email.com,Redes ii,Lic. martínez,Martinez@uni.com,Telecom,B-202,Pendiente,Tarjeta
14554,Elena díaz,E.diaz@email.com,Base de datos i,Ing. garcía,Garcia@uni.com,Sistemas,A-101,Cancelado,Tarjeta
14555,Elena díaz,E.diaz@email.com,Matemáticas iii,Dr. gómez,Gomez@uni.com,Ciencias,D-404,Cancelado,Tarjeta
14556,María lópez,M.lopez@email.com,Base de datos i,Ing. garcía,Garcia@uni.com,Sistemas,A-101,Pagado,Transferencia
14557,Pedro soto,Psoto@email.com,Base de datos i,Ing. garcía,Garcia@uni.com,Sistemas,A-101,Cancelado,Efectivo
14558,Luis gómez,Luis.g@email.com,Ia aplicada,Dra. chen,Drchen@uni.com,Sistemas,C-303,Pendiente,Tarjeta
14559,Carlos ruiz,Cruiz@email.com,Redes ii,Lic. martínez,Martinez@uni.com,Telecom,B-202,Pagado,Efectivo
14560,Diego luna,Dluna@email.com,Redes ii,Lic. martínez,Martinez@uni.com,Telecom,B-202,Pagado,Transferencia
14561,Ana torres,Ana.t@email.com,Matemáticas iii,Dr. gómez,Gomez@uni.com,Ciencias,D-404,Pagado,Efectivo
14562,María lópez,M.lopez@email.com,Ia aplicada,Dra. chen,Drchen@uni.com,Sistemas,C-303,Pendiente,Transferencia
14563,Pedro soto,Psoto@email.com,Base de datos i,Ing. garcía,Garcia@uni.com,Sistemas,A-101,Cancelado,Efectivo
14564,Carlos ruiz,Cruiz@email.com,Redes ii,Lic. martínez,Martinez@uni.com,Telecom,B-202,Pagado,Transferencia
14565,Ana torres,Ana.t@email.com,Ia aplicada,Dra. chen,Drchen@uni.com,Sistemas,C-303,Pendiente,Efectivo
14566,Carlos ruiz,Cruiz@email.com,Redes ii,Lic. martínez,Martinez@uni.com,Telecom,B-202,Pagado,Efectivo
14567,Luis gómez,Luis.g@email.com,Base de datos i,Ing. garcía,Garcia@uni.com,Sistemas,A-101,Pagado,Efectivo
14568,Diego luna,Dluna@email.com,Ia aplicada,Dra. chen,Drchen@uni.com,Sistemas,C-303,Cancelado,Tarjeta
14569,Pedro soto,Psoto@email.com,Base de datos i,Ing. garcía,Garcia@uni.com,Sistemas,A-101,Pendiente,Transferencia
14570,Elena díaz,E.diaz@email.com,Redes ii,Lic. martínez,Martinez@uni.com,Telecom,B-202,Pagado,Tarjeta
14571,Diego luna,Dluna@email.com,Base de datos i,Ing. garcía,Garcia@uni.com,Sistemas,A-101,Pagado,Tarjeta
14572,Juan pérez,Juan.p@email.com,Base de datos i,Ing. garcía,Garcia@uni.com,Sistemas,A-101,Cancelado,Efectivo
14573,Elena díaz,E.diaz@email.com,Redes ii,Lic. martínez,Martinez@uni.com,Telecom,B-202,Pendiente,Transferencia
14574,Ana torres,Ana.t@email.com,Ia aplicada,Dra. chen,Drchen@uni.com,Sistemas,C-303,Pendiente,Transferencia
14575,Laura paz,L.paz@email.com,Redes ii,Lic. martínez,Martinez@uni.com,Telecom,B-202,Pagado,Transferencia
14576,Luis gómez,Luis.g@email.com,Redes ii,Lic. martínez,Martinez@uni.com,Telecom,B-202,Cancelado,Efectivo
14577,Ana torres,Ana.t@email.com,Ia aplicada,Dra. chen,Drchen@uni.com,Sistemas,C-303,Pagado,Transferencia
14578,Carlos ruiz,Cruiz@email.com,Base de datos i,Ing. garcía,Garcia@uni.com,Sistemas,A-101,Pagado,Transferencia
14579,Pedro soto,Psoto@email.com,Matemáticas iii,Dr. gómez,Gomez@uni.com,Ciencias,D-404,Pagado,Efectivo
14580,Laura paz,L.paz@email.com,Redes ii,Lic. martínez,Martinez@uni.com,Telecom,B-202,Pagado,Transferencia
14581,Pedro soto,Psoto@email.com,Redes ii,Lic. martínez,Martinez@uni.com,Telecom,B-202,Cancelado,Tarjeta
14582,Juan pérez,Juan.p@email.com,Base de datos i,Ing. garcía,Garcia@uni.com,Sistemas,A-101,Cancelado,Transferencia
14583,María lópez,M.lopez@email.com,Redes ii,Lic. martínez,Martinez@uni.com,Telecom,B-202,Pendiente,Tarjeta
14584,Diego luna,Dluna@email.com,Matemáticas iii,Dr. gómez,Gomez@uni.com,Ciencias,D-404,Pagado,Tarjeta
14585,María lópez,M.lopez@email.com,Matemáticas iii,Dr. gómez,Gomez@uni.com,Ciencias,D-404,Pagado,Tarjeta
14586,Ana torres,Ana.t@email.com,Matemáticas iii,Dr. gómez,Gomez@uni.com,Ciencias,D-404,Pagado,Efectivo
14587,Diego luna,Dluna@email.com,Redes ii,Lic. martínez,Martinez@uni.com,Telecom,B-202,Pendiente,Efectivo
14588,Carlos ruiz,Cruiz@email.com,Ia aplicada,Dra. chen,Drchen@uni.com,Sistemas,C-303,Pendiente,Tarjeta
14589,Carlos ruiz,Cruiz@email.com,Ia aplicada,Dra. chen,Drchen@uni.com,Sistemas,C-303,Cancelado,Transferencia
14590,María lópez,M.lopez@email.com,Ia aplicada,Dra. chen,Drchen@uni.com,Sistemas,C-303,Pendiente,Efectivo
14591,Sofía vega,S.vega@email.com,Ia aplicada,Dra. chen,Drchen@uni.com,Sistemas,C-303,Cancelado,Tarjeta
14592,Pedro soto,Psoto@email.com,Redes ii,Lic. martínez,Martinez@uni.com,Telecom,B-202,Pagado,Efectivo
14593,Sofía vega,S.vega@email.com,Redes ii,Lic. martínez,Martinez@uni.com,Telecom,B-202,Cancelado,Tarjeta
14594,Laura paz,L.paz@email.com,Matemáticas iii,Dr. gómez,Gomez@uni.com,Ciencias,D-404,Cancelado,Transferencia
14595,Carlos ruiz,Cruiz@email.com,Redes ii,Lic. martínez,Martinez@uni.com,Telecom,B-202,Pendiente,Tarjeta
14596,Diego luna,Dluna@email.com,Matemáticas iii,Dr. gómez,Gomez@uni.com,Ciencias,D-404,Pagado,Efectivo
14597,María lópez,M.lopez@email.com,Redes ii,Lic. martínez,Martinez@uni.com,Telecom,B-202,Cancelado,Tarjeta
14598,María lópez,M.lopez@email.com,Redes ii,Lic. martínez,Martinez@uni.com,Telecom,B-202,Pendiente,Transferencia
14599,Sofía vega,S.vega@email.com,Matemáticas iii,Dr. gómez,Gomez@uni.com,Ciencias,D-404,Pagado,Efectivo
14600,Sofía vega,S.vega@email.com,Base de datos i,Ing. garcía,Garcia@uni.com,Sistemas,A-101,Pagado,Tarjeta
14601,Luis gómez,Luis.g@email.com,Base de datos i,Ing. garcía,Garcia@uni.com,Sistemas,A-101,Pendiente,Tarjeta
14602,María lópez,M.lopez@email.com,Base de datos i,Ing. garcía,Garcia@uni.com,Sistemas,A-101,Cancelado,Tarjeta
14603,Carlos ruiz,Cruiz@email.com,Ia aplicada,Dra. chen,Drchen@uni.com,Sistemas,C-303,Cancelado,Transferencia
14604,Pedro soto,Psoto@email.com,Ia aplicada,Dra. chen,Drchen@uni.com,Sistemas,C-303,Pagado,Tarjeta
14605,María lópez,M.lopez@email.com,Matemáticas iii,Dr. gómez,Gomez@uni.com,Ciencias,D-404,Cancelado,Tarjeta
14606,Elena díaz,E.diaz@email.com,Matemáticas iii,Dr. gómez,Gomez@uni.com,Ciencias,D-404,Pagado,Transferencia
14607,Sofía vega,S.vega@email.com,Redes ii,Lic. martínez,Martinez@uni.com,Telecom,B-202,Cancelado,Efectivo
14608,Carlos ruiz,Cruiz@email.com,Base de datos i,Ing. garcía,Garcia@uni.com,Sistemas,A-101,Cancelado,Efectivo
14609,Sofía vega,S.vega@email.com,Base de datos i,Ing. garcía,Garcia@uni.com,Sistemas,A-101,Cancelado,Transferencia
14610,Laura paz,L.paz@email.com,Matemáticas iii,Dr. gómez,Gomez@uni.com,Ciencias,D-404,Cancelado,Transferencia
14611,María lópez,M.lopez@email.com,Base de datos i,Ing. garcía,Garcia@uni.com,Sistemas,A-101,Pagado,Efectivo
14612,Juan pérez,Juan.p@email.com,Ia aplicada,Dra. chen,Drchen@uni.com,Sistemas,C-303,Pagado,Tarjeta
14613,Pedro soto,Psoto@email.com,Redes ii,Lic. martínez,Martinez@uni.com,Telecom,B-202,Pendiente,Transferencia
14614,Ana torres,Ana.t@email.com,Ia aplicada,Dra. chen,Drchen@uni.com,Sistemas,C-303,Pendiente,Efectivo
14615,Luis gómez,Luis.g@email.com,Base de datos i,Ing. garcía,Garcia@uni.com,Sistemas,A-101,Cancelado,Efectivo
14616,Juan pérez,Juan.p@email.com,Base de datos i,Ing. garcía,Garcia@uni.com,Sistemas,A-101,Pendiente,Efectivo
14617,Juan pérez,Juan.p@email.com,Redes ii,Lic. martínez,Martinez@uni.com,Telecom,B-202,Cancelado,Tarjeta
14618,Diego luna,Dluna@email.com,Base de datos i,Ing. garcía,Garcia@uni.com,Sistemas,A-101,Cancelado,Efectivo
14619,Diego luna,Dluna@email.com,Base de datos i,Ing. garcía,Garcia@uni.com,Sistemas,A-101,Cancelado,Tarjeta
14620,Luis gómez,Luis.g@email.com,Redes ii,Lic. martínez,Martinez@uni.com,Telecom,B-202,Pagado,Tarjeta
14621,Pedro soto,Psoto@email.com,Ia aplicada,Dra. chen,Drchen@uni.com,Sistemas,C-303,Pagado,Efectivo
14622,Luis gómez,Luis.g@email.com,Ia aplicada,Dra. chen,Drchen@uni.com,Sistemas,C-303,Pendiente,Transferencia
14623,Sofía vega,S.vega@email.com,Ia aplicada,Dra. chen,Drchen@uni.com,Sistemas,C-303,Pendiente,Efectivo
14624,Pedro soto,Psoto@email.com,Ia aplicada,Dra. chen,Drchen@uni.com,Sistemas,C-303,Pagado,Efectivo
14625,Luis gómez,Luis.g@email.com,Redes ii,Lic. martínez,Martinez@uni.com,Telecom,B-202,Pagado,Transferencia
14626,María lópez,M.lopez@email.com,Matemáticas iii,Dr. gómez,Gomez@uni.com,Ciencias,D-404,Pagado,Efectivo
14627,Luis gómez,Luis.g@email.com,Redes ii,Lic. martínez,Martinez@uni.com,Telecom,B-202,Pendiente,Efectivo
14628,Pedro soto,Psoto@email.com,Matemáticas iii,Dr. gómez,Gomez@uni.com,Ciencias,D-404,Pagado,Tarjeta
14629,Pedro soto,Psoto@email.com,Redes ii,Lic. martínez,Martinez@uni.com,Telecom,B-202,Cancelado,Tarjeta
14630,Sofía vega,S.vega@email.com,Ia aplicada,Dra. chen,Drchen@uni.com,Sistemas,C-303,Pagado,Tarjeta
14631,María lópez,M.lopez@email.com,Matemáticas iii,Dr. gómez,Gomez@uni.com,Ciencias,D-404,Pendiente,Efectivo
14632,Pedro soto,Psoto@email.com,Ia aplicada,Dra. chen,Drchen@uni.com,Sistemas,C-303,Pagado,Transferencia
14633,Laura paz,L.paz@email.com,Redes ii,Lic. martínez,Martinez@uni.com,Telecom,B-202,Pendiente,Tarjeta
14634,Laura paz,L.paz@email.com,Redes ii,Lic. martínez,Martinez@uni.com,Telecom,B-202,Pagado,Transferencia
14635,María lópez,M.lopez@email.com,Ia aplicada,Dra. chen,Drchen@uni.com,Sistemas,C-303,Pendiente,Efectivo
14636,Diego luna,Dluna@email.com,Matemáticas iii,Dr. gómez,Gomez@uni.com,Ciencias,D-404,Pagado,Tarjeta
14637,Sofía vega,S.vega@email.com,Redes ii,Lic. martínez,Martinez@uni.com,Telecom,B-202,Cancelado,Transferencia
14638,Elena díaz,E.diaz@email.com,Redes ii,Lic. martínez,Martinez@uni.com,Telecom,B-202,Pendiente,Efectivo
14639,Laura paz,L.paz@email.com,Base de datos i,Ing. garcía,Garcia@uni.com,Sistemas,A-101,Pendiente,Tarjeta
14640,Diego luna,Dluna@email.com,Matemáticas iii,Dr. gómez,Gomez@uni.com,Ciencias,D-404,Pendiente,Transferencia
14641,Juan pérez,Juan.p@email.com,Matemáticas iii,Dr. gómez,Gomez@uni.com,Ciencias,D-404,Pendiente,Efectivo
14642,Laura paz,L.paz@email.com,Ia aplicada,Dra. chen,Drchen@uni.com,Sistemas,C-303,Pagado,Tarjeta
14643,Sofía vega,S.vega@email.com,Matemáticas iii,Dr. gómez,Gomez@uni.com,Ciencias,D-404,Cancelado,Transferencia
14644,Juan pérez,Juan.p@email.com,Redes ii,Lic. martínez,Martinez@uni.com,Telecom,B-202,Pendiente,Tarjeta
14645,Sofía vega,S.vega@email.com,Ia aplicada,Dra. chen,Drchen@uni.com,Sistemas,C-303,Pendiente,Transferencia
14646,Luis gómez,Luis.g@email.com,Matemáticas iii,Dr. gómez,Gomez@uni.com,Ciencias,D-404,Cancelado,Tarjeta
14647,Sofía vega,S.vega@email.com,Base de datos i,Ing. garcía,Garcia@uni.com,Sistemas,A-101,Pendiente,Transferencia
14648,Ana torres,Ana.t@email.com,Base de datos i,Ing. garcía,Garcia@uni.com,Sistemas,A-101,Pendiente,Tarjeta
14649,Elena díaz,E.diaz@email.com,Matemáticas iii,Dr. gómez,Gomez@uni.com,Ciencias,D-404,Cancelado,Transferencia
14650,Diego luna,Dluna@email.com,Redes ii,Lic. martínez,Martinez@uni.com,Telecom,B-202,Pagado,Efectivo
14651,Laura paz,L.paz@email.com,Base de datos i,Ing. garcía,Garcia@uni.com,Sistemas,A-101,Pendiente,Tarjeta
14652,Pedro soto,Psoto@email.com,Base de datos i,Ing. garcía,Garcia@uni.com,Sistemas,A-101,Pagado,Efectivo
14653,Elena díaz,E.diaz@email.com,Base de datos i,Ing. garcía,Garcia@uni.com,Sistemas,A-101,Cancelado,Efectivo
14654,Ana torres,Ana.t@email.com,Matemáticas iii,Dr. gómez,Gomez@uni.com,Ciencias,D-404,Pendiente,Tarjeta
14655,Luis gómez,Luis.g@email.com,Matemáticas iii,Dr. gómez,Gomez@uni.com,Ciencias,D-404,Pagado,Tarjeta
14656,Diego luna,Dluna@email.com,Ia aplicada,Dra. chen,Drchen@uni.com,Sistemas,C-303,Pendiente,Transferencia
14657,Carlos ruiz,Cruiz@email.com,Ia aplicada,Dra. chen,Drchen@uni.com,Sistemas,C-303,Cancelado,Transferencia
14658,Luis gómez,Luis.g@email.com,Base de datos i,Ing. garcía,Garcia@uni.com,Sistemas,A-101,Pendiente,Transferencia
14659,Juan pérez,Juan.p@email.com,Ia aplicada,Dra. chen,Drchen@uni.com,Sistemas,C-303,Pendiente,Efectivo
14660,María lópez,M.lopez@email.com,Base de datos i,Ing. garcía,Garcia@uni.com,Sistemas,A-101,Cancelado,Tarjeta
14661,Carlos ruiz,Cruiz@email.com,Matemáticas iii,Dr. gómez,Gomez@uni.com,Ciencias,D-404,Pagado,Efectivo
14662,Elena díaz,E.diaz@email.com,Base de datos i,Ing. garcía,Garcia@uni.com,Sistemas,A-101,Pagado,Efectivo
14663,Pedro soto,Psoto@email.com,Redes ii,Lic. martínez,Martinez@uni.com,Telecom,B-202,Cancelado,Efectivo
14664,Carlos ruiz,Cruiz@email.com,Base de datos i,Ing. garcía,Garcia@uni.com,Sistemas,A-101,Pagado,Tarjeta
14665,María lópez,M.lopez@email.com,Base de datos i,Ing. garcía,Garcia@uni.com,Sistemas,A-101,Pendiente,Tarjeta
14666,Luis gómez,Luis.g@email.com,Ia aplicada,Dra. chen,Drchen@uni.com,Sistemas,C-303,Cancelado,Efectivo
14667,Pedro soto,Psoto@email.com,Redes ii,Lic. martínez,Martinez@uni.com,Telecom,B-202,Pendiente,Tarjeta
14668,Carlos ruiz,Cruiz@email.com,Redes ii,Lic. martínez,Martinez@uni.com,Telecom,B-202,Cancelado,Tarjeta
14669,Pedro soto,Psoto@email.com,Ia aplicada,Dra. chen,Drchen@uni.com,Sistemas,C-303,Pendiente,Tarjeta
14670,María lópez,M.lopez@email.com,Matemáticas iii,Dr. gómez,Gomez@uni.com,Ciencias,D-404,Cancelado,Tarjeta
14671,Elena díaz,E.diaz@email.com,Ia aplicada,Dra. chen,Drchen@uni.com,Sistemas,C-303,Cancelado,Tarjeta
14672,Ana torres,Ana.t@email.com,Ia aplicada,Dra. chen,Drchen@uni.com,Sistemas,C-303,Pendiente,Transferencia
14673,Diego luna,Dluna@email.com,Matemáticas iii,Dr. gómez,Gomez@uni.com,Ciencias,D-404,Pendiente,Tarjeta
14674,Ana torres,Ana.t@email.com,Ia aplicada,Dra. chen,Drchen@uni.com,Sistemas,C-303,Pendiente,Tarjeta
14675,Sofía vega,S.vega@email.com,Base de datos i,Ing. garcía,Garcia@uni.com,Sistemas,A-101,Pagado,Transferencia
14676,María lópez,M.lopez@email.com,Base de datos i,Ing. garcía,Garcia@uni.com,Sistemas,A-101,Pagado,Transferencia
14677,María lópez,M.lopez@email.com,Base de datos i,Ing. garcía,Garcia@uni.com,Sistemas,A-101,Pagado,Transferencia
14678,Diego luna,Dluna@email.com,Matemáticas iii,Dr. gómez,Gomez@uni.com,Ciencias,D-404,Cancelado,Tarjeta
14679,Luis gómez,Luis.g@email.com,Base de datos i,Ing. garcía,Garcia@uni.com,Sistemas,A-101,Pagado,Transferencia
14680,Carlos ruiz,Cruiz@email.com,Redes ii,Lic. martínez,Martinez@uni.com,Telecom,B-202,Pagado,Transferencia
14681,Pedro soto,Psoto@email.com,Matemáticas iii,Dr. gómez,Gomez@uni.com,Ciencias,D-404,Pagado,Tarjeta
14682,Carlos ruiz,Cruiz@email.com,Matemáticas iii,Dr. gómez,Gomez@uni.com,Ciencias,D-404,Pagado,Transferencia
14683,Pedro soto,Psoto@email.com,Matemáticas iii,Dr. gómez,Gomez@uni.com,Ciencias,D-404,Cancelado,Efectivo
14684,Laura paz,L.paz@email.com,Ia aplicada,Dra. chen,Drchen@uni.com,Sistemas,C-303,Pagado,Efectivo
14685,Luis gómez,Luis.g@email.com,Redes ii,Lic. martínez,Martinez@uni.com,Telecom,B-202,Pendiente,Transferencia
14686,Laura paz,L.paz@email.com,Redes ii,Lic. martínez,Martinez@uni.com,Telecom,B-202,Pagado,Efectivo
14687,Carlos ruiz,Cruiz@email.com,Redes ii,Lic. martínez,Martinez@uni.com,Telecom,B-202,Pagado,Tarjeta
14688,Laura paz,L.paz@email.com,Base de datos i,Ing. garcía,Garcia@uni.com,Sistemas,A-101,Cancelado,Tarjeta
14689,Elena díaz,E.diaz@email.com,Redes ii,Lic. martínez,Martinez@uni.com,Telecom,B-202,Pagado,Tarjeta
14690,Diego luna,Dluna@email.com,Base de datos i,Ing. garcía,Garcia@uni.com,Sistemas,A-101,Pendiente,Transferencia
14691,Juan pérez,Juan.p@email.com,Matemáticas iii,Dr. gómez,Gomez@uni.com,Ciencias,D-404,Pagado,Transferencia
14692,Carlos ruiz,Cruiz@email.com,Base de datos i,Ing. garcía,Garcia@uni.com,Sistemas,A-101,Cancelado,Transferencia
14693,Ana torres,Ana.t@email.com,Ia aplicada,Dra. chen,Drchen@uni.com,Sistemas,C-303,Cancelado,Efectivo
14694,Juan pérez,Juan.p@email.com,Ia aplicada,Dra. chen,Drchen@uni.com,Sistemas,C-303,Pagado,Efectivo
14695,María lópez,M.lopez@email.com,Redes ii,Lic. martínez,Martinez@uni.com,Telecom,B-202,Cancelado,Transferencia
14696,María lópez,M.lopez@email.com,Redes ii,Lic. martínez,Martinez@uni.com,Telecom,B-202,Pendiente,Transferencia
14697,Luis gómez,Luis.g@email.com,Redes ii,Lic. martínez,Martinez@uni.com,Telecom,B-202,Pagado,Tarjeta
14698,Luis gómez,Luis.g@email.com,Base de datos i,Ing. garcía,Garcia@uni.com,Sistemas,A-101,Pendiente,Transferencia
14699,Luis gómez,Luis.g@email.com,Matemáticas iii,Dr. gómez,Gomez@uni.com,Ciencias,D-404,Pendiente,Tarjeta
14700,Luis gómez,Luis.g@email.com,Matemáticas iii,Dr. gómez,Gomez@uni.com,Ciencias,D-404,Cancelado,Tarjeta
14701,Luis gómez,Luis.g@email.com,Base de datos i,Ing. garcía,Garcia@uni.com,Sistemas,A-101,Pagado,Transferencia
14702,Carlos ruiz,Cruiz@email.com,Base de datos i,Ing. garcía,Garcia@uni.com,Sistemas,A-101,Cancelado,Transferencia
14703,Carlos ruiz,Cruiz@email.com,Redes ii,Lic. martínez,Martinez@uni.com,Telecom,B-202,Pendiente,Efectivo
14704,Laura paz,L.paz@email.com,Base de datos i,Ing. garcía,Garcia@uni.com,Sistemas,A-101,Pagado,Tarjeta
14705,María lópez,M.lopez@email.com,Base de datos i,Ing. garcía,Garcia@uni.com,Sistemas,A-101,Cancelado,Transferencia
14706,Diego luna,Dluna@email.com,Matemáticas iii,Dr. gómez,Gomez@uni.com,Ciencias,D-404,Pendiente,Efectivo
14707,Elena díaz,E.diaz@email.com,Base de datos i,Ing. garcía,Garcia@uni.com,Sistemas,A-101,Pendiente,Transferencia
14708,Laura paz,L.paz@email.com,Base de datos i,Ing. garcía,Garcia@uni.com,Sistemas,A-101,Cancelado,Efectivo
14709,Laura paz,L.paz@email.com,Matemáticas iii,Dr. gómez,Gomez@uni.com,Ciencias,D-404,Cancelado,Efectivo
14710,Diego luna,Dluna@email.com,Base de datos i,Ing. garcía,Garcia@uni.com,Sistemas,A-101,Cancelado,Transferencia
14711,Elena díaz,E.diaz@email.com,Matemáticas iii,Dr. gómez,Gomez@uni.com,Ciencias,D-404,Pagado,Efectivo
14712,Luis gómez,Luis.g@email.com,Redes ii,Lic. martínez,Martinez@uni.com,Telecom,B-202,Pendiente,Transferencia
14713,Juan pérez,Juan.p@email.com,Ia aplicada,Dra. chen,Drchen@uni.com,Sistemas,C-303,Cancelado,Tarjeta
14714,Elena díaz,E.diaz@email.com,Base de datos i,Ing. garcía,Garcia@uni.com,Sistemas,A-101,Pagado,Tarjeta
14715,María lópez,M.lopez@email.com,Ia aplicada,Dra. chen,Drchen@uni.com,Sistemas,C-303,Cancelado,Transferencia
14716,Carlos ruiz,Cruiz@email.com,Ia aplicada,Dra. chen,Drchen@uni.com,Sistemas,C-303,Cancelado,Efectivo
14717,Sofía vega,S.vega@email.com,Ia aplicada,Dra. chen,Drchen@uni.com,Sistemas,C-303,Pagado,Efectivo
14718,Pedro soto,Psoto@email.com,Matemáticas iii,Dr. gómez,Gomez@uni.com,Ciencias,D-404,Pagado,Efectivo
14719,Sofía vega,S.vega@email.com,Base de datos i,Ing. garcía,Garcia@uni.com,Sistemas,A-101,Cancelado,Tarjeta
14720,Laura paz,L.paz@email.com,Matemáticas iii,Dr. gómez,Gomez@uni.com,Ciencias,D-404,Pendiente,Tarjeta
14721,Diego luna,Dluna@email.com,Base de datos i,Ing. garcía,Garcia@uni.com,Sistemas,A-101,Cancelado,Tarjeta
14722,María lópez,M.lopez@email.com,Matemáticas iii,Dr. gómez,Gomez@uni.com,Ciencias,D-404,Cancelado,Transferencia
14723,Pedro soto,Psoto@email.com,Ia aplicada,Dra. chen,Drchen@uni.com,Sistemas,C-303,Cancelado,Transferencia
14724,Laura paz,L.paz@email.com,Base de datos i,Ing. garcía,Garcia@uni.com,Sistemas,A-101,Cancelado,Transferencia
14725,Carlos ruiz,Cruiz@email.com,Base de datos i,Ing. garcía,Garcia@uni.com,Sistemas,A-101,Pagado,Tarjeta
14726,Juan pérez,Juan.p@email.com,Base de datos i,Ing. garcía,Garcia@uni.com,Sistemas,A-101,Pendiente,Efectivo
14727,Laura paz,L.paz@email.com,Redes ii,Lic. martínez,Martinez@uni.com,Telecom,B-202,Cancelado,Efectivo
14728,Ana torres,Ana.t@email.com,Base de datos i,Ing. garcía,Garcia@uni.com,Sistemas,A-101,Cancelado,Tarjeta
14729,Carlos ruiz,Cruiz@email.com,Matemáticas iii,Dr. gómez,Gomez@uni.com,Ciencias,D-404,Pagado,Tarjeta
14730,María lópez,M.lopez@email.com,Ia aplicada,Dra. chen,Drchen@uni.com,Sistemas,C-303,Cancelado,Transferencia
14731,María lópez,M.lopez@email.com,Ia aplicada,Dra. chen,Drchen@uni.com,Sistemas,C-303,Cancelado,Transferencia
14732,Laura paz,L.paz@email.com,Matemáticas iii,Dr. gómez,Gomez@uni.com,Ciencias,D-404,Pendiente,Efectivo
14733,Juan pérez,Juan.p@email.com,Base de datos i,Ing. garcía,Garcia@uni.com,Sistemas,A-101,Pagado,Transferencia
14734,Elena díaz,E.diaz@email.com,Redes ii,Lic. martínez,Martinez@uni.com,Telecom,B-202,Cancelado,Transferencia
14735,Carlos ruiz,Cruiz@email.com,Matemáticas iii,Dr. gómez,Gomez@uni.com,Ciencias,D-404,Cancelado,Efectivo
14736,Ana torres,Ana.t@email.com,Ia aplicada,Dra. chen,Drchen@uni.com,Sistemas,C-303,Cancelado,Tarjeta
14737,Diego luna,Dluna@email.com,Ia aplicada,Dra. chen,Drchen@uni.com,Sistemas,C-303,Pagado,Efectivo
14738,Laura paz,L.paz@email.com,Base de datos i,Ing. garcía,Garcia@uni.com,Sistemas,A-101,Pagado,Transferencia
14739,Pedro soto,Psoto@email.com,Ia aplicada,Dra. chen,Drchen@uni.com,Sistemas,C-303,Cancelado,Efectivo
14740,Juan pérez,Juan.p@email.com,Ia aplicada,Dra. chen,Drchen@uni.com,Sistemas,C-303,Pagado,Efectivo
14741,Juan pérez,Juan.p@email.com,Ia aplicada,Dra. chen,Drchen@uni.com,Sistemas,C-303,Cancelado,Efectivo
14742,Diego luna,Dluna@email.com,Base de datos i,Ing. garcía,Garcia@uni.com,Sistemas,A-101,Pendiente,Transferencia
14743,Sofía vega,S.vega@email.com,Base de datos i,Ing. garcía,Garcia@uni.com,Sistemas,A-101,Pagado,Efectivo
14744,Sofía vega,S.vega@email.com,Redes ii,Lic. martínez,Martinez@uni.com,Telecom,B-202,Cancelado,Efectivo
14745,Sofía vega,S.vega@email.com,Ia aplicada,Dra. chen,Drchen@uni.com,Sistemas,C-303,Cancelado,Transferencia
14746,Ana torres,Ana.t@email.com,Redes ii,Lic. martínez,Martinez@uni.com,Telecom,B-202,Pendiente,Efectivo
14747,María lópez,M.lopez@email.com,Redes ii,Lic. martínez,Martinez@uni.com,Telecom,B-202,Pagado,Tarjeta
14748,Luis gómez,Luis.g@email.com,Ia aplicada,Dra. chen,Drchen@uni.com,Sistemas,C-303,Pendiente,Tarjeta
14749,Laura paz,L.paz@email.com,Redes ii,Lic. martínez,Martinez@uni.com,Telecom,B-202,Pendiente,Transferencia
14750,Ana torres,Ana.t@email.com,Ia aplicada,Dra. chen,Drchen@uni.com,Sistemas,C-303,Pagado,Tarjeta
14751,Laura paz,L.paz@email.com,Redes ii,Lic. martínez,Martinez@uni.com,Telecom,B-202,Pendiente,Transferencia
14752,Sofía vega,S.vega@email.com,Matemáticas iii,Dr. gómez,Gomez@uni.com,Ciencias,D-404,Cancelado,Transferencia
14753,Ana torres,Ana.t@email.com,Base de datos i,Ing. garcía,Garcia@uni.com,Sistemas,A-101,Pendiente,Tarjeta
14754,Elena díaz,E.diaz@email.com,Ia aplicada,Dra. chen,Drchen@uni.com,Sistemas,C-303,Pagado,Tarjeta
14755,Diego luna,Dluna@email.com,Redes ii,Lic. martínez,Martinez@uni.com,Telecom,B-202,Cancelado,Efectivo
14756,Juan pérez,Juan.p@email.com,Ia aplicada,Dra. chen,Drchen@uni.com,Sistemas,C-303,Cancelado,Tarjeta
14757,Laura paz,L.paz@email.com,Base de datos i,Ing. garcía,Garcia@uni.com,Sistemas,A-101,Pagado,Transferencia
14758,Juan pérez,Juan.p@email.com,Matemáticas iii,Dr. gómez,Gomez@uni.com,Ciencias,D-404,Pendiente,Efectivo
14759,Diego luna,Dluna@email.com,Base de datos i,Ing. garcía,Garcia@uni.com,Sistemas,A-101,Pagado,Transferencia
14760,Pedro soto,Psoto@email.com,Matemáticas iii,Dr. gómez,Gomez@uni.com,Ciencias,D-404,Cancelado,Efectivo
14761,Elena díaz,E.diaz@email.com,Redes ii,Lic. martínez,Martinez@uni.com,Telecom,B-202,Pagado,Tarjeta
14762,Laura paz,L.paz@email.com,Base de datos i,Ing. garcía,Garcia@uni.com,Sistemas,A-101,Cancelado,Tarjeta
14763,María lópez,M.lopez@email.com,Matemáticas iii,Dr. gómez,Gomez@uni.com,Ciencias,D-404,Pendiente,Tarjeta
14764,Pedro soto,Psoto@email.com,Base de datos i,Ing. garcía,Garcia@uni.com,Sistemas,A-101,Pagado,Efectivo
14765,Luis gómez,Luis.g@email.com,Matemáticas iii,Dr. gómez,Gomez@uni.com,Ciencias,D-404,Pagado,Tarjeta
14766,Ana torres,Ana.t@email.com,Matemáticas iii,Dr. gómez,Gomez@uni.com,Ciencias,D-404,Pendiente,Transferencia
14767,Luis gómez,Luis.g@email.com,Base de datos i,Ing. garcía,Garcia@uni.com,Sistemas,A-101,Cancelado,Transferencia
14768,Carlos ruiz,Cruiz@email.com,Base de datos i,Ing. garcía,Garcia@uni.com,Sistemas,A-101,Cancelado,Efectivo
14769,Ana torres,Ana.t@email.com,Matemáticas iii,Dr. gómez,Gomez@uni.com,Ciencias,D-404,Cancelado,Tarjeta
14770,Luis gómez,Luis.g@email.com,Base de datos i,Ing. garcía,Garcia@uni.com,Sistemas,A-101,Pendiente,Efectivo
14771,Luis gómez,Luis.g@email.com,Redes ii,Lic. martínez,Martinez@uni.com,Telecom,B-202,Pendiente,Efectivo
14772,Pedro soto,Psoto@email.com,Base de datos i,Ing. garcía,Garcia@uni.com,Sistemas,A-101,Pagado,Tarjeta
14773,Luis gómez,Luis.g@email.com,Redes ii,Lic. martínez,Martinez@uni.com,Telecom,B-202,Pagado,Transferencia
14774,Laura paz,L.paz@email.com,Matemáticas iii,Dr. gómez,Gomez@uni.com,Ciencias,D-404,Pendiente,Tarjeta
14775,Juan pérez,Juan.p@email.com,Redes ii,Lic. martínez,Martinez@uni.com,Telecom,B-202,Pendiente,Transferencia
14776,Pedro soto,Psoto@email.com,Base de datos i,Ing. garcía,Garcia@uni.com,Sistemas,A-101,Pagado,Efectivo
14777,Sofía vega,S.vega@email.com,Redes ii,Lic. martínez,Martinez@uni.com,Telecom,B-202,Pagado,Transferencia
14778,Sofía vega,S.vega@email.com,Redes ii,Lic. martínez,Martinez@uni.com,Telecom,B-202,Pendiente,Efectivo
14779,Luis gómez,Luis.g@email.com,Matemáticas iii,Dr. gómez,Gomez@uni.com,Ciencias,D-404,Pagado,Transferencia
14780,María lópez,M.lopez@email.com,Base de datos i,Ing. garcía,Garcia@uni.com,Sistemas,A-101,Pagado,Tarjeta
14781,Luis gómez,Luis.g@email.com,Ia aplicada,Dra. chen,Drchen@uni.com,Sistemas,C-303,Cancelado,Tarjeta
14782,Laura paz,L.paz@email.com,Matemáticas iii,Dr. gómez,Gomez@uni.com,Ciencias,D-404,Pendiente,Tarjeta
14783,Ana torres,Ana.t@email.com,Redes ii,Lic. martínez,Martinez@uni.com,Telecom,B-202,Pagado,Efectivo
14784,Carlos ruiz,Cruiz@email.com,Matemáticas iii,Dr. gómez,Gomez@uni.com,Ciencias,D-404,Pagado,Tarjeta
14785,Luis gómez,Luis.g@email.com,Base de datos i,Ing. garcía,Garcia@uni.com,Sistemas,A-101,Cancelado,Efectivo
14786,Luis gómez,Luis.g@email.com,Matemáticas iii,Dr. gómez,Gomez@uni.com,Ciencias,D-404,Pendiente,Transferencia
14787,María lópez,M.lopez@email.com,Base de datos i,Ing. garcía,Garcia@uni.com,Sistemas,A-101,Pendiente,Efectivo
14788,María lópez,M.lopez@email.com,Base de datos i,Ing. garcía,Garcia@uni.com,Sistemas,A-101,Pendiente,Transferencia
14789,Carlos ruiz,Cruiz@email.com,Base de datos i,Ing. garcía,Garcia@uni.com,Sistemas,A-101,Pendiente,Tarjeta
14790,Diego luna,Dluna@email.com,Ia aplicada,Dra. chen,Drchen@uni.com,Sistemas,C-303,Cancelado,Efectivo
14791,Ana torres,Ana.t@email.com,Redes ii,Lic. martínez,Martinez@uni.com,Telecom,B-202,Pendiente,Tarjeta
14792,Elena díaz,E.diaz@email.com,Base de datos i,Ing. garcía,Garcia@uni.com,Sistemas,A-101,Pendiente,Tarjeta
14793,María lópez,M.lopez@email.com,Redes ii,Lic. martínez,Martinez@uni.com,Telecom,B-202,Pagado,Transferencia
14794,Pedro soto,Psoto@email.com,Matemáticas iii,Dr. gómez,Gomez@uni.com,Ciencias,D-404,Pagado,Transferencia
14795,Pedro soto,Psoto@email.com,Base de datos i,Ing. garcía,Garcia@uni.com,Sistemas,A-101,Pendiente,Transferencia
14796,Ana torres,Ana.t@email.com,Matemáticas iii,Dr. gómez,Gomez@uni.com,Ciencias,D-404,Pagado,Tarjeta
14797,Pedro soto,Psoto@email.com,Base de datos i,Ing. garcía,Garcia@uni.com,Sistemas,A-101,Pendiente,Tarjeta
14798,Diego luna,Dluna@email.com,Base de datos i,Ing. garcía,Garcia@uni.com,Sistemas,A-101,Pagado,Efectivo
14799,Ana torres,Ana.t@email.com,Matemáticas iii,Dr. gómez,Gomez@uni.com,Ciencias,D-404,Pendiente,Efectivo
14800,Diego luna,Dluna@email.com,Redes ii,Lic. martínez,Martinez@uni.com,Telecom,B-202,Pagado,Efectivo
14801,Laura paz,L.paz@email.com,Matemáticas iii,Dr. gómez,Gomez@uni.com,Ciencias,D-404,Pagado,Transferencia
14802,Carlos ruiz,Cruiz@email.com,Redes ii,Lic. martínez,Martinez@uni.com,Telecom,B-202,Pendiente,Efectivo
14803,María lópez,M.lopez@email.com,Ia aplicada,Dra. chen,Drchen@uni.com,Sistemas,C-303,Pendiente,Efectivo
14804,Carlos ruiz,Cruiz@email.com,Ia aplicada,Dra. chen,Drchen@uni.com,Sistemas,C-303,Pendiente,Efectivo
14805,Sofía vega,S.vega@email.com,Ia aplicada,Dra. chen,Drchen@uni.com,Sistemas,C-303,Pendiente,Efectivo
14806,Laura paz,L.paz@email.com,Matemáticas iii,Dr. gómez,Gomez@uni.com,Ciencias,D-404,Cancelado,Transferencia
14807,Pedro soto,Psoto@email.com,Redes ii,Lic. martínez,Martinez@uni.com,Telecom,B-202,Pagado,Efectivo
14808,Luis gómez,Luis.g@email.com,Matemáticas iii,Dr. gómez,Gomez@uni.com,Ciencias,D-404,Pagado,Transferencia
14809,Carlos ruiz,Cruiz@email.com,Base de datos i,Ing. garcía,Garcia@uni.com,Sistemas,A-101,Pendiente,Tarjeta
14810,Sofía vega,S.vega@email.com,Matemáticas iii,Dr. gómez,Gomez@uni.com,Ciencias,D-404,Pagado,Transferencia
14811,Sofía vega,S.vega@email.com,Ia aplicada,Dra. chen,Drchen@uni.com,Sistemas,C-303,Pagado,Efectivo
14812,Ana torres,Ana.t@email.com,Redes ii,Lic. martínez,Martinez@uni.com,Telecom,B-202,Pendiente,Efectivo
14813,Sofía vega,S.vega@email.com,Matemáticas iii,Dr. gómez,Gomez@uni.com,Ciencias,D-404,Pagado,Efectivo
14814,Luis gómez,Luis.g@email.com,Base de datos i,Ing. garcía,Garcia@uni.com,Sistemas,A-101,Pagado,Transferencia
14815,Sofía vega,S.vega@email.com,Base de datos i,Ing. garcía,Garcia@uni.com,Sistemas,A-101,Cancelado,Efectivo
14816,Elena díaz,E.diaz@email.com,Redes ii,Lic. martínez,Martinez@uni.com,Telecom,B-202,Cancelado,Transferencia
14817,Elena díaz,E.diaz@email.com,Base de datos i,Ing. garcía,Garcia@uni.com,Sistemas,A-101,Cancelado,Transferencia
14818,Carlos ruiz,Cruiz@email.com,Base de datos i,Ing. garcía,Garcia@uni.com,Sistemas,A-101,Pagado,Efectivo
14819,Elena díaz,E.diaz@email.com,Redes ii,Lic. martínez,Martinez@uni.com,Telecom,B-202,Pendiente,Transferencia
14820,Elena díaz,E.diaz@email.com,Matemáticas iii,Dr. gómez,Gomez@uni.com,Ciencias,D-404,Cancelado,Efectivo
14821,Elena díaz,E.diaz@email.com,Base de datos i,Ing. garcía,Garcia@uni.com,Sistemas,A-101,Pendiente,Tarjeta
14822,Luis gómez,Luis.g@email.com,Matemáticas iii,Dr. gómez,Gomez@uni.com,Ciencias,D-404,Pendiente,Efectivo
14823,Carlos ruiz,Cruiz@email.com,Ia aplicada,Dra. chen,Drchen@uni.com,Sistemas,C-303,Pagado,Transferencia
14824,Diego luna,Dluna@email.com,Base de datos i,Ing. garcía,Garcia@uni.com,Sistemas,A-101,Pendiente,Efectivo
14825,Pedro soto,Psoto@email.com,Matemáticas iii,Dr. gómez,Gomez@uni.com,Ciencias,D-404,Cancelado,Efectivo
14826,Elena díaz,E.diaz@email.com,Ia aplicada,Dra. chen,Drchen@uni.com,Sistemas,C-303,Pendiente,Tarjeta
14827,Sofía vega,S.vega@email.com,Base de datos i,Ing. garcía,Garcia@uni.com,Sistemas,A-101,Pagado,Transferencia
14828,Luis gómez,Luis.g@email.com,Redes ii,Lic. martínez,Martinez@uni.com,Telecom,B-202,Cancelado,Tarjeta
14829,Laura paz,L.paz@email.com,Matemáticas iii,Dr. gómez,Gomez@uni.com,Ciencias,D-404,Pagado,Tarjeta
14830,Luis gómez,Luis.g@email.com,Redes ii,Lic. martínez,Martinez@uni.com,Telecom,B-202,Pendiente,Transferencia
14831,María lópez,M.lopez@email.com,Matemáticas iii,Dr. gómez,Gomez@uni.com,Ciencias,D-404,Pendiente,Tarjeta
14832,Carlos ruiz,Cruiz@email.com,Redes ii,Lic. martínez,Martinez@uni.com,Telecom,B-202,Pagado,Efectivo
14833,Pedro soto,Psoto@email.com,Matemáticas iii,Dr. gómez,Gomez@uni.com,Ciencias,D-404,Cancelado,Tarjeta
14834,Juan pérez,Juan.p@email.com,Redes ii,Lic. martínez,Martinez@uni.com,Telecom,B-202,Cancelado,Transferencia
14835,María lópez,M.lopez@email.com,Base de datos i,Ing. garcía,Garcia@uni.com,Sistemas,A-101,Pagado,Transferencia
14836,María lópez,M.lopez@email.com,Ia aplicada,Dra. chen,Drchen@uni.com,Sistemas,C-303,Cancelado,Transferencia
14837,Ana torres,Ana.t@email.com,Matemáticas iii,Dr. gómez,Gomez@uni.com,Ciencias,D-404,Cancelado,Transferencia
14838,Juan pérez,Juan.p@email.com,Redes ii,Lic. martínez,Martinez@uni.com,Telecom,B-202,Pendiente,Tarjeta
14839,Diego luna,Dluna@email.com,Matemáticas iii,Dr. gómez,Gomez@uni.com,Ciencias,D-404,Pagado,Transferencia
14840,Pedro soto,Psoto@email.com,Matemáticas iii,Dr. gómez,Gomez@uni.com,Ciencias,D-404,Pendiente,Efectivo
14841,Juan pérez,Juan.p@email.com,Redes ii,Lic. martínez,Martinez@uni.com,Telecom,B-202,Pagado,Tarjeta
14842,Elena díaz,E.diaz@email.com,Base de datos i,Ing. garcía,Garcia@uni.com,Sistemas,A-101,Pagado,Efectivo
14843,Sofía vega,S.vega@email.com,Redes ii,Lic. martínez,Martinez@uni.com,Telecom,B-202,Pagado,Efectivo
14844,Carlos ruiz,Cruiz@email.com,Redes ii,Lic. martínez,Martinez@uni.com,Telecom,B-202,Pagado,Tarjeta
14845,Juan pérez,Juan.p@email.com,Ia aplicada,Dra. chen,Drchen@uni.com,Sistemas,C-303,Pagado,Transferencia
14846,Juan pérez,Juan.p@email.com,Base de datos i,Ing. garcía,Garcia@uni.com,Sistemas,A-101,Cancelado,Efectivo
14847,Diego luna,Dluna@email.com,Ia aplicada,Dra. chen,Drchen@uni.com,Sistemas,C-303,Pagado,Transferencia
14848,Pedro soto,Psoto@email.com,Redes ii,Lic. martínez,Martinez@uni.com,Telecom,B-202,Cancelado,Tarjeta
14849,María lópez,M.lopez@email.com,Ia aplicada,Dra. chen,Drchen@uni.com,Sistemas,C-303,Cancelado,Efectivo
14850,Laura paz,L.paz@email.com,Redes ii,Lic. martínez,Martinez@uni.com,Telecom,B-202,Cancelado,Tarjeta
14851,María lópez,M.lopez@email.com,Matemáticas iii,Dr. gómez,Gomez@uni.com,Ciencias,D-404,Pagado,Transferencia
14852,Juan pérez,Juan.p@email.com,Base de datos i,Ing. garcía,Garcia@uni.com,Sistemas,A-101,Cancelado,Transferencia
14853,Elena díaz,E.diaz@email.com,Base de datos i,Ing. garcía,Garcia@uni.com,Sistemas,A-101,Cancelado,Tarjeta
14854,Pedro soto,Psoto@email.com,Redes ii,Lic. martínez,Martinez@uni.com,Telecom,B-202,Cancelado,Tarjeta
14855,Juan pérez,Juan.p@email.com,Ia aplicada,Dra. chen,Drchen@uni.com,Sistemas,C-303,Cancelado,Efectivo
14856,María lópez,M.lopez@email.com,Redes ii,Lic. martínez,Martinez@uni.com,Telecom,B-202,Cancelado,Transferencia
14857,Ana torres,Ana.t@email.com,Base de datos i,Ing. garcía,Garcia@uni.com,Sistemas,A-101,Cancelado,Tarjeta
14858,Juan pérez,Juan.p@email.com,Matemáticas iii,Dr. gómez,Gomez@uni.com,Ciencias,D-404,Pagado,Transferencia
14859,Luis gómez,Luis.g@email.com,Ia aplicada,Dra. chen,Drchen@uni.com,Sistemas,C-303,Cancelado,Transferencia
14860,Carlos ruiz,Cruiz@email.com,Redes ii,Lic. martínez,Martinez@uni.com,Telecom,B-202,Cancelado,Transferencia
14861,Diego luna,Dluna@email.com,Redes ii,Lic. martínez,Martinez@uni.com,Telecom,B-202,Cancelado,Tarjeta
14862,Carlos ruiz,Cruiz@email.com,Ia aplicada,Dra. chen,Drchen@uni.com,Sistemas,C-303,Cancelado,Transferencia
14863,Juan pérez,Juan.p@email.com,Ia aplicada,Dra. chen,Drchen@uni.com,Sistemas,C-303,Pendiente,Transferencia
14864,Laura paz,L.paz@email.com,Matemáticas iii,Dr. gómez,Gomez@uni.com,Ciencias,D-404,Pagado,Efectivo
14865,María lópez,M.lopez@email.com,Base de datos i,Ing. garcía,Garcia@uni.com,Sistemas,A-101,Pagado,Transferencia
14866,Diego luna,Dluna@email.com,Ia aplicada,Dra. chen,Drchen@uni.com,Sistemas,C-303,Pendiente,Transferencia
14867,María lópez,M.lopez@email.com,Redes ii,Lic. martínez,Martinez@uni.com,Telecom,B-202,Pendiente,Tarjeta
14868,Sofía vega,S.vega@email.com,Ia aplicada,Dra. chen,Drchen@uni.com,Sistemas,C-303,Pendiente,Tarjeta
14869,Pedro soto,Psoto@email.com,Redes ii,Lic. martínez,Martinez@uni.com,Telecom,B-202,Pagado,Efectivo
14870,María lópez,M.lopez@email.com,Redes ii,Lic. martínez,Martinez@uni.com,Telecom,B-202,Cancelado,Transferencia
14871,Juan pérez,Juan.p@email.com,Redes ii,Lic. martínez,Martinez@uni.com,Telecom,B-202,Pagado,Efectivo
14872,Luis gómez,Luis.g@email.com,Base de datos i,Ing. garcía,Garcia@uni.com,Sistemas,A-101,Cancelado,Transferencia
14873,Pedro soto,Psoto@email.com,Redes ii,Lic. martínez,Martinez@uni.com,Telecom,B-202,Pendiente,Tarjeta
14874,Luis gómez,Luis.g@email.com,Ia aplicada,Dra. chen,Drchen@uni.com,Sistemas,C-303,Pagado,Efectivo
14875,Ana torres,Ana.t@email.com,Redes ii,Lic. martínez,Martinez@uni.com,Telecom,B-202,Pagado,Tarjeta
14876,Juan pérez,Juan.p@email.com,Base de datos i,Ing. garcía,Garcia@uni.com,Sistemas,A-101,Cancelado,Efectivo
14877,Carlos ruiz,Cruiz@email.com,Redes ii,Lic. martínez,Martinez@uni.com,Telecom,B-202,Pendiente,Transferencia
14878,Elena díaz,E.diaz@email.com,Ia aplicada,Dra. chen,Drchen@uni.com,Sistemas,C-303,Pendiente,Tarjeta
14879,Sofía vega,S.vega@email.com,Base de datos i,Ing. garcía,Garcia@uni.com,Sistemas,A-101,Pagado,Efectivo
14880,Luis gómez,Luis.g@email.com,Matemáticas iii,Dr. gómez,Gomez@uni.com,Ciencias,D-404,Pendiente,Efectivo
14881,María lópez,M.lopez@email.com,Redes ii,Lic. martínez,Martinez@uni.com,Telecom,B-202,Pagado,Transferencia
14882,Juan pérez,Juan.p@email.com,Ia aplicada,Dra. chen,Drchen@uni.com,Sistemas,C-303,Cancelado,Efectivo
14883,Laura paz,L.paz@email.com,Matemáticas iii,Dr. gómez,Gomez@uni.com,Ciencias,D-404,Pagado,Tarjeta
14884,Ana torres,Ana.t@email.com,Base de datos i,Ing. garcía,Garcia@uni.com,Sistemas,A-101,Cancelado,Transferencia
14885,María lópez,M.lopez@email.com,Redes ii,Lic. martínez,Martinez@uni.com,Telecom,B-202,Pagado,Efectivo
14886,Ana torres,Ana.t@email.com,Matemáticas iii,Dr. gómez,Gomez@uni.com,Ciencias,D-404,Pendiente,Transferencia
14887,Juan pérez,Juan.p@email.com,Base de datos i,Ing. garcía,Garcia@uni.com,Sistemas,A-101,Pagado,Tarjeta
14888,Luis gómez,Luis.g@email.com,Matemáticas iii,Dr. gómez,Gomez@uni.com,Ciencias,D-404,Pagado,Tarjeta
14889,Elena díaz,E.diaz@email.com,Matemáticas iii,Dr. gómez,Gomez@uni.com,Ciencias,D-404,Pagado,Transferencia
14890,Laura paz,L.paz@email.com,Ia aplicada,Dra. chen,Drchen@uni.com,Sistemas,C-303,Pendiente,Tarjeta
14891,Carlos ruiz,Cruiz@email.com,Ia aplicada,Dra. chen,Drchen@uni.com,Sistemas,C-303,Pagado,Transferencia
14892,Elena díaz,E.diaz@email.com,Matemáticas iii,Dr. gómez,Gomez@uni.com,Ciencias,D-404,Pagado,Transferencia
14893,Juan pérez,Juan.p@email.com,Ia aplicada,Dra. chen,Drchen@uni.com,Sistemas,C-303,Pagado,Efectivo
14894,Carlos ruiz,Cruiz@email.com,Redes ii,Lic. martínez,Martinez@uni.com,Telecom,B-202,Cancelado,Efectivo
14895,María lópez,M.lopez@email.com,Ia aplicada,Dra. chen,Drchen@uni.com,Sistemas,C-303,Cancelado,Efectivo
14896,Elena díaz,E.diaz@email.com,Ia aplicada,Dra. chen,Drchen@uni.com,Sistemas,C-303,Pendiente,Tarjeta
14897,Juan pérez,Juan.p@email.com,Matemáticas iii,Dr. gómez,Gomez@uni.com,Ciencias,D-404,Pagado,Tarjeta
14898,María lópez,M.lopez@email.com,Redes ii,Lic. martínez,Martinez@uni.com,Telecom,B-202,Pendiente,Efectivo
14899,Sofía vega,S.vega@email.com,Redes ii,Lic. martínez,Martinez@uni.com,Telecom,B-202,Pendiente,Tarjeta
14900,Laura paz,L.paz@email.com,Base de datos i,Ing. garcía,Garcia@uni.com,Sistemas,A-101,Cancelado,Efectivo
14901,María lópez,M.lopez@email.com,Redes ii,Lic. martínez,Martinez@uni.com,Telecom,B-202,Cancelado,Tarjeta
14902,Sofía vega,S.vega@email.com,Redes ii,Lic. martínez,Martinez@uni.com,Telecom,B-202,Pendiente,Transferencia
14903,Sofía vega,S.vega@email.com,Base de datos i,Ing. garcía,Garcia@uni.com,Sistemas,A-101,Pendiente,Tarjeta
14904,Pedro soto,Psoto@email.com,Matemáticas iii,Dr. gómez,Gomez@uni.com,Ciencias,D-404,Pendiente,Tarjeta
14905,Luis gómez,Luis.g@email.com,Base de datos i,Ing. garcía,Garcia@uni.com,Sistemas,A-101,Pendiente,Tarjeta
14906,Laura paz,L.paz@email.com,Ia aplicada,Dra. chen,Drchen@uni.com,Sistemas,C-303,Cancelado,Efectivo
14907,Diego luna,Dluna@email.com,Matemáticas iii,Dr. gómez,Gomez@uni.com,Ciencias,D-404,Pendiente,Transferencia
14908,Pedro soto,Psoto@email.com,Matemáticas iii,Dr. gómez,Gomez@uni.com,Ciencias,D-404,Cancelado,Transferencia
14909,Carlos ruiz,Cruiz@email.com,Ia aplicada,Dra. chen,Drchen@uni.com,Sistemas,C-303,Cancelado,Efectivo
14910,Carlos ruiz,Cruiz@email.com,Matemáticas iii,Dr. gómez,Gomez@uni.com,Ciencias,D-404,Cancelado,Tarjeta
14911,Laura paz,L.paz@email.com,Base de datos i,Ing. garcía,Garcia@uni.com,Sistemas,A-101,Pendiente,Tarjeta
14912,Pedro soto,Psoto@email.com,Redes ii,Lic. martínez,Martinez@uni.com,Telecom,B-202,Pendiente,Transferencia
14913,Juan pérez,Juan.p@email.com,Base de datos i,Ing. garcía,Garcia@uni.com,Sistemas,A-101,Pagado,Efectivo
14914,Sofía vega,S.vega@email.com,Base de datos i,Ing. garcía,Garcia@uni.com,Sistemas,A-101,Cancelado,Efectivo
14915,Pedro soto,Psoto@email.com,Redes ii,Lic. martínez,Martinez@uni.com,Telecom,B-202,Pendiente,Tarjeta
14916,Carlos ruiz,Cruiz@email.com,Base de datos i,Ing. garcía,Garcia@uni.com,Sistemas,A-101,Pagado,Tarjeta
14917,Diego luna,Dluna@email.com,Matemáticas iii,Dr. gómez,Gomez@uni.com,Ciencias,D-404,Cancelado,Efectivo
14918,Elena díaz,E.diaz@email.com,Base de datos i,Ing. garcía,Garcia@uni.com,Sistemas,A-101,Cancelado,Efectivo
14919,Luis gómez,Luis.g@email.com,Ia aplicada,Dra. chen,Drchen@uni.com,Sistemas,C-303,Pendiente,Tarjeta
14920,Ana torres,Ana.t@email.com,Ia aplicada,Dra. chen,Drchen@uni.com,Sistemas,C-303,Pendiente,Transferencia
14921,Ana torres,Ana.t@email.com,Matemáticas iii,Dr. gómez,Gomez@uni.com,Ciencias,D-404,Pendiente,Tarjeta
14922,María lópez,M.lopez@email.com,Ia aplicada,Dra. chen,Drchen@uni.com,Sistemas,C-303,Pagado,Efectivo
14923,Pedro soto,Psoto@email.com,Redes ii,Lic. martínez,Martinez@uni.com,Telecom,B-202,Cancelado,Tarjeta
14924,Laura paz,L.paz@email.com,Redes ii,Lic. martínez,Martinez@uni.com,Telecom,B-202,Cancelado,Tarjeta
14925,Sofía vega,S.vega@email.com,Base de datos i,Ing. garcía,Garcia@uni.com,Sistemas,A-101,Pendiente,Transferencia
14926,Laura paz,L.paz@email.com,Base de datos i,Ing. garcía,Garcia@uni.com,Sistemas,A-101,Cancelado,Efectivo
14927,María lópez,M.lopez@email.com,Matemáticas iii,Dr. gómez,Gomez@uni.com,Ciencias,D-404,Cancelado,Transferencia
14928,Laura paz,L.paz@email.com,Matemáticas iii,Dr. gómez,Gomez@uni.com,Ciencias,D-404,Cancelado,Tarjeta
14929,Pedro soto,Psoto@email.com,Ia aplicada,Dra. chen,Drchen@uni.com,Sistemas,C-303,Pendiente,Efectivo
14930,Carlos ruiz,Cruiz@email.com,Redes ii,Lic. martínez,Martinez@uni.com,Telecom,B-202,Pendiente,Tarjeta
14931,Laura paz,L.paz@email.com,Ia aplicada,Dra. chen,Drchen@uni.com,Sistemas,C-303,Pagado,Transferencia
14932,Pedro soto,Psoto@email.com,Ia aplicada,Dra. chen,Drchen@uni.com,Sistemas,C-303,Pagado,Transferencia
14933,Carlos ruiz,Cruiz@email.com,Base de datos i,Ing. garcía,Garcia@uni.com,Sistemas,A-101,Pendiente,Tarjeta
14934,Juan pérez,Juan.p@email.com,Base de datos i,Ing. garcía,Garcia@uni.com,Sistemas,A-101,Pendiente,Tarjeta
14935,Luis gómez,Luis.g@email.com,Matemáticas iii,Dr. gómez,Gomez@uni.com,Ciencias,D-404,Pagado,Tarjeta
14936,Luis gómez,Luis.g@email.com,Redes ii,Lic. martínez,Martinez@uni.com,Telecom,B-202,Cancelado,Efectivo
14937,María lópez,M.lopez@email.com,Base de datos i,Ing. garcía,Garcia@uni.com,Sistemas,A-101,Cancelado,Transferencia
14938,Juan pérez,Juan.p@email.com,Redes ii,Lic. martínez,Martinez@uni.com,Telecom,B-202,Pendiente,Efectivo
14939,María lópez,M.lopez@email.com,Redes ii,Lic. martínez,Martinez@uni.com,Telecom,B-202,Cancelado,Tarjeta
14940,Pedro soto,Psoto@email.com,Base de datos i,Ing. garcía,Garcia@uni.com,Sistemas,A-101,Cancelado,Efectivo
14941,Diego luna,Dluna@email.com,Base de datos i,Ing. garcía,Garcia@uni.com,Sistemas,A-101,Cancelado,Tarjeta
14942,Juan pérez,Juan.p@email.com,Redes ii,Lic. martínez,Martinez@uni.com,Telecom,B-202,Pendiente,Efectivo
14943,Juan pérez,Juan.p@email.com,Matemáticas iii,Dr. gómez,Gomez@uni.com,Ciencias,D-404,Pagado,Efectivo
14944,María lópez,M.lopez@email.com,Redes ii,Lic. martínez,Martinez@uni.com,Telecom,B-202,Cancelado,Tarjeta
14945,Elena díaz,E.diaz@email.com,Ia aplicada,Dra. chen,Drchen@uni.com,Sistemas,C-303,Pendiente,Transferencia
14946,Laura paz,L.paz@email.com,Base de datos i,Ing. garcía,Garcia@uni.com,Sistemas,A-101,Pagado,Transferencia
14947,Juan pérez,Juan.p@email.com,Redes ii,Lic. martínez,Martinez@uni.com,Telecom,B-202,Pendiente,Efectivo
14948,Elena díaz,E.diaz@email.com,Base de datos i,Ing. garcía,Garcia@uni.com,Sistemas,A-101,Cancelado,Transferencia
14949,Sofía vega,S.vega@email.com,Ia aplicada,Dra. chen,Drchen@uni.com,Sistemas,C-303,Cancelado,Transferencia
14950,Laura paz,L.paz@email.com,Matemáticas iii,Dr. gómez,Gomez@uni.com,Ciencias,D-404,Pendiente,Efectivo
14951,Pedro soto,Psoto@email.com,Redes ii,Lic. martínez,Martinez@uni.com,Telecom,B-202,Pagado,Efectivo
14952,Ana torres,Ana.t@email.com,Ia aplicada,Dra. chen,Drchen@uni.com,Sistemas,C-303,Pendiente,Transferencia
14953,Laura paz,L.paz@email.com,Ia aplicada,Dra. chen,Drchen@uni.com,Sistemas,C-303,Pagado,Transferencia
14954,Elena díaz,E.diaz@email.com,Matemáticas iii,Dr. gómez,Gomez@uni.com,Ciencias,D-404,Pendiente,Efectivo
14955,Pedro soto,Psoto@email.com,Redes ii,Lic. martínez,Martinez@uni.com,Telecom,B-202,Pagado,Transferencia
14956,Laura paz,L.paz@email.com,Ia aplicada,Dra. chen,Drchen@uni.com,Sistemas,C-303,Pagado,Efectivo
14957,Ana torres,Ana.t@email.com,Ia aplicada,Dra. chen,Drchen@uni.com,Sistemas,C-303,Pagado,Efectivo
14958,María lópez,M.lopez@email.com,Redes ii,Lic. martínez,Martinez@uni.com,Telecom,B-202,Pendiente,Efectivo
14959,Elena díaz,E.diaz@email.com,Base de datos i,Ing. garcía,Garcia@uni.com,Sistemas,A-101,Pendiente,Efectivo
14960,Laura paz,L.paz@email.com,Redes ii,Lic. martínez,Martinez@uni.com,Telecom,B-202,Pendiente,Efectivo
14961,Carlos ruiz,Cruiz@email.com,Redes ii,Lic. martínez,Martinez@uni.com,Telecom,B-202,Cancelado,Transferencia
14962,Diego luna,Dluna@email.com,Ia aplicada,Dra. chen,Drchen@uni.com,Sistemas,C-303,Pagado,Tarjeta
14963,Diego luna,Dluna@email.com,Ia aplicada,Dra. chen,Drchen@uni.com,Sistemas,C-303,Cancelado,Transferencia
14964,Diego luna,Dluna@email.com,Ia aplicada,Dra. chen,Drchen@uni.com,Sistemas,C-303,Pendiente,Efectivo
14965,Sofía vega,S.vega@email.com,Redes ii,Lic. martínez,Martinez@uni.com,Telecom,B-202,Pagado,Tarjeta
14966,Luis gómez,Luis.g@email.com,Base de datos i,Ing. garcía,Garcia@uni.com,Sistemas,A-101,Pagado,Tarjeta
14967,Juan pérez,Juan.p@email.com,Redes ii,Lic. martínez,Martinez@uni.com,Telecom,B-202,Cancelado,Tarjeta
14968,Diego luna,Dluna@email.com,Matemáticas iii,Dr. gómez,Gomez@uni.com,Ciencias,D-404,Pagado,Transferencia
14969,María lópez,M.lopez@email.com,Base de datos i,Ing. garcía,Garcia@uni.com,Sistemas,A-101,Pendiente,Efectivo
14970,Juan pérez,Juan.p@email.com,Redes ii,Lic. martínez,Martinez@uni.com,Telecom,B-202,Pendiente,Transferencia
14971,Pedro soto,Psoto@email.com,Ia aplicada,Dra. chen,Drchen@uni.com,Sistemas,C-303,Pendiente,Tarjeta
14972,Pedro soto,Psoto@email.com,Matemáticas iii,Dr. gómez,Gomez@uni.com,Ciencias,D-404,Cancelado,Tarjeta
14973,Carlos ruiz,Cruiz@email.com,Base de datos i,Ing. garcía,Garcia@uni.com,Sistemas,A-101,Pagado,Tarjeta
14974,Pedro soto,Psoto@email.com,Redes ii,Lic. martínez,Martinez@uni.com,Telecom,B-202,Pendiente,Tarjeta
14975,Pedro soto,Psoto@email.com,Ia aplicada,Dra. chen,Drchen@uni.com,Sistemas,C-303,Cancelado,Efectivo
14976,Pedro soto,Psoto@email.com,Matemáticas iii,Dr. gómez,Gomez@uni.com,Ciencias,D-404,Pendiente,Efectivo
14977,Luis gómez,Luis.g@email.com,Matemáticas iii,Dr. gómez,Gomez@uni.com,Ciencias,D-404,Cancelado,Transferencia
14978,Sofía vega,S.vega@email.com,Redes ii,Lic. martínez,Martinez@uni.com,Telecom,B-202,Pendiente,Transferencia
14979,Luis gómez,Luis.g@email.com,Redes ii,Lic. martínez,Martinez@uni.com,Telecom,B-202,Pagado,Transferencia
14980,Sofía vega,S.vega@email.com,Redes ii,Lic. martínez,Martinez@uni.com,Telecom,B-202,Cancelado,Tarjeta
14981,Sofía vega,S.vega@email.com,Matemáticas iii,Dr. gómez,Gomez@uni.com,Ciencias,D-404,Pagado,Efectivo
14982,Juan pérez,Juan.p@email.com,Redes ii,Lic. martínez,Martinez@uni.com,Telecom,B-202,Pagado,Efectivo
14983,Sofía vega,S.vega@email.com,Redes ii,Lic. martínez,Martinez@uni.com,Telecom,B-202,Cancelado,Transferencia
14984,Sofía vega,S.vega@email.com,Ia aplicada,Dra. chen,Drchen@uni.com,Sistemas,C-303,Pagado,Transferencia
14985,Sofía vega,S.vega@email.com,Base de datos i,Ing. garcía,Garcia@uni.com,Sistemas,A-101,Pendiente,Tarjeta
14986,Elena díaz,E.diaz@email.com,Matemáticas iii,Dr. gómez,Gomez@uni.com,Ciencias,D-404,Pagado,Tarjeta
14987,Luis gómez,Luis.g@email.com,Base de datos i,Ing. garcía,Garcia@uni.com,Sistemas,A-101,Cancelado,Efectivo
14988,Juan pérez,Juan.p@email.com,Ia aplicada,Dra. chen,Drchen@uni.com,Sistemas,C-303,Cancelado,Transferencia
14989,María lópez,M.lopez@email.com,Matemáticas iii,Dr. gómez,Gomez@uni.com,Ciencias,D-404,Pagado,Transferencia
14990,Laura paz,L.paz@email.com,Redes ii,Lic. martínez,Martinez@uni.com,Telecom,B-202,Cancelado,Transferencia
14991,Diego luna,Dluna@email.com,Redes ii,Lic. martínez,Martinez@uni.com,Telecom,B-202,Pagado,Tarjeta
14992,María lópez,M.lopez@email.com,Redes ii,Lic. martínez,Martinez@uni.com,Telecom,B-202,Cancelado,Transferencia
14993,María lópez,M.lopez@email.com,Ia aplicada,Dra. chen,Drchen@uni.com,Sistemas,C-303,Pagado,Transferencia
14994,Juan pérez,Juan.p@email.com,Ia aplicada,Dra. chen,Drchen@uni.com,Sistemas,C-303,Pagado,Transferencia
14995,Ana torres,Ana.t@email.com,Matemáticas iii,Dr. gómez,Gomez@uni.com,Ciencias,D-404,Pendiente,Tarjeta
14996,Pedro soto,Psoto@email.com,Matemáticas iii,Dr. gómez,Gomez@uni.com,Ciencias,D-404,Pendiente,Efectivo
14997,Elena díaz,E.diaz@email.com,Matemáticas iii,Dr. gómez,Gomez@uni.com,Ciencias,D-404,Cancelado,Tarjeta
14998,Diego luna,Dluna@email.com,Matemáticas iii,Dr. gómez,Gomez@uni.com,Ciencias,D-404,Cancelado,Efectivo
14999,Laura paz,L.paz@email.com,Redes ii,Lic. martínez,Martinez@uni.com,Telecom,B-202,Pendiente,Transferencia
15000,María lópez,M.lopez@email.com,Ia aplicada,Dra. chen,Drchen@uni.com,Sistemas,C-303,Pagado,Tarjeta
15001,Luis gómez,Luis.g@email.com,Redes ii,Lic. martínez,Martinez@uni.com,Telecom,B-202,Pendiente,Transferencia
15002,Diego luna,Dluna@email.com,Ia aplicada,Dra. chen,Drchen@uni.com,Sistemas,C-303,Cancelado,Transferencia
15003,María lópez,M.lopez@email.com,Ia aplicada,Dra. chen,Drchen@uni.com,Sistemas,C-303,Cancelado,Efectivo
15004,Pedro soto,Psoto@email.com,Matemáticas iii,Dr. gómez,Gomez@uni.com,Ciencias,D-404,Pagado,Tarjeta
15005,Carlos ruiz,Cruiz@email.com,Ia aplicada,Dra. chen,Drchen@uni.com,Sistemas,C-303,Cancelado,Transferencia
15006,Laura paz,L.paz@email.com,Matemáticas iii,Dr. gómez,Gomez@uni.com,Ciencias,D-404,Cancelado,Tarjeta
15007,Juan pérez,Juan.p@email.com,Base de datos i,Ing. garcía,Garcia@uni.com,Sistemas,A-101,Pendiente,Efectivo
15008,Carlos ruiz,Cruiz@email.com,Ia aplicada,Dra. chen,Drchen@uni.com,Sistemas,C-303,Cancelado,Tarjeta
15009,Juan pérez,Juan.p@email.com,Matemáticas iii,Dr. gómez,Gomez@uni.com,Ciencias,D-404,Pendiente,Efectivo
15010,Pedro soto,Psoto@email.com,Base de datos i,Ing. garcía,Garcia@uni.com,Sistemas,A-101,Pendiente,Efectivo
15011,Pedro soto,Psoto@email.com,Redes ii,Lic. martínez,Martinez@uni.com,Telecom,B-202,Pendiente,Tarjeta
15012,Luis gómez,Luis.g@email.com,Redes ii,Lic. martínez,Martinez@uni.com,Telecom,B-202,Pagado,Efectivo
15013,Diego luna,Dluna@email.com,Ia aplicada,Dra. chen,Drchen@uni.com,Sistemas,C-303,Cancelado,Tarjeta
15014,Sofía vega,S.vega@email.com,Matemáticas iii,Dr. gómez,Gomez@uni.com,Ciencias,D-404,Pagado,Efectivo
15015,Juan pérez,Juan.p@email.com,Matemáticas iii,Dr. gómez,Gomez@uni.com,Ciencias,D-404,Pendiente,Efectivo
15016,Ana torres,Ana.t@email.com,Matemáticas iii,Dr. gómez,Gomez@uni.com,Ciencias,D-404,Cancelado,Transferencia
15017,Sofía vega,S.vega@email.com,Base de datos i,Ing. garcía,Garcia@uni.com,Sistemas,A-101,Pagado,Efectivo
15018,Pedro soto,Psoto@email.com,Matemáticas iii,Dr. gómez,Gomez@uni.com,Ciencias,D-404,Pagado,Tarjeta
15019,Pedro soto,Psoto@email.com,Matemáticas iii,Dr. gómez,Gomez@uni.com,Ciencias,D-404,Cancelado,Transferencia
15020,Laura paz,L.paz@email.com,Redes ii,Lic. martínez,Martinez@uni.com,Telecom,B-202,Cancelado,Tarjeta
15021,Juan pérez,Juan.p@email.com,Matemáticas iii,Dr. gómez,Gomez@uni.com,Ciencias,D-404,Cancelado,Tarjeta
15022,Elena díaz,E.diaz@email.com,Redes ii,Lic. martínez,Martinez@uni.com,Telecom,B-202,Pagado,Efectivo
15023,María lópez,M.lopez@email.com,Base de datos i,Ing. garcía,Garcia@uni.com,Sistemas,A-101,Cancelado,Transferencia
15024,Laura paz,L.paz@email.com,Redes ii,Lic. martínez,Martinez@uni.com,Telecom,B-202,Pendiente,Transferencia
15025,Juan pérez,Juan.p@email.com,Ia aplicada,Dra. chen,Drchen@uni.com,Sistemas,C-303,Pagado,Tarjeta
15026,Sofía vega,S.vega@email.com,Matemáticas iii,Dr. gómez,Gomez@uni.com,Ciencias,D-404,Pagado,Transferencia
15027,María lópez,M.lopez@email.com,Ia aplicada,Dra. chen,Drchen@uni.com,Sistemas,C-303,Pendiente,Tarjeta
15028,Pedro soto,Psoto@email.com,Ia aplicada,Dra. chen,Drchen@uni.com,Sistemas,C-303,Cancelado,Tarjeta
15029,Laura paz,L.paz@email.com,Matemáticas iii,Dr. gómez,Gomez@uni.com,Ciencias,D-404,Pendiente,Tarjeta
15030,Pedro soto,Psoto@email.com,Ia aplicada,Dra. chen,Drchen@uni.com,Sistemas,C-303,Cancelado,Transferencia
15031,Diego luna,Dluna@email.com,Redes ii,Lic. martínez,Martinez@uni.com,Telecom,B-202,Cancelado,Transferencia
15032,Pedro soto,Psoto@email.com,Redes ii,Lic. martínez,Martinez@uni.com,Telecom,B-202,Pagado,Efectivo
15033,Luis gómez,Luis.g@email.com,Ia aplicada,Dra. chen,Drchen@uni.com,Sistemas,C-303,Pendiente,Tarjeta
15034,Carlos ruiz,Cruiz@email.com,Ia aplicada,Dra. chen,Drchen@uni.com,Sistemas,C-303,Pagado,Tarjeta
15035,Luis gómez,Luis.g@email.com,Ia aplicada,Dra. chen,Drchen@uni.com,Sistemas,C-303,Pendiente,Efectivo
15036,Pedro soto,Psoto@email.com,Matemáticas iii,Dr. gómez,Gomez@uni.com,Ciencias,D-404,Cancelado,Efectivo
15037,María lópez,M.lopez@email.com,Base de datos i,Ing. garcía,Garcia@uni.com,Sistemas,A-101,Cancelado,Tarjeta
15038,Juan pérez,Juan.p@email.com,Base de datos i,Ing. garcía,Garcia@uni.com,Sistemas,A-101,Pagado,Transferencia
15039,Juan pérez,Juan.p@email.com,Ia aplicada,Dra. chen,Drchen@uni.com,Sistemas,C-303,Pendiente,Tarjeta
15040,María lópez,M.lopez@email.com,Ia aplicada,Dra. chen,Drchen@uni.com,Sistemas,C-303,Pagado,Tarjeta
15041,Laura paz,L.paz@email.com,Matemáticas iii,Dr. gómez,Gomez@uni.com,Ciencias,D-404,Pagado,Tarjeta
15042,Juan pérez,Juan.p@email.com,Ia aplicada,Dra. chen,Drchen@uni.com,Sistemas,C-303,Pendiente,Efectivo
15043,Juan pérez,Juan.p@email.com,Ia aplicada,Dra. chen,Drchen@uni.com,Sistemas,C-303,Pagado,Tarjeta
15044,Pedro soto,Psoto@email.com,Ia aplicada,Dra. chen,Drchen@uni.com,Sistemas,C-303,Cancelado,Efectivo
15045,María lópez,M.lopez@email.com,Base de datos i,Ing. garcía,Garcia@uni.com,Sistemas,A-101,Cancelado,Transferencia
15046,Sofía vega,S.vega@email.com,Base de datos i,Ing. garcía,Garcia@uni.com,Sistemas,A-101,Pagado,Transferencia
15047,Diego luna,Dluna@email.com,Redes ii,Lic. martínez,Martinez@uni.com,Telecom,B-202,Cancelado,Efectivo
15048,Ana torres,Ana.t@email.com,Base de datos i,Ing. garcía,Garcia@uni.com,Sistemas,A-101,Pagado,Tarjeta
15049,Carlos ruiz,Cruiz@email.com,Base de datos i,Ing. garcía,Garcia@uni.com,Sistemas,A-101,Pendiente,Efectivo
15050,Ana torres,Ana.t@email.com,Ia aplicada,Dra. chen,Drchen@uni.com,Sistemas,C-303,Pendiente,Efectivo
15051,Elena díaz,E.diaz@email.com,Matemáticas iii,Dr. gómez,Gomez@uni.com,Ciencias,D-404,Cancelado,Transferencia
15052,Elena díaz,E.diaz@email.com,Redes ii,Lic. martínez,Martinez@uni.com,Telecom,B-202,Pagado,Efectivo
15053,Sofía vega,S.vega@email.com,Ia aplicada,Dra. chen,Drchen@uni.com,Sistemas,C-303,Cancelado,Efectivo
15054,Diego luna,Dluna@email.com,Base de datos i,Ing. garcía,Garcia@uni.com,Sistemas,A-101,Pendiente,Efectivo
15055,Diego luna,Dluna@email.com,Matemáticas iii,Dr. gómez,Gomez@uni.com,Ciencias,D-404,Pagado,Transferencia
15056,Diego luna,Dluna@email.com,Matemáticas iii,Dr. gómez,Gomez@uni.com,Ciencias,D-404,Pendiente,Transferencia
15057,María lópez,M.lopez@email.com,Base de datos i,Ing. garcía,Garcia@uni.com,Sistemas,A-101,Cancelado,Tarjeta
15058,Elena díaz,E.diaz@email.com,Base de datos i,Ing. garcía,Garcia@uni.com,Sistemas,A-101,Pendiente,Tarjeta
15059,Pedro soto,Psoto@email.com,Ia aplicada,Dra. chen,Drchen@uni.com,Sistemas,C-303,Pendiente,Efectivo
15060,Juan pérez,Juan.p@email.com,Base de datos i,Ing. garcía,Garcia@uni.com,Sistemas,A-101,Pagado,Tarjeta
15061,Elena díaz,E.diaz@email.com,Redes ii,Lic. martínez,Martinez@uni.com,Telecom,B-202,Cancelado,Tarjeta
15062,Elena díaz,E.diaz@email.com,Redes ii,Lic. martínez,Martinez@uni.com,Telecom,B-202,Pendiente,Efectivo
15063,Ana torres,Ana.t@email.com,Ia aplicada,Dra. chen,Drchen@uni.com,Sistemas,C-303,Pendiente,Transferencia
15064,Luis gómez,Luis.g@email.com,Redes ii,Lic. martínez,Martinez@uni.com,Telecom,B-202,Pendiente,Efectivo
15065,Juan pérez,Juan.p@email.com,Redes ii,Lic. martínez,Martinez@uni.com,Telecom,B-202,Pendiente,Tarjeta
15066,Juan pérez,Juan.p@email.com,Ia aplicada,Dra. chen,Drchen@uni.com,Sistemas,C-303,Cancelado,Efectivo
15067,María lópez,M.lopez@email.com,Matemáticas iii,Dr. gómez,Gomez@uni.com,Ciencias,D-404,Pendiente,Tarjeta
15068,Sofía vega,S.vega@email.com,Ia aplicada,Dra. chen,Drchen@uni.com,Sistemas,C-303,Cancelado,Transferencia
15069,Ana torres,Ana.t@email.com,Ia aplicada,Dra. chen,Drchen@uni.com,Sistemas,C-303,Pagado,Transferencia
15070,Ana torres,Ana.t@email.com,Base de datos i,Ing. garcía,Garcia@uni.com,Sistemas,A-101,Pendiente,Tarjeta
15071,Ana torres,Ana.t@email.com,Base de datos i,Ing. garcía,Garcia@uni.com,Sistemas,A-101,Pagado,Transferencia
15072,Ana torres,Ana.t@email.com,Ia aplicada,Dra. chen,Drchen@uni.com,Sistemas,C-303,Pagado,Transferencia
15073,Diego luna,Dluna@email.com,Ia aplicada,Dra. chen,Drchen@uni.com,Sistemas,C-303,Pagado,Tarjeta
15074,Juan pérez,Juan.p@email.com,Ia aplicada,Dra. chen,Drchen@uni.com,Sistemas,C-303,Cancelado,Transferencia
15075,Diego luna,Dluna@email.com,Ia aplicada,Dra. chen,Drchen@uni.com,Sistemas,C-303,Pendiente,Efectivo
15076,Luis gómez,Luis.g@email.com,Matemáticas iii,Dr. gómez,Gomez@uni.com,Ciencias,D-404,Pendiente,Transferencia
15077,Ana torres,Ana.t@email.com,Redes ii,Lic. martínez,Martinez@uni.com,Telecom,B-202,Pagado,Tarjeta
15078,Laura paz,L.paz@email.com,Matemáticas iii,Dr. gómez,Gomez@uni.com,Ciencias,D-404,Cancelado,Tarjeta
15079,Sofía vega,S.vega@email.com,Redes ii,Lic. martínez,Martinez@uni.com,Telecom,B-202,Pagado,Tarjeta
15080,Diego luna,Dluna@email.com,Matemáticas iii,Dr. gómez,Gomez@uni.com,Ciencias,D-404,Cancelado,Efectivo
15081,Luis gómez,Luis.g@email.com,Redes ii,Lic. martínez,Martinez@uni.com,Telecom,B-202,Pendiente,Efectivo
15082,Laura paz,L.paz@email.com,Redes ii,Lic. martínez,Martinez@uni.com,Telecom,B-202,Cancelado,Efectivo
15083,Elena díaz,E.diaz@email.com,Matemáticas iii,Dr. gómez,Gomez@uni.com,Ciencias,D-404,Pagado,Efectivo
15084,Pedro soto,Psoto@email.com,Redes ii,Lic. martínez,Martinez@uni.com,Telecom,B-202,Cancelado,Tarjeta
15085,Elena díaz,E.diaz@email.com,Redes ii,Lic. martínez,Martinez@uni.com,Telecom,B-202,Pendiente,Transferencia
15086,Elena díaz,E.diaz@email.com,Ia aplicada,Dra. chen,Drchen@uni.com,Sistemas,C-303,Pagado,Transferencia
15087,Diego luna,Dluna@email.com,Ia aplicada,Dra. chen,Drchen@uni.com,Sistemas,C-303,Pendiente,Efectivo
15088,Diego luna,Dluna@email.com,Ia aplicada,Dra. chen,Drchen@uni.com,Sistemas,C-303,Pagado,Tarjeta
15089,Ana torres,Ana.t@email.com,Redes ii,Lic. martínez,Martinez@uni.com,Telecom,B-202,Pagado,Efectivo
15090,Sofía vega,S.vega@email.com,Matemáticas iii,Dr. gómez,Gomez@uni.com,Ciencias,D-404,Pagado,Transferencia
15091,Laura paz,L.paz@email.com,Redes ii,Lic. martínez,Martinez@uni.com,Telecom,B-202,Cancelado,Tarjeta
15092,Elena díaz,E.diaz@email.com,Ia aplicada,Dra. chen,Drchen@uni.com,Sistemas,C-303,Pendiente,Efectivo
15093,Diego luna,Dluna@email.com,Ia aplicada,Dra. chen,Drchen@uni.com,Sistemas,C-303,Pagado,Efectivo
15094,Juan pérez,Juan.p@email.com,Redes ii,Lic. martínez,Martinez@uni.com,Telecom,B-202,Pagado,Efectivo
15095,Elena díaz,E.diaz@email.com,Ia aplicada,Dra. chen,Drchen@uni.com,Sistemas,C-303,Cancelado,Transferencia
15096,María lópez,M.lopez@email.com,Redes ii,Lic. martínez,Martinez@uni.com,Telecom,B-202,Pendiente,Transferencia
15097,Pedro soto,Psoto@email.com,Matemáticas iii,Dr. gómez,Gomez@uni.com,Ciencias,D-404,Pagado,Transferencia
15098,Carlos ruiz,Cruiz@email.com,Redes ii,Lic. martínez,Martinez@uni.com,Telecom,B-202,Pendiente,Efectivo
15099,Elena díaz,E.diaz@email.com,Ia aplicada,Dra. chen,Drchen@uni.com,Sistemas,C-303,Pagado,Tarjeta
15100,Juan pérez,Juan.p@email.com,Redes ii,Lic. martínez,Martinez@uni.com,Telecom,B-202,Cancelado,Tarjeta
15101,Laura paz,L.paz@email.com,Matemáticas iii,Dr. gómez,Gomez@uni.com,Ciencias,D-404,Pagado,Transferencia
15102,Ana torres,Ana.t@email.com,Matemáticas iii,Dr. gómez,Gomez@uni.com,Ciencias,D-404,Pendiente,Transferencia
15103,Juan pérez,Juan.p@email.com,Ia aplicada,Dra. chen,Drchen@uni.com,Sistemas,C-303,Pagado,Transferencia
15104,Diego luna,Dluna@email.com,Matemáticas iii,Dr. gómez,Gomez@uni.com,Ciencias,D-404,Pendiente,Efectivo
15105,Diego luna,Dluna@email.com,Matemáticas iii,Dr. gómez,Gomez@uni.com,Ciencias,D-404,Pagado,Efectivo
15106,Elena díaz,E.diaz@email.com,Redes ii,Lic. martínez,Martinez@uni.com,Telecom,B-202,Pendiente,Efectivo
15107,Laura paz,L.paz@email.com,Matemáticas iii,Dr. gómez,Gomez@uni.com,Ciencias,D-404,Pagado,Transferencia
15108,Juan pérez,Juan.p@email.com,Base de datos i,Ing. garcía,Garcia@uni.com,Sistemas,A-101,Pendiente,Efectivo
15109,Luis gómez,Luis.g@email.com,Base de datos i,Ing. garcía,Garcia@uni.com,Sistemas,A-101,Pendiente,Tarjeta
15110,María lópez,M.lopez@email.com,Ia aplicada,Dra. chen,Drchen@uni.com,Sistemas,C-303,Cancelado,Efectivo
15111,Elena díaz,E.diaz@email.com,Ia aplicada,Dra. chen,Drchen@uni.com,Sistemas,C-303,Cancelado,Efectivo
15112,Carlos ruiz,Cruiz@email.com,Base de datos i,Ing. garcía,Garcia@uni.com,Sistemas,A-101,Pagado,Tarjeta
15113,Carlos ruiz,Cruiz@email.com,Base de datos i,Ing. garcía,Garcia@uni.com,Sistemas,A-101,Pagado,Tarjeta
15114,María lópez,M.lopez@email.com,Redes ii,Lic. martínez,Martinez@uni.com,Telecom,B-202,Pendiente,Transferencia
15115,María lópez,M.lopez@email.com,Redes ii,Lic. martínez,Martinez@uni.com,Telecom,B-202,Pagado,Transferencia
15116,Carlos ruiz,Cruiz@email.com,Redes ii,Lic. martínez,Martinez@uni.com,Telecom,B-202,Cancelado,Tarjeta
15117,Sofía vega,S.vega@email.com,Matemáticas iii,Dr. gómez,Gomez@uni.com,Ciencias,D-404,Pendiente,Efectivo
15118,Diego luna,Dluna@email.com,Base de datos i,Ing. garcía,Garcia@uni.com,Sistemas,A-101,Cancelado,Tarjeta
15119,Elena díaz,E.diaz@email.com,Redes ii,Lic. martínez,Martinez@uni.com,Telecom,B-202,Cancelado,Tarjeta
15120,Ana torres,Ana.t@email.com,Base de datos i,Ing. garcía,Garcia@uni.com,Sistemas,A-101,Pendiente,Tarjeta
15121,Diego luna,Dluna@email.com,Redes ii,Lic. martínez,Martinez@uni.com,Telecom,B-202,Cancelado,Tarjeta
15122,Elena díaz,E.diaz@email.com,Base de datos i,Ing. garcía,Garcia@uni.com,Sistemas,A-101,Cancelado,Tarjeta
15123,María lópez,M.lopez@email.com,Matemáticas iii,Dr. gómez,Gomez@uni.com,Ciencias,D-404,Cancelado,Transferencia
15124,Ana torres,Ana.t@email.com,Matemáticas iii,Dr. gómez,Gomez@uni.com,Ciencias,D-404,Cancelado,Transferencia
15125,Juan pérez,Juan.p@email.com,Base de datos i,Ing. garcía,Garcia@uni.com,Sistemas,A-101,Cancelado,Tarjeta
15126,María lópez,M.lopez@email.com,Matemáticas iii,Dr. gómez,Gomez@uni.com,Ciencias,D-404,Pagado,Transferencia
15127,Diego luna,Dluna@email.com,Redes ii,Lic. martínez,Martinez@uni.com,Telecom,B-202,Cancelado,Efectivo
15128,Diego luna,Dluna@email.com,Matemáticas iii,Dr. gómez,Gomez@uni.com,Ciencias,D-404,Cancelado,Tarjeta
15129,Ana torres,Ana.t@email.com,Ia aplicada,Dra. chen,Drchen@uni.com,Sistemas,C-303,Pendiente,Tarjeta
15130,Ana torres,Ana.t@email.com,Redes ii,Lic. martínez,Martinez@uni.com,Telecom,B-202,Pagado,Efectivo
15131,María lópez,M.lopez@email.com,Base de datos i,Ing. garcía,Garcia@uni.com,Sistemas,A-101,Pendiente,Efectivo
15132,Luis gómez,Luis.g@email.com,Redes ii,Lic. martínez,Martinez@uni.com,Telecom,B-202,Pagado,Efectivo
15133,Ana torres,Ana.t@email.com,Matemáticas iii,Dr. gómez,Gomez@uni.com,Ciencias,D-404,Cancelado,Efectivo
15134,Elena díaz,E.diaz@email.com,Base de datos i,Ing. garcía,Garcia@uni.com,Sistemas,A-101,Cancelado,Efectivo
15135,Ana torres,Ana.t@email.com,Redes ii,Lic. martínez,Martinez@uni.com,Telecom,B-202,Cancelado,Transferencia
15136,Sofía vega,S.vega@email.com,Base de datos i,Ing. garcía,Garcia@uni.com,Sistemas,A-101,Cancelado,Tarjeta
15137,María lópez,M.lopez@email.com,Redes ii,Lic. martínez,Martinez@uni.com,Telecom,B-202,Pagado,Tarjeta
15138,Elena díaz,E.diaz@email.com,Base de datos i,Ing. garcía,Garcia@uni.com,Sistemas,A-101,Cancelado,Efectivo
15139,Laura paz,L.paz@email.com,Redes ii,Lic. martínez,Martinez@uni.com,Telecom,B-202,Pendiente,Efectivo
15140,Sofía vega,S.vega@email.com,Redes ii,Lic. martínez,Martinez@uni.com,Telecom,B-202,Pagado,Transferencia
15141,Elena díaz,E.diaz@email.com,Redes ii,Lic. martínez,Martinez@uni.com,Telecom,B-202,Cancelado,Efectivo
15142,Luis gómez,Luis.g@email.com,Base de datos i,Ing. garcía,Garcia@uni.com,Sistemas,A-101,Pagado,Tarjeta
15143,Luis gómez,Luis.g@email.com,Ia aplicada,Dra. chen,Drchen@uni.com,Sistemas,C-303,Pendiente,Efectivo
15144,Carlos ruiz,Cruiz@email.com,Redes ii,Lic. martínez,Martinez@uni.com,Telecom,B-202,Cancelado,Tarjeta
15145,Pedro soto,Psoto@email.com,Redes ii,Lic. martínez,Martinez@uni.com,Telecom,B-202,Pendiente,Efectivo
15146,Juan pérez,Juan.p@email.com,Matemáticas iii,Dr. gómez,Gomez@uni.com,Ciencias,D-404,Pendiente,Tarjeta
15147,Sofía vega,S.vega@email.com,Matemáticas iii,Dr. gómez,Gomez@uni.com,Ciencias,D-404,Cancelado,Tarjeta
15148,Sofía vega,S.vega@email.com,Ia aplicada,Dra. chen,Drchen@uni.com,Sistemas,C-303,Cancelado,Tarjeta
15149,María lópez,M.lopez@email.com,Ia aplicada,Dra. chen,Drchen@uni.com,Sistemas,C-303,Pagado,Efectivo
15150,Juan pérez,Juan.p@email.com,Matemáticas iii,Dr. gómez,Gomez@uni.com,Ciencias,D-404,Pagado,Transferencia
15151,Ana torres,Ana.t@email.com,Base de datos i,Ing. garcía,Garcia@uni.com,Sistemas,A-101,Cancelado,Tarjeta
15152,Pedro soto,Psoto@email.com,Ia aplicada,Dra. chen,Drchen@uni.com,Sistemas,C-303,Pendiente,Tarjeta
15153,María lópez,M.lopez@email.com,Redes ii,Lic. martínez,Martinez@uni.com,Telecom,B-202,Pagado,Tarjeta
15154,Pedro soto,Psoto@email.com,Redes ii,Lic. martínez,Martinez@uni.com,Telecom,B-202,Cancelado,Efectivo
15155,Diego luna,Dluna@email.com,Matemáticas iii,Dr. gómez,Gomez@uni.com,Ciencias,D-404,Pendiente,Transferencia
15156,Sofía vega,S.vega@email.com,Base de datos i,Ing. garcía,Garcia@uni.com,Sistemas,A-101,Cancelado,Efectivo
15157,Elena díaz,E.diaz@email.com,Base de datos i,Ing. garcía,Garcia@uni.com,Sistemas,A-101,Pendiente,Transferencia
15158,Sofía vega,S.vega@email.com,Redes ii,Lic. martínez,Martinez@uni.com,Telecom,B-202,Pagado,Efectivo
15159,Luis gómez,Luis.g@email.com,Base de datos i,Ing. garcía,Garcia@uni.com,Sistemas,A-101,Pendiente,Transferencia
15160,Luis gómez,Luis.g@email.com,Matemáticas iii,Dr. gómez,Gomez@uni.com,Ciencias,D-404,Pendiente,Tarjeta
15161,Sofía vega,S.vega@email.com,Base de datos i,Ing. garcía,Garcia@uni.com,Sistemas,A-101,Pagado,Transferencia
15162,Ana torres,Ana.t@email.com,Base de datos i,Ing. garcía,Garcia@uni.com,Sistemas,A-101,Pendiente,Efectivo
15163,Sofía vega,S.vega@email.com,Redes ii,Lic. martínez,Martinez@uni.com,Telecom,B-202,Pendiente,Efectivo
15164,Diego luna,Dluna@email.com,Base de datos i,Ing. garcía,Garcia@uni.com,Sistemas,A-101,Pendiente,Efectivo
15165,Laura paz,L.paz@email.com,Ia aplicada,Dra. chen,Drchen@uni.com,Sistemas,C-303,Pendiente,Efectivo
15166,Pedro soto,Psoto@email.com,Ia aplicada,Dra. chen,Drchen@uni.com,Sistemas,C-303,Pendiente,Tarjeta
15167,Carlos ruiz,Cruiz@email.com,Base de datos i,Ing. garcía,Garcia@uni.com,Sistemas,A-101,Cancelado,Efectivo
15168,Pedro soto,Psoto@email.com,Ia aplicada,Dra. chen,Drchen@uni.com,Sistemas,C-303,Pendiente,Transferencia
15169,Juan pérez,Juan.p@email.com,Base de datos i,Ing. garcía,Garcia@uni.com,Sistemas,A-101,Pendiente,Efectivo
15170,Diego luna,Dluna@email.com,Base de datos i,Ing. garcía,Garcia@uni.com,Sistemas,A-101,Pendiente,Efectivo
15171,Laura paz,L.paz@email.com,Ia aplicada,Dra. chen,Drchen@uni.com,Sistemas,C-303,Cancelado,Efectivo
15172,Carlos ruiz,Cruiz@email.com,Redes ii,Lic. martínez,Martinez@uni.com,Telecom,B-202,Pagado,Efectivo
15173,Juan pérez,Juan.p@email.com,Redes ii,Lic. martínez,Martinez@uni.com,Telecom,B-202,Cancelado,Efectivo
15174,Luis gómez,Luis.g@email.com,Base de datos i,Ing. garcía,Garcia@uni.com,Sistemas,A-101,Pagado,Transferencia
15175,Juan pérez,Juan.p@email.com,Ia aplicada,Dra. chen,Drchen@uni.com,Sistemas,C-303,Pagado,Transferencia
15176,Sofía vega,S.vega@email.com,Ia aplicada,Dra. chen,Drchen@uni.com,Sistemas,C-303,Pagado,Tarjeta
15177,Juan pérez,Juan.p@email.com,Ia aplicada,Dra. chen,Drchen@uni.com,Sistemas,C-303,Cancelado,Tarjeta
15178,Carlos ruiz,Cruiz@email.com,Redes ii,Lic. martínez,Martinez@uni.com,Telecom,B-202,Pendiente,Transferencia
15179,Carlos ruiz,Cruiz@email.com,Ia aplicada,Dra. chen,Drchen@uni.com,Sistemas,C-303,Cancelado,Efectivo
15180,María lópez,M.lopez@email.com,Matemáticas iii,Dr. gómez,Gomez@uni.com,Ciencias,D-404,Pendiente,Efectivo
15181,Laura paz,L.paz@email.com,Base de datos i,Ing. garcía,Garcia@uni.com,Sistemas,A-101,Pendiente,Tarjeta
15182,María lópez,M.lopez@email.com,Ia aplicada,Dra. chen,Drchen@uni.com,Sistemas,C-303,Pagado,Efectivo
15183,Laura paz,L.paz@email.com,Base de datos i,Ing. garcía,Garcia@uni.com,Sistemas,A-101,Pendiente,Transferencia
15184,Laura paz,L.paz@email.com,Ia aplicada,Dra. chen,Drchen@uni.com,Sistemas,C-303,Pagado,Transferencia
15185,Sofía vega,S.vega@email.com,Ia aplicada,Dra. chen,Drchen@uni.com,Sistemas,C-303,Pagado,Transferencia
15186,Elena díaz,E.diaz@email.com,Redes ii,Lic. martínez,Martinez@uni.com,Telecom,B-202,Pagado,Tarjeta
15187,María lópez,M.lopez@email.com,Base de datos i,Ing. garcía,Garcia@uni.com,Sistemas,A-101,Cancelado,Tarjeta
15188,Laura paz,L.paz@email.com,Redes ii,Lic. martínez,Martinez@uni.com,Telecom,B-202,Cancelado,Tarjeta
15189,María lópez,M.lopez@email.com,Ia aplicada,Dra. chen,Drchen@uni.com,Sistemas,C-303,Pagado,Efectivo
15190,Carlos ruiz,Cruiz@email.com,Matemáticas iii,Dr. gómez,Gomez@uni.com,Ciencias,D-404,Pagado,Efectivo
15191,Laura paz,L.paz@email.com,Redes ii,Lic. martínez,Martinez@uni.com,Telecom,B-202,Pagado,Transferencia
15192,Carlos ruiz,Cruiz@email.com,Redes ii,Lic. martínez,Martinez@uni.com,Telecom,B-202,Cancelado,Efectivo
15193,Pedro soto,Psoto@email.com,Ia aplicada,Dra. chen,Drchen@uni.com,Sistemas,C-303,Pagado,Efectivo
15194,Luis gómez,Luis.g@email.com,Redes ii,Lic. martínez,Martinez@uni.com,Telecom,B-202,Pagado,Efectivo
15195,Sofía vega,S.vega@email.com,Ia aplicada,Dra. chen,Drchen@uni.com,Sistemas,C-303,Cancelado,Transferencia
15196,Ana torres,Ana.t@email.com,Ia aplicada,Dra. chen,Drchen@uni.com,Sistemas,C-303,Pendiente,Tarjeta
15197,Laura paz,L.paz@email.com,Base de datos i,Ing. garcía,Garcia@uni.com,Sistemas,A-101,Cancelado,Tarjeta
15198,Elena díaz,E.diaz@email.com,Redes ii,Lic. martínez,Martinez@uni.com,Telecom,B-202,Pagado,Transferencia
15199,Laura paz,L.paz@email.com,Base de datos i,Ing. garcía,Garcia@uni.com,Sistemas,A-101,Pendiente,Efectivo
15200,Ana torres,Ana.t@email.com,Ia aplicada,Dra. chen,Drchen@uni.com,Sistemas,C-303,Pagado,Transferencia
