ID_Registro,Nombre_Estudiante,Email_Estudiante,Curso_Asignado,Profesor_Curso,Email_Profesor,Departamento,Aula,Estado_Pago,Metodo_Pago
10001,Diego Luna,dluna@email.com,Redes II,Lic. Martínez,martinez@uni.com,Telecom,B-202,Pagado,Efectivo
10002,Sofía Vega,s.vega@email.com,Base de Datos I,Ing. García,garcia@uni.com,Sistemas,A-101,Cancelado,Transferencia
10003,Ana Torres,ana.t@email.com,Base de Datos I,Ing. García,garcia@uni.com,Sistemas,A-101,Pagado,Efectivo
10004,Laura Paz,l.paz@email.com,IA Aplicada,Dra. Chen,drchen@uni.com,Sistemas,C-303,Pendiente,Efectivo
10005,Luis Gómez,luis.g@email.com,IA Aplicada,Dra. Chen,drchen@uni.com,Sistemas,C-303,Pagado,Transferencia
10006,Ana Torres,ana.t@email.com,IA Aplicada,Dra. Chen,drchen@uni.com,Sistemas,C-303,Cancelado,Transferencia
10007,Pedro Soto,psoto@email.com,Redes II,Lic. Martínez,martinez@uni.com,Telecom,B-202,Pagado,Transferencia
10008,Elena Díaz,e.diaz@email.com,IA Aplicada,Dra. Chen,drchen@uni.com,Sistemas,C-303,Cancelado,Transferencia
10009,Carlos Ruiz,cruiz@email.com,Redes II,Lic. Martínez,martinez@uni.com,Telecom,B-202,Cancelado,Transferencia
10010,Pedro Soto,psoto@email.com,Redes II,Lic. Martínez,martinez@uni.com,Telecom,B-202,Pagado,Efectivo
10011,Ana Torres,ana.t@email.com,Matemáticas III,Dr. Gómez,gomez@uni.com,Ciencias,D-404,Cancelado,Efectivo
10012,María López,m.lopez@email.com,Base de Datos I,Ing. García,garcia@uni.com,Sistemas,A-101,Cancelado,Efectivo
10013,María López,m.lopez@email.com,Redes II,Lic. Martínez,martinez@uni.com,Telecom,B-202,Cancelado,Transferencia
10014,Ana Torres,ana.t@email.com,Matemáticas III,Dr. Gómez,gomez@uni.com,Ciencias,D-404,Pagado,Efectivo
10015,Elena Díaz,e.diaz@email.com,IA Aplicada,Dra. Chen,drchen@uni.com,Sistemas,C-303,Pendiente,Efectivo
10016,Diego Luna,dluna@email.com,Redes II,Lic. Martínez,martinez@uni.com,Telecom,B-202,Cancelado,Efectivo
10017,Carlos Ruiz,cruiz@email.com,IA Aplicada,Dra. Chen,drchen@uni.com,Sistemas,C-303,Cancelado,Efectivo
10018,Laura Paz,l.paz@email.com,Base de Datos I,Ing. García,garcia@uni.com,Sistemas,A-101,Cancelado,Tarjeta
10019,Ana Torres,ana.t@email.com,Redes II,Lic. Martínez,martinez@uni.com,Telecom,B-202,Pendiente,Transferencia
10020,Pedro Soto,psoto@email.com,Matemáticas III,Dr. Gómez,gomez@uni.com,Ciencias,D-404,Pendiente,Efectivo
10021,Sofía Vega,s.vega@email.com,Redes II,Lic. Martínez,martinez@uni.com,Telecom,B-202,Cancelado,Efectivo
10022,Pedro Soto,psoto@email.com,Base de Datos I,Ing. García,garcia@uni.com,Sistemas,A-101,Pendiente,Transferencia
10023,Ana Torres,ana.t@email.com,IA Aplicada,Dra. Chen,drchen@uni.com,Sistemas,C-303,Pagado,Tarjeta
10024,Pedro Soto,psoto@email.com,Matemáticas III,Dr. Gómez,gomez@uni.com,Ciencias,D-404,Pagado,Tarjeta
10025,Pedro Soto,psoto@email.com,Base de Datos I,Ing. García,garcia@uni.com,Sistemas,A-101,Pagado,Efectivo
10026,María López,m.lopez@email.com,Base de Datos I,Ing. García,garcia@uni.com,Sistemas,A-101,Cancelado,Efectivo
10027,Juan Pérez,juan.p@email.com,IA Aplicada,Dra. Chen,drchen@uni.com,Sistemas,C-303,Pendiente,Tarjeta
10028,Diego Luna,dluna@email.com,Matemáticas III,Dr. Gómez,gomez@uni.com,Ciencias,D-404,Cancelado,Transferencia
10029,María López,m.lopez@email.com,Matemáticas III,Dr. Gómez,gomez@uni.com,Ciencias,D-404,Pendiente,Tarjeta
10030,Carlos Ruiz,cruiz@email.com,Matemáticas III,Dr. Gómez,gomez@uni.com,Ciencias,D-404,Pendiente,Tarjeta
10031,Luis Gómez,luis.g@email.com,Matemáticas III,Dr. Gómez,gomez@uni.com,Ciencias,D-404,Cancelado,Efectivo
10032,Sofía Vega,s.vega@email.com,Redes II,Lic. Martínez,martinez@uni.com,Telecom,B-202,Pendiente,Transferencia
10033,Pedro Soto,psoto@email.com,IA Aplicada,Dra. Chen,drchen@uni.com,Sistemas,C-303,Pagado,Transferencia
10034,Sofía Vega,s.vega@email.com,Redes II,Lic. Martínez,martinez@uni.com,Telecom,B-202,Pendiente,Efectivo
10035,Diego Luna,dluna@email.com,Matemáticas III,Dr. Gómez,gomez@uni.com,Ciencias,D-404,Cancelado,Efectivo
10036,Ana Torres,ana.t@email.com,Matemáticas III,Dr. Gómez,gomez@uni.com,Ciencias,D-404,Pagado,Tarjeta
10037,María López,m.lopez@email.com,Matemáticas III,Dr. Gómez,gomez@uni.com,Ciencias,D-404,Cancelado,Tarjeta
10038,Elena Díaz,e.diaz@email.com,Matemáticas III,Dr. Gómez,gomez@uni.com,Ciencias,D-404,Pendiente,Transferencia
10039,Pedro Soto,psoto@email.com,Base de Datos I,Ing. García,garcia@uni.com,Sistemas,A-101,Pendiente,Transferencia
10040,Ana Torres,ana.t@email.com,Matemáticas III,Dr. Gómez,gomez@uni.com,Ciencias,D-404,Pagado,Tarjeta
10041,María López,m.lopez@email.com,Matemáticas III,Dr. Gómez,gomez@uni.com,Ciencias,D-404,Pagado,Tarjeta
10042,Laura Paz,l.paz@email.com,IA Aplicada,Dra. Chen,drchen@uni.com,Sistemas,C-303,Cancelado,Efectivo
10043,Sofía Vega,s.vega@email.com,Redes II,Lic. Martínez,martinez@uni.com,Telecom,B-202,Pagado,Transferencia
10044,Laura Paz,l.paz@email.com,Base de Datos I,Ing. García,garcia@uni.com,Sistemas,A-101,Cancelado,Transferencia
10045,María López,m.lopez@email.com,Redes II,Lic. Martínez,martinez@uni.com,Telecom,B-202,Pagado,Tarjeta
10046,María López,m.lopez@email.com,Redes II,Lic. Martínez,martinez@uni.com,Telecom,B-202,Pendiente,Efectivo
10047,Juan Pérez,juan.p@email.com,Base de Datos I,Ing. García,garcia@uni.com,Sistemas,A-101,Cancelado,Efectivo
10048,Juan Pérez,juan.p@email.com,Matemáticas III,Dr. Gómez,gomez@uni.com,Ciencias,D-404,Pendiente,Transferencia
10049,Diego Luna,dluna@email.com,Redes II,Lic. Martínez,martinez@uni.com,Telecom,B-202,Pagado,Transferencia
10050,Laura Paz,l.paz@email.com,Matemáticas III,Dr. Gómez,gomez@uni.com,Ciencias,D-404,Pagado,Transferencia
10051,Elena Díaz,e.diaz@email.com,IA Aplicada,Dra. Chen,drchen@uni.com,Sistemas,C-303,Cancelado,Transferencia
10052,Elena Díaz,e.diaz@email.com,Redes II,Lic. Martínez,martinez@uni.com,Telecom,B-202,Pendiente,Transferencia
10053,Carlos Ruiz,cruiz@email.com,Matemáticas III,Dr. Gómez,gomez@uni.com,Ciencias,D-404,Cancelado,Tarjeta
10054,Ana Torres,ana.t@email.com,Base de Datos I,Ing. García,garcia@uni.com,Sistemas,A-101,Pagado,Tarjeta
10055,Juan Pérez,juan.p@email.com,Base de Datos I,Ing. García,garcia@uni.com,Sistemas,A-101,Pendiente,Efectivo
10056,Diego Luna,dluna@email.com,Base de Datos I,Ing. García,garcia@uni.com,Sistemas,A-101,Pagado,Transferencia
10057,Luis Gómez,luis.g@email.com,IA Aplicada,Dra. Chen,drchen@uni.com,Sistemas,C-303,Pendiente,Transferencia
10058,Ana Torres,ana.t@email.com,Redes II,Lic. Martínez,martinez@uni.com,Telecom,B-202,Cancelado,Transferencia
10059,Elena Díaz,e.diaz@email.com,Matemáticas III,Dr. Gómez,gomez@uni.com,Ciencias,D-404,Cancelado,Tarjeta
10060,Pedro Soto,psoto@email.com,Redes II,Lic. Martínez,martinez@uni.com,Telecom,B-202,Cancelado,Transferencia
10061,Pedro Soto,psoto@email.com,Redes II,Lic. Martínez,martinez@uni.com,Telecom,B-202,Cancelado,Tarjeta
10062,Elena Díaz,e.diaz@email.com,Matemáticas III,Dr. Gómez,gomez@uni.com,Ciencias,D-404,Pagado,Transferencia
10063,Elena Díaz,e.diaz@email.com,IA Aplicada,Dra. Chen,drchen@uni.com,Sistemas,C-303,Pagado,Efectivo
10064,Laura Paz,l.paz@email.com,Matemáticas III,Dr. Gómez,gomez@uni.com,Ciencias,D-404,Pagado,Efectivo
10065,Elena Díaz,e.diaz@email.com,Base de Datos I,Ing. García,garcia@uni.com,Sistemas,A-101,Pagado,Transferencia
10066,Ana Torres,ana.t@email.com,Matemáticas III,Dr. Gómez,gomez@uni.com,Ciencias,D-404,Cancelado,Tarjeta
10067,Luis Gómez,luis.g@email.com,IA Aplicada,Dra. Chen,drchen@uni.com,Sistemas,C-303,Pagado,Tarjeta
10068,Luis Gómez,luis.g@email.com,IA Aplicada,Dra. Chen,drchen@uni.com,Sistemas,C-303,Cancelado,Efectivo
10069,María López,m.lopez@email.com,Base de Datos I,Ing. García,garcia@uni.com,Sistemas,A-101,Cancelado,Tarjeta
10070,Luis Gómez,luis.g@email.com,Base de Datos I,Ing. García,garcia@uni.com,Sistemas,A-101,Cancelado,Efectivo
10071,María López,m.lopez@email.com,Base de Datos I,Ing. García,garcia@uni.com,Sistemas,A-101,Cancelado,Tarjeta
10072,Sofía Vega,s.vega@email.com,Matemáticas III,Dr. Gómez,gomez@uni.com,Ciencias,D-404,Pagado,Transferencia
10073,Diego Luna,dluna@email.com,Base de Datos I,Ing. García,garcia@uni.com,Sistemas,A-101,Cancelado,Transferencia
10074,Luis Gómez,luis.g@email.com,Redes II,Lic. Martínez,martinez@uni.com,Telecom,B-202,Pendiente,Efectivo
10075,Pedro Soto,psoto@email.com,Redes II,Lic. Martínez,martinez@uni.com,Telecom,B-202,Cancelado,Transferencia
10076,Carlos Ruiz,cruiz@email.com,IA Aplicada,Dra. Chen,drchen@uni.com,Sistemas,C-303,Cancelado,Efectivo
10077,Carlos Ruiz,cruiz@email.com,Matemáticas III,Dr. Gómez,gomez@uni.com,Ciencias,D-404,Pagado,Tarjeta
10078,Ana Torres,ana.t@email.com,Base de Datos I,Ing. García,garcia@uni.com,Sistemas,A-101,Cancelado,Tarjeta
10079,Pedro Soto,psoto@email.com,IA Aplicada,Dra. Chen,drchen@uni.com,Sistemas,C-303,Pagado,Efectivo
10080,Ana Torres,ana.t@email.com,IA Aplicada,Dra. Chen,drchen@uni.com,Sistemas,C-303,Cancelado,Tarjeta
10081,Sofía Vega,s.vega@email.com,IA Aplicada,Dra. Chen,drchen@uni.com,Sistemas,C-303,Cancelado,Efectivo
10082,Luis Gómez,luis.g@email.com,IA Aplicada,Dra. Chen,drchen@uni.com,Sistemas,C-303,Cancelado,Transferencia
10083,María López,m.lopez@email.com,Matemáticas III,Dr. Gómez,gomez@uni.com,Ciencias,D-404,Cancelado,Tarjeta
10084,Laura Paz,l.paz@email.com,Base de Datos I,Ing. García,garcia@uni.com,Sistemas,A-101,Pagado,Tarjeta
10085,Laura Paz,l.paz@email.com,Base de Datos I,Ing. García,garcia@uni.com,Sistemas,A-101,Pendiente,Transferencia
10086,Carlos Ruiz,cruiz@email.com,Matemáticas III,Dr. Gómez,gomez@uni.com,Ciencias,D-404,Pagado,Efectivo
10087,Elena Díaz,e.diaz@email.com,IA Aplicada,Dra. Chen,drchen@uni.com,Sistemas,C-303,Pagado,Transferencia
10088,Diego Luna,dluna@email.com,Base de Datos I,Ing. García,garcia@uni.com,Sistemas,A-101,Pendiente,Tarjeta
10089,Carlos Ruiz,cruiz@email.com,Redes II,Lic. Martínez,martinez@uni.com,Telecom,B-202,Pagado,Transferencia
10090,Diego Luna,dluna@email.com,Base de Datos I,Ing. García,garcia@uni.com,Sistemas,A-101,Pendiente,Transferencia
10091,María López,m.lopez@email.com,Matemáticas III,Dr. Gómez,gomez@uni.com,Ciencias,D-404,Pagado,Efectivo
10092,Diego Luna,dluna@email.com,Base de Datos I,Ing. García,garcia@uni.com,Sistemas,A-101,Cancelado,Transferencia
10093,Sofía Vega,s.vega@email.com,Matemáticas III,Dr. Gómez,gomez@uni.com,Ciencias,D-404,Pagado,Efectivo
10094,Sofía Vega,s.vega@email.com,Matemáticas III,Dr. Gómez,gomez@uni.com,Ciencias,D-404,Pagado,Efectivo
10095,Juan Pérez,juan.p@email.com,IA Aplicada,Dra. Chen,drchen@uni.com,Sistemas,C-303,Pagado,Tarjeta
10096,Sofía Vega,s.vega@email.com,IA Aplicada,Dra. Chen,drchen@uni.com,Sistemas,C-303,Pendiente,Efectivo
10097,Elena Díaz,e.diaz@email.com,Redes II,Lic. Martínez,martinez@uni.com,Telecom,B-202,Pagado,Transferencia
10098,Pedro Soto,psoto@email.com,IA Aplicada,Dra. Chen,drchen@uni.com,Sistemas,C-303,Pagado,Efectivo
10099,Pedro Soto,psoto@email.com,Matemáticas III,Dr. Gómez,gomez@uni.com,Ciencias,D-404,Pendiente,Transferencia
10100,Sofía Vega,s.vega@email.com,Base de Datos I,Ing. García,garcia@uni.com,Sistemas,A-101,Cancelado,Transferencia
10101,Diego Luna,dluna@email.com,Redes II,Lic. Martínez,martinez@uni.com,Telecom,B-202,Cancelado,Efectivo
10102,Sofía Vega,s.vega@email.com,Base de Datos I,Ing. García,garcia@uni.com,Sistemas,A-101,Cancelado,Tarjeta
10103,Carlos Ruiz,cruiz@email.com,Matemáticas III,Dr. Gómez,gomez@uni.com,Ciencias,D-404,Cancelado,Tarjeta
10104,Laura Paz,l.paz@email.com,Base de Datos I,Ing. García,garcia@uni.com,Sistemas,A-101,Cancelado,Transferencia
10105,Carlos Ruiz,cruiz@email.com,IA Aplicada,Dra. Chen,drchen@uni.com,Sistemas,C-303,Cancelado,Transferencia
10106,Carlos Ruiz,cruiz@email.com,Redes II,Lic. Martínez,martinez@uni.com,Telecom,B-202,Cancelado,Transferencia
10107,Sofía Vega,s.vega@email.com,IA Aplicada,Dra. Chen,drchen@uni.com,Sistemas,C-303,Pendiente,Transferencia
10108,Carlos Ruiz,cruiz@email.com,IA Aplicada,Dra. Chen,drchen@uni.com,Sistemas,C-303,Pagado,Tarjeta
10109,Diego Luna,dluna@email.com,Base de Datos I,Ing. García,garcia@uni.com,Sistemas,A-101,Cancelado,Tarjeta
10110,Sofía Vega,s.vega@email.com,Matemáticas III,Dr. Gómez,gomez@uni.com,Ciencias,D-404,Pendiente,Tarjeta
10111,Ana Torres,ana.t@email.com,IA Aplicada,Dra. Chen,drchen@uni.com,Sistemas,C-303,Pagado,Tarjeta
10112,Pedro Soto,psoto@email.com,Redes II,Lic. Martínez,martinez@uni.com,Telecom,B-202,Pendiente,Tarjeta
10113,Diego Luna,dluna@email.com,IA Aplicada,Dra. Chen,drchen@uni.com,Sistemas,C-303,Cancelado,Tarjeta
10114,Sofía Vega,s.vega@email.com,Matemáticas III,Dr. Gómez,gomez@uni.com,Ciencias,D-404,Pendiente,Tarjeta
10115,María López,m.lopez@email.com,Base de Datos I,Ing. García,garcia@uni.com,Sistemas,A-101,Pagado,Tarjeta
10116,Diego Luna,dluna@email.com,Base de Datos I,Ing. García,garcia@uni.com,Sistemas,A-101,Cancelado,Transferencia
10117,Sofía Vega,s.vega@email.com,Base de Datos I,Ing. García,garcia@uni.com,Sistemas,A-101,Pendiente,Transferencia
10118,Laura Paz,l.paz@email.com,Redes II,Lic. Martínez,martinez@uni.com,Telecom,B-202,Pagado,Transferencia
10119,Pedro Soto,psoto@email.com,Redes II,Lic. Martínez,martinez@uni.com,Telecom,B-202,Pendiente,Transferencia
10120,Ana Torres,ana.t@email.com,IA Aplicada,Dra. Chen,drchen@uni.com,Sistemas,C-303,Pagado,Tarjeta
10121,Juan Pérez,juan.p@email.com,Matemáticas III,Dr. Gómez,gomez@uni.com,Ciencias,D-404,Pagado,Efectivo
10122,Juan Pérez,juan.p@email.com,Redes II,Lic. Martínez,martinez@uni.com,Telecom,B-202,Pendiente,Tarjeta
10123,Juan Pérez,juan.p@email.com,Matemáticas III,Dr. Gómez,gomez@uni.com,Ciencias,D-404,Pendiente,Transferencia
10124,Sofía Vega,s.vega@email.com,Base de Datos I,Ing. García,garcia@uni.com,Sistemas,A-101,Pagado,Transferencia
10125,María López,m.lopez@email.com,Redes II,Lic. Martínez,martinez@uni.com,Telecom,B-202,Cancelado,Efectivo
10126,Luis Gómez,luis.g@email.com,Matemáticas III,Dr. Gómez,gomez@uni.com,Ciencias,D-404,Pendiente,Tarjeta
10127,Laura Paz,l.paz@email.com,IA Aplicada,Dra. Chen,drchen@uni.com,Sistemas,C-303,Pagado,Tarjeta
10128,Ana Torres,ana.t@email.com,Base de Datos I,Ing. García,garcia@uni.com,Sistemas,A-101,Cancelado,Transferencia
10129,Luis Gómez,luis.g@email.com,IA Aplicada,Dra. Chen,drchen@uni.com,Sistemas,C-303,Cancelado,Transferencia
10130,Diego Luna,dluna@email.com,Matemáticas III,Dr. Gómez,gomez@uni.com,Ciencias,D-404,Cancelado,Tarjeta
10131,María López,m.lopez@email.com,Matemáticas III,Dr. Gómez,gomez@uni.com,Ciencias,D-404,Pendiente,Tarjeta
10132,Juan Pérez,juan.p@email.com,Matemáticas III,Dr. Gómez,gomez@uni.com,Ciencias,D-404,Pendiente,Transferencia
10133,Carlos Ruiz,cruiz@email.com,IA Aplicada,Dra. Chen,drchen@uni.com,Sistemas,C-303,Pendiente,Efectivo
10134,Diego Luna,dluna@email.com,IA Aplicada,Dra. Chen,drchen@uni.com,Sistemas,C-303,Cancelado,Transferencia
10135,Juan Pérez,juan.p@email.com,IA Aplicada,Dra. Chen,drchen@uni.com,Sistemas,C-303,Cancelado,Tarjeta
10136,Diego Luna,dluna@email.com,Base de Datos I,Ing. García,garcia@uni.com,Sistemas,A-101,Pendiente,Tarjeta
10137,María López,m.lopez@email.com,Redes II,Lic. Martínez,martinez@uni.com,Telecom,B-202,Pagado,Tarjeta
10138,Luis Gómez,luis.g@email.com,Redes II,Lic. Martínez,martinez@uni.com,Telecom,B-202,Pagado,Transferencia
10139,Laura Paz,l.paz@email.com,Matemáticas III,Dr. Gómez,gomez@uni.com,Ciencias,D-404,Cancelado,Transferencia
10140,Sofía Vega,s.vega@email.com,Matemáticas III,Dr. Gómez,gomez@uni.com,Ciencias,D-404,Pendiente,Efectivo
10141,Ana Torres,ana.t@email.com,Matemáticas III,Dr. Gómez,gomez@uni.com,Ciencias,D-404,Cancelado,Transferencia
10142,María López,m.lopez@email.com,Matemáticas III,Dr. Gómez,gomez@uni.com,Ciencias,D-404,Pagado,Transferencia
10143,Laura Paz,l.paz@email.com,Redes II,Lic. Martínez,martinez@uni.com,Telecom,B-202,Cancelado,Transferencia
10144,Diego Luna,dluna@email.com,Redes II,Lic. Martínez,martinez@uni.com,Telecom,B-202,Pagado,Efectivo
10145,Laura Paz,l.paz@email.com,IA Aplicada,Dra. Chen,drchen@uni.com,Sistemas,C-303,Pendiente,Tarjeta
10146,Pedro Soto,psoto@email.com,Redes II,Lic. Martínez,martinez@uni.com,Telecom,B-202,Pendiente,Efectivo
10147,Pedro Soto,psoto@email.com,Matemáticas III,Dr. Gómez,gomez@uni.com,Ciencias,D-404,Pendiente,Efectivo
10148,Juan Pérez,juan.p@email.com,Matemáticas III,Dr. Gómez,gomez@uni.com,Ciencias,D-404,Pendiente,Transferencia
10149,Laura Paz,l.paz@email.com,Redes II,Lic. Martínez,martinez@uni.com,Telecom,B-202,Cancelado,Efectivo
10150,Juan Pérez,juan.p@email.com,Base de Datos I,Ing. García,garcia@uni.com,Sistemas,A-101,Pagado,Efectivo
10151,Carlos Ruiz,cruiz@email.com,Redes II,Lic. Martínez,martinez@uni.com,Telecom,B-202,Pendiente,Transferencia
10152,Luis Gómez,luis.g@email.com,Base de Datos I,Ing. García,garcia@uni.com,Sistemas,A-101,Cancelado,Transferencia
10153,Elena Díaz,e.diaz@email.com,Redes II,Lic. Martínez,martinez@uni.com,Telecom,B-202,Pagado,Transferencia
10154,Sofía Vega,s.vega@email.com,Redes II,Lic. Martínez,martinez@uni.com,Telecom,B-202,Pendiente,Transferencia
10155,Carlos Ruiz,cruiz@email.com,Matemáticas III,Dr. Gómez,gomez@uni.com,Ciencias,D-404,Pagado,Tarjeta
10156,Elena Díaz,e.diaz@email.com,Matemáticas III,Dr. Gómez,gomez@uni.com,Ciencias,D-404,Pagado,Efectivo
10157,Ana Torres,ana.t@email.com,Redes II,Lic. Martínez,martinez@uni.com,Telecom,B-202,Pagado,Efectivo
10158,Diego Luna,dluna@email.com,Base de Datos I,Ing. García,garcia@uni.com,Sistemas,A-101,Cancelado,Tarjeta
10159,Pedro Soto,psoto@email.com,IA Aplicada,Dra. Chen,drchen@uni.com,Sistemas,C-303,Pagado,Tarjeta
10160,Diego Luna,dluna@email.com,Redes II,Lic. Martínez,martinez@uni.com,Telecom,B-202,Pagado,Efectivo
10161,María López,m.lopez@email.com,Matemáticas III,Dr. Gómez,gomez@uni.com,Ciencias,D-404,Pagado,Efectivo
10162,Juan Pérez,juan.p@email.com,Redes II,Lic. Martínez,martinez@uni.com,Telecom,B-202,Pagado,Tarjeta
10163,Luis Gómez,luis.g@email.com,Redes II,Lic. Martínez,martinez@uni.com,Telecom,B-202,Pendiente,Transferencia
10164,Sofía Vega,s.vega@email.com,IA Aplicada,Dra. Chen,drchen@uni.com,Sistemas,C-303,Pagado,Transferencia
10165,Ana Torres,ana.t@email.com,Base de Datos I,Ing. García,garcia@uni.com,Sistemas,A-101,Pendiente,Transferencia
10166,María López,m.lopez@email.com,Matemáticas III,Dr. Gómez,gomez@uni.com,Ciencias,D-404,Pagado,Efectivo
10167,Juan Pérez,juan.p@email.com,Base de Datos I,Ing. García,garcia@uni.com,Sistemas,A-101,Cancelado,Efectivo
10168,Diego Luna,dluna@email.com,Base de Datos I,Ing. García,garcia@uni.com,Sistemas,A-101,Pagado,Efectivo
10169,Carlos Ruiz,cruiz@email.com,IA Aplicada,Dra. Chen,drchen@uni.com,Sistemas,C-303,Pagado,Tarjeta
10170,Ana Torres,ana.t@email.com,Base de Datos I,Ing. García,garcia@uni.com,Sistemas,A-101,Pendiente,Tarjeta
10171,Juan Pérez,juan.p@email.com,Base de Datos I,Ing. García,garcia@uni.com,Sistemas,A-101,Cancelado,Efectivo
10172,Laura Paz,l.paz@email.com,Base de Datos I,Ing. García,garcia@uni.com,Sistemas,A-101,Cancelado,Efectivo
10173,Ana Torres,ana.t@email.com,IA Aplicada,Dra. Chen,drchen@uni.com,Sistemas,C-303,Pagado,Transferencia
10174,Luis Gómez,luis.g@email.com,IA Aplicada,Dra. Chen,drchen@uni.com,Sistemas,C-303,Pendiente,Transferencia
10175,Juan Pérez,juan.p@email.com,Base de Datos I,Ing. García,garcia@uni.com,Sistemas,A-101,Cancelado,Tarjeta
10176,Carlos Ruiz,cruiz@email.com,Redes II,Lic. Martínez,martinez@uni.com,Telecom,B-202,Pendiente,Efectivo
10177,Juan Pérez,juan.p@email.com,Matemáticas III,Dr. Gómez,gomez@uni.com,Ciencias,D-404,Pagado,Efectivo
10178,María López,m.lopez@email.com,Base de Datos I,Ing. García,garcia@uni.com,Sistemas,A-101,Pendiente,Transferencia
10179,Luis Gómez,luis.g@email.com,Redes II,Lic. Martínez,martinez@uni.com,Telecom,B-202,Pendiente,Transferencia
10180,Diego Luna,dluna@email.com,Redes II,Lic. Martínez,martinez@uni.com,Telecom,B-202,Pagado,Efectivo
10181,Elena Díaz,e.diaz@email.com,IA Aplicada,Dra. Chen,drchen@uni.com,Sistemas,C-303,Pendiente,Transferencia
10182,Laura Paz,l.paz@email.com,Redes II,Lic. Martínez,martinez@uni.com,Telecom,B-202,Pendiente,Transferencia
10183,María López,m.lopez@email.com,Matemáticas III,Dr. Gómez,gomez@uni.com,Ciencias,D-404,Pendiente,Tarjeta
10184,María López,m.lopez@email.com,Redes II,Lic. Martínez,martinez@uni.com,Telecom,B-202,Cancelado,Transferencia
10185,María López,m.lopez@email.com,Matemáticas III,Dr. Gómez,gomez@uni.com,Ciencias,D-404,Pendiente,Efectivo
10186,Sofía Vega,s.vega@email.com,Redes II,Lic. Martínez,martinez@uni.com,Telecom,B-202,Pagado,Tarjeta
10187,Sofía Vega,s.vega@email.com,Matemáticas III,Dr. Gómez,gomez@uni.com,Ciencias,D-404,Pagado,Efectivo
10188,Ana Torres,ana.t@email.com,Base de Datos I,Ing. García,garcia@uni.com,Sistemas,A-101,Pagado,Tarjeta
10189,María López,m.lopez@email.com,IA Aplicada,Dra. Chen,drchen@uni.com,Sistemas,C-303,Cancelado,Efectivo
10190,Carlos Ruiz,cruiz@email.com,Matemáticas III,Dr. Gómez,gomez@uni.com,Ciencias,D-404,Cancelado,Transferencia
10191,Juan Pérez,juan.p@email.com,IA Aplicada,Dra. Chen,drchen@uni.com,Sistemas,C-303,Pagado,Tarjeta
10192,Ana Torres,ana.t@email.com,IA Aplicada,Dra. Chen,drchen@uni.com,Sistemas,C-303,Pagado,Transferencia
10193,Elena Díaz,e.diaz@email.com,Base de Datos I,Ing. García,garcia@uni.com,Sistemas,A-101,Cancelado,Efectivo
10194,Elena Díaz,e.diaz@email.com,IA Aplicada,Dra. Chen,drchen@uni.com,Sistemas,C-303,Pagado,Tarjeta
10195,Luis Gómez,luis.g@email.com,Base de Datos I,Ing. García,garcia@uni.com,Sistemas,A-101,Pagado,Tarjeta
10196,Ana Torres,ana.t@email.com,Redes II,Lic. Martínez,martinez@uni.com,Telecom,B-202,Pendiente,Efectivo
10197,Sofía Vega,s.vega@email.com,Matemáticas III,Dr. Gómez,gomez@uni.com,Ciencias,D-404,Cancelado,Tarjeta
10198,Ana Torres,ana.t@email.com,IA Aplicada,Dra. Chen,drchen@uni.com,Sistemas,C-303,Pagado,Efectivo
10199,Sofía Vega,s.vega@email.com,IA Aplicada,Dra. Chen,drchen@uni.com,Sistemas,C-303,Cancelado,Tarjeta
10200,Elena Díaz,e.diaz@email.com,IA Aplicada,Dra. Chen,drchen@uni.com,Sistemas,C-303,Pendiente,Transferencia
10201,Laura Paz,l.paz@email.com,Matemáticas III,Dr. Gómez,gomez@uni.com,Ciencias,D-404,Pendiente,Tarjeta
10202,Ana Torres,ana.t@email.com,Matemáticas III,Dr. Gómez,gomez@uni.com,Ciencias,D-404,Pendiente,Tarjeta
10203,Carlos Ruiz,cruiz@email.com,IA Aplicada,Dra. Chen,drchen@uni.com,Sistemas,C-303,Pagado,Tarjeta
10204,Sofía Vega,s.vega@email.com,Base de Datos I,Ing. García,garcia@uni.com,Sistemas,A-101,Pagado,Efectivo
10205,Juan Pérez,juan.p@email.com,Base de Datos I,Ing. García,garcia@uni.com,Sistemas,A-101,Pagado,Efectivo
10206,Pedro Soto,psoto@email.com,Redes II,Lic. Martínez,martinez@uni.com,Telecom,B-202,Cancelado,Transferencia
10207,Diego Luna,dluna@email.com,IA Aplicada,Dra. Chen,drchen@uni.com,Sistemas,C-303,Pendiente,Transferencia
10208,Juan Pérez,juan.p@email.com,Redes II,Lic. Martínez,martinez@uni.com,Telecom,B-202,Pagado,Efectivo
10209,Diego Luna,dluna@email.com,Base de Datos I,Ing. García,garcia@uni.com,Sistemas,A-101,Pendiente,Tarjeta
10210,Diego Luna,dluna@email.com,Base de Datos I,Ing. García,garcia@uni.com,Sistemas,A-101,Cancelado,Tarjeta
10211,Juan Pérez,juan.p@email.com,IA Aplicada,Dra. Chen,drchen@uni.com,Sistemas,C-303,Pendiente,Transferencia
10212,Pedro Soto,psoto@email.com,IA Aplicada,Dra. Chen,drchen@uni.com,Sistemas,C-303,Pendiente,Transferencia
10213,Ana Torres,ana.t@email.com,Matemáticas III,Dr. Gómez,gomez@uni.com,Ciencias,D-404,Pendiente,Transferencia
10214,Carlos Ruiz,cruiz@email.com,IA Aplicada,Dra. Chen,drchen@uni.com,Sistemas,C-303,Cancelado,Efectivo
10215,Laura Paz,l.paz@email.com,Redes II,Lic. Martínez,martinez@uni.com,Telecom,B-202,Cancelado,Transferencia
10216,Diego Luna,dluna@email.com,Redes II,Lic. Martínez,martinez@uni.com,Telecom,B-202,Pendiente,Efectivo
10217,Ana Torres,ana.t@email.com,Redes II,Lic. Martínez,martinez@uni.com,Telecom,B-202,Pendiente,Efectivo
10218,Juan Pérez,juan.p@email.com,Redes II,Lic. Martínez,martinez@uni.com,Telecom,B-202,Cancelado,Transferencia
10219,Laura Paz,l.paz@email.com,Redes II,Lic. Martínez,martinez@uni.com,Telecom,B-202,Pagado,Efectivo
10220,Diego Luna,dluna@email.com,IA Aplicada,Dra. Chen,drchen@uni.com,Sistemas,C-303,Cancelado,Efectivo
10221,Diego Luna,dluna@email.com,Base de Datos I,Ing. García,garcia@uni.com,Sistemas,A-101,Pagado,Efectivo
10222,Laura Paz,l.paz@email.com,Base de Datos I,Ing. García,garcia@uni.com,Sistemas,A-101,Pagado,Efectivo
10223,Luis Gómez,luis.g@email.com,Matemáticas III,Dr. Gómez,gomez@uni.com,Ciencias,D-404,Pagado,Tarjeta
10224,María López,m.lopez@email.com,Base de Datos I,Ing. García,garcia@uni.com,Sistemas,A-101,Pagado,Transferencia
10225,Ana Torres,ana.t@email.com,IA Aplicada,Dra. Chen,drchen@uni.com,Sistemas,C-303,Pagado,Efectivo
10226,Carlos Ruiz,cruiz@email.com,Redes II,Lic. Martínez,martinez@uni.com,Telecom,B-202,Cancelado,Efectivo
10227,María López,m.lopez@email.com,Redes II,Lic. Martínez,martinez@uni.com,Telecom,B-202,Cancelado,Efectivo
10228,Laura Paz,l.paz@email.com,Redes II,Lic. Martínez,martinez@uni.com,Telecom,B-202,Pagado,Transferencia
10229,Pedro Soto,psoto@email.com,IA Aplicada,Dra. Chen,drchen@uni.com,Sistemas,C-303,Pendiente,Efectivo
10230,Juan Pérez,juan.p@email.com,Redes II,Lic. Martínez,martinez@uni.com,Telecom,B-202,Cancelado,Transferencia
10231,Diego Luna,dluna@email.com,Matemáticas III,Dr. Gómez,gomez@uni.com,Ciencias,D-404,Pendiente,Tarjeta
10232,Pedro Soto,psoto@email.com,IA Aplicada,Dra. Chen,drchen@uni.com,Sistemas,C-303,Cancelado,Efectivo
10233,Pedro Soto,psoto@email.com,Matemáticas III,Dr. Gómez,gomez@uni.com,Ciencias,D-404,Pendiente,Tarjeta
10234,Sofía Vega,s.vega@email.com,Matemáticas III,Dr. Gómez,gomez@uni.com,Ciencias,D-404,Cancelado,Efectivo
10235,María López,m.lopez@email.com,Base de Datos I,Ing. García,garcia@uni.com,Sistemas,A-101,Pagado,Transferencia
10236,Ana Torres,ana.t@email.com,IA Aplicada,Dra. Chen,drchen@uni.com,Sistemas,C-303,Pagado,Transferencia
10237,Luis Gómez,luis.g@email.com,Redes II,Lic. Martínez,martinez@uni.com,Telecom,B-202,Pagado,Transferencia
10238,Juan Pérez,juan.p@email.com,Redes II,Lic. Martínez,martinez@uni.com,Telecom,B-202,Pagado,Transferencia
10239,María López,m.lopez@email.com,Matemáticas III,Dr. Gómez,gomez@uni.com,Ciencias,D-404,Cancelado,Transferencia
10240,María López,m.lopez@email.com,IA Aplicada,Dra. Chen,drchen@uni.com,Sistemas,C-303,Cancelado,Tarjeta
10241,Ana Torres,ana.t@email.com,Base de Datos I,Ing. García,garcia@uni.com,Sistemas,A-101,Pendiente,Tarjeta
10242,Ana Torres,ana.t@email.com,IA Aplicada,Dra. Chen,drchen@uni.com,Sistemas,C-303,Pagado,Tarjeta
10243,Carlos Ruiz,cruiz@email.com,Base de Datos I,Ing. García,garcia@uni.com,Sistemas,A-101,Cancelado,Tarjeta
10244,Sofía Vega,s.vega@email.com,Redes II,Lic. Martínez,martinez@uni.com,Telecom,B-202,Pagado,Efectivo
10245,Elena Díaz,e.diaz@email.com,IA Aplicada,Dra. Chen,drchen@uni.com,Sistemas,C-303,Pagado,Tarjeta
10246,Laura Paz,l.paz@email.com,IA Aplicada,Dra. Chen,drchen@uni.com,Sistemas,C-303,Pendiente,Transferencia
10247,Diego Luna,dluna@email.com,Base de Datos I,Ing. García,garcia@uni.com,Sistemas,A-101,Cancelado,Transferencia
10248,Elena Díaz,e.diaz@email.com,Base de Datos I,Ing. García,garcia@uni.com,Sistemas,A-101,Pagado,Tarjeta
10249,Ana Torres,ana.t@email.com,Base de Datos I,Ing. García,garcia@uni.com,Sistemas,A-101,Pagado,Transferencia
10250,María López,m.lopez@email.com,IA Aplicada,Dra. Chen,drchen@uni.com,Sistemas,C-303,Pendiente,Efectivo
10251,Pedro Soto,psoto@email.com,IA Aplicada,Dra. Chen,drchen@uni.com,Sistemas,C-303,Cancelado,Efectivo
10252,Sofía Vega,s.vega@email.com,Matemáticas III,Dr. Gómez,gomez@uni.com,Ciencias,D-404,Cancelado,Tarjeta
10253,María López,m.lopez@email.com,Matemáticas III,Dr. Gómez,gomez@uni.com,Ciencias,D-404,Pagado,Efectivo
10254,María López,m.lopez@email.com,Base de Datos I,Ing. García,garcia@uni.com,Sistemas,A-101,Pendiente,Transferencia
10255,Carlos Ruiz,cruiz@email.com,IA Aplicada,Dra. Chen,drchen@uni.com,Sistemas,C-303,Pendiente,Transferencia
10256,Luis Gómez,luis.g@email.com,IA Aplicada,Dra. Chen,drchen@uni.com,Sistemas,C-303,Pendiente,Tarjeta
10257,Juan Pérez,juan.p@email.com,Matemáticas III,Dr. Gómez,gomez@uni.com,Ciencias,D-404,Cancelado,Tarjeta
10258,Juan Pérez,juan.p@email.com,Base de Datos I,Ing. García,garcia@uni.com,Sistemas,A-101,Cancelado,Tarjeta
10259,Ana Torres,ana.t@email.com,Matemáticas III,Dr. Gómez,gomez@uni.com,Ciencias,D-404,Cancelado,Efectivo
10260,Ana Torres,ana.t@email.com,Matemáticas III,Dr. Gómez,gomez@uni.com,Ciencias,D-404,Pendiente,Transferencia
10261,Laura Paz,l.paz@email.com,IA Aplicada,Dra. Chen,drchen@uni.com,Sistemas,C-303,Pendiente,Transferencia
10262,María López,m.lopez@email.com,Matemáticas III,Dr. Gómez,gomez@uni.com,Ciencias,D-404,Pagado,Transferencia
10263,Sofía Vega,s.vega@email.com,Base de Datos I,Ing. García,garcia@uni.com,Sistemas,A-101,Pagado,Transferencia
10264,Carlos Ruiz,cruiz@email.com,Base de Datos I,Ing. García,garcia@uni.com,Sistemas,A-101,Pendiente,Tarjeta
10265,Pedro Soto,psoto@email.com,Matemáticas III,Dr. Gómez,gomez@uni.com,Ciencias,D-404,Pagado,Tarjeta
10266,Diego Luna,dluna@email.com,Redes II,Lic. Martínez,martinez@uni.com,Telecom,B-202,Cancelado,Tarjeta
10267,Luis Gómez,luis.g@email.com,IA Aplicada,Dra. Chen,drchen@uni.com,Sistemas,C-303,Pagado,Tarjeta
10268,Carlos Ruiz,cruiz@email.com,Base de Datos I,Ing. García,garcia@uni.com,Sistemas,A-101,Cancelado,Efectivo
10269,Elena Díaz,e.diaz@email.com,Redes II,Lic. Martínez,martinez@uni.com,Telecom,B-202,Pagado,Tarjeta
10270,Ana Torres,ana.t@email.com,Matemáticas III,Dr. Gómez,gomez@uni.com,Ciencias,D-404,Pagado,Transferencia
10271,Juan Pérez,juan.p@email.com,IA Aplicada,Dra. Chen,drchen@uni.com,Sistemas,C-303,Cancelado,Efectivo
10272,Ana Torres,ana.t@email.com,Base de Datos I,Ing. García,garcia@uni.com,Sistemas,A-101,Pendiente,Efectivo
10273,Ana Torres,ana.t@email.com,Redes II,Lic. Martínez,martinez@uni.com,Telecom,B-202,Pendiente,Tarjeta
10274,Pedro Soto,psoto@email.com,Redes II,Lic. Martínez,martinez@uni.com,Telecom,B-202,Pendiente,Tarjeta
10275,Pedro Soto,psoto@email.com,Matemáticas III,Dr. Gómez,gomez@uni.com,Ciencias,D-404,Pendiente,Efectivo
10276,Elena Díaz,e.diaz@email.com,Matemáticas III,Dr. Gómez,gomez@uni.com,Ciencias,D-404,Cancelado,Efectivo
10277,Ana Torres,ana.t@email.com,Redes II,Lic. Martínez,martinez@uni.com,Telecom,B-202,Pendiente,Efectivo
10278,María López,m.lopez@email.com,IA Aplicada,Dra. Chen,drchen@uni.com,Sistemas,C-303,Pagado,Efectivo
10279,Juan Pérez,juan.p@email.com,Redes II,Lic. Martínez,martinez@uni.com,Telecom,B-202,Cancelado,Transferencia
10280,Carlos Ruiz,cruiz@email.com,Matemáticas III,Dr. Gómez,gomez@uni.com,Ciencias,D-404,Pendiente,Efectivo
10281,Sofía Vega,s.vega@email.com,IA Aplicada,Dra. Chen,drchen@uni.com,Sistemas,C-303,Pendiente,Efectivo
10282,Ana Torres,ana.t@email.com,IA Aplicada,Dra. Chen,drchen@uni.com,Sistemas,C-303,Pagado,Efectivo
10283,Diego Luna,dluna@email.com,Base de Datos I,Ing. García,garcia@uni.com,Sistemas,A-101,Pagado,Tarjeta
10284,Elena Díaz,e.diaz@email.com,Redes II,Lic. Martínez,martinez@uni.com,Telecom,B-202,Pagado,Efectivo
10285,Juan Pérez,juan.p@email.com,Base de Datos I,Ing. García,garcia@uni.com,Sistemas,A-101,Pendiente,Transferencia
10286,Diego Luna,dluna@email.com,Redes II,Lic. Martínez,martinez@uni.com,Telecom,B-202,Pendiente,Transferencia
10287,Sofía Vega,s.vega@email.com,Matemáticas III,Dr. Gómez,gomez@uni.com,Ciencias,D-404,Pagado,Tarjeta
10288,Sofía Vega,s.vega@email.com,IA Aplicada,Dra. Chen,drchen@uni.com,Sistemas,C-303,Cancelado,Tarjeta
10289,María López,m.lopez@email.com,Base de Datos I,Ing. García,garcia@uni.com,Sistemas,A-101,Cancelado,Transferencia
10290,Juan Pérez,juan.p@email.com,Matemáticas III,Dr. Gómez,gomez@uni.com,Ciencias,D-404,Pagado,Efectivo
10291,Juan Pérez,juan.p@email.com,IA Aplicada,Dra. Chen,drchen@uni.com,Sistemas,C-303,Pagado,Tarjeta
10292,Elena Díaz,e.diaz@email.com,Redes II,Lic. Martínez,martinez@uni.com,Telecom,B-202,Pagado,Efectivo
10293,Juan Pérez,juan.p@email.com,Base de Datos I,Ing. García,garcia@uni.com,Sistemas,A-101,Cancelado,Transferencia
10294,Pedro Soto,psoto@email.com,Matemáticas III,Dr. Gómez,gomez@uni.com,Ciencias,D-404,Pagado,Tarjeta
10295,Juan Pérez,juan.p@email.com,Base de Datos I,Ing. García,garcia@uni.com,Sistemas,A-101,Pagado,Tarjeta
10296,Carlos Ruiz,cruiz@email.com,Matemáticas III,Dr. Gómez,gomez@uni.com,Ciencias,D-404,Cancelado,Efectivo
10297,Laura Paz,l.paz@email.com,Redes II,Lic. Martínez,martinez@uni.com,Telecom,B-202,Pendiente,Tarjeta
10298,Sofía Vega,s.vega@email.com,Base de Datos I,Ing. García,garcia@uni.com,Sistemas,A-101,Pendiente,Efectivo
10299,Carlos Ruiz,cruiz@email.com,Matemáticas III,Dr. Gómez,gomez@uni.com,Ciencias,D-404,Pagado,Tarjeta
10300,Carlos Ruiz,cruiz@email.com,Matemáticas III,Dr. Gómez,gomez@uni.com,Ciencias,D-404,Pagado,Transferencia
10301,Juan Pérez,juan.p@email.com,IA Aplicada,Dra. Chen,drchen@uni.com,Sistemas,C-303,Pendiente,Tarjeta
10302,Laura Paz,l.paz@email.com,Base de Datos I,Ing. García,garcia@uni.com,Sistemas,A-101,Pendiente,Transferencia
10303,Juan Pérez,juan.p@email.com,IA Aplicada,Dra. Chen,drchen@uni.com,Sistemas,C-303,Pagado,Transferencia
10304,Elena Díaz,e.diaz@email.com,IA Aplicada,Dra. Chen,drchen@uni.com,Sistemas,C-303,Pendiente,Tarjeta
10305,Luis Gómez,luis.g@email.com,Redes II,Lic. Martínez,martinez@uni.com,Telecom,B-202,Cancelado,Efectivo
10306,Carlos Ruiz,cruiz@email.com,Base de Datos I,Ing. García,garcia@uni.com,Sistemas,A-101,Pendiente,Tarjeta
10307,Luis Gómez,luis.g@email.com,Base de Datos I,Ing. García,garcia@uni.com,Sistemas,A-101,Pendiente,Efectivo
10308,Diego Luna,dluna@email.com,Matemáticas III,Dr. Gómez,gomez@uni.com,Ciencias,D-404,Pagado,Efectivo
10309,Pedro Soto,psoto@email.com,Matemáticas III,Dr. Gómez,gomez@uni.com,Ciencias,D-404,Pendiente,Efectivo
10310,María López,m.lopez@email.com,Base de Datos I,Ing. García,garcia@uni.com,Sistemas,A-101,Pagado,Efectivo
10311,Diego Luna,dluna@email.com,Base de Datos I,Ing. García,garcia@uni.com,Sistemas,A-101,Pendiente,Efectivo
10312,Elena Díaz,e.diaz@email.com,Matemáticas III,Dr. Gómez,gomez@uni.com,Ciencias,D-404,Cancelado,Tarjeta
10313,Ana Torres,ana.t@email.com,Base de Datos I,Ing. García,garcia@uni.com,Sistemas,A-101,Cancelado,Tarjeta
10314,Diego Luna,dluna@email.com,IA Aplicada,Dra. Chen,drchen@uni.com,Sistemas,C-303,Pendiente,Tarjeta
10315,Sofía Vega,s.vega@email.com,Matemáticas III,Dr. Gómez,gomez@uni.com,Ciencias,D-404,Cancelado,Tarjeta
10316,Ana Torres,ana.t@email.com,Base de Datos I,Ing. García,garcia@uni.com,Sistemas,A-101,Pagado,Transferencia
10317,Elena Díaz,e.diaz@email.com,Redes II,Lic. Martínez,martinez@uni.com,Telecom,B-202,Pagado,Transferencia
10318,Ana Torres,ana.t@email.com,Base de Datos I,Ing. García,garcia@uni.com,Sistemas,A-101,Pagado,Transferencia
10319,Pedro Soto,psoto@email.com,IA Aplicada,Dra. Chen,drchen@uni.com,Sistemas,C-303,Pendiente,Tarjeta
10320,Sofía Vega,s.vega@email.com,IA Aplicada,Dra. Chen,drchen@uni.com,Sistemas,C-303,Pendiente,Efectivo
10321,Diego Luna,dluna@email.com,IA Aplicada,Dra. Chen,drchen@uni.com,Sistemas,C-303,Cancelado,Tarjeta
10322,Laura Paz,l.paz@email.com,Base de Datos I,Ing. García,garcia@uni.com,Sistemas,A-101,Pendiente,Transferencia
10323,Ana Torres,ana.t@email.com,Matemáticas III,Dr. Gómez,gomez@uni.com,Ciencias,D-404,Pendiente,Efectivo
10324,Ana Torres,ana.t@email.com,Redes II,Lic. Martínez,martinez@uni.com,Telecom,B-202,Pendiente,Transferencia
10325,Carlos Ruiz,cruiz@email.com,Matemáticas III,Dr. Gómez,gomez@uni.com,Ciencias,D-404,Cancelado,Tarjeta
10326,Juan Pérez,juan.p@email.com,Matemáticas III,Dr. Gómez,gomez@uni.com,Ciencias,D-404,Cancelado,Tarjeta
10327,Elena Díaz,e.diaz@email.com,IA Aplicada,Dra. Chen,drchen@uni.com,Sistemas,C-303,Pagado,Efectivo
10328,Ana Torres,ana.t@email.com,Matemáticas III,Dr. Gómez,gomez@uni.com,Ciencias,D-404,Pendiente,Tarjeta
10329,Diego Luna,dluna@email.com,IA Aplicada,Dra. Chen,drchen@uni.com,Sistemas,C-303,Pendiente,Efectivo
10330,Elena Díaz,e.diaz@email.com,Redes II,Lic. Martínez,martinez@uni.com,Telecom,B-202,Cancelado,Transferencia
10331,María López,m.lopez@email.com,Matemáticas III,Dr. Gómez,gomez@uni.com,Ciencias,D-404,Pagado,Transferencia
10332,María López,m.lopez@email.com,Matemáticas III,Dr. Gómez,gomez@uni.com,Ciencias,D-404,Cancelado,Tarjeta
10333,Juan Pérez,juan.p@email.com,IA Aplicada,Dra. Chen,drchen@uni.com,Sistemas,C-303,Pendiente,Efectivo
10334,Laura Paz,l.paz@email.com,IA Aplicada,Dra. Chen,drchen@uni.com,Sistemas,C-303,Cancelado,Transferencia
10335,Sofía Vega,s.vega@email.com,Redes II,Lic. Martínez,martinez@uni.com,Telecom,B-202,Pagado,Efectivo
10336,Juan Pérez,juan.p@email.com,Base de Datos I,Ing. García,garcia@uni.com,Sistemas,A-101,Cancelado,Tarjeta
10337,Sofía Vega,s.vega@email.com,IA Aplicada,Dra. Chen,drchen@uni.com,Sistemas,C-303,Cancelado,Transferencia
10338,Laura Paz,l.paz@email.com,Base de Datos I,Ing. García,garcia@uni.com,Sistemas,A-101,Pendiente,Efectivo
10339,Ana Torres,ana.t@email.com,Base de Datos I,Ing. García,garcia@uni.com,Sistemas,A-101,Cancelado,Efectivo
10340,Pedro Soto,psoto@email.com,IA Aplicada,Dra. Chen,drchen@uni.com,Sistemas,C-303,Cancelado,Efectivo
10341,María López,m.lopez@email.com,Redes II,Lic. Martínez,martinez@uni.com,Telecom,B-202,Pagado,Tarjeta
10342,Carlos Ruiz,cruiz@email.com,IA Aplicada,Dra. Chen,drchen@uni.com,Sistemas,C-303,Pagado,Tarjeta
10343,María López,m.lopez@email.com,IA Aplicada,Dra. Chen,drchen@uni.com,Sistemas,C-303,Pendiente,Tarjeta
10344,María López,m.lopez@email.com,Base de Datos I,Ing. García,garcia@uni.com,Sistemas,A-101,Cancelado,Tarjeta
10345,Diego Luna,dluna@email.com,Base de Datos I,Ing. García,garcia@uni.com,Sistemas,A-101,Pendiente,Efectivo
10346,Sofía Vega,s.vega@email.com,Matemáticas III,Dr. Gómez,gomez@uni.com,Ciencias,D-404,Cancelado,Efectivo
10347,Elena Díaz,e.diaz@email.com,Base de Datos I,Ing. García,garcia@uni.com,Sistemas,A-101,Cancelado,Tarjeta
10348,Carlos Ruiz,cruiz@email.com,Redes II,Lic. Martínez,martinez@uni.com,Telecom,B-202,Cancelado,Efectivo
10349,Ana Torres,ana.t@email.com,Matemáticas III,Dr. Gómez,gomez@uni.com,Ciencias,D-404,Pagado,Efectivo
10350,Pedro Soto,psoto@email.com,Matemáticas III,Dr. Gómez,gomez@uni.com,Ciencias,D-404,Cancelado,Efectivo
10351,Elena Díaz,e.diaz@email.com,Redes II,Lic. Martínez,martinez@uni.com,Telecom,B-202,Pendiente,Efectivo
10352,Pedro Soto,psoto@email.com,Matemáticas III,Dr. Gómez,gomez@uni.com,Ciencias,D-404,Cancelado,Efectivo
10353,Carlos Ruiz,cruiz@email.com,IA Aplicada,Dra. Chen,drchen@uni.com,Sistemas,C-303,Cancelado,Tarjeta
10354,Juan Pérez,juan.p@email.com,Redes II,Lic. Martínez,martinez@uni.com,Telecom,B-202,Pagado,Tarjeta
10355,Pedro Soto,psoto@email.com,Base de Datos I,Ing. García,garcia@uni.com,Sistemas,A-101,Pagado,Efectivo
10356,Elena Díaz,e.diaz@email.com,Base de Datos I,Ing. García,garcia@uni.com,Sistemas,A-101,Pendiente,Efectivo
10357,Pedro Soto,psoto@email.com,Redes II,Lic. Martínez,martinez@uni.com,Telecom,B-202,Pendiente,Transferencia
10358,Pedro Soto,psoto@email.com,IA Aplicada,Dra. Chen,drchen@uni.com,Sistemas,C-303,Cancelado,Transferencia
10359,Elena Díaz,e.diaz@email.com,Matemáticas III,Dr. Gómez,gomez@uni.com,Ciencias,D-404,Pendiente,Tarjeta
10360,Elena Díaz,e.diaz@email.com,Matemáticas III,Dr. Gómez,gomez@uni.com,Ciencias,D-404,Pendiente,Transferencia
10361,Juan Pérez,juan.p@email.com,IA Aplicada,Dra. Chen,drchen@uni.com,Sistemas,C-303,Pagado,Tarjeta
10362,Ana Torres,ana.t@email.com,Base de Datos I,Ing. García,garcia@uni.com,Sistemas,A-101,Pendiente,Transferencia
10363,Ana Torres,ana.t@email.com,Matemáticas III,Dr. Gómez,gomez@uni.com,Ciencias,D-404,Cancelado,Efectivo
10364,Juan Pérez,juan.p@email.com,Redes II,Lic. Martínez,martinez@uni.com,Telecom,B-202,Pagado,Transferencia
10365,Diego Luna,dluna@email.com,Matemáticas III,Dr. Gómez,gomez@uni.com,Ciencias,D-404,Pendiente,Efectivo
10366,María López,m.lopez@email.com,Matemáticas III,Dr. Gómez,gomez@uni.com,Ciencias,D-404,Pendiente,Transferencia
10367,Elena Díaz,e.diaz@email.com,IA Aplicada,Dra. Chen,drchen@uni.com,Sistemas,C-303,Pendiente,Tarjeta
10368,Pedro Soto,psoto@email.com,Matemáticas III,Dr. Gómez,gomez@uni.com,Ciencias,D-404,Pendiente,Transferencia
10369,María López,m.lopez@email.com,IA Aplicada,Dra. Chen,drchen@uni.com,Sistemas,C-303,Pendiente,Efectivo
10370,Elena Díaz,e.diaz@email.com,IA Aplicada,Dra. Chen,drchen@uni.com,Sistemas,C-303,Cancelado,Transferencia
10371,Juan Pérez,juan.p@email.com,IA Aplicada,Dra. Chen,drchen@uni.com,Sistemas,C-303,Cancelado,Tarjeta
10372,Elena Díaz,e.diaz@email.com,Redes II,Lic. Martínez,martinez@uni.com,Telecom,B-202,Pagado,Tarjeta
10373,Ana Torres,ana.t@email.com,Matemáticas III,Dr. Gómez,gomez@uni.com,Ciencias,D-404,Pagado,Tarjeta
10374,Sofía Vega,s.vega@email.com,Base de Datos I,Ing. García,garcia@uni.com,Sistemas,A-101,Pendiente,Tarjeta
10375,Sofía Vega,s.vega@email.com,Redes II,Lic. Martínez,martinez@uni.com,Telecom,B-202,Pendiente,Efectivo
10376,Diego Luna,dluna@email.com,IA Aplicada,Dra. Chen,drchen@uni.com,Sistemas,C-303,Cancelado,Efectivo
10377,Diego Luna,dluna@email.com,IA Aplicada,Dra. Chen,drchen@uni.com,Sistemas,C-303,Pendiente,Transferencia
10378,Carlos Ruiz,cruiz@email.com,Redes II,Lic. Martínez,martinez@uni.com,Telecom,B-202,Pagado,Transferencia
10379,Diego Luna,dluna@email.com,Base de Datos I,Ing. García,garcia@uni.com,Sistemas,A-101,Cancelado,Transferencia
10380,Carlos Ruiz,cruiz@email.com,Matemáticas III,Dr. Gómez,gomez@uni.com,Ciencias,D-404,Cancelado,Transferencia
10381,Sofía Vega,s.vega@email.com,Matemáticas III,Dr. Gómez,gomez@uni.com,Ciencias,D-404,Pagado,Efectivo
10382,Luis Gómez,luis.g@email.com,Base de Datos I,Ing. García,garcia@uni.com,Sistemas,A-101,Pagado,Tarjeta
10383,Luis Gómez,luis.g@email.com,IA Aplicada,Dra. Chen,drchen@uni.com,Sistemas,C-303,Pagado,Tarjeta
10384,Laura Paz,l.paz@email.com,IA Aplicada,Dra. Chen,drchen@uni.com,Sistemas,C-303,Pendiente,Transferencia
10385,Diego Luna,dluna@email.com,Base de Datos I,Ing. García,garcia@uni.com,Sistemas,A-101,Pendiente,Transferencia
10386,María López,m.lopez@email.com,Redes II,Lic. Martínez,martinez@uni.com,Telecom,B-202,Pagado,Efectivo
10387,Ana Torres,ana.t@email.com,Matemáticas III,Dr. Gómez,gomez@uni.com,Ciencias,D-404,Cancelado,Tarjeta
10388,Juan Pérez,juan.p@email.com,IA Aplicada,Dra. Chen,drchen@uni.com,Sistemas,C-303,Pagado,Tarjeta
10389,Ana Torres,ana.t@email.com,Redes II,Lic. Martínez,martinez@uni.com,Telecom,B-202,Pendiente,Transferencia
10390,Ana Torres,ana.t@email.com,Matemáticas III,Dr. Gómez,gomez@uni.com,Ciencias,D-404,Cancelado,Tarjeta
10391,Luis Gómez,luis.g@email.com,Base de Datos I,Ing. García,garcia@uni.com,Sistemas,A-101,Pagado,Transferencia
10392,Luis Gómez,luis.g@email.com,IA Aplicada,Dra. Chen,drchen@uni.com,Sistemas,C-303,Pendiente,Tarjeta
10393,Pedro Soto,psoto@email.com,Base de Datos I,Ing. García,garcia@uni.com,Sistemas,A-101,Cancelado,Tarjeta
10394,Laura Paz,l.paz@email.com,IA Aplicada,Dra. Chen,drchen@uni.com,Sistemas,C-303,Pagado,Efectivo
10395,Ana Torres,ana.t@email.com,IA Aplicada,Dra. Chen,drchen@uni.com,Sistemas,C-303,Pendiente,Efectivo
10396,Juan Pérez,juan.p@email.com,IA Aplicada,Dra. Chen,drchen@uni.com,Sistemas,C-303,Cancelado,Transferencia
10397,Sofía Vega,s.vega@email.com,Matemáticas III,Dr. Gómez,gomez@uni.com,Ciencias,D-404,Pagado,Efectivo
10398,Laura Paz,l.paz@email.com,Matemáticas III,Dr. Gómez,gomez@uni.com,Ciencias,D-404,Pagado,Tarjeta
10399,Juan Pérez,juan.p@email.com,IA Aplicada,Dra. Chen,drchen@uni.com,Sistemas,C-303,Pagado,Transferencia
10400,Elena Díaz,e.diaz@email.com,Base de Datos I,Ing. García,garcia@uni.com,Sistemas,A-101,Pagado,Efectivo
10401,Luis Gómez,luis.g@email.com,Base de Datos I,Ing. García,garcia@uni.com,Sistemas,A-101,Cancelado,Efectivo
10402,Juan Pérez,juan.p@email.com,IA Aplicada,Dra. Chen,drchen@uni.com,Sistemas,C-303,Pagado,Transferencia
10403,María López,m.lopez@email.com,Matemáticas III,Dr. Gómez,gomez@uni.com,Ciencias,D-404,Pendiente,Transferencia
10404,Ana Torres,ana.t@email.com,IA Aplicada,Dra. Chen,drchen@uni.com,Sistemas,C-303,Pendiente,Efectivo
10405,Diego Luna,dluna@email.com,IA Aplicada,Dra. Chen,drchen@uni.com,Sistemas,C-303,Pagado,Tarjeta
10406,Juan Pérez,juan.p@email.com,Matemáticas III,Dr. Gómez,gomez@uni.com,Ciencias,D-404,Pagado,Tarjeta
10407,Pedro Soto,psoto@email.com,IA Aplicada,Dra. Chen,drchen@uni.com,Sistemas,C-303,Pagado,Transferencia
10408,Sofía Vega,s.vega@email.com,Matemáticas III,Dr. Gómez,gomez@uni.com,Ciencias,D-404,Cancelado,Transferencia
10409,Elena Díaz,e.diaz@email.com,Redes II,Lic. Martínez,martinez@uni.com,Telecom,B-202,Pagado,Efectivo
10410,Pedro Soto,psoto@email.com,Redes II,Lic. Martínez,martinez@uni.com,Telecom,B-202,Pagado,Transferencia
10411,Juan Pérez,juan.p@email.com,Base de Datos I,Ing. García,garcia@uni.com,Sistemas,A-101,Pagado,Transferencia
10412,Juan Pérez,juan.p@email.com,IA Aplicada,Dra. Chen,drchen@uni.com,Sistemas,C-303,Pendiente,Transferencia
10413,Juan Pérez,juan.p@email.com,Base de Datos I,Ing. García,garcia@uni.com,Sistemas,A-101,Cancelado,Transferencia
10414,Carlos Ruiz,cruiz@email.com,IA Aplicada,Dra. Chen,drchen@uni.com,Sistemas,C-303,Pagado,Tarjeta
10415,Sofía Vega,s.vega@email.com,IA Aplicada,Dra. Chen,drchen@uni.com,Sistemas,C-303,Pagado,Efectivo
10416,María López,m.lopez@email.com,Matemáticas III,Dr. Gómez,gomez@uni.com,Ciencias,D-404,Cancelado,Tarjeta
10417,María López,m.lopez@email.com,Redes II,Lic. Martínez,martinez@uni.com,Telecom,B-202,Pendiente,Tarjeta
10418,Juan Pérez,juan.p@email.com,Base de Datos I,Ing. García,garcia@uni.com,Sistemas,A-101,Pendiente,Tarjeta
10419,Sofía Vega,s.vega@email.com,Matemáticas III,Dr. Gómez,gomez@uni.com,Ciencias,D-404,Pagado,Transferencia
10420,Laura Paz,l.paz@email.com,IA Aplicada,Dra. Chen,drchen@uni.com,Sistemas,C-303,Pagado,Tarjeta
10421,Sofía Vega,s.vega@email.com,IA Aplicada,Dra. Chen,drchen@uni.com,Sistemas,C-303,Pendiente,Transferencia
10422,María López,m.lopez@email.com,Redes II,Lic. Martínez,martinez@uni.com,Telecom,B-202,Pendiente,Transferencia
10423,Laura Paz,l.paz@email.com,Matemáticas III,Dr. Gómez,gomez@uni.com,Ciencias,D-404,Pagado,Efectivo
10424,Elena Díaz,e.diaz@email.com,IA Aplicada,Dra. Chen,drchen@uni.com,Sistemas,C-303,Pagado,Efectivo
10425,Pedro Soto,psoto@email.com,Matemáticas III,Dr. Gómez,gomez@uni.com,Ciencias,D-404,Pagado,Tarjeta
10426,Pedro Soto,psoto@email.com,IA Aplicada,Dra. Chen,drchen@uni.com,Sistemas,C-303,Pagado,Tarjeta
10427,Sofía Vega,s.vega@email.com,IA Aplicada,Dra. Chen,drchen@uni.com,Sistemas,C-303,Pagado,Transferencia
10428,Diego Luna,dluna@email.com,Base de Datos I,Ing. García,garcia@uni.com,Sistemas,A-101,Pendiente,Efectivo
10429,Sofía Vega,s.vega@email.com,IA Aplicada,Dra. Chen,drchen@uni.com,Sistemas,C-303,Cancelado,Efectivo
10430,Sofía Vega,s.vega@email.com,Redes II,Lic. Martínez,martinez@uni.com,Telecom,B-202,Pendiente,Tarjeta
10431,Luis Gómez,luis.g@email.com,IA Aplicada,Dra. Chen,drchen@uni.com,Sistemas,C-303,Pagado,Efectivo
10432,Carlos Ruiz,cruiz@email.com,IA Aplicada,Dra. Chen,drchen@uni.com,Sistemas,C-303,Cancelado,Tarjeta
10433,Sofía Vega,s.vega@email.com,Base de Datos I,Ing. García,garcia@uni.com,Sistemas,A-101,Cancelado,Transferencia
10434,Diego Luna,dluna@email.com,Redes II,Lic. Martínez,martinez@uni.com,Telecom,B-202,Cancelado,Tarjeta
10435,Pedro Soto,psoto@email.com,IA Aplicada,Dra. Chen,drchen@uni.com,Sistemas,C-303,Pagado,Transferencia
10436,Juan Pérez,juan.p@email.com,Redes II,Lic. Martínez,martinez@uni.com,Telecom,B-202,Pagado,Tarjeta
10437,Laura Paz,l.paz@email.com,Redes II,Lic. Martínez,martinez@uni.com,Telecom,B-202,Pendiente,Transferencia
10438,Diego Luna,dluna@email.com,IA Aplicada,Dra. Chen,drchen@uni.com,Sistemas,C-303,Pendiente,Tarjeta
10439,Pedro Soto,psoto@email.com,Base de Datos I,Ing. García,garcia@uni.com,Sistemas,A-101,Cancelado,Efectivo
10440,Ana Torres,ana.t@email.com,Base de Datos I,Ing. García,garcia@uni.com,Sistemas,A-101,Pagado,Transferencia
10441,Diego Luna,dluna@email.com,Matemáticas III,Dr. Gómez,gomez@uni.com,Ciencias,D-404,Pendiente,Tarjeta
10442,Laura Paz,l.paz@email.com,IA Aplicada,Dra. Chen,drchen@uni.com,Sistemas,C-303,Cancelado,Tarjeta
10443,María López,m.lopez@email.com,Matemáticas III,Dr. Gómez,gomez@uni.com,Ciencias,D-404,Pendiente,Tarjeta
10444,Pedro Soto,psoto@email.com,Base de Datos I,Ing. García,garcia@uni.com,Sistemas,A-101,Pagado,Transferencia
10445,Luis Gómez,luis.g@email.com,Base de Datos I,Ing. García,garcia@uni.com,Sistemas,A-101,Pagado,Tarjeta
10446,Sofía Vega,s.vega@email.com,Matemáticas III,Dr. Gómez,gomez@uni.com,Ciencias,D-404,Cancelado,Transferencia
10447,Sofía Vega,s.vega@email.com,Base de Datos I,Ing. García,garcia@uni.com,Sistemas,A-101,Pendiente,Tarjeta
10448,Juan Pérez,juan.p@email.com,Matemáticas III,Dr. Gómez,gomez@uni.com,Ciencias,D-404,Cancelado,Efectivo
10449,Luis Gómez,luis.g@email.com,Redes II,Lic. Martínez,martinez@uni.com,Telecom,B-202,Cancelado,Efectivo
10450,Laura Paz,l.paz@email.com,Base de Datos I,Ing. García,garcia@uni.com,Sistemas,A-101,Pendiente,Transferencia
10451,Luis Gómez,luis.g@email.com,Base de Datos I,Ing. García,garcia@uni.com,Sistemas,A-101,Cancelado,Efectivo
10452,Diego Luna,dluna@email.com,Redes II,Lic. Martínez,martinez@uni.com,Telecom,B-202,Pagado,Transferencia
10453,Luis Gómez,luis.g@email.com,Matemáticas III,Dr. Gómez,gomez@uni.com,Ciencias,D-404,Cancelado,Efectivo
10454,Luis Gómez,luis.g@email.com,Base de Datos I,Ing. García,garcia@uni.com,Sistemas,A-101,Pagado,Transferencia
10455,María López,m.lopez@email.com,IA Aplicada,Dra. Chen,drchen@uni.com,Sistemas,C-303,Pendiente,Efectivo
10456,Juan Pérez,juan.p@email.com,Matemáticas III,Dr. Gómez,gomez@uni.com,Ciencias,D-404,Cancelado,Tarjeta
10457,Pedro Soto,psoto@email.com,Matemáticas III,Dr. Gómez,gomez@uni.com,Ciencias,D-404,Pagado,Tarjeta
10458,Diego Luna,dluna@email.com,IA Aplicada,Dra. Chen,drchen@uni.com,Sistemas,C-303,Pagado,Efectivo
10459,Carlos Ruiz,cruiz@email.com,Base de Datos I,Ing. García,garcia@uni.com,Sistemas,A-101,Pendiente,Efectivo
10460,Elena Díaz,e.diaz@email.com,Redes II,Lic. Martínez,martinez@uni.com,Telecom,B-202,Pagado,Transferencia
10461,Diego Luna,dluna@email.com,IA Aplicada,Dra. Chen,drchen@uni.com,Sistemas,C-303,Cancelado,Efectivo
10462,Pedro Soto,psoto@email.com,Matemáticas III,Dr. Gómez,gomez@uni.com,Ciencias,D-404,Pagado,Transferencia
10463,Laura Paz,l.paz@email.com,Base de Datos I,Ing. García,garcia@uni.com,Sistemas,A-101,Cancelado,Transferencia
10464,Sofía Vega,s.vega@email.com,Base de Datos I,Ing. García,garcia@uni.com,Sistemas,A-101,Pendiente,Tarjeta
10465,María López,m.lopez@email.com,Matemáticas III,Dr. Gómez,gomez@uni.com,Ciencias,D-404,Pendiente,Tarjeta
10466,Diego Luna,dluna@email.com,IA Aplicada,Dra. Chen,drchen@uni.com,Sistemas,C-303,Pendiente,Tarjeta
10467,Elena Díaz,e.diaz@email.com,Redes II,Lic. Martínez,martinez@uni.com,Telecom,B-202,Pendiente,Efectivo
10468,María López,m.lopez@email.com,Redes II,Lic. Martínez,martinez@uni.com,Telecom,B-202,Pendiente,Tarjeta
10469,Juan Pérez,juan.p@email.com,Redes II,Lic. Martínez,martinez@uni.com,Telecom,B-202,Pagado,Tarjeta
10470,Pedro Soto,psoto@email.com,IA Aplicada,Dra. Chen,drchen@uni.com,Sistemas,C-303,Cancelado,Tarjeta
10471,María López,m.lopez@email.com,Base de Datos I,Ing. García,garcia@uni.com,Sistemas,A-101,Cancelado,Efectivo
10472,María López,m.lopez@email.com,Redes II,Lic. Martínez,martinez@uni.com,Telecom,B-202,Cancelado,Transferencia
10473,Carlos Ruiz,cruiz@email.com,Redes II,Lic. Martínez,martinez@uni.com,Telecom,B-202,Pagado,Tarjeta
10474,Diego Luna,dluna@email.com,Base de Datos I,Ing. García,garcia@uni.com,Sistemas,A-101,Pagado,Tarjeta
10475,Sofía Vega,s.vega@email.com,Matemáticas III,Dr. Gómez,gomez@uni.com,Ciencias,D-404,Pendiente,Efectivo
10476,Diego Luna,dluna@email.com,Base de Datos I,Ing. García,garcia@uni.com,Sistemas,A-101,Cancelado,Tarjeta
10477,Luis Gómez,luis.g@email.com,Base de Datos I,Ing. García,garcia@uni.com,Sistemas,A-101,Pagado,Efectivo
10478,Ana Torres,ana.t@email.com,Base de Datos I,Ing. García,garcia@uni.com,Sistemas,A-101,Pagado,Tarjeta
10479,Juan Pérez,juan.p@email.com,IA Aplicada,Dra. Chen,drchen@uni.com,Sistemas,C-303,Cancelado,Tarjeta
10480,Sofía Vega,s.vega@email.com,Redes II,Lic. Martínez,martinez@uni.com,Telecom,B-202,Cancelado,Tarjeta
10481,Juan Pérez,juan.p@email.com,Matemáticas III,Dr. Gómez,gomez@uni.com,Ciencias,D-404,Pendiente,Tarjeta
10482,Laura Paz,l.paz@email.com,IA Aplicada,Dra. Chen,drchen@uni.com,Sistemas,C-303,Cancelado,Transferencia
10483,Sofía Vega,s.vega@email.com,IA Aplicada,Dra. Chen,drchen@uni.com,Sistemas,C-303,Pendiente,Tarjeta
10484,Pedro Soto,psoto@email.com,Matemáticas III,Dr. Gómez,gomez@uni.com,Ciencias,D-404,Pendiente,Efectivo
10485,Pedro Soto,psoto@email.com,IA Aplicada,Dra. Chen,drchen@uni.com,Sistemas,C-303,Pendiente,Efectivo
10486,María López,m.lopez@email.com,Redes II,Lic. Martínez,martinez@uni.com,Telecom,B-202,Pendiente,Tarjeta
10487,Elena Díaz,e.diaz@email.com,Matemáticas III,Dr. Gómez,gomez@uni.com,Ciencias,D-404,Pendiente,Efectivo
10488,Sofía Vega,s.vega@email.com,Base de Datos I,Ing. García,garcia@uni.com,Sistemas,A-101,Pagado,Tarjeta
10489,María López,m.lopez@email.com,Matemáticas III,Dr. Gómez,gomez@uni.com,Ciencias,D-404,Cancelado,Transferencia
10490,Luis Gómez,luis.g@email.com,IA Aplicada,Dra. Chen,drchen@uni.com,Sistemas,C-303,Pagado,Efectivo
10491,Laura Paz,l.paz@email.com,Base de Datos I,Ing. García,garcia@uni.com,Sistemas,A-101,Pendiente,Tarjeta
10492,Juan Pérez,juan.p@email.com,Base de Datos I,Ing. García,garcia@uni.com,Sistemas,A-101,Pagado,Efectivo
10493,Laura Paz,l.paz@email.com,Base de Datos I,Ing. García,garcia@uni.com,Sistemas,A-101,Pendiente,Transferencia
10494,Pedro Soto,psoto@email.com,Redes II,Lic. Martínez,martinez@uni.com,Telecom,B-202,Cancelado,Transferencia
10495,Carlos Ruiz,cruiz@email.com,Matemáticas III,Dr. Gómez,gomez@uni.com,Ciencias,D-404,Cancelado,Transferencia
10496,Diego Luna,dluna@email.com,IA Aplicada,Dra. Chen,drchen@uni.com,Sistemas,C-303,Pagado,Transferencia
10497,Juan Pérez,juan.p@email.com,Matemáticas III,Dr. Gómez,gomez@uni.com,Ciencias,D-404,Cancelado,Transferencia
10498,Elena Díaz,e.diaz@email.com,Redes II,Lic. Martínez,martinez@uni.com,Telecom,B-202,Pagado,Efectivo
10499,Laura Paz,l.paz@email.com,Matemáticas III,Dr. Gómez,gomez@uni.com,Ciencias,D-404,Pendiente,Efectivo
10500,Elena Díaz,e.diaz@email.com,Base de Datos I,Ing. García,garcia@uni.com,Sistemas,A-101,Pagado,Tarjeta
10501,Elena Díaz,e.diaz@email.com,Redes II,Lic. Martínez,martinez@uni.com,Telecom,B-202,Pendiente,Transferencia
10502,Sofía Vega,s.vega@email.com,Matemáticas III,Dr. Gómez,gomez@uni.com,Ciencias,D-404,Pagado,Tarjeta
10503,Juan Pérez,juan.p@email.com,Base de Datos I,Ing. García,garcia@uni.com,Sistemas,A-101,Cancelado,Transferencia
10504,Sofía Vega,s.vega@email.com,Base de Datos I,Ing. García,garcia@uni.com,Sistemas,A-101,Pendiente,Tarjeta
10505,Pedro Soto,psoto@email.com,Redes II,Lic. Martínez,martinez@uni.com,Telecom,B-202,Pagado,Tarjeta
10506,Ana Torres,ana.t@email.com,Base de Datos I,Ing. García,garcia@uni.com,Sistemas,A-101,Pagado,Transferencia
10507,Sofía Vega,s.vega@email.com,Base de Datos I,Ing. García,garcia@uni.com,Sistemas,A-101,Pendiente,Tarjeta
10508,Ana Torres,ana.t@email.com,Matemáticas III,Dr. Gómez,gomez@uni.com,Ciencias,D-404,Pendiente,Tarjeta
10509,Juan Pérez,juan.p@email.com,Base de Datos I,Ing. García,garcia@uni.com,Sistemas,A-101,Cancelado,Transferencia
10510,Diego Luna,dluna@email.com,Base de Datos I,Ing. García,garcia@uni.com,Sistemas,A-101,Pendiente,Tarjeta
10511,Juan Pérez,juan.p@email.com,IA Aplicada,Dra. Chen,drchen@uni.com,Sistemas,C-303,Pagado,Transferencia
10512,Diego Luna,dluna@email.com,IA Aplicada,Dra. Chen,drchen@uni.com,Sistemas,C-303,Pagado,Transferencia
10513,Sofía Vega,s.vega@email.com,Matemáticas III,Dr. Gómez,gomez@uni.com,Ciencias,D-404,Pagado,Efectivo
10514,Elena Díaz,e.diaz@email.com,Matemáticas III,Dr. Gómez,gomez@uni.com,Ciencias,D-404,Pagado,Efectivo
10515,Sofía Vega,s.vega@email.com,IA Aplicada,Dra. Chen,drchen@uni.com,Sistemas,C-303,Pendiente,Efectivo
10516,Laura Paz,l.paz@email.com,Redes II,Lic. Martínez,martinez@uni.com,Telecom,B-202,Pagado,Tarjeta
10517,Carlos Ruiz,cruiz@email.com,Matemáticas III,Dr. Gómez,gomez@uni.com,Ciencias,D-404,Pagado,Transferencia
10518,Pedro Soto,psoto@email.com,Base de Datos I,Ing. García,garcia@uni.com,Sistemas,A-101,Pagado,Efectivo
10519,Sofía Vega,s.vega@email.com,IA Aplicada,Dra. Chen,drchen@uni.com,Sistemas,C-303,Pagado,Transferencia
10520,Ana Torres,ana.t@email.com,Redes II,Lic. Martínez,martinez@uni.com,Telecom,B-202,Pendiente,Tarjeta
10521,Pedro Soto,psoto@email.com,Base de Datos I,Ing. García,garcia@uni.com,Sistemas,A-101,Cancelado,Transferencia
10522,Carlos Ruiz,cruiz@email.com,IA Aplicada,Dra. Chen,drchen@uni.com,Sistemas,C-303,Pendiente,Tarjeta
10523,Ana Torres,ana.t@email.com,IA Aplicada,Dra. Chen,drchen@uni.com,Sistemas,C-303,Pagado,Tarjeta
10524,Juan Pérez,juan.p@email.com,Matemáticas III,Dr. Gómez,gomez@uni.com,Ciencias,D-404,Pagado,Transferencia
10525,Carlos Ruiz,cruiz@email.com,Matemáticas III,Dr. Gómez,gomez@uni.com,Ciencias,D-404,Cancelado,Tarjeta
10526,Pedro Soto,psoto@email.com,Base de Datos I,Ing. García,garcia@uni.com,Sistemas,A-101,Pagado,Tarjeta
10527,Pedro Soto,psoto@email.com,IA Aplicada,Dra. Chen,drchen@uni.com,Sistemas,C-303,Pagado,Tarjeta
10528,Elena Díaz,e.diaz@email.com,Base de Datos I,Ing. García,garcia@uni.com,Sistemas,A-101,Cancelado,Tarjeta
10529,Juan Pérez,juan.p@email.com,Redes II,Lic. Martínez,martinez@uni.com,Telecom,B-202,Pagado,Transferencia
10530,Sofía Vega,s.vega@email.com,IA Aplicada,Dra. Chen,drchen@uni.com,Sistemas,C-303,Cancelado,Transferencia
10531,Juan Pérez,juan.p@email.com,Redes II,Lic. Martínez,martinez@uni.com,Telecom,B-202,Pagado,Tarjeta
10532,Carlos Ruiz,cruiz@email.com,Matemáticas III,Dr. Gómez,gomez@uni.com,Ciencias,D-404,Cancelado,Efectivo
10533,María López,m.lopez@email.com,Base de Datos I,Ing. García,garcia@uni.com,Sistemas,A-101,Pendiente,Efectivo
10534,Elena Díaz,e.diaz@email.com,Base de Datos I,Ing. García,garcia@uni.com,Sistemas,A-101,Cancelado,Tarjeta
10535,Pedro Soto,psoto@email.com,IA Aplicada,Dra. Chen,drchen@uni.com,Sistemas,C-303,Pendiente,Transferencia
10536,Luis Gómez,luis.g@email.com,Matemáticas III,Dr. Gómez,gomez@uni.com,Ciencias,D-404,Cancelado,Transferencia
10537,María López,m.lopez@email.com,Redes II,Lic. Martínez,martinez@uni.com,Telecom,B-202,Pendiente,Tarjeta
10538,María López,m.lopez@email.com,Redes II,Lic. Martínez,martinez@uni.com,Telecom,B-202,Cancelado,Efectivo
10539,Juan Pérez,juan.p@email.com,IA Aplicada,Dra. Chen,drchen@uni.com,Sistemas,C-303,Pendiente,Transferencia
10540,Elena Díaz,e.diaz@email.com,Matemáticas III,Dr. Gómez,gomez@uni.com,Ciencias,D-404,Cancelado,Transferencia
10541,Carlos Ruiz,cruiz@email.com,Redes II,Lic. Martínez,martinez@uni.com,Telecom,B-202,Cancelado,Tarjeta
10542,María López,m.lopez@email.com,Redes II,Lic. Martínez,martinez@uni.com,Telecom,B-202,Pagado,Efectivo
10543,Elena Díaz,e.diaz@email.com,Matemáticas III,Dr. Gómez,gomez@uni.com,Ciencias,D-404,Pendiente,Efectivo
10544,Laura Paz,l.paz@email.com,IA Aplicada,Dra. Chen,drchen@uni.com,Sistemas,C-303,Pagado,Transferencia
10545,Laura Paz,l.paz@email.com,Base de Datos I,Ing. García,garcia@uni.com,Sistemas,A-101,Cancelado,Tarjeta
10546,María López,m.lopez@email.com,IA Aplicada,Dra. Chen,drchen@uni.com,Sistemas,C-303,Pendiente,Transferencia
10547,Diego Luna,dluna@email.com,Redes II,Lic. Martínez,martinez@uni.com,Telecom,B-202,Pendiente,Tarjeta
10548,María López,m.lopez@email.com,IA Aplicada,Dra. Chen,drchen@uni.com,Sistemas,C-303,Cancelado,Tarjeta
10549,Carlos Ruiz,cruiz@email.com,IA Aplicada,Dra. Chen,drchen@uni.com,Sistemas,C-303,Cancelado,Tarjeta
10550,Elena Díaz,e.diaz@email.com,Base de Datos I,Ing. García,garcia@uni.com,Sistemas,A-101,Pagado,Tarjeta
10551,Carlos Ruiz,cruiz@email.com,IA Aplicada,Dra. Chen,drchen@uni.com,Sistemas,C-303,Pagado,Transferencia
10552,Ana Torres,ana.t@email.com,Matemáticas III,Dr. Gómez,gomez@uni.com,Ciencias,D-404,Cancelado,Transferencia
10553,Juan Pérez,juan.p@email.com,Redes II,Lic. Martínez,martinez@uni.com,Telecom,B-202,Pagado,Transferencia
10554,Carlos Ruiz,cruiz@email.com,Matemáticas III,Dr. Gómez,gomez@uni.com,Ciencias,D-404,Pagado,Tarjeta
10555,Luis Gómez,luis.g@email.com,Matemáticas III,Dr. Gómez,gomez@uni.com,Ciencias,D-404,Pagado,Transferencia
10556,Luis Gómez,luis.g@email.com,IA Aplicada,Dra. Chen,drchen@uni.com,Sistemas,C-303,Pagado,Transferencia
10557,Luis Gómez,luis.g@email.com,Redes II,Lic. Martínez,martinez@uni.com,Telecom,B-202,Cancelado,Efectivo
10558,Pedro Soto,psoto@email.com,Redes II,Lic. Martínez,martinez@uni.com,Telecom,B-202,Pendiente,Transferencia
10559,Laura Paz,l.paz@email.com,Matemáticas III,Dr. Gómez,gomez@uni.com,Ciencias,D-404,Pagado,Efectivo
10560,María López,m.lopez@email.com,Base de Datos I,Ing. García,garcia@uni.com,Sistemas,A-101,Pagado,Transferencia
10561,María López,m.lopez@email.com,Matemáticas III,Dr. Gómez,gomez@uni.com,Ciencias,D-404,Cancelado,Transferencia
10562,Ana Torres,ana.t@email.com,Redes II,Lic. Martínez,martinez@uni.com,Telecom,B-202,Pagado,Efectivo
10563,Elena Díaz,e.diaz@email.com,Redes II,Lic. Martínez,martinez@uni.com,Telecom,B-202,Pendiente,Tarjeta
10564,Laura Paz,l.paz@email.com,IA Aplicada,Dra. Chen,drchen@uni.com,Sistemas,C-303,Cancelado,Transferencia
10565,Diego Luna,dluna@email.com,Redes II,Lic. Martínez,martinez@uni.com,Telecom,B-202,Cancelado,Efectivo
10566,Elena Díaz,e.diaz@email.com,Matemáticas III,Dr. Gómez,gomez@uni.com,Ciencias,D-404,Pendiente,Tarjeta
10567,María López,m.lopez@email.com,IA Aplicada,Dra. Chen,drchen@uni.com,Sistemas,C-303,Pendiente,Tarjeta
10568,Luis Gómez,luis.g@email.com,Matemáticas III,Dr. Gómez,gomez@uni.com,Ciencias,D-404,Pendiente,Efectivo
10569,Ana Torres,ana.t@email.com,Redes II,Lic. Martínez,martinez@uni.com,Telecom,B-202,Pagado,Tarjeta
10570,Pedro Soto,psoto@email.com,Matemáticas III,Dr. Gómez,gomez@uni.com,Ciencias,D-404,Cancelado,Efectivo
10571,Pedro Soto,psoto@email.com,IA Aplicada,Dra. Chen,drchen@uni.com,Sistemas,C-303,Pagado,Transferencia
10572,Diego Luna,dluna@email.com,IA Aplicada,Dra. Chen,drchen@uni.com,Sistemas,C-303,Pendiente,Efectivo
10573,Diego Luna,dluna@email.com,Redes II,Lic. Martínez,martinez@uni.com,Telecom,B-202,Pagado,Transferencia
10574,Carlos Ruiz,cruiz@email.com,Redes II,Lic. Martínez,martinez@uni.com,Telecom,B-202,Cancelado,Tarjeta
10575,Sofía Vega,s.vega@email.com,Matemáticas III,Dr. Gómez,gomez@uni.com,Ciencias,D-404,Cancelado,Tarjeta
10576,Carlos Ruiz,cruiz@email.com,Base de Datos I,Ing. García,garcia@uni.com,Sistemas,A-101,Pagado,Tarjeta
10577,Elena Díaz,e.diaz@email.com,Matemáticas III,Dr. Gómez,gomez@uni.com,Ciencias,D-404,Pagado,Tarjeta
10578,Juan Pérez,juan.p@email.com,Matemáticas III,Dr. Gómez,gomez@uni.com,Ciencias,D-404,Cancelado,Transferencia
10579,Sofía Vega,s.vega@email.com,Matemáticas III,Dr. Gómez,gomez@uni.com,Ciencias,D-404,Pendiente,Transferencia
10580,Laura Paz,l.paz@email.com,IA Aplicada,Dra. Chen,drchen@uni.com,Sistemas,C-303,Cancelado,Tarjeta
10581,Pedro Soto,psoto@email.com,Redes II,Lic. Martínez,martinez@uni.com,Telecom,B-202,Pendiente,Transferencia
10582,Pedro Soto,psoto@email.com,Redes II,Lic. Martínez,martinez@uni.com,Telecom,B-202,Pagado,Efectivo
10583,Carlos Ruiz,cruiz@email.com,IA Aplicada,Dra. Chen,drchen@uni.com,Sistemas,C-303,Pendiente,Transferencia
10584,Elena Díaz,e.diaz@email.com,Base de Datos I,Ing. García,garcia@uni.com,Sistemas,A-101,Cancelado,Tarjeta
10585,Luis Gómez,luis.g@email.com,Matemáticas III,Dr. Gómez,gomez@uni.com,Ciencias,D-404,Pagado,Tarjeta
10586,Diego Luna,dluna@email.com,Matemáticas III,Dr. Gómez,gomez@uni.com,Ciencias,D-404,Cancelado,Efectivo
10587,Carlos Ruiz,cruiz@email.com,Base de Datos I,Ing. García,garcia@uni.com,Sistemas,A-101,Cancelado,Efectivo
10588,Pedro Soto,psoto@email.com,IA Aplicada,Dra. Chen,drchen@uni.com,Sistemas,C-303,Pendiente,Efectivo
10589,Diego Luna,dluna@email.com,Base de Datos I,Ing. García,garcia@uni.com,Sistemas,A-101,Pendiente,Transferencia
10590,Carlos Ruiz,cruiz@email.com,IA Aplicada,Dra. Chen,drchen@uni.com,Sistemas,C-303,Pagado,Efectivo
10591,Luis Gómez,luis.g@email.com,Matemáticas III,Dr. Gómez,gomez@uni.com,Ciencias,D-404,Pendiente,Tarjeta
10592,Carlos Ruiz,cruiz@email.com,Redes II,Lic. Martínez,martinez@uni.com,Telecom,B-202,Cancelado,Efectivo
10593,Laura Paz,l.paz@email.com,IA Aplicada,Dra. Chen,drchen@uni.com,Sistemas,C-303,Cancelado,Efectivo
10594,Pedro Soto,psoto@email.com,Base de Datos I,Ing. García,garcia@uni.com,Sistemas,A-101,Pagado,Tarjeta
10595,Elena Díaz,e.diaz@email.com,Base de Datos I,Ing. García,garcia@uni.com,Sistemas,A-101,Pagado,Tarjeta
10596,Carlos Ruiz,cruiz@email.com,IA Aplicada,Dra. Chen,drchen@uni.com,Sistemas,C-303,Cancelado,Efectivo
10597,Diego Luna,dluna@email.com,Base de Datos I,Ing. García,garcia@uni.com,Sistemas,A-101,Pagado,Transferencia
10598,Sofía Vega,s.vega@email.com,Matemáticas III,Dr. Gómez,gomez@uni.com,Ciencias,D-404,Cancelado,Transferencia
10599,Juan Pérez,juan.p@email.com,Base de Datos I,Ing. García,garcia@uni.com,Sistemas,A-101,Cancelado,Tarjeta
10600,Ana Torres,ana.t@email.com,Matemáticas III,Dr. Gómez,gomez@uni.com,Ciencias,D-404,Cancelado,Efectivo
10601,Diego Luna,dluna@email.com,Base de Datos I,Ing. García,garcia@uni.com,Sistemas,A-101,Pendiente,Tarjeta
10602,Laura Paz,l.paz@email.com,Redes II,Lic. Martínez,martinez@uni.com,Telecom,B-202,Cancelado,Transferencia
10603,Elena Díaz,e.diaz@email.com,Redes II,Lic. Martínez,martinez@uni.com,Telecom,B-202,Pagado,Tarjeta
10604,Diego Luna,dluna@email.com,Matemáticas III,Dr. Gómez,gomez@uni.com,Ciencias,D-404,Pendiente,Efectivo
10605,Diego Luna,dluna@email.com,Redes II,Lic. Martínez,martinez@uni.com,Telecom,B-202,Cancelado,Transferencia
10606,Laura Paz,l.paz@email.com,Matemáticas III,Dr. Gómez,gomez@uni.com,Ciencias,D-404,Pagado,Transferencia
10607,Ana Torres,ana.t@email.com,Redes II,Lic. Martínez,martinez@uni.com,Telecom,B-202,Cancelado,Tarjeta
10608,Juan Pérez,juan.p@email.com,Base de Datos I,Ing. García,garcia@uni.com,Sistemas,A-101,Pagado,Tarjeta
10609,María López,m.lopez@email.com,Matemáticas III,Dr. Gómez,gomez@uni.com,Ciencias,D-404,Pagado,Transferencia
10610,Pedro Soto,psoto@email.com,Matemáticas III,Dr. Gómez,gomez@uni.com,Ciencias,D-404,Pagado,Transferencia
10611,Carlos Ruiz,cruiz@email.com,IA Aplicada,Dra. Chen,drchen@uni.com,Sistemas,C-303,Pendiente,Efectivo
10612,Carlos Ruiz,cruiz@email.com,Redes II,Lic. Martínez,martinez@uni.com,Telecom,B-202,Pendiente,Efectivo
10613,Laura Paz,l.paz@email.com,Base de Datos I,Ing. García,garcia@uni.com,Sistemas,A-101,Pagado,Efectivo
10614,Luis Gómez,luis.g@email.com,Base de Datos I,Ing. García,garcia@uni.com,Sistemas,A-101,Pagado,Transferencia
10615,Pedro Soto,psoto@email.com,IA Aplicada,Dra. Chen,drchen@uni.com,Sistemas,C-303,Cancelado,Efectivo
10616,María López,m.lopez@email.com,Matemáticas III,Dr. Gómez,gomez@uni.com,Ciencias,D-404,Cancelado,Efectivo
10617,Elena Díaz,e.diaz@email.com,Redes II,Lic. Martínez,martinez@uni.com,Telecom,B-202,Cancelado,Transferencia
10618,María López,m.lopez@email.com,IA Aplicada,Dra. Chen,drchen@uni.com,Sistemas,C-303,Pendiente,Transferencia
10619,Sofía Vega,s.vega@email.com,Base de Datos I,Ing. García,garcia@uni.com,Sistemas,A-101,Cancelado,Transferencia
10620,Sofía Vega,s.vega@email.com,Base de Datos I,Ing. García,garcia@uni.com,Sistemas,A-101,Pendiente,Efectivo
10621,Juan Pérez,juan.p@email.com,IA Aplicada,Dra. Chen,drchen@uni.com,Sistemas,C-303,Pagado,Tarjeta
10622,María López,m.lopez@email.com,IA Aplicada,Dra. Chen,drchen@uni.com,Sistemas,C-303,Cancelado,Efectivo
10623,Pedro Soto,psoto@email.com,IA Aplicada,Dra. Chen,drchen@uni.com,Sistemas,C-303,Pagado,Transferencia
10624,Sofía Vega,s.vega@email.com,Matemáticas III,Dr. Gómez,gomez@uni.com,Ciencias,D-404,Pagado,Efectivo
10625,Laura Paz,l.paz@email.com,Base de Datos I,Ing. García,garcia@uni.com,Sistemas,A-101,Pendiente,Efectivo
10626,María López,m.lopez@email.com,IA Aplicada,Dra. Chen,drchen@uni.com,Sistemas,C-303,Pagado,Tarjeta
10627,Carlos Ruiz,cruiz@email.com,Matemáticas III,Dr. Gómez,gomez@uni.com,Ciencias,D-404,Cancelado,Transferencia
10628,María López,m.lopez@email.com,IA Aplicada,Dra. Chen,drchen@uni.com,Sistemas,C-303,Pendiente,Tarjeta
10629,Carlos Ruiz,cruiz@email.com,IA Aplicada,Dra. Chen,drchen@uni.com,Sistemas,C-303,Pendiente,Tarjeta
10630,Pedro Soto,psoto@email.com,Matemáticas III,Dr. Gómez,gomez@uni.com,Ciencias,D-404,Pendiente,Tarjeta
10631,Diego Luna,dluna@email.com,Matemáticas III,Dr. Gómez,gomez@uni.com,Ciencias,D-404,Pendiente,Transferencia
10632,Laura Paz,l.paz@email.com,Base de Datos I,Ing. García,garcia@uni.com,Sistemas,A-101,Pagado,Transferencia
10633,María López,m.lopez@email.com,Redes II,Lic. Martínez,martinez@uni.com,Telecom,B-202,Pendiente,Transferencia
10634,Carlos Ruiz,cruiz@email.com,Redes II,Lic. Martínez,martinez@uni.com,Telecom,B-202,Pendiente,Transferencia
10635,Laura Paz,l.paz@email.com,Redes II,Lic. Martínez,martinez@uni.com,Telecom,B-202,Cancelado,Efectivo
10636,Ana Torres,ana.t@email.com,Redes II,Lic. Martínez,martinez@uni.com,Telecom,B-202,Pendiente,Efectivo
10637,Elena Díaz,e.diaz@email.com,Base de Datos I,Ing. García,garcia@uni.com,Sistemas,A-101,Pendiente,Tarjeta
10638,Ana Torres,ana.t@email.com,Base de Datos I,Ing. García,garcia@uni.com,Sistemas,A-101,Pendiente,Tarjeta
10639,Diego Luna,dluna@email.com,Redes II,Lic. Martínez,martinez@uni.com,Telecom,B-202,Pagado,Tarjeta
10640,María López,m.lopez@email.com,Base de Datos I,Ing. García,garcia@uni.com,Sistemas,A-101,Pagado,Efectivo
10641,Laura Paz,l.paz@email.com,Base de Datos I,Ing. García,garcia@uni.com,Sistemas,A-101,Pendiente,Transferencia
10642,María López,m.lopez@email.com,Matemáticas III,Dr. Gómez,gomez@uni.com,Ciencias,D-404,Pendiente,Efectivo
10643,Laura Paz,l.paz@email.com,Base de Datos I,Ing. García,garcia@uni.com,Sistemas,A-101,Cancelado,Efectivo
10644,Ana Torres,ana.t@email.com,Base de Datos I,Ing. García,garcia@uni.com,Sistemas,A-101,Pendiente,Transferencia
10645,Carlos Ruiz,cruiz@email.com,IA Aplicada,Dra. Chen,drchen@uni.com,Sistemas,C-303,Pagado,Tarjeta
10646,Carlos Ruiz,cruiz@email.com,Base de Datos I,Ing. García,garcia@uni.com,Sistemas,A-101,Cancelado,Efectivo
10647,Laura Paz,l.paz@email.com,Matemáticas III,Dr. Gómez,gomez@uni.com,Ciencias,D-404,Pendiente,Transferencia
10648,Laura Paz,l.paz@email.com,Base de Datos I,Ing. García,garcia@uni.com,Sistemas,A-101,Cancelado,Transferencia
10649,Laura Paz,l.paz@email.com,IA Aplicada,Dra. Chen,drchen@uni.com,Sistemas,C-303,Pendiente,Efectivo
10650,Sofía Vega,s.vega@email.com,Matemáticas III,Dr. Gómez,gomez@uni.com,Ciencias,D-404,Pagado,Efectivo
10651,Juan Pérez,juan.p@email.com,Base de Datos I,Ing. García,garcia@uni.com,Sistemas,A-101,Pendiente,Transferencia
10652,Diego Luna,dluna@email.com,Redes II,Lic. Martínez,martinez@uni.com,Telecom,B-202,Pagado,Efectivo
10653,María López,m.lopez@email.com,Matemáticas III,Dr. Gómez,gomez@uni.com,Ciencias,D-404,Pagado,Transferencia
10654,Sofía Vega,s.vega@email.com,Redes II,Lic. Martínez,martinez@uni.com,Telecom,B-202,Cancelado,Transferencia
10655,Carlos Ruiz,cruiz@email.com,Redes II,Lic. Martínez,martinez@uni.com,Telecom,B-202,Pendiente,Transferencia
10656,Carlos Ruiz,cruiz@email.com,IA Aplicada,Dra. Chen,drchen@uni.com,Sistemas,C-303,Pagado,Efectivo
10657,Sofía Vega,s.vega@email.com,Matemáticas III,Dr. Gómez,gomez@uni.com,Ciencias,D-404,Pagado,Tarjeta
10658,Laura Paz,l.paz@email.com,Matemáticas III,Dr. Gómez,gomez@uni.com,Ciencias,D-404,Pagado,Tarjeta
10659,Carlos Ruiz,cruiz@email.com,IA Aplicada,Dra. Chen,drchen@uni.com,Sistemas,C-303,Pendiente,Efectivo
10660,Elena Díaz,e.diaz@email.com,IA Aplicada,Dra. Chen,drchen@uni.com,Sistemas,C-303,Cancelado,Transferencia
10661,Juan Pérez,juan.p@email.com,IA Aplicada,Dra. Chen,drchen@uni.com,Sistemas,C-303,Cancelado,Tarjeta
10662,Pedro Soto,psoto@email.com,IA Aplicada,Dra. Chen,drchen@uni.com,Sistemas,C-303,Pagado,Efectivo
10663,Sofía Vega,s.vega@email.com,Matemáticas III,Dr. Gómez,gomez@uni.com,Ciencias,D-404,Pendiente,Transferencia
10664,Pedro Soto,psoto@email.com,IA Aplicada,Dra. Chen,drchen@uni.com,Sistemas,C-303,Pendiente,Tarjeta
10665,Juan Pérez,juan.p@email.com,Redes II,Lic. Martínez,martinez@uni.com,Telecom,B-202,Cancelado,Efectivo
10666,Laura Paz,l.paz@email.com,Base de Datos I,Ing. García,garcia@uni.com,Sistemas,A-101,Pagado,Efectivo
10667,Carlos Ruiz,cruiz@email.com,Redes II,Lic. Martínez,martinez@uni.com,Telecom,B-202,Cancelado,Tarjeta
10668,Carlos Ruiz,cruiz@email.com,Base de Datos I,Ing. García,garcia@uni.com,Sistemas,A-101,Cancelado,Efectivo
10669,María López,m.lopez@email.com,Base de Datos I,Ing. García,garcia@uni.com,Sistemas,A-101,Cancelado,Efectivo
10670,Luis Gómez,luis.g@email.com,Base de Datos I,Ing. García,garcia@uni.com,Sistemas,A-101,Cancelado,Tarjeta
10671,Elena Díaz,e.diaz@email.com,IA Aplicada,Dra. Chen,drchen@uni.com,Sistemas,C-303,Pendiente,Transferencia
10672,Pedro Soto,psoto@email.com,Redes II,Lic. Martínez,martinez@uni.com,Telecom,B-202,Pagado,Tarjeta
10673,Elena Díaz,e.diaz@email.com,Base de Datos I,Ing. García,garcia@uni.com,Sistemas,A-101,Cancelado,Transferencia
10674,Carlos Ruiz,cruiz@email.com,Redes II,Lic. Martínez,martinez@uni.com,Telecom,B-202,Pagado,Tarjeta
10675,Ana Torres,ana.t@email.com,IA Aplicada,Dra. Chen,drchen@uni.com,Sistemas,C-303,Pagado,Transferencia
10676,Sofía Vega,s.vega@email.com,Base de Datos I,Ing. García,garcia@uni.com,Sistemas,A-101,Cancelado,Efectivo
10677,Laura Paz,l.paz@email.com,IA Aplicada,Dra. Chen,drchen@uni.com,Sistemas,C-303,Cancelado,Efectivo
10678,María López,m.lopez@email.com,Redes II,Lic. Martínez,martinez@uni.com,Telecom,B-202,Cancelado,Tarjeta
10679,Diego Luna,dluna@email.com,Matemáticas III,Dr. Gómez,gomez@uni.com,Ciencias,D-404,Pagado,Tarjeta
10680,Diego Luna,dluna@email.com,Matemáticas III,Dr. Gómez,gomez@uni.com,Ciencias,D-404,Pendiente,Tarjeta
10681,Sofía Vega,s.vega@email.com,Matemáticas III,Dr. Gómez,gomez@uni.com,Ciencias,D-404,Cancelado,Transferencia
10682,María López,m.lopez@email.com,Redes II,Lic. Martínez,martinez@uni.com,Telecom,B-202,Pendiente,Efectivo
10683,Elena Díaz,e.diaz@email.com,Matemáticas III,Dr. Gómez,gomez@uni.com,Ciencias,D-404,Cancelado,Tarjeta
10684,Sofía Vega,s.vega@email.com,Redes II,Lic. Martínez,martinez@uni.com,Telecom,B-202,Pendiente,Tarjeta
10685,Elena Díaz,e.diaz@email.com,Base de Datos I,Ing. García,garcia@uni.com,Sistemas,A-101,Cancelado,Efectivo
10686,Elena Díaz,e.diaz@email.com,Base de Datos I,Ing. García,garcia@uni.com,Sistemas,A-101,Pendiente,Efectivo
10687,Pedro Soto,psoto@email.com,Matemáticas III,Dr. Gómez,gomez@uni.com,Ciencias,D-404,Pendiente,Transferencia
10688,Sofía Vega,s.vega@email.com,IA Aplicada,Dra. Chen,drchen@uni.com,Sistemas,C-303,Cancelado,Transferencia
10689,Juan Pérez,juan.p@email.com,Redes II,Lic. Martínez,martinez@uni.com,Telecom,B-202,Cancelado,Tarjeta
10690,Ana Torres,ana.t@email.com,Matemáticas III,Dr. Gómez,gomez@uni.com,Ciencias,D-404,Pendiente,Efectivo
10691,Juan Pérez,juan.p@email.com,Redes II,Lic. Martínez,martinez@uni.com,Telecom,B-202,Pendiente,Tarjeta
10692,Sofía Vega,s.vega@email.com,Base de Datos I,Ing. García,garcia@uni.com,Sistemas,A-101,Cancelado,Tarjeta
10693,Sofía Vega,s.vega@email.com,IA Aplicada,Dra. Chen,drchen@uni.com,Sistemas,C-303,Cancelado,Transferencia
10694,Ana Torres,ana.t@email.com,IA Aplicada,Dra. Chen,drchen@uni.com,Sistemas,C-303,Pagado,Tarjeta
10695,Diego Luna,dluna@email.com,Base de Datos I,Ing. García,garcia@uni.com,Sistemas,A-101,Pagado,Transferencia
10696,Laura Paz,l.paz@email.com,IA Aplicada,Dra. Chen,drchen@uni.com,Sistemas,C-303,Pagado,Tarjeta
10697,Luis Gómez,luis.g@email.com,Base de Datos I,Ing. García,garcia@uni.com,Sistemas,A-101,Pagado,Tarjeta
10698,Ana Torres,ana.t@email.com,Matemáticas III,Dr. Gómez,gomez@uni.com,Ciencias,D-404,Cancelado,Transferencia
10699,Elena Díaz,e.diaz@email.com,Matemáticas III,Dr. Gómez,gomez@uni.com,Ciencias,D-404,Cancelado,Efectivo
10700,Juan Pérez,juan.p@email.com,IA Aplicada,Dra. Chen,drchen@uni.com,Sistemas,C-303,Cancelado,Transferencia
10701,Carlos Ruiz,cruiz@email.com,Matemáticas III,Dr. Gómez,gomez@uni.com,Ciencias,D-404,Cancelado,Tarjeta
10702,Ana Torres,ana.t@email.com,Redes II,Lic. Martínez,martinez@uni.com,Telecom,B-202,Pagado,Efectivo
10703,María López,m.lopez@email.com,Matemáticas III,Dr. Gómez,gomez@uni.com,Ciencias,D-404,Pagado,Transferencia
10704,Carlos Ruiz,cruiz@email.com,Base de Datos I,Ing. García,garcia@uni.com,Sistemas,A-101,Pendiente,Efectivo
10705,Sofía Vega,s.vega@email.com,Matemáticas III,Dr. Gómez,gomez@uni.com,Ciencias,D-404,Pendiente,Efectivo
10706,Carlos Ruiz,cruiz@email.com,Matemáticas III,Dr. Gómez,gomez@uni.com,Ciencias,D-404,Cancelado,Tarjeta
10707,Ana Torres,ana.t@email.com,Base de Datos I,Ing. García,garcia@uni.com,Sistemas,A-101,Pendiente,Tarjeta
10708,Juan Pérez,juan.p@email.com,Base de Datos I,Ing. García,garcia@uni.com,Sistemas,A-101,Pendiente,Transferencia
10709,Diego Luna,dluna@email.com,Matemáticas III,Dr. Gómez,gomez@uni.com,Ciencias,D-404,Pagado,Efectivo
10710,Pedro Soto,psoto@email.com,Redes II,Lic. Martínez,martinez@uni.com,Telecom,B-202,Pendiente,Efectivo
10711,Carlos Ruiz,cruiz@email.com,Base de Datos I,Ing. García,garcia@uni.com,Sistemas,A-101,Pagado,Transferencia
10712,Laura Paz,l.paz@email.com,Redes II,Lic. Martínez,martinez@uni.com,Telecom,B-202,Pendiente,Efectivo
10713,Elena Díaz,e.diaz@email.com,Base de Datos I,Ing. García,garcia@uni.com,Sistemas,A-101,Pagado,Efectivo
10714,Ana Torres,ana.t@email.com,Redes II,Lic. Martínez,martinez@uni.com,Telecom,B-202,Pagado,Efectivo
10715,Carlos Ruiz,cruiz@email.com,Redes II,Lic. Martínez,martinez@uni.com,Telecom,B-202,Pagado,Tarjeta
10716,Carlos Ruiz,cruiz@email.com,Base de Datos I,Ing. García,garcia@uni.com,Sistemas,A-101,Pendiente,Transferencia
10717,María López,m.lopez@email.com,IA Aplicada,Dra. Chen,drchen@uni.com,Sistemas,C-303,Cancelado,Efectivo
10718,Luis Gómez,luis.g@email.com,Redes II,Lic. Martínez,martinez@uni.com,Telecom,B-202,Pendiente,Tarjeta
10719,María López,m.lopez@email.com,IA Aplicada,Dra. Chen,drchen@uni.com,Sistemas,C-303,Pagado,Tarjeta
10720,Diego Luna,dluna@email.com,Base de Datos I,Ing. García,garcia@uni.com,Sistemas,A-101,Pendiente,Tarjeta
10721,Luis Gómez,luis.g@email.com,IA Aplicada,Dra. Chen,drchen@uni.com,Sistemas,C-303,Pagado,Transferencia
10722,Laura Paz,l.paz@email.com,Matemáticas III,Dr. Gómez,gomez@uni.com,Ciencias,D-404,Pagado,Tarjeta
10723,Carlos Ruiz,cruiz@email.com,Redes II,Lic. Martínez,martinez@uni.com,Telecom,B-202,Pagado,Tarjeta
10724,María López,m.lopez@email.com,Base de Datos I,Ing. García,garcia@uni.com,Sistemas,A-101,Cancelado,Transferencia
10725,María López,m.lopez@email.com,Base de Datos I,Ing. García,garcia@uni.com,Sistemas,A-101,Cancelado,Transferencia
10726,Luis Gómez,luis.g@email.com,Matemáticas III,Dr. Gómez,gomez@uni.com,Ciencias,D-404,Cancelado,Tarjeta
10727,Juan Pérez,juan.p@email.com,Matemáticas III,Dr. Gómez,gomez@uni.com,Ciencias,D-404,Pagado,Efectivo
10728,Elena Díaz,e.diaz@email.com,Matemáticas III,Dr. Gómez,gomez@uni.com,Ciencias,D-404,Pendiente,Tarjeta
10729,Pedro Soto,psoto@email.com,Matemáticas III,Dr. Gómez,gomez@uni.com,Ciencias,D-404,Cancelado,Efectivo
10730,Luis Gómez,luis.g@email.com,Base de Datos I,Ing. García,garcia@uni.com,Sistemas,A-101,Pendiente,Transferencia
10731,María López,m.lopez@email.com,Base de Datos I,Ing. García,garcia@uni.com,Sistemas,A-101,Cancelado,Transferencia
10732,Pedro Soto,psoto@email.com,IA Aplicada,Dra. Chen,drchen@uni.com,Sistemas,C-303,Pendiente,Transferencia
10733,Elena Díaz,e.diaz@email.com,Matemáticas III,Dr. Gómez,gomez@uni.com,Ciencias,D-404,Pendiente,Efectivo
10734,Luis Gómez,luis.g@email.com,IA Aplicada,Dra. Chen,drchen@uni.com,Sistemas,C-303,Cancelado,Transferencia
10735,Ana Torres,ana.t@email.com,Base de Datos I,Ing. García,garcia@uni.com,Sistemas,A-101,Pendiente,Efectivo
10736,Juan Pérez,juan.p@email.com,Matemáticas III,Dr. Gómez,gomez@uni.com,Ciencias,D-404,Pagado,Efectivo
10737,Juan Pérez,juan.p@email.com,Base de Datos I,Ing. García,garcia@uni.com,Sistemas,A-101,Cancelado,Transferencia
10738,Ana Torres,ana.t@email.com,IA Aplicada,Dra. Chen,drchen@uni.com,Sistemas,C-303,Pendiente,Transferencia
10739,Pedro Soto,psoto@email.com,Base de Datos I,Ing. García,garcia@uni.com,Sistemas,A-101,Cancelado,Transferencia
10740,Diego Luna,dluna@email.com,Base de Datos I,Ing. García,garcia@uni.com,Sistemas,A-101,Pendiente,Tarjeta
10741,Diego Luna,dluna@email.com,Base de Datos I,Ing. García,garcia@uni.com,Sistemas,A-101,Pendiente,Transferencia
10742,Juan Pérez,juan.p@email.com,Matemáticas III,Dr. Gómez,gomez@uni.com,Ciencias,D-404,Pendiente,Tarjeta
10743,Laura Paz,l.paz@email.com,Redes II,Lic. Martínez,martinez@uni.com,Telecom,B-202,Cancelado,Tarjeta
10744,Diego Luna,dluna@email.com,Base de Datos I,Ing. García,garcia@uni.com,Sistemas,A-101,Pendiente,Tarjeta
10745,Pedro Soto,psoto@email.com,IA Aplicada,Dra. Chen,drchen@uni.com,Sistemas,C-303,Cancelado,Efectivo
10746,María López,m.lopez@email.com,Base de Datos I,Ing. García,garcia@uni.com,Sistemas,A-101,Cancelado,Efectivo
10747,Carlos Ruiz,cruiz@email.com,Matemáticas III,Dr. Gómez,gomez@uni.com,Ciencias,D-404,Cancelado,Transferencia
10748,Laura Paz,l.paz@email.com,IA Aplicada,Dra. Chen,drchen@uni.com,Sistemas,C-303,Pagado,Transferencia
10749,Sofía Vega,s.vega@email.com,Base de Datos I,Ing. García,garcia@uni.com,Sistemas,A-101,Pendiente,Transferencia
10750,Diego Luna,dluna@email.com,Redes II,Lic. Martínez,martinez@uni.com,Telecom,B-202,Pagado,Transferencia
10751,María López,m.lopez@email.com,IA Aplicada,Dra. Chen,drchen@uni.com,Sistemas,C-303,Pagado,Transferencia
10752,Carlos Ruiz,cruiz@email.com,Redes II,Lic. Martínez,martinez@uni.com,Telecom,B-202,Pendiente,Efectivo
10753,Luis Gómez,luis.g@email.com,Redes II,Lic. Martínez,martinez@uni.com,Telecom,B-202,Pagado,Efectivo
10754,Luis Gómez,luis.g@email.com,Redes II,Lic. Martínez,martinez@uni.com,Telecom,B-202,Pendiente,Efectivo
10755,Laura Paz,l.paz@email.com,IA Aplicada,Dra. Chen,drchen@uni.com,Sistemas,C-303,Pagado,Efectivo
10756,María López,m.lopez@email.com,IA Aplicada,Dra. Chen,drchen@uni.com,Sistemas,C-303,Pagado,Tarjeta
10757,Sofía Vega,s.vega@email.com,Base de Datos I,Ing. García,garcia@uni.com,Sistemas,A-101,Pagado,Transferencia
10758,Laura Paz,l.paz@email.com,Redes II,Lic. Martínez,martinez@uni.com,Telecom,B-202,Pendiente,Tarjeta
10759,Juan Pérez,juan.p@email.com,Redes II,Lic. Martínez,martinez@uni.com,Telecom,B-202,Pagado,Transferencia
10760,Carlos Ruiz,cruiz@email.com,Base de Datos I,Ing. García,garcia@uni.com,Sistemas,A-101,Pagado,Transferencia
10761,Diego Luna,dluna@email.com,Matemáticas III,Dr. Gómez,gomez@uni.com,Ciencias,D-404,Pendiente,Tarjeta
10762,María López,m.lopez@email.com,Redes II,Lic. Martínez,martinez@uni.com,Telecom,B-202,Cancelado,Efectivo
10763,Sofía Vega,s.vega@email.com,IA Aplicada,Dra. Chen,drchen@uni.com,Sistemas,C-303,Pagado,Transferencia
10764,Ana Torres,ana.t@email.com,Redes II,Lic. Martínez,martinez@uni.com,Telecom,B-202,Pagado,Tarjeta
10765,Elena Díaz,e.diaz@email.com,Base de Datos I,Ing. García,garcia@uni.com,Sistemas,A-101,Pagado,Tarjeta
10766,Sofía Vega,s.vega@email.com,Matemáticas III,Dr. Gómez,gomez@uni.com,Ciencias,D-404,Pendiente,Transferencia
10767,Ana Torres,ana.t@email.com,Base de Datos I,Ing. García,garcia@uni.com,Sistemas,A-101,Cancelado,Transferencia
10768,Elena Díaz,e.diaz@email.com,Redes II,Lic. Martínez,martinez@uni.com,Telecom,B-202,Pagado,Efectivo
10769,Elena Díaz,e.diaz@email.com,Matemáticas III,Dr. Gómez,gomez@uni.com,Ciencias,D-404,Pendiente,Tarjeta
10770,Ana Torres,ana.t@email.com,Base de Datos I,Ing. García,garcia@uni.com,Sistemas,A-101,Cancelado,Efectivo
10771,Sofía Vega,s.vega@email.com,Base de Datos I,Ing. García,garcia@uni.com,Sistemas,A-101,Pendiente,Transferencia
10772,Juan Pérez,juan.p@email.com,Redes II,Lic. Martínez,martinez@uni.com,Telecom,B-202,Cancelado,Transferencia
10773,María López,m.lopez@email.com,Redes II,Lic. Martínez,martinez@uni.com,Telecom,B-202,Pendiente,Tarjeta
10774,Laura Paz,l.paz@email.com,IA Aplicada,Dra. Chen,drchen@uni.com,Sistemas,C-303,Pagado,Transferencia
10775,Diego Luna,dluna@email.com,Base de Datos I,Ing. García,garcia@uni.com,Sistemas,A-101,Pendiente,Tarjeta
10776,Pedro Soto,psoto@email.com,Base de Datos I,Ing. García,garcia@uni.com,Sistemas,A-101,Cancelado,Transferencia
10777,Juan Pérez,juan.p@email.com,Redes II,Lic. Martínez,martinez@uni.com,Telecom,B-202,Pendiente,Tarjeta
10778,Laura Paz,l.paz@email.com,Matemáticas III,Dr. Gómez,gomez@uni.com,Ciencias,D-404,Pagado,Transferencia
10779,Juan Pérez,juan.p@email.com,Base de Datos I,Ing. García,garcia@uni.com,Sistemas,A-101,Pendiente,Efectivo
10780,María López,m.lopez@email.com,Redes II,Lic. Martínez,martinez@uni.com,Telecom,B-202,Cancelado,Transferencia
10781,Laura Paz,l.paz@email.com,Matemáticas III,Dr. Gómez,gomez@uni.com,Ciencias,D-404,Pendiente,Transferencia
10782,María López,m.lopez@email.com,Matemáticas III,Dr. Gómez,gomez@uni.com,Ciencias,D-404,Cancelado,Transferencia
10783,Sofía Vega,s.vega@email.com,Base de Datos I,Ing. García,garcia@uni.com,Sistemas,A-101,Pendiente,Tarjeta
10784,Pedro Soto,psoto@email.com,Redes II,Lic. Martínez,martinez@uni.com,Telecom,B-202,Pagado,Transferencia
10785,Carlos Ruiz,cruiz@email.com,Redes II,Lic. Martínez,martinez@uni.com,Telecom,B-202,Pendiente,Transferencia
10786,Elena Díaz,e.diaz@email.com,Redes II,Lic. Martínez,martinez@uni.com,Telecom,B-202,Pagado,Efectivo
10787,Laura Paz,l.paz@email.com,Redes II,Lic. Martínez,martinez@uni.com,Telecom,B-202,Pendiente,Efectivo
10788,Elena Díaz,e.diaz@email.com,Redes II,Lic. Martínez,martinez@uni.com,Telecom,B-202,Pagado,Efectivo
10789,Diego Luna,dluna@email.com,Redes II,Lic. Martínez,martinez@uni.com,Telecom,B-202,Pendiente,Efectivo
10790,Ana Torres,ana.t@email.com,Redes II,Lic. Martínez,martinez@uni.com,Telecom,B-202,Cancelado,Tarjeta
10791,Pedro Soto,psoto@email.com,Redes II,Lic. Martínez,martinez@uni.com,Telecom,B-202,Cancelado,Efectivo
10792,Pedro Soto,psoto@email.com,Base de Datos I,Ing. García,garcia@uni.com,Sistemas,A-101,Cancelado,Tarjeta
10793,Pedro Soto,psoto@email.com,Matemáticas III,Dr. Gómez,gomez@uni.com,Ciencias,D-404,Pendiente,Tarjeta
10794,Carlos Ruiz,cruiz@email.com,Base de Datos I,Ing. García,garcia@uni.com,Sistemas,A-101,Pendiente,Tarjeta
10795,Laura Paz,l.paz@email.com,IA Aplicada,Dra. Chen,drchen@uni.com,Sistemas,C-303,Pagado,Transferencia
10796,María López,m.lopez@email.com,Base de Datos I,Ing. García,garcia@uni.com,Sistemas,A-101,Pagado,Transferencia
10797,Ana Torres,ana.t@email.com,IA Aplicada,Dra. Chen,drchen@uni.com,Sistemas,C-303,Pagado,Transferencia
10798,Elena Díaz,e.diaz@email.com,Matemáticas III,Dr. Gómez,gomez@uni.com,Ciencias,D-404,Cancelado,Tarjeta
10799,Elena Díaz,e.diaz@email.com,Redes II,Lic. Martínez,martinez@uni.com,Telecom,B-202,Pagado,Efectivo
10800,Ana Torres,ana.t@email.com,Redes II,Lic. Martínez,martinez@uni.com,Telecom,B-202,Cancelado,Efectivo
10801,Laura Paz,l.paz@email.com,Redes II,Lic. Martínez,martinez@uni.com,Telecom,B-202,Cancelado,Transferencia
10802,Laura Paz,l.paz@email.com,Redes II,Lic. Martínez,martinez@uni.com,Telecom,B-202,Cancelado,Transferencia
10803,Laura Paz,l.paz@email.com,Matemáticas III,Dr. Gómez,gomez@uni.com,Ciencias,D-404,Cancelado,Efectivo
10804,Elena Díaz,e.diaz@email.com,Redes II,Lic. Martínez,martinez@uni.com,Telecom,B-202,Pagado,Transferencia
10805,Diego Luna,dluna@email.com,IA Aplicada,Dra. Chen,drchen@uni.com,Sistemas,C-303,Pendiente,Efectivo
10806,Ana Torres,ana.t@email.com,Matemáticas III,Dr. Gómez,gomez@uni.com,Ciencias,D-404,Pagado,Tarjeta
10807,María López,m.lopez@email.com,Base de Datos I,Ing. García,garcia@uni.com,Sistemas,A-101,Pendiente,Transferencia
10808,Pedro Soto,psoto@email.com,Redes II,Lic. Martínez,martinez@uni.com,Telecom,B-202,Pendiente,Tarjeta
10809,Carlos Ruiz,cruiz@email.com,Base de Datos I,Ing. García,garcia@uni.com,Sistemas,A-101,Pendiente,Tarjeta
10810,Diego Luna,dluna@email.com,Matemáticas III,Dr. Gómez,gomez@uni.com,Ciencias,D-404,Cancelado,Efectivo
10811,Diego Luna,dluna@email.com,Redes II,Lic. Martínez,martinez@uni.com,Telecom,B-202,Pendiente,Transferencia
10812,Juan Pérez,juan.p@email.com,Base de Datos I,Ing. García,garcia@uni.com,Sistemas,A-101,Pagado,Transferencia
10813,María López,m.lopez@email.com,Base de Datos I,Ing. García,garcia@uni.com,Sistemas,A-101,Pendiente,Tarjeta
10814,Pedro Soto,psoto@email.com,Redes II,Lic. Martínez,martinez@uni.com,Telecom,B-202,Cancelado,Efectivo
10815,María López,m.lopez@email.com,IA Aplicada,Dra. Chen,drchen@uni.com,Sistemas,C-303,Cancelado,Transferencia
10816,Elena Díaz,e.diaz@email.com,Matemáticas III,Dr. Gómez,gomez@uni.com,Ciencias,D-404,Cancelado,Transferencia
10817,Diego Luna,dluna@email.com,IA Aplicada,Dra. Chen,drchen@uni.com,Sistemas,C-303,Pendiente,Efectivo
10818,Elena Díaz,e.diaz@email.com,Base de Datos I,Ing. García,garcia@uni.com,Sistemas,A-101,Pagado,Tarjeta
10819,Elena Díaz,e.diaz@email.com,IA Aplicada,Dra. Chen,drchen@uni.com,Sistemas,C-303,Pendiente,Tarjeta
10820,Carlos Ruiz,cruiz@email.com,Base de Datos I,Ing. García,garcia@uni.com,Sistemas,A-101,Pagado,Tarjeta
10821,Luis Gómez,luis.g@email.com,Redes II,Lic. Martínez,martinez@uni.com,Telecom,B-202,Pagado,Tarjeta
10822,Laura Paz,l.paz@email.com,IA Aplicada,Dra. Chen,drchen@uni.com,Sistemas,C-303,Cancelado,Tarjeta
10823,Juan Pérez,juan.p@email.com,Base de Datos I,Ing. García,garcia@uni.com,Sistemas,A-101,Pendiente,Tarjeta
10824,Sofía Vega,s.vega@email.com,IA Aplicada,Dra. Chen,drchen@uni.com,Sistemas,C-303,Pagado,Tarjeta
10825,Luis Gómez,luis.g@email.com,Base de Datos I,Ing. García,garcia@uni.com,Sistemas,A-101,Pendiente,Transferencia
10826,Carlos Ruiz,cruiz@email.com,IA Aplicada,Dra. Chen,drchen@uni.com,Sistemas,C-303,Pendiente,Tarjeta
10827,Carlos Ruiz,cruiz@email.com,Redes II,Lic. Martínez,martinez@uni.com,Telecom,B-202,Pagado,Tarjeta
10828,Carlos Ruiz,cruiz@email.com,IA Aplicada,Dra. Chen,drchen@uni.com,Sistemas,C-303,Cancelado,Transferencia
10829,Elena Díaz,e.diaz@email.com,Redes II,Lic. Martínez,martinez@uni.com,Telecom,B-202,Pendiente,Transferencia
10830,Ana Torres,ana.t@email.com,Redes II,Lic. Martínez,martinez@uni.com,Telecom,B-202,Pendiente,Efectivo
10831,Laura Paz,l.paz@email.com,Base de Datos I,Ing. García,garcia@uni.com,Sistemas,A-101,Cancelado,Efectivo
10832,Elena Díaz,e.diaz@email.com,Matemáticas III,Dr. Gómez,gomez@uni.com,Ciencias,D-404,Cancelado,Transferencia
10833,Luis Gómez,luis.g@email.com,Matemáticas III,Dr. Gómez,gomez@uni.com,Ciencias,D-404,Pendiente,Efectivo
10834,Ana Torres,ana.t@email.com,IA Aplicada,Dra. Chen,drchen@uni.com,Sistemas,C-303,Pagado,Efectivo
10835,Laura Paz,l.paz@email.com,Redes II,Lic. Martínez,martinez@uni.com,Telecom,B-202,Cancelado,Tarjeta
10836,Luis Gómez,luis.g@email.com,Matemáticas III,Dr. Gómez,gomez@uni.com,Ciencias,D-404,Pendiente,Transferencia
10837,Ana Torres,ana.t@email.com,Matemáticas III,Dr. Gómez,gomez@uni.com,Ciencias,D-404,Pendiente,Tarjeta
10838,Pedro Soto,psoto@email.com,IA Aplicada,Dra. Chen,drchen@uni.com,Sistemas,C-303,Pendiente,Tarjeta
10839,María López,m.lopez@email.com,Matemáticas III,Dr. Gómez,gomez@uni.com,Ciencias,D-404,Cancelado,Transferencia
10840,Sofía Vega,s.vega@email.com,Base de Datos I,Ing. García,garcia@uni.com,Sistemas,A-101,Pendiente,Transferencia
10841,Luis Gómez,luis.g@email.com,Base de Datos I,Ing. García,garcia@uni.com,Sistemas,A-101,Cancelado,Transferencia
10842,Carlos Ruiz,cruiz@email.com,Matemáticas III,Dr. Gómez,gomez@uni.com,Ciencias,D-404,Pendiente,Efectivo
10843,Diego Luna,dluna@email.com,Base de Datos I,Ing. García,garcia@uni.com,Sistemas,A-101,Pendiente,Transferencia
10844,Elena Díaz,e.diaz@email.com,Redes II,Lic. Martínez,martinez@uni.com,Telecom,B-202,Pendiente,Efectivo
10845,Luis Gómez,luis.g@email.com,IA Aplicada,Dra. Chen,drchen@uni.com,Sistemas,C-303,Pagado,Transferencia
10846,Ana Torres,ana.t@email.com,Matemáticas III,Dr. Gómez,gomez@uni.com,Ciencias,D-404,Pendiente,Efectivo
10847,Carlos Ruiz,cruiz@email.com,Base de Datos I,Ing. García,garcia@uni.com,Sistemas,A-101,Pendiente,Transferencia
10848,Ana Torres,ana.t@email.com,IA Aplicada,Dra. Chen,drchen@uni.com,Sistemas,C-303,Pendiente,Transferencia
10849,Laura Paz,l.paz@email.com,Redes II,Lic. Martínez,martinez@uni.com,Telecom,B-202,Cancelado,Efectivo
10850,Juan Pérez,juan.p@email.com,Matemáticas III,Dr. Gómez,gomez@uni.com,Ciencias,D-404,Pagado,Tarjeta
10851,Ana Torres,ana.t@email.com,Base de Datos I,Ing. García,garcia@uni.com,Sistemas,A-101,Pagado,Transferencia
10852,Carlos Ruiz,cruiz@email.com,Redes II,Lic. Martínez,martinez@uni.com,Telecom,B-202,Cancelado,Tarjeta
10853,Pedro Soto,psoto@email.com,Base de Datos I,Ing. García,garcia@uni.com,Sistemas,A-101,Cancelado,Efectivo
10854,Carlos Ruiz,cruiz@email.com,Redes II,Lic. Martínez,martinez@uni.com,Telecom,B-202,Pagado,Transferencia
10855,Laura Paz,l.paz@email.com,Redes II,Lic. Martínez,martinez@uni.com,Telecom,B-202,Cancelado,Tarjeta
10856,Elena Díaz,e.diaz@email.com,Matemáticas III,Dr. Gómez,gomez@uni.com,Ciencias,D-404,Pendiente,Tarjeta
10857,Luis Gómez,luis.g@email.com,IA Aplicada,Dra. Chen,drchen@uni.com,Sistemas,C-303,Pagado,Efectivo
10858,Pedro Soto,psoto@email.com,Redes II,Lic. Martínez,martinez@uni.com,Telecom,B-202,Pendiente,Efectivo
10859,Juan Pérez,juan.p@email.com,Base de Datos I,Ing. García,garcia@uni.com,Sistemas,A-101,Cancelado,Tarjeta
10860,Pedro Soto,psoto@email.com,Matemáticas III,Dr. Gómez,gomez@uni.com,Ciencias,D-404,Pendiente,Efectivo
10861,Laura Paz,l.paz@email.com,Base de Datos I,Ing. García,garcia@uni.com,Sistemas,A-101,Cancelado,Efectivo
10862,Sofía Vega,s.vega@email.com,Base de Datos I,Ing. García,garcia@uni.com,Sistemas,A-101,Pagado,Transferencia
10863,Pedro Soto,psoto@email.com,Base de Datos I,Ing. García,garcia@uni.com,Sistemas,A-101,Cancelado,Efectivo
10864,Elena Díaz,e.diaz@email.com,IA Aplicada,Dra. Chen,drchen@uni.com,Sistemas,C-303,Pagado,Tarjeta
10865,Diego Luna,dluna@email.com,Base de Datos I,Ing. García,garcia@uni.com,Sistemas,A-101,Pagado,Efectivo
10866,Laura Paz,l.paz@email.com,IA Aplicada,Dra. Chen,drchen@uni.com,Sistemas,C-303,Cancelado,Transferencia
10867,Juan Pérez,juan.p@email.com,Base de Datos I,Ing. García,garcia@uni.com,Sistemas,A-101,Pagado,Efectivo
10868,María López,m.lopez@email.com,Redes II,Lic. Martínez,martinez@uni.com,Telecom,B-202,Pagado,Efectivo
10869,Sofía Vega,s.vega@email.com,Base de Datos I,Ing. García,garcia@uni.com,Sistemas,A-101,Cancelado,Transferencia
10870,Diego Luna,dluna@email.com,IA Aplicada,Dra. Chen,drchen@uni.com,Sistemas,C-303,Pagado,Tarjeta
10871,Carlos Ruiz,cruiz@email.com,IA Aplicada,Dra. Chen,drchen@uni.com,Sistemas,C-303,Pagado,Efectivo
10872,Ana Torres,ana.t@email.com,IA Aplicada,Dra. Chen,drchen@uni.com,Sistemas,C-303,Pendiente,Tarjeta
10873,Carlos Ruiz,cruiz@email.com,Base de Datos I,Ing. García,garcia@uni.com,Sistemas,A-101,Pagado,Tarjeta
10874,Sofía Vega,s.vega@email.com,Base de Datos I,Ing. García,garcia@uni.com,Sistemas,A-101,Pagado,Efectivo
10875,Diego Luna,dluna@email.com,Redes II,Lic. Martínez,martinez@uni.com,Telecom,B-202,Pendiente,Tarjeta
10876,Diego Luna,dluna@email.com,Base de Datos I,Ing. García,garcia@uni.com,Sistemas,A-101,Pendiente,Transferencia
10877,Carlos Ruiz,cruiz@email.com,Base de Datos I,Ing. García,garcia@uni.com,Sistemas,A-101,Pagado,Tarjeta
10878,Sofía Vega,s.vega@email.com,Base de Datos I,Ing. García,garcia@uni.com,Sistemas,A-101,Pendiente,Tarjeta
10879,Juan Pérez,juan.p@email.com,Matemáticas III,Dr. Gómez,gomez@uni.com,Ciencias,D-404,Cancelado,Efectivo
10880,Elena Díaz,e.diaz@email.com,IA Aplicada,Dra. Chen,drchen@uni.com,Sistemas,C-303,Cancelado,Efectivo
10881,Luis Gómez,luis.g@email.com,Redes II,Lic. Martínez,martinez@uni.com,Telecom,B-202,Pagado,Transferencia
10882,Elena Díaz,e.diaz@email.com,IA Aplicada,Dra. Chen,drchen@uni.com,Sistemas,C-303,Cancelado,Efectivo
10883,Laura Paz,l.paz@email.com,Base de Datos I,Ing. García,garcia@uni.com,Sistemas,A-101,Pagado,Tarjeta
10884,Diego Luna,dluna@email.com,Matemáticas III,Dr. Gómez,gomez@uni.com,Ciencias,D-404,Pendiente,Transferencia
10885,María López,m.lopez@email.com,Base de Datos I,Ing. García,garcia@uni.com,Sistemas,A-101,Pagado,Tarjeta
10886,Pedro Soto,psoto@email.com,Base de Datos I,Ing. García,garcia@uni.com,Sistemas,A-101,Cancelado,Tarjeta
10887,Diego Luna,dluna@email.com,IA Aplicada,Dra. Chen,drchen@uni.com,Sistemas,C-303,Pagado,Transferencia
10888,Juan Pérez,juan.p@email.com,Redes II,Lic. Martínez,martinez@uni.com,Telecom,B-202,Pendiente,Efectivo
10889,Carlos Ruiz,cruiz@email.com,Base de Datos I,Ing. García,garcia@uni.com,Sistemas,A-101,Cancelado,Transferencia
10890,Diego Luna,dluna@email.com,Base de Datos I,Ing. García,garcia@uni.com,Sistemas,A-101,Cancelado,Tarjeta
10891,Luis Gómez,luis.g@email.com,Base de Datos I,Ing. García,garcia@uni.com,Sistemas,A-101,Pagado,Tarjeta
10892,Ana Torres,ana.t@email.com,Redes II,Lic. Martínez,martinez@uni.com,Telecom,B-202,Cancelado,Tarjeta
10893,Pedro Soto,psoto@email.com,Redes II,Lic. Martínez,martinez@uni.com,Telecom,B-202,Pendiente,Transferencia
10894,Elena Díaz,e.diaz@email.com,IA Aplicada,Dra. Chen,drchen@uni.com,Sistemas,C-303,Cancelado,Transferencia
10895,Ana Torres,ana.t@email.com,Matemáticas III,Dr. Gómez,gomez@uni.com,Ciencias,D-404,Pagado,Tarjeta
10896,Ana Torres,ana.t@email.com,IA Aplicada,Dra. Chen,drchen@uni.com,Sistemas,C-303,Cancelado,Efectivo
10897,Carlos Ruiz,cruiz@email.com,IA Aplicada,Dra. Chen,drchen@uni.com,Sistemas,C-303,Cancelado,Transferencia
10898,Pedro Soto,psoto@email.com,Matemáticas III,Dr. Gómez,gomez@uni.com,Ciencias,D-404,Cancelado,Transferencia
10899,Laura Paz,l.paz@email.com,Base de Datos I,Ing. García,garcia@uni.com,Sistemas,A-101,Cancelado,Tarjeta
10900,Laura Paz,l.paz@email.com,Base de Datos I,Ing. García,garcia@uni.com,Sistemas,A-101,Pagado,Transferencia
10901,Pedro Soto,psoto@email.com,IA Aplicada,Dra. Chen,drchen@uni.com,Sistemas,C-303,Cancelado,Tarjeta
10902,Juan Pérez,juan.p@email.com,Matemáticas III,Dr. Gómez,gomez@uni.com,Ciencias,D-404,Pagado,Tarjeta
10903,Luis Gómez,luis.g@email.com,Matemáticas III,Dr. Gómez,gomez@uni.com,Ciencias,D-404,Cancelado,Efectivo
10904,Pedro Soto,psoto@email.com,Base de Datos I,Ing. García,garcia@uni.com,Sistemas,A-101,Cancelado,Transferencia
10905,Ana Torres,ana.t@email.com,IA Aplicada,Dra. Chen,drchen@uni.com,Sistemas,C-303,Pagado,Efectivo
10906,Elena Díaz,e.diaz@email.com,IA Aplicada,Dra. Chen,drchen@uni.com,Sistemas,C-303,Pagado,Transferencia
10907,Elena Díaz,e.diaz@email.com,IA Aplicada,Dra. Chen,drchen@uni.com,Sistemas,C-303,Cancelado,Transferencia
10908,Elena Díaz,e.diaz@email.com,Base de Datos I,Ing. García,garcia@uni.com,Sistemas,A-101,Pendiente,Transferencia
10909,Luis Gómez,luis.g@email.com,Redes II,Lic. Martínez,martinez@uni.com,Telecom,B-202,Cancelado,Transferencia
10910,Diego Luna,dluna@email.com,IA Aplicada,Dra. Chen,drchen@uni.com,Sistemas,C-303,Pagado,Efectivo
10911,Laura Paz,l.paz@email.com,Redes II,Lic. Martínez,martinez@uni.com,Telecom,B-202,Cancelado,Tarjeta
10912,Pedro Soto,psoto@email.com,Matemáticas III,Dr. Gómez,gomez@uni.com,Ciencias,D-404,Pagado,Transferencia
10913,Diego Luna,dluna@email.com,Matemáticas III,Dr. Gómez,gomez@uni.com,Ciencias,D-404,Cancelado,Transferencia
10914,Luis Gómez,luis.g@email.com,Matemáticas III,Dr. Gómez,gomez@uni.com,Ciencias,D-404,Pendiente,Efectivo
10915,Juan Pérez,juan.p@email.com,Matemáticas III,Dr. Gómez,gomez@uni.com,Ciencias,D-404,Pagado,Transferencia
10916,Juan Pérez,juan.p@email.com,IA Aplicada,Dra. Chen,drchen@uni.com,Sistemas,C-303,Pendiente,Tarjeta
10917,Laura Paz,l.paz@email.com,Redes II,Lic. Martínez,martinez@uni.com,Telecom,B-202,Pagado,Tarjeta
10918,Carlos Ruiz,cruiz@email.com,Redes II,Lic. Martínez,martinez@uni.com,Telecom,B-202,Cancelado,Tarjeta
10919,Elena Díaz,e.diaz@email.com,Matemáticas III,Dr. Gómez,gomez@uni.com,Ciencias,D-404,Cancelado,Tarjeta
10920,Laura Paz,l.paz@email.com,Base de Datos I,Ing. García,garcia@uni.com,Sistemas,A-101,Pendiente,Efectivo
10921,Juan Pérez,juan.p@email.com,Redes II,Lic. Martínez,martinez@uni.com,Telecom,B-202,Pendiente,Transferencia
10922,Ana Torres,ana.t@email.com,Base de Datos I,Ing. García,garcia@uni.com,Sistemas,A-101,Pagado,Tarjeta
10923,Elena Díaz,e.diaz@email.com,Redes II,Lic. Martínez,martinez@uni.com,Telecom,B-202,Cancelado,Efectivo
10924,María López,m.lopez@email.com,Redes II,Lic. Martínez,martinez@uni.com,Telecom,B-202,Pagado,Transferencia
10925,Carlos Ruiz,cruiz@email.com,IA Aplicada,Dra. Chen,drchen@uni.com,Sistemas,C-303,Pendiente,Efectivo
10926,Sofía Vega,s.vega@email.com,IA Aplicada,Dra. Chen,drchen@uni.com,Sistemas,C-303,Pendiente,Transferencia
10927,María López,m.lopez@email.com,Redes II,Lic. Martínez,martinez@uni.com,Telecom,B-202,Pendiente,Efectivo
10928,Ana Torres,ana.t@email.com,Redes II,Lic. Martínez,martinez@uni.com,Telecom,B-202,Cancelado,Tarjeta
10929,Sofía Vega,s.vega@email.com,Matemáticas III,Dr. Gómez,gomez@uni.com,Ciencias,D-404,Cancelado,Transferencia
10930,María López,m.lopez@email.com,Matemáticas III,Dr. Gómez,gomez@uni.com,Ciencias,D-404,Pendiente,Tarjeta
10931,Pedro Soto,psoto@email.com,Redes II,Lic. Martínez,martinez@uni.com,Telecom,B-202,Pendiente,Tarjeta
10932,Elena Díaz,e.diaz@email.com,IA Aplicada,Dra. Chen,drchen@uni.com,Sistemas,C-303,Pendiente,Tarjeta
10933,Diego Luna,dluna@email.com,Redes II,Lic. Martínez,martinez@uni.com,Telecom,B-202,Pagado,Transferencia
10934,Juan Pérez,juan.p@email.com,Redes II,Lic. Martínez,martinez@uni.com,Telecom,B-202,Cancelado,Efectivo
10935,Luis Gómez,luis.g@email.com,Redes II,Lic. Martínez,martinez@uni.com,Telecom,B-202,Cancelado,Tarjeta
10936,Ana Torres,ana.t@email.com,Matemáticas III,Dr. Gómez,gomez@uni.com,Ciencias,D-404,Pagado,Transferencia
10937,María López,m.lopez@email.com,IA Aplicada,Dra. Chen,drchen@uni.com,Sistemas,C-303,Pagado,Tarjeta
10938,Ana Torres,ana.t@email.com,Matemáticas III,Dr. Gómez,gomez@uni.com,Ciencias,D-404,Pagado,Transferencia
10939,Laura Paz,l.paz@email.com,IA Aplicada,Dra. Chen,drchen@uni.com,Sistemas,C-303,Pagado,Transferencia
10940,Juan Pérez,juan.p@email.com,Matemáticas III,Dr. Gómez,gomez@uni.com,Ciencias,D-404,Pendiente,Efectivo
10941,María López,m.lopez@email.com,Redes II,Lic. Martínez,martinez@uni.com,Telecom,B-202,Pagado,Tarjeta
10942,Elena Díaz,e.diaz@email.com,Matemáticas III,Dr. Gómez,gomez@uni.com,Ciencias,D-404,Pagado,Efectivo
10943,María López,m.lopez@email.com,Base de Datos I,Ing. García,garcia@uni.com,Sistemas,A-101,Cancelado,Tarjeta
10944,Diego Luna,dluna@email.com,Matemáticas III,Dr. Gómez,gomez@uni.com,Ciencias,D-404,Pendiente,Tarjeta
10945,María López,m.lopez@email.com,Redes II,Lic. Martínez,martinez@uni.com,Telecom,B-202,Pagado,Tarjeta
10946,Diego Luna,dluna@email.com,IA Aplicada,Dra. Chen,drchen@uni.com,Sistemas,C-303,Pendiente,Transferencia
10947,Ana Torres,ana.t@email.com,Base de Datos I,Ing. García,garcia@uni.com,Sistemas,A-101,Pagado,Tarjeta
10948,Elena Díaz,e.diaz@email.com,Redes II,Lic. Martínez,martinez@uni.com,Telecom,B-202,Pendiente,Transferencia
10949,Diego Luna,dluna@email.com,Base de Datos I,Ing. García,garcia@uni.com,Sistemas,A-101,Pagado,Efectivo
10950,Luis Gómez,luis.g@email.com,Matemáticas III,Dr. Gómez,gomez@uni.com,Ciencias,D-404,Pagado,Tarjeta
10951,María López,m.lopez@email.com,IA Aplicada,Dra. Chen,drchen@uni.com,Sistemas,C-303,Pendiente,Transferencia
10952,Elena Díaz,e.diaz@email.com,Base de Datos I,Ing. García,garcia@uni.com,Sistemas,A-101,Cancelado,Tarjeta
10953,María López,m.lopez@email.com,Base de Datos I,Ing. García,garcia@uni.com,Sistemas,A-101,Pagado,Tarjeta
10954,María López,m.lopez@email.com,Base de Datos I,Ing. García,garcia@uni.com,Sistemas,A-101,Cancelado,Efectivo
10955,Carlos Ruiz,cruiz@email.com,Matemáticas III,Dr. Gómez,gomez@uni.com,Ciencias,D-404,Cancelado,Tarjeta
10956,Elena Díaz,e.diaz@email.com,Matemáticas III,Dr. Gómez,gomez@uni.com,Ciencias,D-404,Cancelado,Transferencia
10957,Laura Paz,l.paz@email.com,Matemáticas III,Dr. Gómez,gomez@uni.com,Ciencias,D-404,Cancelado,Efectivo
10958,Diego Luna,dluna@email.com,Matemáticas III,Dr. Gómez,gomez@uni.com,Ciencias,D-404,Pagado,Tarjeta
10959,Luis Gómez,luis.g@email.com,Redes II,Lic. Martínez,martinez@uni.com,Telecom,B-202,Pagado,Tarjeta
10960,Diego Luna,dluna@email.com,Base de Datos I,Ing. García,garcia@uni.com,Sistemas,A-101,Pagado,Efectivo
10961,Carlos Ruiz,cruiz@email.com,Matemáticas III,Dr. Gómez,gomez@uni.com,Ciencias,D-404,Cancelado,Tarjeta
10962,Carlos Ruiz,cruiz@email.com,Redes II,Lic. Martínez,martinez@uni.com,Telecom,B-202,Cancelado,Efectivo
10963,Juan Pérez,juan.p@email.com,Redes II,Lic. Martínez,martinez@uni.com,Telecom,B-202,Pendiente,Tarjeta
10964,Sofía Vega,s.vega@email.com,Matemáticas III,Dr. Gómez,gomez@uni.com,Ciencias,D-404,Pagado,Transferencia
10965,Sofía Vega,s.vega@email.com,Matemáticas III,Dr. Gómez,gomez@uni.com,Ciencias,D-404,Pagado,Efectivo
10966,María López,m.lopez@email.com,Matemáticas III,Dr. Gómez,gomez@uni.com,Ciencias,D-404,Cancelado,Tarjeta
10967,Diego Luna,dluna@email.com,Base de Datos I,Ing. García,garcia@uni.com,Sistemas,A-101,Cancelado,Transferencia
10968,Diego Luna,dluna@email.com,Matemáticas III,Dr. Gómez,gomez@uni.com,Ciencias,D-404,Cancelado,Transferencia
10969,Sofía Vega,s.vega@email.com,Redes II,Lic. Martínez,martinez@uni.com,Telecom,B-202,Pendiente,Tarjeta
10970,Pedro Soto,psoto@email.com,IA Aplicada,Dra. Chen,drchen@uni.com,Sistemas,C-303,Cancelado,Tarjeta
10971,Carlos Ruiz,cruiz@email.com,Matemáticas III,Dr. Gómez,gomez@uni.com,Ciencias,D-404,Cancelado,Tarjeta
10972,Juan Pérez,juan.p@email.com,Redes II,Lic. Martínez,martinez@uni.com,Telecom,B-202,Cancelado,Efectivo
10973,María López,m.lopez@email.com,IA Aplicada,Dra. Chen,drchen@uni.com,Sistemas,C-303,Cancelado,Tarjeta
10974,Pedro Soto,psoto@email.com,Redes II,Lic. Martínez,martinez@uni.com,Telecom,B-202,Pendiente,Tarjeta
10975,Carlos Ruiz,cruiz@email.com,Matemáticas III,Dr. Gómez,gomez@uni.com,Ciencias,D-404,Pendiente,Efectivo
10976,Elena Díaz,e.diaz@email.com,Matemáticas III,Dr. Gómez,gomez@uni.com,Ciencias,D-404,Cancelado,Transferencia
10977,Laura Paz,l.paz@email.com,IA Aplicada,Dra. Chen,drchen@uni.com,Sistemas,C-303,Pagado,Tarjeta
10978,Elena Díaz,e.diaz@email.com,IA Aplicada,Dra. Chen,drchen@uni.com,Sistemas,C-303,Pagado,Transferencia
10979,María López,m.lopez@email.com,Redes II,Lic. Martínez,martinez@uni.com,Telecom,B-202,Pagado,Tarjeta
10980,Juan Pérez,juan.p@email.com,Base de Datos I,Ing. García,garcia@uni.com,Sistemas,A-101,Cancelado,Efectivo
10981,Luis Gómez,luis.g@email.com,Redes II,Lic. Martínez,martinez@uni.com,Telecom,B-202,Cancelado,Tarjeta
10982,Carlos Ruiz,cruiz@email.com,Base de Datos I,Ing. García,garcia@uni.com,Sistemas,A-101,Cancelado,Efectivo
10983,Pedro Soto,psoto@email.com,Base de Datos I,Ing. García,garcia@uni.com,Sistemas,A-101,Pendiente,Efectivo
10984,Luis Gómez,luis.g@email.com,Matemáticas III,Dr. Gómez,gomez@uni.com,Ciencias,D-404,Pagado,Tarjeta
10985,Sofía Vega,s.vega@email.com,Matemáticas III,Dr. Gómez,gomez@uni.com,Ciencias,D-404,Pendiente,Tarjeta
10986,Juan Pérez,juan.p@email.com,IA Aplicada,Dra. Chen,drchen@uni.com,Sistemas,C-303,Pagado,Efectivo
10987,Laura Paz,l.paz@email.com,IA Aplicada,Dra. Chen,drchen@uni.com,Sistemas,C-303,Pendiente,Tarjeta
10988,Sofía Vega,s.vega@email.com,Redes II,Lic. Martínez,martinez@uni.com,Telecom,B-202,Pagado,Efectivo
10989,Elena Díaz,e.diaz@email.com,Redes II,Lic. Martínez,martinez@uni.com,Telecom,B-202,Pagado,Tarjeta
10990,Luis Gómez,luis.g@email.com,Matemáticas III,Dr. Gómez,gomez@uni.com,Ciencias,D-404,Cancelado,Tarjeta
10991,Ana Torres,ana.t@email.com,IA Aplicada,Dra. Chen,drchen@uni.com,Sistemas,C-303,Cancelado,Efectivo
10992,Luis Gómez,luis.g@email.com,Base de Datos I,Ing. García,garcia@uni.com,Sistemas,A-101,Pagado,Transferencia
10993,Sofía Vega,s.vega@email.com,IA Aplicada,Dra. Chen,drchen@uni.com,Sistemas,C-303,Pendiente,Transferencia
10994,Elena Díaz,e.diaz@email.com,Redes II,Lic. Martínez,martinez@uni.com,Telecom,B-202,Cancelado,Efectivo
10995,Pedro Soto,psoto@email.com,Matemáticas III,Dr. Gómez,gomez@uni.com,Ciencias,D-404,Cancelado,Efectivo
10996,Ana Torres,ana.t@email.com,Redes II,Lic. Martínez,martinez@uni.com,Telecom,B-202,Cancelado,Efectivo
10997,Sofía Vega,s.vega@email.com,Redes II,Lic. Martínez,martinez@uni.com,Telecom,B-202,Pendiente,Tarjeta
10998,Pedro Soto,psoto@email.com,Base de Datos I,Ing. García,garcia@uni.com,Sistemas,A-101,Pagado,Efectivo
10999,Carlos Ruiz,cruiz@email.com,Base de Datos I,Ing. García,garcia@uni.com,Sistemas,A-101,Cancelado,Tarjeta
11000,Juan Pérez,juan.p@email.com,Redes II,Lic. Martínez,martinez@uni.com,Telecom,B-202,Pendiente,Transferencia
11001,Sofía Vega,s.vega@email.com,Base de Datos I,Ing. García,garcia@uni.com,Sistemas,A-101,Pagado,Tarjeta
11002,Juan Pérez,juan.p@email.com,Redes II,Lic. Martínez,martinez@uni.com,Telecom,B-202,Pendiente,Tarjeta
11003,Laura Paz,l.paz@email.com,IA Aplicada,Dra. Chen,drchen@uni.com,Sistemas,C-303,Pagado,Efectivo
11004,Carlos Ruiz,cruiz@email.com,Base de Datos I,Ing. García,garcia@uni.com,Sistemas,A-101,Cancelado,Tarjeta
11005,Elena Díaz,e.diaz@email.com,IA Aplicada,Dra. Chen,drchen@uni.com,Sistemas,C-303,Pendiente,Transferencia
11006,Carlos Ruiz,cruiz@email.com,Redes II,Lic. Martínez,martinez@uni.com,Telecom,B-202,Pagado,Efectivo
11007,Luis Gómez,luis.g@email.com,IA Aplicada,Dra. Chen,drchen@uni.com,Sistemas,C-303,Cancelado,Efectivo
11008,Sofía Vega,s.vega@email.com,Base de Datos I,Ing. García,garcia@uni.com,Sistemas,A-101,Cancelado,Tarjeta
11009,Carlos Ruiz,cruiz@email.com,Redes II,Lic. Martínez,martinez@uni.com,Telecom,B-202,Pagado,Transferencia
11010,Laura Paz,l.paz@email.com,Matemáticas III,Dr. Gómez,gomez@uni.com,Ciencias,D-404,Pagado,Efectivo
11011,Luis Gómez,luis.g@email.com,Redes II,Lic. Martínez,martinez@uni.com,Telecom,B-202,Cancelado,Transferencia
11012,Elena Díaz,e.diaz@email.com,IA Aplicada,Dra. Chen,drchen@uni.com,Sistemas,C-303,Pagado,Efectivo
11013,Diego Luna,dluna@email.com,Base de Datos I,Ing. García,garcia@uni.com,Sistemas,A-101,Pagado,Efectivo
11014,Sofía Vega,s.vega@email.com,Base de Datos I,Ing. García,garcia@uni.com,Sistemas,A-101,Pagado,Efectivo
11015,Ana Torres,ana.t@email.com,Matemáticas III,Dr. Gómez,gomez@uni.com,Ciencias,D-404,Pendiente,Transferencia
11016,Luis Gómez,luis.g@email.com,Base de Datos I,Ing. García,garcia@uni.com,Sistemas,A-101,Cancelado,Transferencia
11017,María López,m.lopez@email.com,Redes II,Lic. Martínez,martinez@uni.com,Telecom,B-202,Cancelado,Tarjeta
11018,Ana Torres,ana.t@email.com,Base de Datos I,Ing. García,garcia@uni.com,Sistemas,A-101,Pagado,Efectivo
11019,Luis Gómez,luis.g@email.com,Redes II,Lic. Martínez,martinez@uni.com,Telecom,B-202,Pagado,Tarjeta
11020,Sofía Vega,s.vega@email.com,Base de Datos I,Ing. García,garcia@uni.com,Sistemas,A-101,Pendiente,Transferencia
11021,Pedro Soto,psoto@email.com,Base de Datos I,Ing. García,garcia@uni.com,Sistemas,A-101,Pendiente,Tarjeta
11022,Juan Pérez,juan.p@email.com,Redes II,Lic. Martínez,martinez@uni.com,Telecom,B-202,Cancelado,Tarjeta
11023,Diego Luna,dluna@email.com,Base de Datos I,Ing. García,garcia@uni.com,Sistemas,A-101,Pendiente,Transferencia
11024,María López,m.lopez@email.com,Redes II,Lic. Martínez,martinez@uni.com,Telecom,B-202,Pagado,Transferencia
11025,Elena Díaz,e.diaz@email.com,Matemáticas III,Dr. Gómez,gomez@uni.com,Ciencias,D-404,Cancelado,Tarjeta
11026,Carlos Ruiz,cruiz@email.com,Matemáticas III,Dr. Gómez,gomez@uni.com,Ciencias,D-404,Pagado,Transferencia
11027,Carlos Ruiz,cruiz@email.com,IA Aplicada,Dra. Chen,drchen@uni.com,Sistemas,C-303,Cancelado,Tarjeta
11028,Diego Luna,dluna@email.com,Matemáticas III,Dr. Gómez,gomez@uni.com,Ciencias,D-404,Pendiente,Tarjeta
11029,María López,m.lopez@email.com,Redes II,Lic. Martínez,martinez@uni.com,Telecom,B-202,Pagado,Tarjeta
11030,Ana Torres,ana.t@email.com,IA Aplicada,Dra. Chen,drchen@uni.com,Sistemas,C-303,Cancelado,Tarjeta
11031,Diego Luna,dluna@email.com,Base de Datos I,Ing. García,garcia@uni.com,Sistemas,A-101,Pagado,Efectivo
11032,Sofía Vega,s.vega@email.com,IA Aplicada,Dra. Chen,drchen@uni.com,Sistemas,C-303,Pagado,Efectivo
11033,Ana Torres,ana.t@email.com,Base de Datos I,Ing. García,garcia@uni.com,Sistemas,A-101,Pagado,Tarjeta
11034,Sofía Vega,s.vega@email.com,IA Aplicada,Dra. Chen,drchen@uni.com,Sistemas,C-303,Cancelado,Tarjeta
11035,Carlos Ruiz,cruiz@email.com,Redes II,Lic. Martínez,martinez@uni.com,Telecom,B-202,Pendiente,Efectivo
11036,Diego Luna,dluna@email.com,Matemáticas III,Dr. Gómez,gomez@uni.com,Ciencias,D-404,Pagado,Tarjeta
11037,Juan Pérez,juan.p@email.com,Base de Datos I,Ing. García,garcia@uni.com,Sistemas,A-101,Pendiente,Tarjeta
11038,Pedro Soto,psoto@email.com,Base de Datos I,Ing. García,garcia@uni.com,Sistemas,A-101,Pagado,Tarjeta
11039,Luis Gómez,luis.g@email.com,Base de Datos I,Ing. García,garcia@uni.com,Sistemas,A-101,Pendiente,Tarjeta
11040,Sofía Vega,s.vega@email.com,Matemáticas III,Dr. Gómez,gomez@uni.com,Ciencias,D-404,Pendiente,Tarjeta
11041,Elena Díaz,e.diaz@email.com,IA Aplicada,Dra. Chen,drchen@uni.com,Sistemas,C-303,Pendiente,Transferencia
11042,Sofía Vega,s.vega@email.com,Redes II,Lic. Martínez,martinez@uni.com,Telecom,B-202,Pendiente,Efectivo
11043,Sofía Vega,s.vega@email.com,Matemáticas III,Dr. Gómez,gomez@uni.com,Ciencias,D-404,Cancelado,Tarjeta
11044,Juan Pérez,juan.p@email.com,Base de Datos I,Ing. García,garcia@uni.com,Sistemas,A-101,Pendiente,Transferencia
11045,Sofía Vega,s.vega@email.com,Redes II,Lic. Martínez,martinez@uni.com,Telecom,B-202,Cancelado,Efectivo
11046,Luis Gómez,luis.g@email.com,IA Aplicada,Dra. Chen,drchen@uni.com,Sistemas,C-303,Pendiente,Efectivo
11047,María López,m.lopez@email.com,Redes II,Lic. Martínez,martinez@uni.com,Telecom,B-202,Pendiente,Efectivo
11048,Elena Díaz,e.diaz@email.com,Redes II,Lic. Martínez,martinez@uni.com,Telecom,B-202,Cancelado,Tarjeta
11049,Juan Pérez,juan.p@email.com,Redes II,Lic. Martínez,martinez@uni.com,Telecom,B-202,Pagado,Efectivo
11050,María López,m.lopez@email.com,IA Aplicada,Dra. Chen,drchen@uni.com,Sistemas,C-303,Cancelado,Efectivo
11051,Pedro Soto,psoto@email.com,IA Aplicada,Dra. Chen,drchen@uni.com,Sistemas,C-303,Cancelado,Efectivo
11052,María López,m.lopez@email.com,Matemáticas III,Dr. Gómez,gomez@uni.com,Ciencias,D-404,Cancelado,Tarjeta
11053,Pedro Soto,psoto@email.com,Redes II,Lic. Martínez,martinez@uni.com,Telecom,B-202,Cancelado,Tarjeta
11054,Pedro Soto,psoto@email.com,Matemáticas III,Dr. Gómez,gomez@uni.com,Ciencias,D-404,Pagado,Transferencia
11055,María López,m.lopez@email.com,IA Aplicada,Dra. Chen,drchen@uni.com,Sistemas,C-303,Pagado,Efectivo
11056,Elena Díaz,e.diaz@email.com,Matemáticas III,Dr. Gómez,gomez@uni.com,Ciencias,D-404,Pagado,Transferencia
11057,Sofía Vega,s.vega@email.com,Base de Datos I,Ing. García,garcia@uni.com,Sistemas,A-101,Cancelado,Tarjeta
11058,Ana Torres,ana.t@email.com,IA Aplicada,Dra. Chen,drchen@uni.com,Sistemas,C-303,Cancelado,Transferencia
11059,Luis Gómez,luis.g@email.com,Redes II,Lic. Martínez,martinez@uni.com,Telecom,B-202,Pendiente,Tarjeta
11060,Juan Pérez,juan.p@email.com,Base de Datos I,Ing. García,garcia@uni.com,Sistemas,A-101,Cancelado,Efectivo
11061,Elena Díaz,e.diaz@email.com,Base de Datos I,Ing. García,garcia@uni.com,Sistemas,A-101,Pendiente,Tarjeta
11062,Juan Pérez,juan.p@email.com,Redes II,Lic. Martínez,martinez@uni.com,Telecom,B-202,Pendiente,Tarjeta
11063,Luis Gómez,luis.g@email.com,IA Aplicada,Dra. Chen,drchen@uni.com,Sistemas,C-303,Pendiente,Tarjeta
11064,Carlos Ruiz,cruiz@email.com,Matemáticas III,Dr. Gómez,gomez@uni.com,Ciencias,D-404,Cancelado,Efectivo
11065,Ana Torres,ana.t@email.com,IA Aplicada,Dra. Chen,drchen@uni.com,Sistemas,C-303,Pendiente,Efectivo
11066,Carlos Ruiz,cruiz@email.com,Matemáticas III,Dr. Gómez,gomez@uni.com,Ciencias,D-404,Pendiente,Transferencia
11067,Ana Torres,ana.t@email.com,Base de Datos I,Ing. García,garcia@uni.com,Sistemas,A-101,Pendiente,Transferencia
11068,Laura Paz,l.paz@email.com,Matemáticas III,Dr. Gómez,gomez@uni.com,Ciencias,D-404,Pendiente,Efectivo
11069,Juan Pérez,juan.p@email.com,Base de Datos I,Ing. García,garcia@uni.com,Sistemas,A-101,Pendiente,Transferencia
11070,Elena Díaz,e.diaz@email.com,IA Aplicada,Dra. Chen,drchen@uni.com,Sistemas,C-303,Pendiente,Transferencia
11071,Laura Paz,l.paz@email.com,Redes II,Lic. Martínez,martinez@uni.com,Telecom,B-202,Cancelado,Efectivo
11072,Ana Torres,ana.t@email.com,Redes II,Lic. Martínez,martinez@uni.com,Telecom,B-202,Pendiente,Efectivo
11073,Juan Pérez,juan.p@email.com,Base de Datos I,Ing. García,garcia@uni.com,Sistemas,A-101,Pendiente,Tarjeta
11074,Juan Pérez,juan.p@email.com,Base de Datos I,Ing. García,garcia@uni.com,Sistemas,A-101,Pendiente,Transferencia
11075,Juan Pérez,juan.p@email.com,Redes II,Lic. Martínez,martinez@uni.com,Telecom,B-202,Cancelado,Tarjeta
11076,Pedro Soto,psoto@email.com,Matemáticas III,Dr. Gómez,gomez@uni.com,Ciencias,D-404,Cancelado,Efectivo
11077,Diego Luna,dluna@email.com,Matemáticas III,Dr. Gómez,gomez@uni.com,Ciencias,D-404,Cancelado,Transferencia
11078,Pedro Soto,psoto@email.com,IA Aplicada,Dra. Chen,drchen@uni.com,Sistemas,C-303,Cancelado,Transferencia
11079,María López,m.lopez@email.com,Matemáticas III,Dr. Gómez,gomez@uni.com,Ciencias,D-404,Pagado,Transferencia
11080,Ana Torres,ana.t@email.com,Base de Datos I,Ing. García,garcia@uni.com,Sistemas,A-101,Pendiente,Efectivo
11081,Juan Pérez,juan.p@email.com,Redes II,Lic. Martínez,martinez@uni.com,Telecom,B-202,Cancelado,Transferencia
11082,María López,m.lopez@email.com,IA Aplicada,Dra. Chen,drchen@uni.com,Sistemas,C-303,Cancelado,Tarjeta
11083,Sofía Vega,s.vega@email.com,Redes II,Lic. Martínez,martinez@uni.com,Telecom,B-202,Pagado,Efectivo
11084,Laura Paz,l.paz@email.com,IA Aplicada,Dra. Chen,drchen@uni.com,Sistemas,C-303,Pendiente,Tarjeta
11085,Laura Paz,l.paz@email.com,Matemáticas III,Dr. Gómez,gomez@uni.com,Ciencias,D-404,Pendiente,Efectivo
11086,Luis Gómez,luis.g@email.com,Base de Datos I,Ing. García,garcia@uni.com,Sistemas,A-101,Pendiente,Transferencia
11087,Diego Luna,dluna@email.com,Matemáticas III,Dr. Gómez,gomez@uni.com,Ciencias,D-404,Cancelado,Efectivo
11088,Diego Luna,dluna@email.com,Base de Datos I,Ing. García,garcia@uni.com,Sistemas,A-101,Cancelado,Tarjeta
11089,Sofía Vega,s.vega@email.com,IA Aplicada,Dra. Chen,drchen@uni.com,Sistemas,C-303,Cancelado,Tarjeta
11090,Carlos Ruiz,cruiz@email.com,IA Aplicada,Dra. Chen,drchen@uni.com,Sistemas,C-303,Cancelado,Efectivo
11091,Elena Díaz,e.diaz@email.com,Redes II,Lic. Martínez,martinez@uni.com,Telecom,B-202,Pagado,Efectivo
11092,Ana Torres,ana.t@email.com,Redes II,Lic. Martínez,martinez@uni.com,Telecom,B-202,Cancelado,Transferencia
11093,Laura Paz,l.paz@email.com,Base de Datos I,Ing. García,garcia@uni.com,Sistemas,A-101,Cancelado,Tarjeta
11094,Luis Gómez,luis.g@email.com,Matemáticas III,Dr. Gómez,gomez@uni.com,Ciencias,D-404,Pagado,Transferencia
11095,Luis Gómez,luis.g@email.com,IA Aplicada,Dra. Chen,drchen@uni.com,Sistemas,C-303,Cancelado,Efectivo
11096,Pedro Soto,psoto@email.com,Matemáticas III,Dr. Gómez,gomez@uni.com,Ciencias,D-404,Pendiente,Efectivo
11097,Diego Luna,dluna@email.com,Base de Datos I,Ing. García,garcia@uni.com,Sistemas,A-101,Cancelado,Tarjeta
11098,Juan Pérez,juan.p@email.com,Redes II,Lic. Martínez,martinez@uni.com,Telecom,B-202,Pendiente,Transferencia
11099,Pedro Soto,psoto@email.com,Redes II,Lic. Martínez,martinez@uni.com,Telecom,B-202,Cancelado,Transferencia
11100,Luis Gómez,luis.g@email.com,IA Aplicada,Dra. Chen,drchen@uni.com,Sistemas,C-303,Pendiente,Transferencia
11101,María López,m.lopez@email.com,Base de Datos I,Ing. García,garcia@uni.com,Sistemas,A-101,Pendiente,Tarjeta
11102,Elena Díaz,e.diaz@email.com,IA Aplicada,Dra. Chen,drchen@uni.com,Sistemas,C-303,Pagado,Efectivo
11103,Laura Paz,l.paz@email.com,Matemáticas III,Dr. Gómez,gomez@uni.com,Ciencias,D-404,Pendiente,Tarjeta
11104,Laura Paz,l.paz@email.com,Redes II,Lic. Martínez,martinez@uni.com,Telecom,B-202,Pagado,Efectivo
11105,Carlos Ruiz,cruiz@email.com,Redes II,Lic. Martínez,martinez@uni.com,Telecom,B-202,Pendiente,Tarjeta
11106,Carlos Ruiz,cruiz@email.com,Matemáticas III,Dr. Gómez,gomez@uni.com,Ciencias,D-404,Pagado,Tarjeta
11107,Ana Torres,ana.t@email.com,Base de Datos I,Ing. García,garcia@uni.com,Sistemas,A-101,Pendiente,Tarjeta
11108,Carlos Ruiz,cruiz@email.com,IA Aplicada,Dra. Chen,drchen@uni.com,Sistemas,C-303,Pendiente,Efectivo
11109,Elena Díaz,e.diaz@email.com,Redes II,Lic. Martínez,martinez@uni.com,Telecom,B-202,Pendiente,Efectivo
11110,Sofía Vega,s.vega@email.com,Base de Datos I,Ing. García,garcia@uni.com,Sistemas,A-101,Cancelado,Efectivo
11111,Juan Pérez,juan.p@email.com,Base de Datos I,Ing. García,garcia@uni.com,Sistemas,A-101,Pendiente,Transferencia
11112,Juan Pérez,juan.p@email.com,Base de Datos I,Ing. García,garcia@uni.com,Sistemas,A-101,Cancelado,Tarjeta
11113,Luis Gómez,luis.g@email.com,Base de Datos I,Ing. García,garcia@uni.com,Sistemas,A-101,Pagado,Efectivo
11114,Sofía Vega,s.vega@email.com,Base de Datos I,Ing. García,garcia@uni.com,Sistemas,A-101,Pagado,Transferencia
11115,Diego Luna,dluna@email.com,Base de Datos I,Ing. García,garcia@uni.com,Sistemas,A-101,Pendiente,Tarjeta
11116,María López,m.lopez@email.com,Matemáticas III,Dr. Gómez,gomez@uni.com,Ciencias,D-404,Pagado,Efectivo
11117,Pedro Soto,psoto@email.com,Matemáticas III,Dr. Gómez,gomez@uni.com,Ciencias,D-404,Cancelado,Tarjeta
11118,Laura Paz,l.paz@email.com,IA Aplicada,Dra. Chen,drchen@uni.com,Sistemas,C-303,Pagado,Tarjeta
11119,Diego Luna,dluna@email.com,Base de Datos I,Ing. García,garcia@uni.com,Sistemas,A-101,Pagado,Tarjeta
11120,Luis Gómez,luis.g@email.com,Redes II,Lic. Martínez,martinez@uni.com,Telecom,B-202,Pagado,Tarjeta
11121,Luis Gómez,luis.g@email.com,Redes II,Lic. Martínez,martinez@uni.com,Telecom,B-202,Cancelado,Tarjeta
11122,Laura Paz,l.paz@email.com,Redes II,Lic. Martínez,martinez@uni.com,Telecom,B-202,Cancelado,Efectivo
11123,Laura Paz,l.paz@email.com,Matemáticas III,Dr. Gómez,gomez@uni.com,Ciencias,D-404,Cancelado,Tarjeta
11124,Pedro Soto,psoto@email.com,Redes II,Lic. Martínez,martinez@uni.com,Telecom,B-202,Cancelado,Tarjeta
11125,Luis Gómez,luis.g@email.com,IA Aplicada,Dra. Chen,drchen@uni.com,Sistemas,C-303,Cancelado,Efectivo
11126,Elena Díaz,e.diaz@email.com,Base de Datos I,Ing. García,garcia@uni.com,Sistemas,A-101,Pagado,Transferencia
11127,Sofía Vega,s.vega@email.com,Redes II,Lic. Martínez,martinez@uni.com,Telecom,B-202,Cancelado,Efectivo
11128,Carlos Ruiz,cruiz@email.com,Matemáticas III,Dr. Gómez,gomez@uni.com,Ciencias,D-404,Cancelado,Transferencia
11129,Sofía Vega,s.vega@email.com,Matemáticas III,Dr. Gómez,gomez@uni.com,Ciencias,D-404,Pagado,Transferencia
11130,Juan Pérez,juan.p@email.com,Base de Datos I,Ing. García,garcia@uni.com,Sistemas,A-101,Cancelado,Tarjeta
11131,Pedro Soto,psoto@email.com,IA Aplicada,Dra. Chen,drchen@uni.com,Sistemas,C-303,Cancelado,Tarjeta
11132,Laura Paz,l.paz@email.com,Base de Datos I,Ing. García,garcia@uni.com,Sistemas,A-101,Pagado,Efectivo
11133,Juan Pérez,juan.p@email.com,Redes II,Lic. Martínez,martinez@uni.com,Telecom,B-202,Cancelado,Tarjeta
11134,Sofía Vega,s.vega@email.com,Base de Datos I,Ing. García,garcia@uni.com,Sistemas,A-101,Pendiente,Efectivo
11135,Elena Díaz,e.diaz@email.com,IA Aplicada,Dra. Chen,drchen@uni.com,Sistemas,C-303,Pagado,Efectivo
11136,Luis Gómez,luis.g@email.com,Redes II,Lic. Martínez,martinez@uni.com,Telecom,B-202,Pendiente,Tarjeta
11137,Diego Luna,dluna@email.com,IA Aplicada,Dra. Chen,drchen@uni.com,Sistemas,C-303,Pendiente,Transferencia
11138,Diego Luna,dluna@email.com,Redes II,Lic. Martínez,martinez@uni.com,Telecom,B-202,Cancelado,Transferencia
11139,María López,m.lopez@email.com,Base de Datos I,Ing. García,garcia@uni.com,Sistemas,A-101,Pagado,Transferencia
11140,Sofía Vega,s.vega@email.com,Redes II,Lic. Martínez,martinez@uni.com,Telecom,B-202,Pendiente,Transferencia
11141,Luis Gómez,luis.g@email.com,Matemáticas III,Dr. Gómez,gomez@uni.com,Ciencias,D-404,Pendiente,Transferencia
11142,Sofía Vega,s.vega@email.com,Base de Datos I,Ing. García,garcia@uni.com,Sistemas,A-101,Pagado,Transferencia
11143,Juan Pérez,juan.p@email.com,Base de Datos I,Ing. García,garcia@uni.com,Sistemas,A-101,Pendiente,Transferencia
11144,Sofía Vega,s.vega@email.com,Matemáticas III,Dr. Gómez,gomez@uni.com,Ciencias,D-404,Pendiente,Transferencia
11145,Laura Paz,l.paz@email.com,Redes II,Lic. Martínez,martinez@uni.com,Telecom,B-202,Cancelado,Efectivo
11146,Ana Torres,ana.t@email.com,Redes II,Lic. Martínez,martinez@uni.com,Telecom,B-202,Cancelado,Transferencia
11147,Carlos Ruiz,cruiz@email.com,Redes II,Lic. Martínez,martinez@uni.com,Telecom,B-202,Pendiente,Tarjeta
11148,Ana Torres,ana.t@email.com,IA Aplicada,Dra. Chen,drchen@uni.com,Sistemas,C-303,Pendiente,Efectivo
11149,Sofía Vega,s.vega@email.com,Base de Datos I,Ing. García,garcia@uni.com,Sistemas,A-101,Pagado,Tarjeta
11150,Pedro Soto,psoto@email.com,IA Aplicada,Dra. Chen,drchen@uni.com,Sistemas,C-303,Pendiente,Tarjeta
11151,Sofía Vega,s.vega@email.com,IA Aplicada,Dra. Chen,drchen@uni.com,Sistemas,C-303,Pagado,Transferencia
11152,Juan Pérez,juan.p@email.com,Redes II,Lic. Martínez,martinez@uni.com,Telecom,B-202,Cancelado,Transferencia
11153,Diego Luna,dluna@email.com,Base de Datos I,Ing. García,garcia@uni.com,Sistemas,A-101,Cancelado,Tarjeta
11154,Luis Gómez,luis.g@email.com,Redes II,Lic. Martínez,martinez@uni.com,Telecom,B-202,Pendiente,Tarjeta
11155,Sofía Vega,s.vega@email.com,Base de Datos I,Ing. García,garcia@uni.com,Sistemas,A-101,Pagado,Transferencia
11156,María López,m.lopez@email.com,Matemáticas III,Dr. Gómez,gomez@uni.com,Ciencias,D-404,Pendiente,Tarjeta
11157,Pedro Soto,psoto@email.com,Base de Datos I,Ing. García,garcia@uni.com,Sistemas,A-101,Pendiente,Efectivo
11158,Laura Paz,l.paz@email.com,Base de Datos I,Ing. García,garcia@uni.com,Sistemas,A-101,Pendiente,Tarjeta
11159,Diego Luna,dluna@email.com,Matemáticas III,Dr. Gómez,gomez@uni.com,Ciencias,D-404,Pendiente,Tarjeta
11160,Carlos Ruiz,cruiz@email.com,Base de Datos I,Ing. García,garcia@uni.com,Sistemas,A-101,Pendiente,Transferencia
11161,Elena Díaz,e.diaz@email.com,Base de Datos I,Ing. García,garcia@uni.com,Sistemas,A-101,Pagado,Transferencia
11162,Diego Luna,dluna@email.com,IA Aplicada,Dra. Chen,drchen@uni.com,Sistemas,C-303,Cancelado,Transferencia
11163,Pedro Soto,psoto@email.com,IA Aplicada,Dra. Chen,drchen@uni.com,Sistemas,C-303,Pendiente,Efectivo
11164,Elena Díaz,e.diaz@email.com,Redes II,Lic. Martínez,martinez@uni.com,Telecom,B-202,Cancelado,Tarjeta
11165,Luis Gómez,luis.g@email.com,Redes II,Lic. Martínez,martinez@uni.com,Telecom,B-202,Cancelado,Tarjeta
11166,Juan Pérez,juan.p@email.com,Redes II,Lic. Martínez,martinez@uni.com,Telecom,B-202,Pendiente,Transferencia
11167,Diego Luna,dluna@email.com,Matemáticas III,Dr. Gómez,gomez@uni.com,Ciencias,D-404,Pendiente,Efectivo
11168,Carlos Ruiz,cruiz@email.com,Base de Datos I,Ing. García,garcia@uni.com,Sistemas,A-101,Pagado,Transferencia
11169,Luis Gómez,luis.g@email.com,Base de Datos I,Ing. García,garcia@uni.com,Sistemas,A-101,Pagado,Transferencia
11170,Juan Pérez,juan.p@email.com,Matemáticas III,Dr. Gómez,gomez@uni.com,Ciencias,D-404,Pendiente,Efectivo
11171,Diego Luna,dluna@email.com,Base de Datos I,Ing. García,garcia@uni.com,Sistemas,A-101,Pendiente,Transferencia
11172,Sofía Vega,s.vega@email.com,Matemáticas III,Dr. Gómez,gomez@uni.com,Ciencias,D-404,Pagado,Transferencia
11173,Sofía Vega,s.vega@email.com,Matemáticas III,Dr. Gómez,gomez@uni.com,Ciencias,D-404,Cancelado,Tarjeta
11174,María López,m.lopez@email.com,IA Aplicada,Dra. Chen,drchen@uni.com,Sistemas,C-303,Pagado,Transferencia
11175,Carlos Ruiz,cruiz@email.com,IA Aplicada,Dra. Chen,drchen@uni.com,Sistemas,C-303,Pendiente,Efectivo
11176,Sofía Vega,s.vega@email.com,Redes II,Lic. Martínez,martinez@uni.com,Telecom,B-202,Cancelado,Tarjeta
11177,Luis Gómez,luis.g@email.com,Redes II,Lic. Martínez,martinez@uni.com,Telecom,B-202,Cancelado,Transferencia
11178,Elena Díaz,e.diaz@email.com,Matemáticas III,Dr. Gómez,gomez@uni.com,Ciencias,D-404,Pendiente,Efectivo
11179,Diego Luna,dluna@email.com,Matemáticas III,Dr. Gómez,gomez@uni.com,Ciencias,D-404,Pendiente,Transferencia
11180,Juan Pérez,juan.p@email.com,Matemáticas III,Dr. Gómez,gomez@uni.com,Ciencias,D-404,Pagado,Efectivo
11181,Pedro Soto,psoto@email.com,Base de Datos I,Ing. García,garcia@uni.com,Sistemas,A-101,Cancelado,Tarjeta
11182,Diego Luna,dluna@email.com,Base de Datos I,Ing. García,garcia@uni.com,Sistemas,A-101,Cancelado,Tarjeta
11183,Carlos Ruiz,cruiz@email.com,Base de Datos I,Ing. García,garcia@uni.com,Sistemas,A-101,Cancelado,Tarjeta
11184,Sofía Vega,s.vega@email.com,Base de Datos I,Ing. García,garcia@uni.com,Sistemas,A-101,Cancelado,Tarjeta
11185,Pedro Soto,psoto@email.com,Base de Datos I,Ing. García,garcia@uni.com,Sistemas,A-101,Cancelado,Efectivo
11186,Diego Luna,dluna@email.com,Base de Datos I,Ing. García,garcia@uni.com,Sistemas,A-101,Pagado,Transferencia
11187,Elena Díaz,e.diaz@email.com,Base de Datos I,Ing. García,garcia@uni.com,Sistemas,A-101,Cancelado,Transferencia
11188,María López,m.lopez@email.com,Matemáticas III,Dr. Gómez,gomez@uni.com,Ciencias,D-404,Pagado,Tarjeta
11189,Carlos Ruiz,cruiz@email.com,Matemáticas III,Dr. Gómez,gomez@uni.com,Ciencias,D-404,Pagado,Transferencia
11190,Luis Gómez,luis.g@email.com,IA Aplicada,Dra. Chen,drchen@uni.com,Sistemas,C-303,Pendiente,Efectivo
11191,Juan Pérez,juan.p@email.com,Base de Datos I,Ing. García,garcia@uni.com,Sistemas,A-101,Pagado,Transferencia
11192,Juan Pérez,juan.p@email.com,IA Aplicada,Dra. Chen,drchen@uni.com,Sistemas,C-303,Cancelado,Efectivo
11193,Sofía Vega,s.vega@email.com,IA Aplicada,Dra. Chen,drchen@uni.com,Sistemas,C-303,Pagado,Transferencia
11194,Carlos Ruiz,cruiz@email.com,Base de Datos I,Ing. García,garcia@uni.com,Sistemas,A-101,Pendiente,Efectivo
11195,Carlos Ruiz,cruiz@email.com,Redes II,Lic. Martínez,martinez@uni.com,Telecom,B-202,Cancelado,Efectivo
11196,Luis Gómez,luis.g@email.com,IA Aplicada,Dra. Chen,drchen@uni.com,Sistemas,C-303,Pagado,Efectivo
11197,Carlos Ruiz,cruiz@email.com,IA Aplicada,Dra. Chen,drchen@uni.com,Sistemas,C-303,Pagado,Transferencia
11198,Luis Gómez,luis.g@email.com,IA Aplicada,Dra. Chen,drchen@uni.com,Sistemas,C-303,Pendiente,Tarjeta
11199,Juan Pérez,juan.p@email.com,Matemáticas III,Dr. Gómez,gomez@uni.com,Ciencias,D-404,Pendiente,Efectivo
11200,Carlos Ruiz,cruiz@email.com,IA Aplicada,Dra. Chen,drchen@uni.com,Sistemas,C-303,Pagado,Tarjeta
11201,Carlos Ruiz,cruiz@email.com,Redes II,Lic. Martínez,martinez@uni.com,Telecom,B-202,Pagado,Efectivo
11202,Luis Gómez,luis.g@email.com,Redes II,Lic. Martínez,martinez@uni.com,Telecom,B-202,Pagado,Efectivo
11203,María López,m.lopez@email.com,Base de Datos I,Ing. García,garcia@uni.com,Sistemas,A-101,Pendiente,Tarjeta
11204,Laura Paz,l.paz@email.com,IA Aplicada,Dra. Chen,drchen@uni.com,Sistemas,C-303,Pendiente,Tarjeta
11205,Sofía Vega,s.vega@email.com,Base de Datos I,Ing. García,garcia@uni.com,Sistemas,A-101,Pendiente,Transferencia
11206,Pedro Soto,psoto@email.com,Redes II,Lic. Martínez,martinez@uni.com,Telecom,B-202,Pendiente,Efectivo
11207,Diego Luna,dluna@email.com,Redes II,Lic. Martínez,martinez@uni.com,Telecom,B-202,Pendiente,Tarjeta
11208,Juan Pérez,juan.p@email.com,Redes II,Lic. Martínez,martinez@uni.com,Telecom,B-202,Pagado,Transferencia
11209,Luis Gómez,luis.g@email.com,Matemáticas III,Dr. Gómez,gomez@uni.com,Ciencias,D-404,Cancelado,Transferencia
11210,Elena Díaz,e.diaz@email.com,Redes II,Lic. Martínez,martinez@uni.com,Telecom,B-202,Pagado,Efectivo
11211,Pedro Soto,psoto@email.com,IA Aplicada,Dra. Chen,drchen@uni.com,Sistemas,C-303,Cancelado,Transferencia
11212,Ana Torres,ana.t@email.com,Base de Datos I,Ing. García,garcia@uni.com,Sistemas,A-101,Pendiente,Efectivo
11213,Pedro Soto,psoto@email.com,Base de Datos I,Ing. García,garcia@uni.com,Sistemas,A-101,Pendiente,Tarjeta
11214,Laura Paz,l.paz@email.com,IA Aplicada,Dra. Chen,drchen@uni.com,Sistemas,C-303,Cancelado,Tarjeta
11215,María López,m.lopez@email.com,IA Aplicada,Dra. Chen,drchen@uni.com,Sistemas,C-303,Cancelado,Tarjeta
11216,Diego Luna,dluna@email.com,IA Aplicada,Dra. Chen,drchen@uni.com,Sistemas,C-303,Pagado,Efectivo
11217,Elena Díaz,e.diaz@email.com,Matemáticas III,Dr. Gómez,gomez@uni.com,Ciencias,D-404,Pagado,Transferencia
11218,Ana Torres,ana.t@email.com,Matemáticas III,Dr. Gómez,gomez@uni.com,Ciencias,D-404,Pagado,Efectivo
11219,Elena Díaz,e.diaz@email.com,Matemáticas III,Dr. Gómez,gomez@uni.com,Ciencias,D-404,Cancelado,Efectivo
11220,Juan Pérez,juan.p@email.com,Redes II,Lic. Martínez,martinez@uni.com,Telecom,B-202,Pagado,Transferencia
11221,María López,m.lopez@email.com,IA Aplicada,Dra. Chen,drchen@uni.com,Sistemas,C-303,Pendiente,Efectivo
11222,Diego Luna,dluna@email.com,Matemáticas III,Dr. Gómez,gomez@uni.com,Ciencias,D-404,Pendiente,Transferencia
11223,Carlos Ruiz,cruiz@email.com,IA Aplicada,Dra. Chen,drchen@uni.com,Sistemas,C-303,Pendiente,Transferencia
11224,Elena Díaz,e.diaz@email.com,IA Aplicada,Dra. Chen,drchen@uni.com,Sistemas,C-303,Pagado,Efectivo
11225,Ana Torres,ana.t@email.com,Matemáticas III,Dr. Gómez,gomez@uni.com,Ciencias,D-404,Pendiente,Transferencia
11226,Juan Pérez,juan.p@email.com,Matemáticas III,Dr. Gómez,gomez@uni.com,Ciencias,D-404,Pendiente,Efectivo
11227,Juan Pérez,juan.p@email.com,Matemáticas III,Dr. Gómez,gomez@uni.com,Ciencias,D-404,Pendiente,Transferencia
11228,Juan Pérez,juan.p@email.com,IA Aplicada,Dra. Chen,drchen@uni.com,Sistemas,C-303,Cancelado,Efectivo
11229,Juan Pérez,juan.p@email.com,Matemáticas III,Dr. Gómez,gomez@uni.com,Ciencias,D-404,Pagado,Tarjeta
11230,Carlos Ruiz,cruiz@email.com,Redes II,Lic. Martínez,martinez@uni.com,Telecom,B-202,Cancelado,Transferencia
11231,Diego Luna,dluna@email.com,IA Aplicada,Dra. Chen,drchen@uni.com,Sistemas,C-303,Pagado,Tarjeta
11232,Juan Pérez,juan.p@email.com,IA Aplicada,Dra. Chen,drchen@uni.com,Sistemas,C-303,Pendiente,Tarjeta
11233,Pedro Soto,psoto@email.com,IA Aplicada,Dra. Chen,drchen@uni.com,Sistemas,C-303,Pagado,Transferencia
11234,Laura Paz,l.paz@email.com,Base de Datos I,Ing. García,garcia@uni.com,Sistemas,A-101,Pendiente,Efectivo
11235,Laura Paz,l.paz@email.com,Redes II,Lic. Martínez,martinez@uni.com,Telecom,B-202,Pagado,Transferencia
11236,Sofía Vega,s.vega@email.com,Matemáticas III,Dr. Gómez,gomez@uni.com,Ciencias,D-404,Cancelado,Tarjeta
11237,Diego Luna,dluna@email.com,Base de Datos I,Ing. García,garcia@uni.com,Sistemas,A-101,Pendiente,Tarjeta
11238,Juan Pérez,juan.p@email.com,Redes II,Lic. Martínez,martinez@uni.com,Telecom,B-202,Pagado,Efectivo
11239,Elena Díaz,e.diaz@email.com,Redes II,Lic. Martínez,martinez@uni.com,Telecom,B-202,Pagado,Efectivo
11240,Laura Paz,l.paz@email.com,Redes II,Lic. Martínez,martinez@uni.com,Telecom,B-202,Cancelado,Tarjeta
11241,Diego Luna,dluna@email.com,Redes II,Lic. Martínez,martinez@uni.com,Telecom,B-202,Pendiente,Efectivo
11242,Pedro Soto,psoto@email.com,Matemáticas III,Dr. Gómez,gomez@uni.com,Ciencias,D-404,Cancelado,Tarjeta
11243,Elena Díaz,e.diaz@email.com,Matemáticas III,Dr. Gómez,gomez@uni.com,Ciencias,D-404,Cancelado,Tarjeta
11244,María López,m.lopez@email.com,Base de Datos I,Ing. García,garcia@uni.com,Sistemas,A-101,Cancelado,Tarjeta
11245,Elena Díaz,e.diaz@email.com,Matemáticas III,Dr. Gómez,gomez@uni.com,Ciencias,D-404,Pendiente,Transferencia
11246,Juan Pérez,juan.p@email.com,Base de Datos I,Ing. García,garcia@uni.com,Sistemas,A-101,Pagado,Tarjeta
11247,Pedro Soto,psoto@email.com,Redes II,Lic. Martínez,martinez@uni.com,Telecom,B-202,Pendiente,Efectivo
11248,Ana Torres,ana.t@email.com,Matemáticas III,Dr. Gómez,gomez@uni.com,Ciencias,D-404,Pendiente,Transferencia
11249,Ana Torres,ana.t@email.com,IA Aplicada,Dra. Chen,drchen@uni.com,Sistemas,C-303,Pagado,Tarjeta
11250,Elena Díaz,e.diaz@email.com,Matemáticas III,Dr. Gómez,gomez@uni.com,Ciencias,D-404,Pagado,Transferencia
11251,Carlos Ruiz,cruiz@email.com,Matemáticas III,Dr. Gómez,gomez@uni.com,Ciencias,D-404,Pendiente,Transferencia
11252,María López,m.lopez@email.com,Matemáticas III,Dr. Gómez,gomez@uni.com,Ciencias,D-404,Pagado,Tarjeta
11253,Elena Díaz,e.diaz@email.com,IA Aplicada,Dra. Chen,drchen@uni.com,Sistemas,C-303,Cancelado,Tarjeta
11254,Laura Paz,l.paz@email.com,Matemáticas III,Dr. Gómez,gomez@uni.com,Ciencias,D-404,Pendiente,Transferencia
11255,Juan Pérez,juan.p@email.com,Redes II,Lic. Martínez,martinez@uni.com,Telecom,B-202,Cancelado,Efectivo
11256,Ana Torres,ana.t@email.com,Matemáticas III,Dr. Gómez,gomez@uni.com,Ciencias,D-404,Pendiente,Tarjeta
11257,Elena Díaz,e.diaz@email.com,IA Aplicada,Dra. Chen,drchen@uni.com,Sistemas,C-303,Pendiente,Transferencia
11258,Juan Pérez,juan.p@email.com,Matemáticas III,Dr. Gómez,gomez@uni.com,Ciencias,D-404,Pagado,Tarjeta
11259,Sofía Vega,s.vega@email.com,Matemáticas III,Dr. Gómez,gomez@uni.com,Ciencias,D-404,Cancelado,Efectivo
11260,María López,m.lopez@email.com,IA Aplicada,Dra. Chen,drchen@uni.com,Sistemas,C-303,Pendiente,Transferencia
11261,Elena Díaz,e.diaz@email.com,Redes II,Lic. Martínez,martinez@uni.com,Telecom,B-202,Cancelado,Transferencia
11262,Juan Pérez,juan.p@email.com,Base de Datos I,Ing. García,garcia@uni.com,Sistemas,A-101,Cancelado,Tarjeta
11263,Diego Luna,dluna@email.com,Matemáticas III,Dr. Gómez,gomez@uni.com,Ciencias,D-404,Pagado,Efectivo
11264,Laura Paz,l.paz@email.com,Matemáticas III,Dr. Gómez,gomez@uni.com,Ciencias,D-404,Pendiente,Efectivo
11265,Pedro Soto,psoto@email.com,Base de Datos I,Ing. García,garcia@uni.com,Sistemas,A-101,Cancelado,Transferencia
11266,Sofía Vega,s.vega@email.com,Matemáticas III,Dr. Gómez,gomez@uni.com,Ciencias,D-404,Pagado,Tarjeta
11267,Diego Luna,dluna@email.com,IA Aplicada,Dra. Chen,drchen@uni.com,Sistemas,C-303,Pagado,Transferencia
11268,Carlos Ruiz,cruiz@email.com,IA Aplicada,Dra. Chen,drchen@uni.com,Sistemas,C-303,Cancelado,Efectivo
11269,Ana Torres,ana.t@email.com,Base de Datos I,Ing. García,garcia@uni.com,Sistemas,A-101,Pagado,Transferencia
11270,María López,m.lopez@email.com,Matemáticas III,Dr. Gómez,gomez@uni.com,Ciencias,D-404,Pendiente,Efectivo
11271,Carlos Ruiz,cruiz@email.com,Matemáticas III,Dr. Gómez,gomez@uni.com,Ciencias,D-404,Pagado,Transferencia
11272,Ana Torres,ana.t@email.com,Base de Datos I,Ing. García,garcia@uni.com,Sistemas,A-101,Pagado,Transferencia
11273,Diego Luna,dluna@email.com,IA Aplicada,Dra. Chen,drchen@uni.com,Sistemas,C-303,Pagado,Tarjeta
11274,Pedro Soto,psoto@email.com,Redes II,Lic. Martínez,martinez@uni.com,Telecom,B-202,Cancelado,Efectivo
11275,Ana Torres,ana.t@email.com,Base de Datos I,Ing. García,garcia@uni.com,Sistemas,A-101,Pagado,Tarjeta
11276,María López,m.lopez@email.com,IA Aplicada,Dra. Chen,drchen@uni.com,Sistemas,C-303,Cancelado,Transferencia
11277,Juan Pérez,juan.p@email.com,Matemáticas III,Dr. Gómez,gomez@uni.com,Ciencias,D-404,Cancelado,Tarjeta
11278,Diego Luna,dluna@email.com,IA Aplicada,Dra. Chen,drchen@uni.com,Sistemas,C-303,Pendiente,Efectivo
11279,Carlos Ruiz,cruiz@email.com,Matemáticas III,Dr. Gómez,gomez@uni.com,Ciencias,D-404,Pendiente,Transferencia
11280,María López,m.lopez@email.com,Matemáticas III,Dr. Gómez,gomez@uni.com,Ciencias,D-404,Cancelado,Efectivo
11281,Ana Torres,ana.t@email.com,IA Aplicada,Dra. Chen,drchen@uni.com,Sistemas,C-303,Cancelado,Transferencia
11282,Pedro Soto,psoto@email.com,Base de Datos I,Ing. García,garcia@uni.com,Sistemas,A-101,Pendiente,Transferencia
11283,María López,m.lopez@email.com,Redes II,Lic. Martínez,martinez@uni.com,Telecom,B-202,Cancelado,Efectivo
11284,Ana Torres,ana.t@email.com,Matemáticas III,Dr. Gómez,gomez@uni.com,Ciencias,D-404,Pagado,Transferencia
11285,Elena Díaz,e.diaz@email.com,Base de Datos I,Ing. García,garcia@uni.com,Sistemas,A-101,Pendiente,Efectivo
11286,Laura Paz,l.paz@email.com,Base de Datos I,Ing. García,garcia@uni.com,Sistemas,A-101,Cancelado,Transferencia
11287,Juan Pérez,juan.p@email.com,Redes II,Lic. Martínez,martinez@uni.com,Telecom,B-202,Cancelado,Transferencia
11288,Carlos Ruiz,cruiz@email.com,Redes II,Lic. Martínez,martinez@uni.com,Telecom,B-202,Pagado,Efectivo
11289,Ana Torres,ana.t@email.com,Redes II,Lic. Martínez,martinez@uni.com,Telecom,B-202,Pendiente,Tarjeta
11290,Laura Paz,l.paz@email.com,Redes II,Lic. Martínez,martinez@uni.com,Telecom,B-202,Pendiente,Efectivo
11291,Laura Paz,l.paz@email.com,Matemáticas III,Dr. Gómez,gomez@uni.com,Ciencias,D-404,Cancelado,Tarjeta
11292,Sofía Vega,s.vega@email.com,Redes II,Lic. Martínez,martinez@uni.com,Telecom,B-202,Pagado,Efectivo
11293,Ana Torres,ana.t@email.com,Base de Datos I,Ing. García,garcia@uni.com,Sistemas,A-101,Pendiente,Transferencia
11294,Pedro Soto,psoto@email.com,Base de Datos I,Ing. García,garcia@uni.com,Sistemas,A-101,Cancelado,Transferencia
11295,Juan Pérez,juan.p@email.com,Matemáticas III,Dr. Gómez,gomez@uni.com,Ciencias,D-404,Pendiente,Tarjeta
11296,Sofía Vega,s.vega@email.com,Base de Datos I,Ing. García,garcia@uni.com,Sistemas,A-101,Pendiente,Tarjeta
11297,Luis Gómez,luis.g@email.com,Matemáticas III,Dr. Gómez,gomez@uni.com,Ciencias,D-404,Cancelado,Tarjeta
11298,Pedro Soto,psoto@email.com,Matemáticas III,Dr. Gómez,gomez@uni.com,Ciencias,D-404,Cancelado,Efectivo
11299,María López,m.lopez@email.com,Redes II,Lic. Martínez,martinez@uni.com,Telecom,B-202,Pagado,Tarjeta
11300,Sofía Vega,s.vega@email.com,Redes II,Lic. Martínez,martinez@uni.com,Telecom,B-202,Pagado,Transferencia
11301,Juan Pérez,juan.p@email.com,Matemáticas III,Dr. Gómez,gomez@uni.com,Ciencias,D-404,Pendiente,Transferencia
11302,Elena Díaz,e.diaz@email.com,Base de Datos I,Ing. García,garcia@uni.com,Sistemas,A-101,Cancelado,Tarjeta
11303,Diego Luna,dluna@email.com,IA Aplicada,Dra. Chen,drchen@uni.com,Sistemas,C-303,Pagado,Transferencia
11304,Elena Díaz,e.diaz@email.com,Matemáticas III,Dr. Gómez,gomez@uni.com,Ciencias,D-404,Pendiente,Efectivo
11305,Juan Pérez,juan.p@email.com,IA Aplicada,Dra. Chen,drchen@uni.com,Sistemas,C-303,Pagado,Transferencia
11306,Diego Luna,dluna@email.com,Base de Datos I,Ing. García,garcia@uni.com,Sistemas,A-101,Cancelado,Tarjeta
11307,Carlos Ruiz,cruiz@email.com,Redes II,Lic. Martínez,martinez@uni.com,Telecom,B-202,Pendiente,Efectivo
11308,Laura Paz,l.paz@email.com,Base de Datos I,Ing. García,garcia@uni.com,Sistemas,A-101,Cancelado,Efectivo
11309,Diego Luna,dluna@email.com,Matemáticas III,Dr. Gómez,gomez@uni.com,Ciencias,D-404,Pendiente,Tarjeta
11310,María López,m.lopez@email.com,Matemáticas III,Dr. Gómez,gomez@uni.com,Ciencias,D-404,Cancelado,Tarjeta
11311,Laura Paz,l.paz@email.com,Redes II,Lic. Martínez,martinez@uni.com,Telecom,B-202,Cancelado,Transferencia
11312,Carlos Ruiz,cruiz@email.com,Matemáticas III,Dr. Gómez,gomez@uni.com,Ciencias,D-404,Cancelado,Transferencia
11313,Pedro Soto,psoto@email.com,Redes II,Lic. Martínez,martinez@uni.com,Telecom,B-202,Cancelado,Transferencia
11314,Pedro Soto,psoto@email.com,Redes II,Lic. Martínez,martinez@uni.com,Telecom,B-202,Pendiente,Tarjeta
11315,Ana Torres,ana.t@email.com,Base de Datos I,Ing. García,garcia@uni.com,Sistemas,A-101,Pendiente,Transferencia
11316,Sofía Vega,s.vega@email.com,Matemáticas III,Dr. Gómez,gomez@uni.com,Ciencias,D-404,Pagado,Tarjeta
11317,Sofía Vega,s.vega@email.com,IA Aplicada,Dra. Chen,drchen@uni.com,Sistemas,C-303,Cancelado,Tarjeta
11318,Diego Luna,dluna@email.com,Redes II,Lic. Martínez,martinez@uni.com,Telecom,B-202,Pendiente,Tarjeta
11319,Juan Pérez,juan.p@email.com,Redes II,Lic. Martínez,martinez@uni.com,Telecom,B-202,Pagado,Transferencia
11320,Elena Díaz,e.diaz@email.com,Redes II,Lic. Martínez,martinez@uni.com,Telecom,B-202,Pendiente,Tarjeta
11321,Sofía Vega,s.vega@email.com,Redes II,Lic. Martínez,martinez@uni.com,Telecom,B-202,Cancelado,Tarjeta
11322,Carlos Ruiz,cruiz@email.com,IA Aplicada,Dra. Chen,drchen@uni.com,Sistemas,C-303,Pendiente,Efectivo
11323,Diego Luna,dluna@email.com,Redes II,Lic. Martínez,martinez@uni.com,Telecom,B-202,Pendiente,Transferencia
11324,Carlos Ruiz,cruiz@email.com,IA Aplicada,Dra. Chen,drchen@uni.com,Sistemas,C-303,Pendiente,Efectivo
11325,Pedro Soto,psoto@email.com,Base de Datos I,Ing. García,garcia@uni.com,Sistemas,A-101,Cancelado,Efectivo
11326,Elena Díaz,e.diaz@email.com,IA Aplicada,Dra. Chen,drchen@uni.com,Sistemas,C-303,Pagado,Transferencia
11327,Sofía Vega,s.vega@email.com,Matemáticas III,Dr. Gómez,gomez@uni.com,Ciencias,D-404,Pagado,Efectivo
11328,Sofía Vega,s.vega@email.com,Base de Datos I,Ing. García,garcia@uni.com,Sistemas,A-101,Cancelado,Transferencia
11329,María López,m.lopez@email.com,Base de Datos I,Ing. García,garcia@uni.com,Sistemas,A-101,Cancelado,Transferencia
11330,Pedro Soto,psoto@email.com,Redes II,Lic. Martínez,martinez@uni.com,Telecom,B-202,Pagado,Transferencia
11331,Laura Paz,l.paz@email.com,Base de Datos I,Ing. García,garcia@uni.com,Sistemas,A-101,Pendiente,Transferencia
11332,Diego Luna,dluna@email.com,IA Aplicada,Dra. Chen,drchen@uni.com,Sistemas,C-303,Pendiente,Transferencia
11333,Elena Díaz,e.diaz@email.com,IA Aplicada,Dra. Chen,drchen@uni.com,Sistemas,C-303,Cancelado,Transferencia
11334,Laura Paz,l.paz@email.com,Matemáticas III,Dr. Gómez,gomez@uni.com,Ciencias,D-404,Pagado,Tarjeta
11335,Ana Torres,ana.t@email.com,IA Aplicada,Dra. Chen,drchen@uni.com,Sistemas,C-303,Cancelado,Tarjeta
11336,Pedro Soto,psoto@email.com,Base de Datos I,Ing. García,garcia@uni.com,Sistemas,A-101,Cancelado,Efectivo
11337,Elena Díaz,e.diaz@email.com,Base de Datos I,Ing. García,garcia@uni.com,Sistemas,A-101,Pendiente,Efectivo
11338,Carlos Ruiz,cruiz@email.com,Base de Datos I,Ing. García,garcia@uni.com,Sistemas,A-101,Cancelado,Transferencia
11339,Carlos Ruiz,cruiz@email.com,IA Aplicada,Dra. Chen,drchen@uni.com,Sistemas,C-303,Cancelado,Transferencia
11340,Juan Pérez,juan.p@email.com,Redes II,Lic. Martínez,martinez@uni.com,Telecom,B-202,Pendiente,Efectivo
11341,Ana Torres,ana.t@email.com,Base de Datos I,Ing. García,garcia@uni.com,Sistemas,A-101,Cancelado,Transferencia
11342,Laura Paz,l.paz@email.com,Matemáticas III,Dr. Gómez,gomez@uni.com,Ciencias,D-404,Pendiente,Tarjeta
11343,Carlos Ruiz,cruiz@email.com,Redes II,Lic. Martínez,martinez@uni.com,Telecom,B-202,Cancelado,Efectivo
11344,Laura Paz,l.paz@email.com,Redes II,Lic. Martínez,martinez@uni.com,Telecom,B-202,Pendiente,Tarjeta
11345,Sofía Vega,s.vega@email.com,Base de Datos I,Ing. García,garcia@uni.com,Sistemas,A-101,Cancelado,Tarjeta
11346,Elena Díaz,e.diaz@email.com,Matemáticas III,Dr. Gómez,gomez@uni.com,Ciencias,D-404,Cancelado,Transferencia
11347,Elena Díaz,e.diaz@email.com,Matemáticas III,Dr. Gómez,gomez@uni.com,Ciencias,D-404,Cancelado,Tarjeta
11348,Elena Díaz,e.diaz@email.com,Redes II,Lic. Martínez,martinez@uni.com,Telecom,B-202,Pendiente,Tarjeta
11349,Diego Luna,dluna@email.com,Matemáticas III,Dr. Gómez,gomez@uni.com,Ciencias,D-404,Pendiente,Transferencia
11350,Laura Paz,l.paz@email.com,Redes II,Lic. Martínez,martinez@uni.com,Telecom,B-202,Pendiente,Transferencia
11351,Pedro Soto,psoto@email.com,Redes II,Lic. Martínez,martinez@uni.com,Telecom,B-202,Cancelado,Tarjeta
11352,Carlos Ruiz,cruiz@email.com,Matemáticas III,Dr. Gómez,gomez@uni.com,Ciencias,D-404,Pendiente,Efectivo
11353,Diego Luna,dluna@email.com,Redes II,Lic. Martínez,martinez@uni.com,Telecom,B-202,Pagado,Efectivo
11354,Diego Luna,dluna@email.com,Base de Datos I,Ing. García,garcia@uni.com,Sistemas,A-101,Pendiente,Transferencia
11355,Pedro Soto,psoto@email.com,Redes II,Lic. Martínez,martinez@uni.com,Telecom,B-202,Pagado,Efectivo
11356,Luis Gómez,luis.g@email.com,Base de Datos I,Ing. García,garcia@uni.com,Sistemas,A-101,Pendiente,Efectivo
11357,Sofía Vega,s.vega@email.com,Base de Datos I,Ing. García,garcia@uni.com,Sistemas,A-101,Cancelado,Transferencia
11358,Sofía Vega,s.vega@email.com,IA Aplicada,Dra. Chen,drchen@uni.com,Sistemas,C-303,Pagado,Tarjeta
11359,Diego Luna,dluna@email.com,Redes II,Lic. Martínez,martinez@uni.com,Telecom,B-202,Pendiente,Tarjeta
11360,Laura Paz,l.paz@email.com,Matemáticas III,Dr. Gómez,gomez@uni.com,Ciencias,D-404,Cancelado,Transferencia
11361,Laura Paz,l.paz@email.com,Base de Datos I,Ing. García,garcia@uni.com,Sistemas,A-101,Cancelado,Transferencia
11362,Pedro Soto,psoto@email.com,Matemáticas III,Dr. Gómez,gomez@uni.com,Ciencias,D-404,Cancelado,Efectivo
11363,Laura Paz,l.paz@email.com,IA Aplicada,Dra. Chen,drchen@uni.com,Sistemas,C-303,Pagado,Efectivo
11364,Ana Torres,ana.t@email.com,Matemáticas III,Dr. Gómez,gomez@uni.com,Ciencias,D-404,Pendiente,Efectivo
11365,Juan Pérez,juan.p@email.com,Redes II,Lic. Martínez,martinez@uni.com,Telecom,B-202,Pendiente,Efectivo
11366,Sofía Vega,s.vega@email.com,Matemáticas III,Dr. Gómez,gomez@uni.com,Ciencias,D-404,Pagado,Tarjeta
11367,María López,m.lopez@email.com,Base de Datos I,Ing. García,garcia@uni.com,Sistemas,A-101,Pagado,Transferencia
11368,Diego Luna,dluna@email.com,Base de Datos I,Ing. García,garcia@uni.com,Sistemas,A-101,Pagado,Transferencia
11369,Diego Luna,dluna@email.com,Matemáticas III,Dr. Gómez,gomez@uni.com,Ciencias,D-404,Pagado,Tarjeta
11370,Pedro Soto,psoto@email.com,IA Aplicada,Dra. Chen,drchen@uni.com,Sistemas,C-303,Pagado,Tarjeta
11371,Ana Torres,ana.t@email.com,Matemáticas III,Dr. Gómez,gomez@uni.com,Ciencias,D-404,Cancelado,Tarjeta
11372,Ana Torres,ana.t@email.com,IA Aplicada,Dra. Chen,drchen@uni.com,Sistemas,C-303,Cancelado,Tarjeta
11373,Carlos Ruiz,cruiz@email.com,Redes II,Lic. Martínez,martinez@uni.com,Telecom,B-202,Pendiente,Transferencia
11374,María López,m.lopez@email.com,Base de Datos I,Ing. García,garcia@uni.com,Sistemas,A-101,Pagado,Tarjeta
11375,María López,m.lopez@email.com,Redes II,Lic. Martínez,martinez@uni.com,Telecom,B-202,Pendiente,Efectivo
11376,Carlos Ruiz,cruiz@email.com,Base de Datos I,Ing. García,garcia@uni.com,Sistemas,A-101,Pendiente,Efectivo
11377,Sofía Vega,s.vega@email.com,Redes II,Lic. Martínez,martinez@uni.com,Telecom,B-202,Pagado,Transferencia
11378,Luis Gómez,luis.g@email.com,Matemáticas III,Dr. Gómez,gomez@uni.com,Ciencias,D-404,Pagado,Efectivo
11379,Pedro Soto,psoto@email.com,Matemáticas III,Dr. Gómez,gomez@uni.com,Ciencias,D-404,Pendiente,Transferencia
11380,Juan Pérez,juan.p@email.com,IA Aplicada,Dra. Chen,drchen@uni.com,Sistemas,C-303,Pagado,Transferencia
11381,María López,m.lopez@email.com,Redes II,Lic. Martínez,martinez@uni.com,Telecom,B-202,Pendiente,Transferencia
11382,Sofía Vega,s.vega@email.com,IA Aplicada,Dra. Chen,drchen@uni.com,Sistemas,C-303,Pagado,Transferencia
11383,Laura Paz,l.paz@email.com,Matemáticas III,Dr. Gómez,gomez@uni.com,Ciencias,D-404,Pagado,Transferencia
11384,Pedro Soto,psoto@email.com,Matemáticas III,Dr. Gómez,gomez@uni.com,Ciencias,D-404,Pagado,Efectivo
11385,Luis Gómez,luis.g@email.com,Base de Datos I,Ing. García,garcia@uni.com,Sistemas,A-101,Pagado,Efectivo
11386,Luis Gómez,luis.g@email.com,IA Aplicada,Dra. Chen,drchen@uni.com,Sistemas,C-303,Pendiente,Transferencia
11387,Juan Pérez,juan.p@email.com,Redes II,Lic. Martínez,martinez@uni.com,Telecom,B-202,Pagado,Efectivo
11388,Ana Torres,ana.t@email.com,Redes II,Lic. Martínez,martinez@uni.com,Telecom,B-202,Pagado,Transferencia
11389,Carlos Ruiz,cruiz@email.com,IA Aplicada,Dra. Chen,drchen@uni.com,Sistemas,C-303,Cancelado,Tarjeta
11390,María López,m.lopez@email.com,IA Aplicada,Dra. Chen,drchen@uni.com,Sistemas,C-303,Pagado,Tarjeta
11391,Diego Luna,dluna@email.com,Base de Datos I,Ing. García,garcia@uni.com,Sistemas,A-101,Cancelado,Transferencia
11392,Elena Díaz,e.diaz@email.com,Base de Datos I,Ing. García,garcia@uni.com,Sistemas,A-101,Cancelado,Transferencia
11393,Ana Torres,ana.t@email.com,Redes II,Lic. Martínez,martinez@uni.com,Telecom,B-202,Pagado,Transferencia
11394,Luis Gómez,luis.g@email.com,IA Aplicada,Dra. Chen,drchen@uni.com,Sistemas,C-303,Cancelado,Efectivo
11395,Ana Torres,ana.t@email.com,Matemáticas III,Dr. Gómez,gomez@uni.com,Ciencias,D-404,Cancelado,Tarjeta
11396,Carlos Ruiz,cruiz@email.com,Redes II,Lic. Martínez,martinez@uni.com,Telecom,B-202,Cancelado,Transferencia
11397,Carlos Ruiz,cruiz@email.com,Matemáticas III,Dr. Gómez,gomez@uni.com,Ciencias,D-404,Cancelado,Transferencia
11398,Ana Torres,ana.t@email.com,Base de Datos I,Ing. García,garcia@uni.com,Sistemas,A-101,Cancelado,Transferencia
11399,Luis Gómez,luis.g@email.com,IA Aplicada,Dra. Chen,drchen@uni.com,Sistemas,C-303,Cancelado,Efectivo
11400,Sofía Vega,s.vega@email.com,Redes II,Lic. Martínez,martinez@uni.com,Telecom,B-202,Pagado,Efectivo
11401,Elena Díaz,e.diaz@email.com,Redes II,Lic. Martínez,martinez@uni.com,Telecom,B-202,Pagado,Tarjeta
11402,Carlos Ruiz,cruiz@email.com,Redes II,Lic. Martínez,martinez@uni.com,Telecom,B-202,Cancelado,Efectivo
11403,Diego Luna,dluna@email.com,Redes II,Lic. Martínez,martinez@uni.com,Telecom,B-202,Pendiente,Transferencia
11404,Elena Díaz,e.diaz@email.com,Base de Datos I,Ing. García,garcia@uni.com,Sistemas,A-101,Pagado,Efectivo
11405,María López,m.lopez@email.com,IA Aplicada,Dra. Chen,drchen@uni.com,Sistemas,C-303,Pagado,Efectivo
11406,Sofía Vega,s.vega@email.com,Matemáticas III,Dr. Gómez,gomez@uni.com,Ciencias,D-404,Pagado,Efectivo
11407,Juan Pérez,juan.p@email.com,Base de Datos I,Ing. García,garcia@uni.com,Sistemas,A-101,Pendiente,Efectivo
11408,Diego Luna,dluna@email.com,IA Aplicada,Dra. Chen,drchen@uni.com,Sistemas,C-303,Pagado,Transferencia
11409,María López,m.lopez@email.com,IA Aplicada,Dra. Chen,drchen@uni.com,Sistemas,C-303,Pagado,Tarjeta
11410,María López,m.lopez@email.com,Base de Datos I,Ing. García,garcia@uni.com,Sistemas,A-101,Pagado,Tarjeta
11411,Sofía Vega,s.vega@email.com,Base de Datos I,Ing. García,garcia@uni.com,Sistemas,A-101,Pendiente,Tarjeta
11412,Carlos Ruiz,cruiz@email.com,IA Aplicada,Dra. Chen,drchen@uni.com,Sistemas,C-303,Cancelado,Efectivo
11413,Pedro Soto,psoto@email.com,Redes II,Lic. Martínez,martinez@uni.com,Telecom,B-202,Cancelado,Transferencia
11414,Diego Luna,dluna@email.com,IA Aplicada,Dra. Chen,drchen@uni.com,Sistemas,C-303,Pendiente,Transferencia
11415,Juan Pérez,juan.p@email.com,Redes II,Lic. Martínez,martinez@uni.com,Telecom,B-202,Cancelado,Tarjeta
11416,Sofía Vega,s.vega@email.com,IA Aplicada,Dra. Chen,drchen@uni.com,Sistemas,C-303,Cancelado,Transferencia
11417,Laura Paz,l.paz@email.com,Redes II,Lic. Martínez,martinez@uni.com,Telecom,B-202,Pendiente,Transferencia
11418,Laura Paz,l.paz@email.com,Base de Datos I,Ing. García,garcia@uni.com,Sistemas,A-101,Pendiente,Efectivo
11419,Ana Torres,ana.t@email.com,IA Aplicada,Dra. Chen,drchen@uni.com,Sistemas,C-303,Pendiente,Efectivo
11420,Elena Díaz,e.diaz@email.com,IA Aplicada,Dra. Chen,drchen@uni.com,Sistemas,C-303,Pendiente,Efectivo
11421,María López,m.lopez@email.com,Base de Datos I,Ing. García,garcia@uni.com,Sistemas,A-101,Pendiente,Transferencia
11422,Luis Gómez,luis.g@email.com,Matemáticas III,Dr. Gómez,gomez@uni.com,Ciencias,D-404,Cancelado,Tarjeta
11423,Elena Díaz,e.diaz@email.com,Matemáticas III,Dr. Gómez,gomez@uni.com,Ciencias,D-404,Pagado,Transferencia
11424,Ana Torres,ana.t@email.com,IA Aplicada,Dra. Chen,drchen@uni.com,Sistemas,C-303,Pagado,Efectivo
11425,María López,m.lopez@email.com,IA Aplicada,Dra. Chen,drchen@uni.com,Sistemas,C-303,Cancelado,Tarjeta
11426,Ana Torres,ana.t@email.com,Redes II,Lic. Martínez,martinez@uni.com,Telecom,B-202,Pagado,Transferencia
11427,Sofía Vega,s.vega@email.com,IA Aplicada,Dra. Chen,drchen@uni.com,Sistemas,C-303,Cancelado,Tarjeta
11428,Luis Gómez,luis.g@email.com,Base de Datos I,Ing. García,garcia@uni.com,Sistemas,A-101,Pendiente,Efectivo
11429,Carlos Ruiz,cruiz@email.com,Redes II,Lic. Martínez,martinez@uni.com,Telecom,B-202,Pagado,Tarjeta
11430,Sofía Vega,s.vega@email.com,IA Aplicada,Dra. Chen,drchen@uni.com,Sistemas,C-303,Pagado,Efectivo
11431,Laura Paz,l.paz@email.com,Matemáticas III,Dr. Gómez,gomez@uni.com,Ciencias,D-404,Pendiente,Efectivo
11432,Sofía Vega,s.vega@email.com,IA Aplicada,Dra. Chen,drchen@uni.com,Sistemas,C-303,Pendiente,Transferencia
11433,Ana Torres,ana.t@email.com,Base de Datos I,Ing. García,garcia@uni.com,Sistemas,A-101,Pagado,Transferencia
11434,Luis Gómez,luis.g@email.com,Matemáticas III,Dr. Gómez,gomez@uni.com,Ciencias,D-404,Cancelado,Tarjeta
11435,Ana Torres,ana.t@email.com,IA Aplicada,Dra. Chen,drchen@uni.com,Sistemas,C-303,Cancelado,Tarjeta
11436,Sofía Vega,s.vega@email.com,Redes II,Lic. Martínez,martinez@uni.com,Telecom,B-202,Pagado,Transferencia
11437,Luis Gómez,luis.g@email.com,Matemáticas III,Dr. Gómez,gomez@uni.com,Ciencias,D-404,Pagado,Tarjeta
11438,Laura Paz,l.paz@email.com,IA Aplicada,Dra. Chen,drchen@uni.com,Sistemas,C-303,Pendiente,Efectivo
11439,Luis Gómez,luis.g@email.com,IA Aplicada,Dra. Chen,drchen@uni.com,Sistemas,C-303,Pendiente,Tarjeta
11440,Luis Gómez,luis.g@email.com,Redes II,Lic. Martínez,martinez@uni.com,Telecom,B-202,Pendiente,Tarjeta
11441,Elena Díaz,e.diaz@email.com,Base de Datos I,Ing. García,garcia@uni.com,Sistemas,A-101,Pendiente,Tarjeta
11442,Diego Luna,dluna@email.com,Redes II,Lic. Martínez,martinez@uni.com,Telecom,B-202,Pagado,Transferencia
11443,Sofía Vega,s.vega@email.com,Base de Datos I,Ing. García,garcia@uni.com,Sistemas,A-101,Pagado,Efectivo
11444,María López,m.lopez@email.com,Redes II,Lic. Martínez,martinez@uni.com,Telecom,B-202,Pendiente,Tarjeta
11445,Ana Torres,ana.t@email.com,Redes II,Lic. Martínez,martinez@uni.com,Telecom,B-202,Pagado,Tarjeta
11446,Juan Pérez,juan.p@email.com,Matemáticas III,Dr. Gómez,gomez@uni.com,Ciencias,D-404,Pendiente,Tarjeta
11447,Pedro Soto,psoto@email.com,Base de Datos I,Ing. García,garcia@uni.com,Sistemas,A-101,Pendiente,Tarjeta
11448,Diego Luna,dluna@email.com,IA Aplicada,Dra. Chen,drchen@uni.com,Sistemas,C-303,Pendiente,Transferencia
11449,Juan Pérez,juan.p@email.com,Base de Datos I,Ing. García,garcia@uni.com,Sistemas,A-101,Cancelado,Tarjeta
11450,Luis Gómez,luis.g@email.com,Redes II,Lic. Martínez,martinez@uni.com,Telecom,B-202,Cancelado,Transferencia
11451,Laura Paz,l.paz@email.com,IA Aplicada,Dra. Chen,drchen@uni.com,Sistemas,C-303,Cancelado,Transferencia
11452,Juan Pérez,juan.p@email.com,Base de Datos I,Ing. García,garcia@uni.com,Sistemas,A-101,Pendiente,Efectivo
11453,Sofía Vega,s.vega@email.com,IA Aplicada,Dra. Chen,drchen@uni.com,Sistemas,C-303,Pagado,Efectivo
11454,Ana Torres,ana.t@email.com,Matemáticas III,Dr. Gómez,gomez@uni.com,Ciencias,D-404,Pagado,Transferencia
11455,Laura Paz,l.paz@email.com,IA Aplicada,Dra. Chen,drchen@uni.com,Sistemas,C-303,Pendiente,Efectivo
11456,Ana Torres,ana.t@email.com,Matemáticas III,Dr. Gómez,gomez@uni.com,Ciencias,D-404,Pendiente,Tarjeta
11457,Laura Paz,l.paz@email.com,Matemáticas III,Dr. Gómez,gomez@uni.com,Ciencias,D-404,Pendiente,Efectivo
11458,Luis Gómez,luis.g@email.com,Base de Datos I,Ing. García,garcia@uni.com,Sistemas,A-101,Cancelado,Transferencia
11459,Ana Torres,ana.t@email.com,Redes II,Lic. Martínez,martinez@uni.com,Telecom,B-202,Pendiente,Efectivo
11460,Juan Pérez,juan.p@email.com,Matemáticas III,Dr. Gómez,gomez@uni.com,Ciencias,D-404,Pendiente,Efectivo
11461,Elena Díaz,e.diaz@email.com,Redes II,Lic. Martínez,martinez@uni.com,Telecom,B-202,Pendiente,Efectivo
11462,Sofía Vega,s.vega@email.com,Redes II,Lic. Martínez,martinez@uni.com,Telecom,B-202,Pagado,Transferencia
11463,María López,m.lopez@email.com,Matemáticas III,Dr. Gómez,gomez@uni.com,Ciencias,D-404,Pagado,Transferencia
11464,Juan Pérez,juan.p@email.com,Matemáticas III,Dr. Gómez,gomez@uni.com,Ciencias,D-404,Pagado,Transferencia
11465,Juan Pérez,juan.p@email.com,IA Aplicada,Dra. Chen,drchen@uni.com,Sistemas,C-303,Pendiente,Transferencia
11466,María López,m.lopez@email.com,IA Aplicada,Dra. Chen,drchen@uni.com,Sistemas,C-303,Cancelado,Efectivo
11467,Pedro Soto,psoto@email.com,Redes II,Lic. Martínez,martinez@uni.com,Telecom,B-202,Pendiente,Efectivo
11468,Elena Díaz,e.diaz@email.com,IA Aplicada,Dra. Chen,drchen@uni.com,Sistemas,C-303,Pendiente,Transferencia
11469,Laura Paz,l.paz@email.com,IA Aplicada,Dra. Chen,drchen@uni.com,Sistemas,C-303,Pendiente,Efectivo
11470,Luis Gómez,luis.g@email.com,Redes II,Lic. Martínez,martinez@uni.com,Telecom,B-202,Pagado,Efectivo
11471,Laura Paz,l.paz@email.com,Matemáticas III,Dr. Gómez,gomez@uni.com,Ciencias,D-404,Cancelado,Efectivo
11472,Laura Paz,l.paz@email.com,Matemáticas III,Dr. Gómez,gomez@uni.com,Ciencias,D-404,Cancelado,Tarjeta
11473,Ana Torres,ana.t@email.com,Base de Datos I,Ing. García,garcia@uni.com,Sistemas,A-101,Cancelado,Tarjeta
11474,Luis Gómez,luis.g@email.com,IA Aplicada,Dra. Chen,drchen@uni.com,Sistemas,C-303,Pendiente,Transferencia
11475,Luis Gómez,luis.g@email.com,Matemáticas III,Dr. Gómez,gomez@uni.com,Ciencias,D-404,Pendiente,Efectivo
11476,Juan Pérez,juan.p@email.com,IA Aplicada,Dra. Chen,drchen@uni.com,Sistemas,C-303,Pendiente,Transferencia
11477,Pedro Soto,psoto@email.com,Base de Datos I,Ing. García,garcia@uni.com,Sistemas,A-101,Pagado,Efectivo
11478,Juan Pérez,juan.p@email.com,Base de Datos I,Ing. García,garcia@uni.com,Sistemas,A-101,Pagado,Tarjeta
11479,María López,m.lopez@email.com,IA Aplicada,Dra. Chen,drchen@uni.com,Sistemas,C-303,Cancelado,Tarjeta
11480,Pedro Soto,psoto@email.com,IA Aplicada,Dra. Chen,drchen@uni.com,Sistemas,C-303,Pendiente,Transferencia
11481,Elena Díaz,e.diaz@email.com,Base de Datos I,Ing. García,garcia@uni.com,Sistemas,A-101,Cancelado,Efectivo
11482,Elena Díaz,e.diaz@email.com,Redes II,Lic. Martínez,martinez@uni.com,Telecom,B-202,Cancelado,Tarjeta
11483,Juan Pérez,juan.p@email.com,Matemáticas III,Dr. Gómez,gomez@uni.com,Ciencias,D-404,Pagado,Efectivo
11484,Ana Torres,ana.t@email.com,Matemáticas III,Dr. Gómez,gomez@uni.com,Ciencias,D-404,Cancelado,Tarjeta
11485,Juan Pérez,juan.p@email.com,IA Aplicada,Dra. Chen,drchen@uni.com,Sistemas,C-303,Pagado,Transferencia
11486,Elena Díaz,e.diaz@email.com,IA Aplicada,Dra. Chen,drchen@uni.com,Sistemas,C-303,Pagado,Tarjeta
11487,Diego Luna,dluna@email.com,IA Aplicada,Dra. Chen,drchen@uni.com,Sistemas,C-303,Pagado,Efectivo
11488,Laura Paz,l.paz@email.com,IA Aplicada,Dra. Chen,drchen@uni.com,Sistemas,C-303,Pendiente,Efectivo
11489,Carlos Ruiz,cruiz@email.com,IA Aplicada,Dra. Chen,drchen@uni.com,Sistemas,C-303,Pendiente,Tarjeta
11490,Diego Luna,dluna@email.com,IA Aplicada,Dra. Chen,drchen@uni.com,Sistemas,C-303,Pendiente,Transferencia
11491,Pedro Soto,psoto@email.com,IA Aplicada,Dra. Chen,drchen@uni.com,Sistemas,C-303,Pendiente,Transferencia
11492,Pedro Soto,psoto@email.com,Redes II,Lic. Martínez,martinez@uni.com,Telecom,B-202,Pendiente,Tarjeta
11493,Juan Pérez,juan.p@email.com,Base de Datos I,Ing. García,garcia@uni.com,Sistemas,A-101,Cancelado,Efectivo
11494,Elena Díaz,e.diaz@email.com,Matemáticas III,Dr. Gómez,gomez@uni.com,Ciencias,D-404,Pendiente,Transferencia
11495,Luis Gómez,luis.g@email.com,IA Aplicada,Dra. Chen,drchen@uni.com,Sistemas,C-303,Cancelado,Efectivo
11496,Ana Torres,ana.t@email.com,Redes II,Lic. Martínez,martinez@uni.com,Telecom,B-202,Cancelado,Transferencia
11497,María López,m.lopez@email.com,Base de Datos I,Ing. García,garcia@uni.com,Sistemas,A-101,Cancelado,Efectivo
11498,Pedro Soto,psoto@email.com,Base de Datos I,Ing. García,garcia@uni.com,Sistemas,A-101,Cancelado,Tarjeta
11499,Diego Luna,dluna@email.com,Matemáticas III,Dr. Gómez,gomez@uni.com,Ciencias,D-404,Pagado,Tarjeta
11500,Pedro Soto,psoto@email.com,Matemáticas III,Dr. Gómez,gomez@uni.com,Ciencias,D-404,Cancelado,Tarjeta
11501,Elena Díaz,e.diaz@email.com,IA Aplicada,Dra. Chen,drchen@uni.com,Sistemas,C-303,Cancelado,Tarjeta
11502,Elena Díaz,e.diaz@email.com,Matemáticas III,Dr. Gómez,gomez@uni.com,Ciencias,D-404,Pendiente,Efectivo
11503,Laura Paz,l.paz@email.com,Matemáticas III,Dr. Gómez,gomez@uni.com,Ciencias,D-404,Pagado,Tarjeta
11504,Ana Torres,ana.t@email.com,IA Aplicada,Dra. Chen,drchen@uni.com,Sistemas,C-303,Cancelado,Efectivo
11505,Pedro Soto,psoto@email.com,Matemáticas III,Dr. Gómez,gomez@uni.com,Ciencias,D-404,Pendiente,Tarjeta
11506,Elena Díaz,e.diaz@email.com,IA Aplicada,Dra. Chen,drchen@uni.com,Sistemas,C-303,Cancelado,Transferencia
11507,Juan Pérez,juan.p@email.com,Redes II,Lic. Martínez,martinez@uni.com,Telecom,B-202,Cancelado,Tarjeta
11508,Diego Luna,dluna@email.com,Matemáticas III,Dr. Gómez,gomez@uni.com,Ciencias,D-404,Cancelado,Transferencia
11509,Elena Díaz,e.diaz@email.com,IA Aplicada,Dra. Chen,drchen@uni.com,Sistemas,C-303,Pagado,Tarjeta
11510,Laura Paz,l.paz@email.com,Redes II,Lic. Martínez,martinez@uni.com,Telecom,B-202,Pendiente,Tarjeta
11511,María López,m.lopez@email.com,Matemáticas III,Dr. Gómez,gomez@uni.com,Ciencias,D-404,Pagado,Tarjeta
11512,Pedro Soto,psoto@email.com,Base de Datos I,Ing. García,garcia@uni.com,Sistemas,A-101,Pagado,Efectivo
11513,Laura Paz,l.paz@email.com,IA Aplicada,Dra. Chen,drchen@uni.com,Sistemas,C-303,Cancelado,Efectivo
11514,Ana Torres,ana.t@email.com,Base de Datos I,Ing. García,garcia@uni.com,Sistemas,A-101,Cancelado,Transferencia
11515,Ana Torres,ana.t@email.com,Matemáticas III,Dr. Gómez,gomez@uni.com,Ciencias,D-404,Pagado,Tarjeta
11516,Carlos Ruiz,cruiz@email.com,Base de Datos I,Ing. García,garcia@uni.com,Sistemas,A-101,Pagado,Efectivo
11517,Elena Díaz,e.diaz@email.com,Base de Datos I,Ing. García,garcia@uni.com,Sistemas,A-101,Pendiente,Efectivo
11518,Diego Luna,dluna@email.com,IA Aplicada,Dra. Chen,drchen@uni.com,Sistemas,C-303,Pendiente,Tarjeta
11519,Laura Paz,l.paz@email.com,Base de Datos I,Ing. García,garcia@uni.com,Sistemas,A-101,Pendiente,Tarjeta
11520,Ana Torres,ana.t@email.com,Redes II,Lic. Martínez,martinez@uni.com,Telecom,B-202,Cancelado,Tarjeta
11521,Elena Díaz,e.diaz@email.com,Matemáticas III,Dr. Gómez,gomez@uni.com,Ciencias,D-404,Pagado,Transferencia
11522,Laura Paz,l.paz@email.com,Redes II,Lic. Martínez,martinez@uni.com,Telecom,B-202,Cancelado,Transferencia
11523,Juan Pérez,juan.p@email.com,IA Aplicada,Dra. Chen,drchen@uni.com,Sistemas,C-303,Pendiente,Transferencia
11524,María López,m.lopez@email.com,IA Aplicada,Dra. Chen,drchen@uni.com,Sistemas,C-303,Pendiente,Tarjeta
11525,Elena Díaz,e.diaz@email.com,IA Aplicada,Dra. Chen,drchen@uni.com,Sistemas,C-303,Pendiente,Transferencia
11526,Laura Paz,l.paz@email.com,Matemáticas III,Dr. Gómez,gomez@uni.com,Ciencias,D-404,Pendiente,Tarjeta
11527,Carlos Ruiz,cruiz@email.com,Matemáticas III,Dr. Gómez,gomez@uni.com,Ciencias,D-404,Pendiente,Tarjeta
11528,Pedro Soto,psoto@email.com,IA Aplicada,Dra. Chen,drchen@uni.com,Sistemas,C-303,Pagado,Tarjeta
11529,Carlos Ruiz,cruiz@email.com,Redes II,Lic. Martínez,martinez@uni.com,Telecom,B-202,Pagado,Tarjeta
11530,Diego Luna,dluna@email.com,IA Aplicada,Dra. Chen,drchen@uni.com,Sistemas,C-303,Pagado,Tarjeta
11531,Luis Gómez,luis.g@email.com,Redes II,Lic. Martínez,martinez@uni.com,Telecom,B-202,Pendiente,Transferencia
11532,Luis Gómez,luis.g@email.com,IA Aplicada,Dra. Chen,drchen@uni.com,Sistemas,C-303,Pagado,Transferencia
11533,Carlos Ruiz,cruiz@email.com,IA Aplicada,Dra. Chen,drchen@uni.com,Sistemas,C-303,Cancelado,Transferencia
11534,Diego Luna,dluna@email.com,Base de Datos I,Ing. García,garcia@uni.com,Sistemas,A-101,Cancelado,Tarjeta
11535,Luis Gómez,luis.g@email.com,Redes II,Lic. Martínez,martinez@uni.com,Telecom,B-202,Pendiente,Tarjeta
11536,María López,m.lopez@email.com,Matemáticas III,Dr. Gómez,gomez@uni.com,Ciencias,D-404,Cancelado,Tarjeta
11537,Elena Díaz,e.diaz@email.com,Matemáticas III,Dr. Gómez,gomez@uni.com,Ciencias,D-404,Pendiente,Transferencia
11538,Pedro Soto,psoto@email.com,Matemáticas III,Dr. Gómez,gomez@uni.com,Ciencias,D-404,Cancelado,Transferencia
11539,Carlos Ruiz,cruiz@email.com,Base de Datos I,Ing. García,garcia@uni.com,Sistemas,A-101,Cancelado,Efectivo
11540,Juan Pérez,juan.p@email.com,Base de Datos I,Ing. García,garcia@uni.com,Sistemas,A-101,Pagado,Transferencia
11541,Sofía Vega,s.vega@email.com,Matemáticas III,Dr. Gómez,gomez@uni.com,Ciencias,D-404,Pagado,Transferencia
11542,Laura Paz,l.paz@email.com,IA Aplicada,Dra. Chen,drchen@uni.com,Sistemas,C-303,Cancelado,Efectivo
11543,Luis Gómez,luis.g@email.com,IA Aplicada,Dra. Chen,drchen@uni.com,Sistemas,C-303,Pendiente,Tarjeta
11544,Carlos Ruiz,cruiz@email.com,Redes II,Lic. Martínez,martinez@uni.com,Telecom,B-202,Pendiente,Efectivo
11545,Juan Pérez,juan.p@email.com,Redes II,Lic. Martínez,martinez@uni.com,Telecom,B-202,Pagado,Tarjeta
11546,María López,m.lopez@email.com,Matemáticas III,Dr. Gómez,gomez@uni.com,Ciencias,D-404,Cancelado,Efectivo
11547,Diego Luna,dluna@email.com,Base de Datos I,Ing. García,garcia@uni.com,Sistemas,A-101,Pagado,Tarjeta
11548,Luis Gómez,luis.g@email.com,Redes II,Lic. Martínez,martinez@uni.com,Telecom,B-202,Pendiente,Tarjeta
11549,Carlos Ruiz,cruiz@email.com,Matemáticas III,Dr. Gómez,gomez@uni.com,Ciencias,D-404,Pendiente,Transferencia
11550,Ana Torres,ana.t@email.com,IA Aplicada,Dra. Chen,drchen@uni.com,Sistemas,C-303,Pendiente,Transferencia
11551,María López,m.lopez@email.com,IA Aplicada,Dra. Chen,drchen@uni.com,Sistemas,C-303,Cancelado,Transferencia
11552,Laura Paz,l.paz@email.com,Redes II,Lic. Martínez,martinez@uni.com,Telecom,B-202,Cancelado,Tarjeta
11553,Carlos Ruiz,cruiz@email.com,Redes II,Lic. Martínez,martinez@uni.com,Telecom,B-202,Pendiente,Tarjeta
11554,Diego Luna,dluna@email.com,Matemáticas III,Dr. Gómez,gomez@uni.com,Ciencias,D-404,Cancelado,Transferencia
11555,Laura Paz,l.paz@email.com,Matemáticas III,Dr. Gómez,gomez@uni.com,Ciencias,D-404,Pendiente,Tarjeta
11556,Luis Gómez,luis.g@email.com,Base de Datos I,Ing. García,garcia@uni.com,Sistemas,A-101,Pendiente,Transferencia
11557,Sofía Vega,s.vega@email.com,Base de Datos I,Ing. García,garcia@uni.com,Sistemas,A-101,Pagado,Tarjeta
11558,Sofía Vega,s.vega@email.com,Base de Datos I,Ing. García,garcia@uni.com,Sistemas,A-101,Pagado,Efectivo
11559,Carlos Ruiz,cruiz@email.com,Base de Datos I,Ing. García,garcia@uni.com,Sistemas,A-101,Pagado,Transferencia
11560,Pedro Soto,psoto@email.com,IA Aplicada,Dra. Chen,drchen@uni.com,Sistemas,C-303,Cancelado,Tarjeta
11561,Ana Torres,ana.t@email.com,Base de Datos I,Ing. García,garcia@uni.com,Sistemas,A-101,Cancelado,Efectivo
11562,Laura Paz,l.paz@email.com,Matemáticas III,Dr. Gómez,gomez@uni.com,Ciencias,D-404,Pagado,Tarjeta
11563,Ana Torres,ana.t@email.com,Matemáticas III,Dr. Gómez,gomez@uni.com,Ciencias,D-404,Cancelado,Tarjeta
11564,Juan Pérez,juan.p@email.com,Redes II,Lic. Martínez,martinez@uni.com,Telecom,B-202,Cancelado,Efectivo
11565,Ana Torres,ana.t@email.com,Base de Datos I,Ing. García,garcia@uni.com,Sistemas,A-101,Pagado,Efectivo
11566,Juan Pérez,juan.p@email.com,Base de Datos I,Ing. García,garcia@uni.com,Sistemas,A-101,Pagado,Efectivo
11567,Luis Gómez,luis.g@email.com,Redes II,Lic. Martínez,martinez@uni.com,Telecom,B-202,Pendiente,Transferencia
11568,Luis Gómez,luis.g@email.com,IA Aplicada,Dra. Chen,drchen@uni.com,Sistemas,C-303,Pagado,Efectivo
11569,Elena Díaz,e.diaz@email.com,IA Aplicada,Dra. Chen,drchen@uni.com,Sistemas,C-303,Pendiente,Tarjeta
11570,Ana Torres,ana.t@email.com,Redes II,Lic. Martínez,martinez@uni.com,Telecom,B-202,Pendiente,Transferencia
11571,Juan Pérez,juan.p@email.com,Base de Datos I,Ing. García,garcia@uni.com,Sistemas,A-101,Cancelado,Efectivo
11572,Luis Gómez,luis.g@email.com,Redes II,Lic. Martínez,martinez@uni.com,Telecom,B-202,Cancelado,Transferencia
11573,Luis Gómez,luis.g@email.com,Redes II,Lic. Martínez,martinez@uni.com,Telecom,B-202,Cancelado,Transferencia
11574,Ana Torres,ana.t@email.com,Matemáticas III,Dr. Gómez,gomez@uni.com,Ciencias,D-404,Pendiente,Tarjeta
11575,María López,m.lopez@email.com,Matemáticas III,Dr. Gómez,gomez@uni.com,Ciencias,D-404,Cancelado,Efectivo
11576,Ana Torres,ana.t@email.com,Base de Datos I,Ing. García,garcia@uni.com,Sistemas,A-101,Pendiente,Transferencia
11577,Diego Luna,dluna@email.com,Base de Datos I,Ing. García,garcia@uni.com,Sistemas,A-101,Cancelado,Efectivo
11578,Ana Torres,ana.t@email.com,IA Aplicada,Dra. Chen,drchen@uni.com,Sistemas,C-303,Cancelado,Efectivo
11579,María López,m.lopez@email.com,IA Aplicada,Dra. Chen,drchen@uni.com,Sistemas,C-303,Pagado,Efectivo
11580,Carlos Ruiz,cruiz@email.com,IA Aplicada,Dra. Chen,drchen@uni.com,Sistemas,C-303,Pagado,Transferencia
11581,Ana Torres,ana.t@email.com,Base de Datos I,Ing. García,garcia@uni.com,Sistemas,A-101,Cancelado,Transferencia
11582,Diego Luna,dluna@email.com,IA Aplicada,Dra. Chen,drchen@uni.com,Sistemas,C-303,Cancelado,Transferencia
11583,Elena Díaz,e.diaz@email.com,IA Aplicada,Dra. Chen,drchen@uni.com,Sistemas,C-303,Pendiente,Transferencia
11584,Diego Luna,dluna@email.com,Matemáticas III,Dr. Gómez,gomez@uni.com,Ciencias,D-404,Pagado,Tarjeta
11585,Diego Luna,dluna@email.com,Base de Datos I,Ing. García,garcia@uni.com,Sistemas,A-101,Pendiente,Efectivo
11586,Pedro Soto,psoto@email.com,IA Aplicada,Dra. Chen,drchen@uni.com,Sistemas,C-303,Pagado,Tarjeta
11587,Carlos Ruiz,cruiz@email.com,Redes II,Lic. Martínez,martinez@uni.com,Telecom,B-202,Cancelado,Transferencia
11588,Diego Luna,dluna@email.com,IA Aplicada,Dra. Chen,drchen@uni.com,Sistemas,C-303,Cancelado,Efectivo
11589,Ana Torres,ana.t@email.com,Base de Datos I,Ing. García,garcia@uni.com,Sistemas,A-101,Cancelado,Tarjeta
11590,Laura Paz,l.paz@email.com,Redes II,Lic. Martínez,martinez@uni.com,Telecom,B-202,Pendiente,Tarjeta
11591,Ana Torres,ana.t@email.com,IA Aplicada,Dra. Chen,drchen@uni.com,Sistemas,C-303,Pagado,Transferencia
11592,Pedro Soto,psoto@email.com,IA Aplicada,Dra. Chen,drchen@uni.com,Sistemas,C-303,Cancelado,Tarjeta
11593,Juan Pérez,juan.p@email.com,Base de Datos I,Ing. García,garcia@uni.com,Sistemas,A-101,Cancelado,Tarjeta
11594,Sofía Vega,s.vega@email.com,Matemáticas III,Dr. Gómez,gomez@uni.com,Ciencias,D-404,Pendiente,Transferencia
11595,Juan Pérez,juan.p@email.com,IA Aplicada,Dra. Chen,drchen@uni.com,Sistemas,C-303,Pendiente,Efectivo
11596,Carlos Ruiz,cruiz@email.com,Redes II,Lic. Martínez,martinez@uni.com,Telecom,B-202,Pagado,Transferencia
11597,Diego Luna,dluna@email.com,Matemáticas III,Dr. Gómez,gomez@uni.com,Ciencias,D-404,Cancelado,Efectivo
11598,Laura Paz,l.paz@email.com,IA Aplicada,Dra. Chen,drchen@uni.com,Sistemas,C-303,Cancelado,Efectivo
11599,Ana Torres,ana.t@email.com,Matemáticas III,Dr. Gómez,gomez@uni.com,Ciencias,D-404,Pagado,Tarjeta
11600,Pedro Soto,psoto@email.com,IA Aplicada,Dra. Chen,drchen@uni.com,Sistemas,C-303,Pagado,Tarjeta
11601,Carlos Ruiz,cruiz@email.com,IA Aplicada,Dra. Chen,drchen@uni.com,Sistemas,C-303,Pendiente,Transferencia
11602,Ana Torres,ana.t@email.com,IA Aplicada,Dra. Chen,drchen@uni.com,Sistemas,C-303,Cancelado,Efectivo
11603,Laura Paz,l.paz@email.com,Matemáticas III,Dr. Gómez,gomez@uni.com,Ciencias,D-404,Cancelado,Tarjeta
11604,Diego Luna,dluna@email.com,Redes II,Lic. Martínez,martinez@uni.com,Telecom,B-202,Pendiente,Tarjeta
11605,Pedro Soto,psoto@email.com,Redes II,Lic. Martínez,martinez@uni.com,Telecom,B-202,Cancelado,Efectivo
11606,Ana Torres,ana.t@email.com,Matemáticas III,Dr. Gómez,gomez@uni.com,Ciencias,D-404,Pendiente,Efectivo
11607,Juan Pérez,juan.p@email.com,IA Aplicada,Dra. Chen,drchen@uni.com,Sistemas,C-303,Pagado,Efectivo
11608,Laura Paz,l.paz@email.com,Matemáticas III,Dr. Gómez,gomez@uni.com,Ciencias,D-404,Pendiente,Tarjeta
11609,Ana Torres,ana.t@email.com,Base de Datos I,Ing. García,garcia@uni.com,Sistemas,A-101,Pagado,Tarjeta
11610,Pedro Soto,psoto@email.com,Redes II,Lic. Martínez,martinez@uni.com,Telecom,B-202,Pagado,Tarjeta
11611,Carlos Ruiz,cruiz@email.com,Matemáticas III,Dr. Gómez,gomez@uni.com,Ciencias,D-404,Cancelado,Efectivo
11612,Luis Gómez,luis.g@email.com,Redes II,Lic. Martínez,martinez@uni.com,Telecom,B-202,Pendiente,Efectivo
11613,Sofía Vega,s.vega@email.com,Matemáticas III,Dr. Gómez,gomez@uni.com,Ciencias,D-404,Pendiente,Transferencia
11614,Pedro Soto,psoto@email.com,Matemáticas III,Dr. Gómez,gomez@uni.com,Ciencias,D-404,Pendiente,Efectivo
11615,Sofía Vega,s.vega@email.com,IA Aplicada,Dra. Chen,drchen@uni.com,Sistemas,C-303,Pendiente,Efectivo
11616,Pedro Soto,psoto@email.com,Redes II,Lic. Martínez,martinez@uni.com,Telecom,B-202,Pendiente,Transferencia
11617,Ana Torres,ana.t@email.com,Redes II,Lic. Martínez,martinez@uni.com,Telecom,B-202,Pendiente,Efectivo
11618,María López,m.lopez@email.com,Base de Datos I,Ing. García,garcia@uni.com,Sistemas,A-101,Cancelado,Transferencia
11619,Pedro Soto,psoto@email.com,IA Aplicada,Dra. Chen,drchen@uni.com,Sistemas,C-303,Pendiente,Efectivo
11620,Juan Pérez,juan.p@email.com,IA Aplicada,Dra. Chen,drchen@uni.com,Sistemas,C-303,Pagado,Transferencia
11621,Luis Gómez,luis.g@email.com,Base de Datos I,Ing. García,garcia@uni.com,Sistemas,A-101,Pagado,Efectivo
11622,María López,m.lopez@email.com,Redes II,Lic. Martínez,martinez@uni.com,Telecom,B-202,Pendiente,Transferencia
11623,Luis Gómez,luis.g@email.com,IA Aplicada,Dra. Chen,drchen@uni.com,Sistemas,C-303,Cancelado,Efectivo
11624,Carlos Ruiz,cruiz@email.com,Matemáticas III,Dr. Gómez,gomez@uni.com,Ciencias,D-404,Pendiente,Tarjeta
11625,Luis Gómez,luis.g@email.com,Base de Datos I,Ing. García,garcia@uni.com,Sistemas,A-101,Pendiente,Efectivo
11626,Pedro Soto,psoto@email.com,Base de Datos I,Ing. García,garcia@uni.com,Sistemas,A-101,Cancelado,Tarjeta
11627,Carlos Ruiz,cruiz@email.com,Redes II,Lic. Martínez,martinez@uni.com,Telecom,B-202,Pendiente,Tarjeta
11628,Carlos Ruiz,cruiz@email.com,Base de Datos I,Ing. García,garcia@uni.com,Sistemas,A-101,Pagado,Transferencia
11629,Diego Luna,dluna@email.com,IA Aplicada,Dra. Chen,drchen@uni.com,Sistemas,C-303,Pagado,Transferencia
11630,Laura Paz,l.paz@email.com,Matemáticas III,Dr. Gómez,gomez@uni.com,Ciencias,D-404,Pagado,Tarjeta
11631,Luis Gómez,luis.g@email.com,Matemáticas III,Dr. Gómez,gomez@uni.com,Ciencias,D-404,Pagado,Efectivo
11632,Diego Luna,dluna@email.com,Redes II,Lic. Martínez,martinez@uni.com,Telecom,B-202,Pagado,Efectivo
11633,Elena Díaz,e.diaz@email.com,Redes II,Lic. Martínez,martinez@uni.com,Telecom,B-202,Pendiente,Tarjeta
11634,Pedro Soto,psoto@email.com,IA Aplicada,Dra. Chen,drchen@uni.com,Sistemas,C-303,Pendiente,Efectivo
11635,Carlos Ruiz,cruiz@email.com,IA Aplicada,Dra. Chen,drchen@uni.com,Sistemas,C-303,Cancelado,Transferencia
11636,Diego Luna,dluna@email.com,Base de Datos I,Ing. García,garcia@uni.com,Sistemas,A-101,Pagado,Efectivo
11637,Laura Paz,l.paz@email.com,IA Aplicada,Dra. Chen,drchen@uni.com,Sistemas,C-303,Pendiente,Transferencia
11638,Luis Gómez,luis.g@email.com,IA Aplicada,Dra. Chen,drchen@uni.com,Sistemas,C-303,Pagado,Tarjeta
11639,Elena Díaz,e.diaz@email.com,Base de Datos I,Ing. García,garcia@uni.com,Sistemas,A-101,Pagado,Transferencia
11640,Sofía Vega,s.vega@email.com,IA Aplicada,Dra. Chen,drchen@uni.com,Sistemas,C-303,Cancelado,Tarjeta
11641,María López,m.lopez@email.com,IA Aplicada,Dra. Chen,drchen@uni.com,Sistemas,C-303,Cancelado,Tarjeta
11642,Pedro Soto,psoto@email.com,Matemáticas III,Dr. Gómez,gomez@uni.com,Ciencias,D-404,Pendiente,Tarjeta
11643,Elena Díaz,e.diaz@email.com,Redes II,Lic. Martínez,martinez@uni.com,Telecom,B-202,Pendiente,Transferencia
11644,Pedro Soto,psoto@email.com,Redes II,Lic. Martínez,martinez@uni.com,Telecom,B-202,Pendiente,Transferencia
11645,Diego Luna,dluna@email.com,Base de Datos I,Ing. García,garcia@uni.com,Sistemas,A-101,Pendiente,Transferencia
11646,Carlos Ruiz,cruiz@email.com,Redes II,Lic. Martínez,martinez@uni.com,Telecom,B-202,Pagado,Efectivo
11647,Carlos Ruiz,cruiz@email.com,IA Aplicada,Dra. Chen,drchen@uni.com,Sistemas,C-303,Pendiente,Tarjeta
11648,Pedro Soto,psoto@email.com,Matemáticas III,Dr. Gómez,gomez@uni.com,Ciencias,D-404,Pagado,Tarjeta
11649,Diego Luna,dluna@email.com,Matemáticas III,Dr. Gómez,gomez@uni.com,Ciencias,D-404,Pendiente,Efectivo
11650,Juan Pérez,juan.p@email.com,Redes II,Lic. Martínez,martinez@uni.com,Telecom,B-202,Cancelado,Transferencia
11651,María López,m.lopez@email.com,Redes II,Lic. Martínez,martinez@uni.com,Telecom,B-202,Pagado,Tarjeta
11652,Ana Torres,ana.t@email.com,Matemáticas III,Dr. Gómez,gomez@uni.com,Ciencias,D-404,Cancelado,Tarjeta
11653,Pedro Soto,psoto@email.com,Base de Datos I,Ing. García,garcia@uni.com,Sistemas,A-101,Cancelado,Tarjeta
11654,Luis Gómez,luis.g@email.com,Matemáticas III,Dr. Gómez,gomez@uni.com,Ciencias,D-404,Pendiente,Efectivo
11655,Laura Paz,l.paz@email.com,Matemáticas III,Dr. Gómez,gomez@uni.com,Ciencias,D-404,Pendiente,Tarjeta
11656,Juan Pérez,juan.p@email.com,Redes II,Lic. Martínez,martinez@uni.com,Telecom,B-202,Cancelado,Efectivo
11657,Carlos Ruiz,cruiz@email.com,Matemáticas III,Dr. Gómez,gomez@uni.com,Ciencias,D-404,Pendiente,Tarjeta
11658,Diego Luna,dluna@email.com,IA Aplicada,Dra. Chen,drchen@uni.com,Sistemas,C-303,Cancelado,Efectivo
11659,Luis Gómez,luis.g@email.com,IA Aplicada,Dra. Chen,drchen@uni.com,Sistemas,C-303,Cancelado,Tarjeta
11660,Laura Paz,l.paz@email.com,Base de Datos I,Ing. García,garcia@uni.com,Sistemas,A-101,Cancelado,Transferencia
11661,María López,m.lopez@email.com,IA Aplicada,Dra. Chen,drchen@uni.com,Sistemas,C-303,Pagado,Efectivo
11662,Laura Paz,l.paz@email.com,Matemáticas III,Dr. Gómez,gomez@uni.com,Ciencias,D-404,Pendiente,Efectivo
11663,Juan Pérez,juan.p@email.com,IA Aplicada,Dra. Chen,drchen@uni.com,Sistemas,C-303,Pendiente,Efectivo
11664,Diego Luna,dluna@email.com,IA Aplicada,Dra. Chen,drchen@uni.com,Sistemas,C-303,Cancelado,Efectivo
11665,Ana Torres,ana.t@email.com,IA Aplicada,Dra. Chen,drchen@uni.com,Sistemas,C-303,Cancelado,Tarjeta
11666,Juan Pérez,juan.p@email.com,Matemáticas III,Dr. Gómez,gomez@uni.com,Ciencias,D-404,Pagado,Efectivo
11667,Elena Díaz,e.diaz@email.com,IA Aplicada,Dra. Chen,drchen@uni.com,Sistemas,C-303,Cancelado,Transferencia
11668,Ana Torres,ana.t@email.com,Base de Datos I,Ing. García,garcia@uni.com,Sistemas,A-101,Cancelado,Tarjeta
11669,Carlos Ruiz,cruiz@email.com,Base de Datos I,Ing. García,garcia@uni.com,Sistemas,A-101,Pendiente,Transferencia
11670,Diego Luna,dluna@email.com,Matemáticas III,Dr. Gómez,gomez@uni.com,Ciencias,D-404,Pendiente,Tarjeta
11671,Diego Luna,dluna@email.com,Redes II,Lic. Martínez,martinez@uni.com,Telecom,B-202,Cancelado,Transferencia
11672,Pedro Soto,psoto@email.com,Base de Datos I,Ing. García,garcia@uni.com,Sistemas,A-101,Cancelado,Transferencia
11673,Laura Paz,l.paz@email.com,Matemáticas III,Dr. Gómez,gomez@uni.com,Ciencias,D-404,Pagado,Transferencia
11674,Laura Paz,l.paz@email.com,Redes II,Lic. Martínez,martinez@uni.com,Telecom,B-202,Cancelado,Tarjeta
11675,Elena Díaz,e.diaz@email.com,IA Aplicada,Dra. Chen,drchen@uni.com,Sistemas,C-303,Cancelado,Transferencia
11676,Luis Gómez,luis.g@email.com,IA Aplicada,Dra. Chen,drchen@uni.com,Sistemas,C-303,Pendiente,Tarjeta
11677,Ana Torres,ana.t@email.com,Base de Datos I,Ing. García,garcia@uni.com,Sistemas,A-101,Pendiente,Transferencia
11678,Diego Luna,dluna@email.com,Base de Datos I,Ing. García,garcia@uni.com,Sistemas,A-101,Cancelado,Transferencia
11679,Diego Luna,dluna@email.com,Base de Datos I,Ing. García,garcia@uni.com,Sistemas,A-101,Cancelado,Efectivo
11680,Ana Torres,ana.t@email.com,Matemáticas III,Dr. Gómez,gomez@uni.com,Ciencias,D-404,Cancelado,Efectivo
11681,Carlos Ruiz,cruiz@email.com,Redes II,Lic. Martínez,martinez@uni.com,Telecom,B-202,Pagado,Efectivo
11682,Elena Díaz,e.diaz@email.com,Base de Datos I,Ing. García,garcia@uni.com,Sistemas,A-101,Cancelado,Transferencia
11683,María López,m.lopez@email.com,Matemáticas III,Dr. Gómez,gomez@uni.com,Ciencias,D-404,Pagado,Efectivo
11684,Diego Luna,dluna@email.com,Matemáticas III,Dr. Gómez,gomez@uni.com,Ciencias,D-404,Pagado,Tarjeta
11685,Diego Luna,dluna@email.com,Matemáticas III,Dr. Gómez,gomez@uni.com,Ciencias,D-404,Pagado,Tarjeta
11686,Luis Gómez,luis.g@email.com,IA Aplicada,Dra. Chen,drchen@uni.com,Sistemas,C-303,Cancelado,Efectivo
11687,Laura Paz,l.paz@email.com,Matemáticas III,Dr. Gómez,gomez@uni.com,Ciencias,D-404,Pendiente,Transferencia
11688,María López,m.lopez@email.com,Base de Datos I,Ing. García,garcia@uni.com,Sistemas,A-101,Cancelado,Efectivo
11689,María López,m.lopez@email.com,Base de Datos I,Ing. García,garcia@uni.com,Sistemas,A-101,Pendiente,Efectivo
11690,Diego Luna,dluna@email.com,IA Aplicada,Dra. Chen,drchen@uni.com,Sistemas,C-303,Pendiente,Transferencia
11691,Pedro Soto,psoto@email.com,IA Aplicada,Dra. Chen,drchen@uni.com,Sistemas,C-303,Pendiente,Efectivo
11692,Carlos Ruiz,cruiz@email.com,Redes II,Lic. Martínez,martinez@uni.com,Telecom,B-202,Cancelado,Tarjeta
11693,María López,m.lopez@email.com,Redes II,Lic. Martínez,martinez@uni.com,Telecom,B-202,Cancelado,Transferencia
11694,Carlos Ruiz,cruiz@email.com,Base de Datos I,Ing. García,garcia@uni.com,Sistemas,A-101,Cancelado,Transferencia
11695,Sofía Vega,s.vega@email.com,Redes II,Lic. Martínez,martinez@uni.com,Telecom,B-202,Pendiente,Transferencia
11696,Juan Pérez,juan.p@email.com,Redes II,Lic. Martínez,martinez@uni.com,Telecom,B-202,Pendiente,Transferencia
11697,Diego Luna,dluna@email.com,IA Aplicada,Dra. Chen,drchen@uni.com,Sistemas,C-303,Pendiente,Efectivo
11698,Elena Díaz,e.diaz@email.com,Base de Datos I,Ing. García,garcia@uni.com,Sistemas,A-101,Pagado,Efectivo
11699,Sofía Vega,s.vega@email.com,Matemáticas III,Dr. Gómez,gomez@uni.com,Ciencias,D-404,Pendiente,Transferencia
11700,Diego Luna,dluna@email.com,Matemáticas III,Dr. Gómez,gomez@uni.com,Ciencias,D-404,Pendiente,Transferencia
11701,María López,m.lopez@email.com,IA Aplicada,Dra. Chen,drchen@uni.com,Sistemas,C-303,Pendiente,Efectivo
11702,Juan Pérez,juan.p@email.com,IA Aplicada,Dra. Chen,drchen@uni.com,Sistemas,C-303,Pagado,Transferencia
11703,Diego Luna,dluna@email.com,Matemáticas III,Dr. Gómez,gomez@uni.com,Ciencias,D-404,Pendiente,Tarjeta
11704,Juan Pérez,juan.p@email.com,Matemáticas III,Dr. Gómez,gomez@uni.com,Ciencias,D-404,Pagado,Efectivo
11705,Ana Torres,ana.t@email.com,Base de Datos I,Ing. García,garcia@uni.com,Sistemas,A-101,Cancelado,Efectivo
11706,María López,m.lopez@email.com,Matemáticas III,Dr. Gómez,gomez@uni.com,Ciencias,D-404,Pendiente,Transferencia
11707,Sofía Vega,s.vega@email.com,Base de Datos I,Ing. García,garcia@uni.com,Sistemas,A-101,Pendiente,Efectivo
11708,Luis Gómez,luis.g@email.com,IA Aplicada,Dra. Chen,drchen@uni.com,Sistemas,C-303,Pendiente,Efectivo
11709,Juan Pérez,juan.p@email.com,Redes II,Lic. Martínez,martinez@uni.com,Telecom,B-202,Cancelado,Efectivo
11710,Diego Luna,dluna@email.com,Matemáticas III,Dr. Gómez,gomez@uni.com,Ciencias,D-404,Pagado,Efectivo
11711,María López,m.lopez@email.com,IA Aplicada,Dra. Chen,drchen@uni.com,Sistemas,C-303,Pendiente,Transferencia
11712,Diego Luna,dluna@email.com,Redes II,Lic. Martínez,martinez@uni.com,Telecom,B-202,Pendiente,Transferencia
11713,Juan Pérez,juan.p@email.com,Base de Datos I,Ing. García,garcia@uni.com,Sistemas,A-101,Pagado,Transferencia
11714,Diego Luna,dluna@email.com,Base de Datos I,Ing. García,garcia@uni.com,Sistemas,A-101,Cancelado,Efectivo
11715,Juan Pérez,juan.p@email.com,Matemáticas III,Dr. Gómez,gomez@uni.com,Ciencias,D-404,Cancelado,Transferencia
11716,Laura Paz,l.paz@email.com,IA Aplicada,Dra. Chen,drchen@uni.com,Sistemas,C-303,Pagado,Tarjeta
11717,Ana Torres,ana.t@email.com,Redes II,Lic. Martínez,martinez@uni.com,Telecom,B-202,Cancelado,Efectivo
11718,Juan Pérez,juan.p@email.com,Base de Datos I,Ing. García,garcia@uni.com,Sistemas,A-101,Cancelado,Transferencia
11719,Luis Gómez,luis.g@email.com,Redes II,Lic. Martínez,martinez@uni.com,Telecom,B-202,Cancelado,Transferencia
11720,Pedro Soto,psoto@email.com,Redes II,Lic. Martínez,martinez@uni.com,Telecom,B-202,Cancelado,Transferencia
11721,Luis Gómez,luis.g@email.com,Matemáticas III,Dr. Gómez,gomez@uni.com,Ciencias,D-404,Cancelado,Transferencia
11722,María López,m.lopez@email.com,Base de Datos I,Ing. García,garcia@uni.com,Sistemas,A-101,Pagado,Tarjeta
11723,Carlos Ruiz,cruiz@email.com,Redes II,Lic. Martínez,martinez@uni.com,Telecom,B-202,Pendiente,Transferencia
11724,Laura Paz,l.paz@email.com,IA Aplicada,Dra. Chen,drchen@uni.com,Sistemas,C-303,Pendiente,Transferencia
11725,Carlos Ruiz,cruiz@email.com,Base de Datos I,Ing. García,garcia@uni.com,Sistemas,A-101,Pagado,Transferencia
11726,Luis Gómez,luis.g@email.com,Matemáticas III,Dr. Gómez,gomez@uni.com,Ciencias,D-404,Pagado,Efectivo
11727,Luis Gómez,luis.g@email.com,Matemáticas III,Dr. Gómez,gomez@uni.com,Ciencias,D-404,Cancelado,Tarjeta
11728,Elena Díaz,e.diaz@email.com,Matemáticas III,Dr. Gómez,gomez@uni.com,Ciencias,D-404,Pagado,Transferencia
11729,Juan Pérez,juan.p@email.com,IA Aplicada,Dra. Chen,drchen@uni.com,Sistemas,C-303,Pendiente,Transferencia
11730,Pedro Soto,psoto@email.com,IA Aplicada,Dra. Chen,drchen@uni.com,Sistemas,C-303,Pagado,Tarjeta
11731,Diego Luna,dluna@email.com,IA Aplicada,Dra. Chen,drchen@uni.com,Sistemas,C-303,Pendiente,Transferencia
11732,Carlos Ruiz,cruiz@email.com,IA Aplicada,Dra. Chen,drchen@uni.com,Sistemas,C-303,Cancelado,Efectivo
11733,Ana Torres,ana.t@email.com,IA Aplicada,Dra. Chen,drchen@uni.com,Sistemas,C-303,Pendiente,Efectivo
11734,Luis Gómez,luis.g@email.com,Redes II,Lic. Martínez,martinez@uni.com,Telecom,B-202,Cancelado,Efectivo
11735,Laura Paz,l.paz@email.com,Base de Datos I,Ing. García,garcia@uni.com,Sistemas,A-101,Pagado,Transferencia
11736,Sofía Vega,s.vega@email.com,Redes II,Lic. Martínez,martinez@uni.com,Telecom,B-202,Pagado,Tarjeta
11737,Carlos Ruiz,cruiz@email.com,Redes II,Lic. Martínez,martinez@uni.com,Telecom,B-202,Cancelado,Tarjeta
11738,Pedro Soto,psoto@email.com,IA Aplicada,Dra. Chen,drchen@uni.com,Sistemas,C-303,Pendiente,Efectivo
11739,Juan Pérez,juan.p@email.com,Base de Datos I,Ing. García,garcia@uni.com,Sistemas,A-101,Pagado,Efectivo
11740,Luis Gómez,luis.g@email.com,Redes II,Lic. Martínez,martinez@uni.com,Telecom,B-202,Pagado,Transferencia
11741,Luis Gómez,luis.g@email.com,Base de Datos I,Ing. García,garcia@uni.com,Sistemas,A-101,Pagado,Efectivo
11742,Carlos Ruiz,cruiz@email.com,IA Aplicada,Dra. Chen,drchen@uni.com,Sistemas,C-303,Cancelado,Tarjeta
11743,María López,m.lopez@email.com,Matemáticas III,Dr. Gómez,gomez@uni.com,Ciencias,D-404,Cancelado,Efectivo
11744,Diego Luna,dluna@email.com,IA Aplicada,Dra. Chen,drchen@uni.com,Sistemas,C-303,Pagado,Efectivo
11745,Elena Díaz,e.diaz@email.com,Matemáticas III,Dr. Gómez,gomez@uni.com,Ciencias,D-404,Cancelado,Tarjeta
11746,Ana Torres,ana.t@email.com,IA Aplicada,Dra. Chen,drchen@uni.com,Sistemas,C-303,Cancelado,Tarjeta
11747,Juan Pérez,juan.p@email.com,Redes II,Lic. Martínez,martinez@uni.com,Telecom,B-202,Cancelado,Efectivo
11748,Carlos Ruiz,cruiz@email.com,Redes II,Lic. Martínez,martinez@uni.com,Telecom,B-202,Pagado,Efectivo
11749,Carlos Ruiz,cruiz@email.com,IA Aplicada,Dra. Chen,drchen@uni.com,Sistemas,C-303,Cancelado,Transferencia
11750,Sofía Vega,s.vega@email.com,Base de Datos I,Ing. García,garcia@uni.com,Sistemas,A-101,Pagado,Transferencia
11751,Luis Gómez,luis.g@email.com,Matemáticas III,Dr. Gómez,gomez@uni.com,Ciencias,D-404,Pagado,Transferencia
11752,Carlos Ruiz,cruiz@email.com,Matemáticas III,Dr. Gómez,gomez@uni.com,Ciencias,D-404,Pendiente,Tarjeta
11753,Elena Díaz,e.diaz@email.com,Redes II,Lic. Martínez,martinez@uni.com,Telecom,B-202,Cancelado,Tarjeta
11754,María López,m.lopez@email.com,Matemáticas III,Dr. Gómez,gomez@uni.com,Ciencias,D-404,Pendiente,Transferencia
11755,María López,m.lopez@email.com,Matemáticas III,Dr. Gómez,gomez@uni.com,Ciencias,D-404,Cancelado,Transferencia
11756,Luis Gómez,luis.g@email.com,Redes II,Lic. Martínez,martinez@uni.com,Telecom,B-202,Pendiente,Tarjeta
11757,María López,m.lopez@email.com,Matemáticas III,Dr. Gómez,gomez@uni.com,Ciencias,D-404,Cancelado,Transferencia
11758,Carlos Ruiz,cruiz@email.com,Matemáticas III,Dr. Gómez,gomez@uni.com,Ciencias,D-404,Pendiente,Transferencia
11759,Carlos Ruiz,cruiz@email.com,Redes II,Lic. Martínez,martinez@uni.com,Telecom,B-202,Pendiente,Transferencia
11760,Luis Gómez,luis.g@email.com,Matemáticas III,Dr. Gómez,gomez@uni.com,Ciencias,D-404,Pendiente,Tarjeta
11761,Carlos Ruiz,cruiz@email.com,Redes II,Lic. Martínez,martinez@uni.com,Telecom,B-202,Cancelado,Transferencia
11762,Luis Gómez,luis.g@email.com,Base de Datos I,Ing. García,garcia@uni.com,Sistemas,A-101,Pendiente,Tarjeta
11763,Diego Luna,dluna@email.com,Matemáticas III,Dr. Gómez,gomez@uni.com,Ciencias,D-404,Cancelado,Transferencia
11764,Carlos Ruiz,cruiz@email.com,IA Aplicada,Dra. Chen,drchen@uni.com,Sistemas,C-303,Pagado,Efectivo
11765,Diego Luna,dluna@email.com,Redes II,Lic. Martínez,martinez@uni.com,Telecom,B-202,Pagado,Efectivo
11766,Sofía Vega,s.vega@email.com,Matemáticas III,Dr. Gómez,gomez@uni.com,Ciencias,D-404,Pagado,Transferencia
11767,Pedro Soto,psoto@email.com,Matemáticas III,Dr. Gómez,gomez@uni.com,Ciencias,D-404,Pendiente,Tarjeta
11768,Laura Paz,l.paz@email.com,Base de Datos I,Ing. García,garcia@uni.com,Sistemas,A-101,Pagado,Tarjeta
11769,María López,m.lopez@email.com,Base de Datos I,Ing. García,garcia@uni.com,Sistemas,A-101,Cancelado,Efectivo
11770,Juan Pérez,juan.p@email.com,Matemáticas III,Dr. Gómez,gomez@uni.com,Ciencias,D-404,Pendiente,Efectivo
11771,Juan Pérez,juan.p@email.com,Matemáticas III,Dr. Gómez,gomez@uni.com,Ciencias,D-404,Pendiente,Transferencia
11772,Ana Torres,ana.t@email.com,Redes II,Lic. Martínez,martinez@uni.com,Telecom,B-202,Pagado,Transferencia
11773,Luis Gómez,luis.g@email.com,Base de Datos I,Ing. García,garcia@uni.com,Sistemas,A-101,Pendiente,Transferencia
11774,Ana Torres,ana.t@email.com,Redes II,Lic. Martínez,martinez@uni.com,Telecom,B-202,Pendiente,Transferencia
11775,Juan Pérez,juan.p@email.com,Matemáticas III,Dr. Gómez,gomez@uni.com,Ciencias,D-404,Pagado,Transferencia
11776,Juan Pérez,juan.p@email.com,IA Aplicada,Dra. Chen,drchen@uni.com,Sistemas,C-303,Pagado,Efectivo
11777,Sofía Vega,s.vega@email.com,Matemáticas III,Dr. Gómez,gomez@uni.com,Ciencias,D-404,Pagado,Efectivo
11778,Elena Díaz,e.diaz@email.com,Matemáticas III,Dr. Gómez,gomez@uni.com,Ciencias,D-404,Cancelado,Transferencia
11779,Elena Díaz,e.diaz@email.com,Redes II,Lic. Martínez,martinez@uni.com,Telecom,B-202,Cancelado,Tarjeta
11780,Diego Luna,dluna@email.com,Matemáticas III,Dr. Gómez,gomez@uni.com,Ciencias,D-404,Cancelado,Tarjeta
11781,Pedro Soto,psoto@email.com,Redes II,Lic. Martínez,martinez@uni.com,Telecom,B-202,Cancelado,Efectivo
11782,Pedro Soto,psoto@email.com,Redes II,Lic. Martínez,martinez@uni.com,Telecom,B-202,Pagado,Efectivo
11783,Luis Gómez,luis.g@email.com,Redes II,Lic. Martínez,martinez@uni.com,Telecom,B-202,Pagado,Tarjeta
11784,Diego Luna,dluna@email.com,IA Aplicada,Dra. Chen,drchen@uni.com,Sistemas,C-303,Pendiente,Tarjeta
11785,María López,m.lopez@email.com,IA Aplicada,Dra. Chen,drchen@uni.com,Sistemas,C-303,Cancelado,Transferencia
11786,María López,m.lopez@email.com,Base de Datos I,Ing. García,garcia@uni.com,Sistemas,A-101,Cancelado,Efectivo
11787,Ana Torres,ana.t@email.com,Matemáticas III,Dr. Gómez,gomez@uni.com,Ciencias,D-404,Pagado,Tarjeta
11788,Elena Díaz,e.diaz@email.com,Matemáticas III,Dr. Gómez,gomez@uni.com,Ciencias,D-404,Pendiente,Transferencia
11789,Pedro Soto,psoto@email.com,IA Aplicada,Dra. Chen,drchen@uni.com,Sistemas,C-303,Pagado,Transferencia
11790,Carlos Ruiz,cruiz@email.com,Redes II,Lic. Martínez,martinez@uni.com,Telecom,B-202,Pendiente,Transferencia
11791,Juan Pérez,juan.p@email.com,IA Aplicada,Dra. Chen,drchen@uni.com,Sistemas,C-303,Cancelado,Tarjeta
11792,Pedro Soto,psoto@email.com,Matemáticas III,Dr. Gómez,gomez@uni.com,Ciencias,D-404,Pendiente,Transferencia
11793,María López,m.lopez@email.com,Redes II,Lic. Martínez,martinez@uni.com,Telecom,B-202,Pendiente,Transferencia
11794,Ana Torres,ana.t@email.com,IA Aplicada,Dra. Chen,drchen@uni.com,Sistemas,C-303,Pendiente,Efectivo
11795,Pedro Soto,psoto@email.com,Base de Datos I,Ing. García,garcia@uni.com,Sistemas,A-101,Pagado,Tarjeta
11796,Elena Díaz,e.diaz@email.com,Redes II,Lic. Martínez,martinez@uni.com,Telecom,B-202,Cancelado,Efectivo
11797,Pedro Soto,psoto@email.com,Base de Datos I,Ing. García,garcia@uni.com,Sistemas,A-101,Pagado,Transferencia
11798,Carlos Ruiz,cruiz@email.com,Matemáticas III,Dr. Gómez,gomez@uni.com,Ciencias,D-404,Pendiente,Tarjeta
11799,Ana Torres,ana.t@email.com,Matemáticas III,Dr. Gómez,gomez@uni.com,Ciencias,D-404,Cancelado,Efectivo
11800,Pedro Soto,psoto@email.com,Redes II,Lic. Martínez,martinez@uni.com,Telecom,B-202,Pendiente,Tarjeta
11801,Pedro Soto,psoto@email.com,Base de Datos I,Ing. García,garcia@uni.com,Sistemas,A-101,Cancelado,Efectivo
11802,Luis Gómez,luis.g@email.com,Redes II,Lic. Martínez,martinez@uni.com,Telecom,B-202,Cancelado,Transferencia
11803,Luis Gómez,luis.g@email.com,Redes II,Lic. Martínez,martinez@uni.com,Telecom,B-202,Cancelado,Efectivo
11804,Elena Díaz,e.diaz@email.com,IA Aplicada,Dra. Chen,drchen@uni.com,Sistemas,C-303,Pagado,Transferencia
11805,Ana Torres,ana.t@email.com,Redes II,Lic. Martínez,martinez@uni.com,Telecom,B-202,Pagado,Efectivo
11806,Ana Torres,ana.t@email.com,Redes II,Lic. Martínez,martinez@uni.com,Telecom,B-202,Pendiente,Transferencia
11807,Laura Paz,l.paz@email.com,Redes II,Lic. Martínez,martinez@uni.com,Telecom,B-202,Pendiente,Tarjeta
11808,Laura Paz,l.paz@email.com,Base de Datos I,Ing. García,garcia@uni.com,Sistemas,A-101,Pagado,Tarjeta
11809,Diego Luna,dluna@email.com,Matemáticas III,Dr. Gómez,gomez@uni.com,Ciencias,D-404,Pagado,Transferencia
11810,Laura Paz,l.paz@email.com,Matemáticas III,Dr. Gómez,gomez@uni.com,Ciencias,D-404,Pendiente,Tarjeta
11811,Juan Pérez,juan.p@email.com,Matemáticas III,Dr. Gómez,gomez@uni.com,Ciencias,D-404,Cancelado,Transferencia
11812,Ana Torres,ana.t@email.com,Redes II,Lic. Martínez,martinez@uni.com,Telecom,B-202,Pagado,Efectivo
11813,Sofía Vega,s.vega@email.com,Matemáticas III,Dr. Gómez,gomez@uni.com,Ciencias,D-404,Cancelado,Transferencia
11814,Luis Gómez,luis.g@email.com,IA Aplicada,Dra. Chen,drchen@uni.com,Sistemas,C-303,Pagado,Efectivo
11815,María López,m.lopez@email.com,IA Aplicada,Dra. Chen,drchen@uni.com,Sistemas,C-303,Pendiente,Transferencia
11816,María López,m.lopez@email.com,Matemáticas III,Dr. Gómez,gomez@uni.com,Ciencias,D-404,Pagado,Tarjeta
11817,Carlos Ruiz,cruiz@email.com,Redes II,Lic. Martínez,martinez@uni.com,Telecom,B-202,Pagado,Transferencia
11818,Elena Díaz,e.diaz@email.com,IA Aplicada,Dra. Chen,drchen@uni.com,Sistemas,C-303,Pendiente,Efectivo
11819,María López,m.lopez@email.com,IA Aplicada,Dra. Chen,drchen@uni.com,Sistemas,C-303,Pagado,Efectivo
11820,Pedro Soto,psoto@email.com,Base de Datos I,Ing. García,garcia@uni.com,Sistemas,A-101,Pendiente,Transferencia
11821,Sofía Vega,s.vega@email.com,Redes II,Lic. Martínez,martinez@uni.com,Telecom,B-202,Cancelado,Transferencia
11822,Juan Pérez,juan.p@email.com,IA Aplicada,Dra. Chen,drchen@uni.com,Sistemas,C-303,Cancelado,Efectivo
11823,Laura Paz,l.paz@email.com,Redes II,Lic. Martínez,martinez@uni.com,Telecom,B-202,Cancelado,Transferencia
11824,Luis Gómez,luis.g@email.com,Matemáticas III,Dr. Gómez,gomez@uni.com,Ciencias,D-404,Pagado,Transferencia
11825,Carlos Ruiz,cruiz@email.com,Matemáticas III,Dr. Gómez,gomez@uni.com,Ciencias,D-404,Cancelado,Tarjeta
11826,Carlos Ruiz,cruiz@email.com,Matemáticas III,Dr. Gómez,gomez@uni.com,Ciencias,D-404,Cancelado,Tarjeta
11827,Elena Díaz,e.diaz@email.com,Redes II,Lic. Martínez,martinez@uni.com,Telecom,B-202,Cancelado,Transferencia
11828,Juan Pérez,juan.p@email.com,Redes II,Lic. Martínez,martinez@uni.com,Telecom,B-202,Pagado,Tarjeta
11829,Elena Díaz,e.diaz@email.com,Redes II,Lic. Martínez,martinez@uni.com,Telecom,B-202,Pendiente,Tarjeta
11830,María López,m.lopez@email.com,IA Aplicada,Dra. Chen,drchen@uni.com,Sistemas,C-303,Pagado,Tarjeta
11831,Sofía Vega,s.vega@email.com,Base de Datos I,Ing. García,garcia@uni.com,Sistemas,A-101,Pendiente,Tarjeta
11832,Juan Pérez,juan.p@email.com,IA Aplicada,Dra. Chen,drchen@uni.com,Sistemas,C-303,Cancelado,Tarjeta
11833,Sofía Vega,s.vega@email.com,Matemáticas III,Dr. Gómez,gomez@uni.com,Ciencias,D-404,Pendiente,Transferencia
11834,Luis Gómez,luis.g@email.com,Matemáticas III,Dr. Gómez,gomez@uni.com,Ciencias,D-404,Pagado,Efectivo
11835,Elena Díaz,e.diaz@email.com,IA Aplicada,Dra. Chen,drchen@uni.com,Sistemas,C-303,Pendiente,Tarjeta
11836,Pedro Soto,psoto@email.com,Matemáticas III,Dr. Gómez,gomez@uni.com,Ciencias,D-404,Cancelado,Tarjeta
11837,Luis Gómez,luis.g@email.com,Redes II,Lic. Martínez,martinez@uni.com,Telecom,B-202,Cancelado,Tarjeta
11838,Diego Luna,dluna@email.com,IA Aplicada,Dra. Chen,drchen@uni.com,Sistemas,C-303,Pagado,Efectivo
11839,Luis Gómez,luis.g@email.com,Base de Datos I,Ing. García,garcia@uni.com,Sistemas,A-101,Pagado,Transferencia
11840,Pedro Soto,psoto@email.com,Base de Datos I,Ing. García,garcia@uni.com,Sistemas,A-101,Cancelado,Tarjeta
11841,Luis Gómez,luis.g@email.com,Matemáticas III,Dr. Gómez,gomez@uni.com,Ciencias,D-404,Pagado,Efectivo
11842,Juan Pérez,juan.p@email.com,IA Aplicada,Dra. Chen,drchen@uni.com,Sistemas,C-303,Pagado,Tarjeta
11843,Ana Torres,ana.t@email.com,Matemáticas III,Dr. Gómez,gomez@uni.com,Ciencias,D-404,Cancelado,Transferencia
11844,Pedro Soto,psoto@email.com,Base de Datos I,Ing. García,garcia@uni.com,Sistemas,A-101,Pagado,Tarjeta
11845,Luis Gómez,luis.g@email.com,Redes II,Lic. Martínez,martinez@uni.com,Telecom,B-202,Pagado,Efectivo
11846,María López,m.lopez@email.com,Base de Datos I,Ing. García,garcia@uni.com,Sistemas,A-101,Pendiente,Tarjeta
11847,María López,m.lopez@email.com,Redes II,Lic. Martínez,martinez@uni.com,Telecom,B-202,Cancelado,Tarjeta
11848,María López,m.lopez@email.com,IA Aplicada,Dra. Chen,drchen@uni.com,Sistemas,C-303,Pendiente,Transferencia
11849,Elena Díaz,e.diaz@email.com,Base de Datos I,Ing. García,garcia@uni.com,Sistemas,A-101,Pagado,Tarjeta
11850,Sofía Vega,s.vega@email.com,IA Aplicada,Dra. Chen,drchen@uni.com,Sistemas,C-303,Pagado,Transferencia
11851,Ana Torres,ana.t@email.com,Matemáticas III,Dr. Gómez,gomez@uni.com,Ciencias,D-404,Pendiente,Tarjeta
11852,Sofía Vega,s.vega@email.com,Matemáticas III,Dr. Gómez,gomez@uni.com,Ciencias,D-404,Pendiente,Tarjeta
11853,Sofía Vega,s.vega@email.com,Base de Datos I,Ing. García,garcia@uni.com,Sistemas,A-101,Pagado,Efectivo
11854,Laura Paz,l.paz@email.com,Redes II,Lic. Martínez,martinez@uni.com,Telecom,B-202,Pagado,Efectivo
11855,Elena Díaz,e.diaz@email.com,Redes II,Lic. Martínez,martinez@uni.com,Telecom,B-202,Pagado,Tarjeta
11856,Ana Torres,ana.t@email.com,Base de Datos I,Ing. García,garcia@uni.com,Sistemas,A-101,Pendiente,Transferencia
11857,Juan Pérez,juan.p@email.com,IA Aplicada,Dra. Chen,drchen@uni.com,Sistemas,C-303,Pagado,Transferencia
11858,Luis Gómez,luis.g@email.com,Matemáticas III,Dr. Gómez,gomez@uni.com,Ciencias,D-404,Cancelado,Transferencia
11859,Diego Luna,dluna@email.com,Matemáticas III,Dr. Gómez,gomez@uni.com,Ciencias,D-404,Pendiente,Tarjeta
11860,Elena Díaz,e.diaz@email.com,IA Aplicada,Dra. Chen,drchen@uni.com,Sistemas,C-303,Cancelado,Efectivo
11861,Ana Torres,ana.t@email.com,Base de Datos I,Ing. García,garcia@uni.com,Sistemas,A-101,Cancelado,Tarjeta
11862,Sofía Vega,s.vega@email.com,Base de Datos I,Ing. García,garcia@uni.com,Sistemas,A-101,Pagado,Transferencia
11863,María López,m.lopez@email.com,Base de Datos I,Ing. García,garcia@uni.com,Sistemas,A-101,Pagado,Transferencia
11864,Laura Paz,l.paz@email.com,Base de Datos I,Ing. García,garcia@uni.com,Sistemas,A-101,Pendiente,Transferencia
11865,Laura Paz,l.paz@email.com,IA Aplicada,Dra. Chen,drchen@uni.com,Sistemas,C-303,Pagado,Efectivo
11866,Pedro Soto,psoto@email.com,Base de Datos I,Ing. García,garcia@uni.com,Sistemas,A-101,Pagado,Transferencia
11867,Laura Paz,l.paz@email.com,Matemáticas III,Dr. Gómez,gomez@uni.com,Ciencias,D-404,Cancelado,Efectivo
11868,Pedro Soto,psoto@email.com,IA Aplicada,Dra. Chen,drchen@uni.com,Sistemas,C-303,Pagado,Efectivo
11869,María López,m.lopez@email.com,Redes II,Lic. Martínez,martinez@uni.com,Telecom,B-202,Pendiente,Tarjeta
11870,Luis Gómez,luis.g@email.com,Matemáticas III,Dr. Gómez,gomez@uni.com,Ciencias,D-404,Cancelado,Tarjeta
11871,Laura Paz,l.paz@email.com,IA Aplicada,Dra. Chen,drchen@uni.com,Sistemas,C-303,Cancelado,Transferencia
11872,Ana Torres,ana.t@email.com,Redes II,Lic. Martínez,martinez@uni.com,Telecom,B-202,Pagado,Tarjeta
11873,Ana Torres,ana.t@email.com,IA Aplicada,Dra. Chen,drchen@uni.com,Sistemas,C-303,Pendiente,Transferencia
11874,María López,m.lopez@email.com,Matemáticas III,Dr. Gómez,gomez@uni.com,Ciencias,D-404,Cancelado,Tarjeta
11875,Diego Luna,dluna@email.com,IA Aplicada,Dra. Chen,drchen@uni.com,Sistemas,C-303,Pendiente,Tarjeta
11876,Luis Gómez,luis.g@email.com,Base de Datos I,Ing. García,garcia@uni.com,Sistemas,A-101,Pagado,Transferencia
11877,Carlos Ruiz,cruiz@email.com,Base de Datos I,Ing. García,garcia@uni.com,Sistemas,A-101,Pagado,Tarjeta
11878,María López,m.lopez@email.com,Matemáticas III,Dr. Gómez,gomez@uni.com,Ciencias,D-404,Cancelado,Efectivo
11879,Sofía Vega,s.vega@email.com,Base de Datos I,Ing. García,garcia@uni.com,Sistemas,A-101,Cancelado,Tarjeta
11880,Ana Torres,ana.t@email.com,IA Aplicada,Dra. Chen,drchen@uni.com,Sistemas,C-303,Cancelado,Tarjeta
11881,María López,m.lopez@email.com,Base de Datos I,Ing. García,garcia@uni.com,Sistemas,A-101,Pendiente,Tarjeta
11882,Laura Paz,l.paz@email.com,Base de Datos I,Ing. García,garcia@uni.com,Sistemas,A-101,Cancelado,Efectivo
11883,Ana Torres,ana.t@email.com,IA Aplicada,Dra. Chen,drchen@uni.com,Sistemas,C-303,Pagado,Transferencia
11884,Laura Paz,l.paz@email.com,Base de Datos I,Ing. García,garcia@uni.com,Sistemas,A-101,Cancelado,Tarjeta
11885,Ana Torres,ana.t@email.com,Base de Datos I,Ing. García,garcia@uni.com,Sistemas,A-101,Pendiente,Transferencia
11886,Juan Pérez,juan.p@email.com,Matemáticas III,Dr. Gómez,gomez@uni.com,Ciencias,D-404,Pagado,Transferencia
11887,Ana Torres,ana.t@email.com,Redes II,Lic. Martínez,martinez@uni.com,Telecom,B-202,Pagado,Tarjeta
11888,Ana Torres,ana.t@email.com,Redes II,Lic. Martínez,martinez@uni.com,Telecom,B-202,Cancelado,Efectivo
11889,Ana Torres,ana.t@email.com,Base de Datos I,Ing. García,garcia@uni.com,Sistemas,A-101,Pagado,Efectivo
11890,María López,m.lopez@email.com,Matemáticas III,Dr. Gómez,gomez@uni.com,Ciencias,D-404,Pendiente,Tarjeta
11891,Laura Paz,l.paz@email.com,Base de Datos I,Ing. García,garcia@uni.com,Sistemas,A-101,Pagado,Transferencia
11892,Elena Díaz,e.diaz@email.com,Matemáticas III,Dr. Gómez,gomez@uni.com,Ciencias,D-404,Cancelado,Efectivo
11893,Pedro Soto,psoto@email.com,IA Aplicada,Dra. Chen,drchen@uni.com,Sistemas,C-303,Cancelado,Transferencia
11894,Carlos Ruiz,cruiz@email.com,Matemáticas III,Dr. Gómez,gomez@uni.com,Ciencias,D-404,Pagado,Transferencia
11895,Ana Torres,ana.t@email.com,IA Aplicada,Dra. Chen,drchen@uni.com,Sistemas,C-303,Pendiente,Transferencia
11896,Pedro Soto,psoto@email.com,Matemáticas III,Dr. Gómez,gomez@uni.com,Ciencias,D-404,Pendiente,Tarjeta
11897,Luis Gómez,luis.g@email.com,Redes II,Lic. Martínez,martinez@uni.com,Telecom,B-202,Pendiente,Tarjeta
11898,Ana Torres,ana.t@email.com,Redes II,Lic. Martínez,martinez@uni.com,Telecom,B-202,Pagado,Transferencia
11899,Juan Pérez,juan.p@email.com,Redes II,Lic. Martínez,martinez@uni.com,Telecom,B-202,Cancelado,Tarjeta
11900,Pedro Soto,psoto@email.com,Matemáticas III,Dr. Gómez,gomez@uni.com,Ciencias,D-404,Cancelado,Efectivo
11901,Luis Gómez,luis.g@email.com,Base de Datos I,Ing. García,garcia@uni.com,Sistemas,A-101,Pagado,Efectivo
11902,Luis Gómez,luis.g@email.com,Base de Datos I,Ing. García,garcia@uni.com,Sistemas,A-101,Pagado,Tarjeta
11903,María López,m.lopez@email.com,Base de Datos I,Ing. García,garcia@uni.com,Sistemas,A-101,Pendiente,Efectivo
11904,María López,m.lopez@email.com,Base de Datos I,Ing. García,garcia@uni.com,Sistemas,A-101,Cancelado,Transferencia
11905,Ana Torres,ana.t@email.com,Redes II,Lic. Martínez,martinez@uni.com,Telecom,B-202,Pendiente,Efectivo
11906,Carlos Ruiz,cruiz@email.com,Base de Datos I,Ing. García,garcia@uni.com,Sistemas,A-101,Cancelado,Transferencia
11907,Ana Torres,ana.t@email.com,Redes II,Lic. Martínez,martinez@uni.com,Telecom,B-202,Cancelado,Efectivo
11908,María López,m.lopez@email.com,IA Aplicada,Dra. Chen,drchen@uni.com,Sistemas,C-303,Pagado,Efectivo
11909,Pedro Soto,psoto@email.com,Redes II,Lic. Martínez,martinez@uni.com,Telecom,B-202,Pagado,Efectivo
11910,Luis Gómez,luis.g@email.com,IA Aplicada,Dra. Chen,drchen@uni.com,Sistemas,C-303,Pendiente,Efectivo
11911,Elena Díaz,e.diaz@email.com,Redes II,Lic. Martínez,martinez@uni.com,Telecom,B-202,Cancelado,Tarjeta
11912,María López,m.lopez@email.com,Base de Datos I,Ing. García,garcia@uni.com,Sistemas,A-101,Cancelado,Efectivo
11913,Diego Luna,dluna@email.com,Matemáticas III,Dr. Gómez,gomez@uni.com,Ciencias,D-404,Cancelado,Transferencia
11914,María López,m.lopez@email.com,Base de Datos I,Ing. García,garcia@uni.com,Sistemas,A-101,Cancelado,Efectivo
11915,Pedro Soto,psoto@email.com,Base de Datos I,Ing. García,garcia@uni.com,Sistemas,A-101,Pagado,Tarjeta
11916,Ana Torres,ana.t@email.com,IA Aplicada,Dra. Chen,drchen@uni.com,Sistemas,C-303,Cancelado,Tarjeta
11917,María López,m.lopez@email.com,Redes II,Lic. Martínez,martinez@uni.com,Telecom,B-202,Pagado,Tarjeta
11918,Sofía Vega,s.vega@email.com,IA Aplicada,Dra. Chen,drchen@uni.com,Sistemas,C-303,Cancelado,Tarjeta
11919,María López,m.lopez@email.com,Matemáticas III,Dr. Gómez,gomez@uni.com,Ciencias,D-404,Cancelado,Tarjeta
11920,María López,m.lopez@email.com,IA Aplicada,Dra. Chen,drchen@uni.com,Sistemas,C-303,Pagado,Tarjeta
11921,Luis Gómez,luis.g@email.com,Matemáticas III,Dr. Gómez,gomez@uni.com,Ciencias,D-404,Pendiente,Efectivo
11922,Ana Torres,ana.t@email.com,Base de Datos I,Ing. García,garcia@uni.com,Sistemas,A-101,Cancelado,Tarjeta
11923,María López,m.lopez@email.com,Redes II,Lic. Martínez,martinez@uni.com,Telecom,B-202,Pendiente,Efectivo
11924,Carlos Ruiz,cruiz@email.com,IA Aplicada,Dra. Chen,drchen@uni.com,Sistemas,C-303,Pagado,Efectivo
11925,Sofía Vega,s.vega@email.com,Redes II,Lic. Martínez,martinez@uni.com,Telecom,B-202,Cancelado,Tarjeta
11926,Luis Gómez,luis.g@email.com,Base de Datos I,Ing. García,garcia@uni.com,Sistemas,A-101,Cancelado,Tarjeta
11927,Luis Gómez,luis.g@email.com,Redes II,Lic. Martínez,martinez@uni.com,Telecom,B-202,Pagado,Tarjeta
11928,Luis Gómez,luis.g@email.com,Redes II,Lic. Martínez,martinez@uni.com,Telecom,B-202,Pagado,Tarjeta
11929,Juan Pérez,juan.p@email.com,Base de Datos I,Ing. García,garcia@uni.com,Sistemas,A-101,Pendiente,Tarjeta
11930,Ana Torres,ana.t@email.com,Matemáticas III,Dr. Gómez,gomez@uni.com,Ciencias,D-404,Pendiente,Transferencia
11931,Laura Paz,l.paz@email.com,Base de Datos I,Ing. García,garcia@uni.com,Sistemas,A-101,Pendiente,Efectivo
11932,Ana Torres,ana.t@email.com,Base de Datos I,Ing. García,garcia@uni.com,Sistemas,A-101,Pendiente,Transferencia
11933,Luis Gómez,luis.g@email.com,Base de Datos I,Ing. García,garcia@uni.com,Sistemas,A-101,Cancelado,Efectivo
11934,María López,m.lopez@email.com,IA Aplicada,Dra. Chen,drchen@uni.com,Sistemas,C-303,Cancelado,Efectivo
11935,Diego Luna,dluna@email.com,IA Aplicada,Dra. Chen,drchen@uni.com,Sistemas,C-303,Pendiente,Efectivo
11936,Sofía Vega,s.vega@email.com,Matemáticas III,Dr. Gómez,gomez@uni.com,Ciencias,D-404,Cancelado,Efectivo
11937,Luis Gómez,luis.g@email.com,Base de Datos I,Ing. García,garcia@uni.com,Sistemas,A-101,Pendiente,Tarjeta
11938,Carlos Ruiz,cruiz@email.com,Redes II,Lic. Martínez,martinez@uni.com,Telecom,B-202,Pendiente,Transferencia
11939,Carlos Ruiz,cruiz@email.com,Redes II,Lic. Martínez,martinez@uni.com,Telecom,B-202,Cancelado,Transferencia
11940,Luis Gómez,luis.g@email.com,IA Aplicada,Dra. Chen,drchen@uni.com,Sistemas,C-303,Pendiente,Efectivo
11941,María López,m.lopez@email.com,Redes II,Lic. Martínez,martinez@uni.com,Telecom,B-202,Pagado,Transferencia
11942,Laura Paz,l.paz@email.com,IA Aplicada,Dra. Chen,drchen@uni.com,Sistemas,C-303,Pendiente,Transferencia
11943,Carlos Ruiz,cruiz@email.com,Redes II,Lic. Martínez,martinez@uni.com,Telecom,B-202,Pendiente,Efectivo
11944,Diego Luna,dluna@email.com,Matemáticas III,Dr. Gómez,gomez@uni.com,Ciencias,D-404,Pendiente,Tarjeta
11945,Ana Torres,ana.t@email.com,Redes II,Lic. Martínez,martinez@uni.com,Telecom,B-202,Pagado,Efectivo
11946,María López,m.lopez@email.com,IA Aplicada,Dra. Chen,drchen@uni.com,Sistemas,C-303,Pagado,Efectivo
11947,Ana Torres,ana.t@email.com,IA Aplicada,Dra. Chen,drchen@uni.com,Sistemas,C-303,Pagado,Transferencia
11948,Ana Torres,ana.t@email.com,Base de Datos I,Ing. García,garcia@uni.com,Sistemas,A-101,Pagado,Transferencia
11949,Pedro Soto,psoto@email.com,IA Aplicada,Dra. Chen,drchen@uni.com,Sistemas,C-303,Pagado,Efectivo
11950,Diego Luna,dluna@email.com,Base de Datos I,Ing. García,garcia@uni.com,Sistemas,A-101,Pendiente,Transferencia
11951,Carlos Ruiz,cruiz@email.com,Redes II,Lic. Martínez,martinez@uni.com,Telecom,B-202,Pendiente,Efectivo
11952,Elena Díaz,e.diaz@email.com,Redes II,Lic. Martínez,martinez@uni.com,Telecom,B-202,Pendiente,Efectivo
11953,Pedro Soto,psoto@email.com,Base de Datos I,Ing. García,garcia@uni.com,Sistemas,A-101,Pagado,Efectivo
11954,Laura Paz,l.paz@email.com,IA Aplicada,Dra. Chen,drchen@uni.com,Sistemas,C-303,Cancelado,Tarjeta
11955,Laura Paz,l.paz@email.com,Matemáticas III,Dr. Gómez,gomez@uni.com,Ciencias,D-404,Pendiente,Efectivo
11956,Luis Gómez,luis.g@email.com,Base de Datos I,Ing. García,garcia@uni.com,Sistemas,A-101,Pendiente,Transferencia
11957,Sofía Vega,s.vega@email.com,Redes II,Lic. Martínez,martinez@uni.com,Telecom,B-202,Pendiente,Transferencia
11958,Laura Paz,l.paz@email.com,IA Aplicada,Dra. Chen,drchen@uni.com,Sistemas,C-303,Cancelado,Efectivo
11959,Laura Paz,l.paz@email.com,Redes II,Lic. Martínez,martinez@uni.com,Telecom,B-202,Cancelado,Efectivo
11960,Ana Torres,ana.t@email.com,Matemáticas III,Dr. Gómez,gomez@uni.com,Ciencias,D-404,Pendiente,Tarjeta
11961,Carlos Ruiz,cruiz@email.com,IA Aplicada,Dra. Chen,drchen@uni.com,Sistemas,C-303,Cancelado,Transferencia
11962,Ana Torres,ana.t@email.com,IA Aplicada,Dra. Chen,drchen@uni.com,Sistemas,C-303,Pendiente,Transferencia
11963,Laura Paz,l.paz@email.com,Base de Datos I,Ing. García,garcia@uni.com,Sistemas,A-101,Cancelado,Tarjeta
11964,Diego Luna,dluna@email.com,IA Aplicada,Dra. Chen,drchen@uni.com,Sistemas,C-303,Pagado,Tarjeta
11965,Ana Torres,ana.t@email.com,Redes II,Lic. Martínez,martinez@uni.com,Telecom,B-202,Pagado,Tarjeta
11966,Laura Paz,l.paz@email.com,Base de Datos I,Ing. García,garcia@uni.com,Sistemas,A-101,Cancelado,Efectivo
11967,Carlos Ruiz,cruiz@email.com,IA Aplicada,Dra. Chen,drchen@uni.com,Sistemas,C-303,Pendiente,Efectivo
11968,Carlos Ruiz,cruiz@email.com,Redes II,Lic. Martínez,martinez@uni.com,Telecom,B-202,Pagado,Efectivo
11969,Juan Pérez,juan.p@email.com,IA Aplicada,Dra. Chen,drchen@uni.com,Sistemas,C-303,Pendiente,Efectivo
11970,Laura Paz,l.paz@email.com,Base de Datos I,Ing. García,garcia@uni.com,Sistemas,A-101,Cancelado,Tarjeta
11971,Elena Díaz,e.diaz@email.com,IA Aplicada,Dra. Chen,drchen@uni.com,Sistemas,C-303,Pendiente,Efectivo
11972,Carlos Ruiz,cruiz@email.com,IA Aplicada,Dra. Chen,drchen@uni.com,Sistemas,C-303,Pagado,Efectivo
11973,Sofía Vega,s.vega@email.com,Base de Datos I,Ing. García,garcia@uni.com,Sistemas,A-101,Cancelado,Tarjeta
11974,Juan Pérez,juan.p@email.com,Base de Datos I,Ing. García,garcia@uni.com,Sistemas,A-101,Cancelado,Efectivo
11975,Diego Luna,dluna@email.com,Matemáticas III,Dr. Gómez,gomez@uni.com,Ciencias,D-404,Pagado,Efectivo
11976,Ana Torres,ana.t@email.com,Matemáticas III,Dr. Gómez,gomez@uni.com,Ciencias,D-404,Pagado,Tarjeta
11977,Laura Paz,l.paz@email.com,Base de Datos I,Ing. García,garcia@uni.com,Sistemas,A-101,Pagado,Efectivo
11978,María López,m.lopez@email.com,IA Aplicada,Dra. Chen,drchen@uni.com,Sistemas,C-303,Pagado,Tarjeta
11979,Ana Torres,ana.t@email.com,Matemáticas III,Dr. Gómez,gomez@uni.com,Ciencias,D-404,Pagado,Transferencia
11980,Ana Torres,ana.t@email.com,IA Aplicada,Dra. Chen,drchen@uni.com,Sistemas,C-303,Cancelado,Efectivo
11981,Elena Díaz,e.diaz@email.com,IA Aplicada,Dra. Chen,drchen@uni.com,Sistemas,C-303,Cancelado,Tarjeta
11982,Pedro Soto,psoto@email.com,Redes II,Lic. Martínez,martinez@uni.com,Telecom,B-202,Pagado,Tarjeta
11983,Pedro Soto,psoto@email.com,Matemáticas III,Dr. Gómez,gomez@uni.com,Ciencias,D-404,Pagado,Transferencia
11984,Diego Luna,dluna@email.com,Matemáticas III,Dr. Gómez,gomez@uni.com,Ciencias,D-404,Cancelado,Tarjeta
11985,Carlos Ruiz,cruiz@email.com,Matemáticas III,Dr. Gómez,gomez@uni.com,Ciencias,D-404,Pagado,Tarjeta
11986,Juan Pérez,juan.p@email.com,IA Aplicada,Dra. Chen,drchen@uni.com,Sistemas,C-303,Pagado,Transferencia
11987,Laura Paz,l.paz@email.com,IA Aplicada,Dra. Chen,drchen@uni.com,Sistemas,C-303,Pagado,Efectivo
11988,Ana Torres,ana.t@email.com,Redes II,Lic. Martínez,martinez@uni.com,Telecom,B-202,Pagado,Transferencia
11989,Carlos Ruiz,cruiz@email.com,IA Aplicada,Dra. Chen,drchen@uni.com,Sistemas,C-303,Cancelado,Tarjeta
11990,Laura Paz,l.paz@email.com,IA Aplicada,Dra. Chen,drchen@uni.com,Sistemas,C-303,Pendiente,Transferencia
11991,Laura Paz,l.paz@email.com,Base de Datos I,Ing. García,garcia@uni.com,Sistemas,A-101,Pendiente,Transferencia
11992,Diego Luna,dluna@email.com,Matemáticas III,Dr. Gómez,gomez@uni.com,Ciencias,D-404,Pagado,Transferencia
11993,Carlos Ruiz,cruiz@email.com,Matemáticas III,Dr. Gómez,gomez@uni.com,Ciencias,D-404,Pagado,Transferencia
11994,Sofía Vega,s.vega@email.com,Redes II,Lic. Martínez,martinez@uni.com,Telecom,B-202,Cancelado,Efectivo
11995,Juan Pérez,juan.p@email.com,Matemáticas III,Dr. Gómez,gomez@uni.com,Ciencias,D-404,Cancelado,Transferencia
11996,Luis Gómez,luis.g@email.com,IA Aplicada,Dra. Chen,drchen@uni.com,Sistemas,C-303,Pendiente,Efectivo
11997,Diego Luna,dluna@email.com,Base de Datos I,Ing. García,garcia@uni.com,Sistemas,A-101,Cancelado,Efectivo
11998,Juan Pérez,juan.p@email.com,Base de Datos I,Ing. García,garcia@uni.com,Sistemas,A-101,Cancelado,Efectivo
11999,Luis Gómez,luis.g@email.com,IA Aplicada,Dra. Chen,drchen@uni.com,Sistemas,C-303,Pagado,Transferencia
12000,Diego Luna,dluna@email.com,IA Aplicada,Dra. Chen,drchen@uni.com,Sistemas,C-303,Pendiente,Efectivo
12001,Luis Gómez,luis.g@email.com,IA Aplicada,Dra. Chen,drchen@uni.com,Sistemas,C-303,Cancelado,Tarjeta
12002,Diego Luna,dluna@email.com,IA Aplicada,Dra. Chen,drchen@uni.com,Sistemas,C-303,Pagado,Transferencia
12003,Pedro Soto,psoto@email.com,Matemáticas III,Dr. Gómez,gomez@uni.com,Ciencias,D-404,Cancelado,Efectivo
12004,Juan Pérez,juan.p@email.com,Base de Datos I,Ing. García,garcia@uni.com,Sistemas,A-101,Cancelado,Transferencia
12005,Elena Díaz,e.diaz@email.com,Redes II,Lic. Martínez,martinez@uni.com,Telecom,B-202,Pagado,Efectivo
12006,Carlos Ruiz,cruiz@email.com,IA Aplicada,Dra. Chen,drchen@uni.com,Sistemas,C-303,Cancelado,Tarjeta
12007,Ana Torres,ana.t@email.com,Matemáticas III,Dr. Gómez,gomez@uni.com,Ciencias,D-404,Pagado,Efectivo
12008,Elena Díaz,e.diaz@email.com,Matemáticas III,Dr. Gómez,gomez@uni.com,Ciencias,D-404,Pagado,Transferencia
12009,Luis Gómez,luis.g@email.com,Base de Datos I,Ing. García,garcia@uni.com,Sistemas,A-101,Cancelado,Transferencia
12010,Sofía Vega,s.vega@email.com,Matemáticas III,Dr. Gómez,gomez@uni.com,Ciencias,D-404,Pendiente,Tarjeta
12011,Juan Pérez,juan.p@email.com,IA Aplicada,Dra. Chen,drchen@uni.com,Sistemas,C-303,Cancelado,Transferencia
12012,Sofía Vega,s.vega@email.com,Redes II,Lic. Martínez,martinez@uni.com,Telecom,B-202,Cancelado,Transferencia
12013,Ana Torres,ana.t@email.com,Base de Datos I,Ing. García,garcia@uni.com,Sistemas,A-101,Pendiente,Efectivo
12014,Diego Luna,dluna@email.com,IA Aplicada,Dra. Chen,drchen@uni.com,Sistemas,C-303,Cancelado,Efectivo
12015,Luis Gómez,luis.g@email.com,Base de Datos I,Ing. García,garcia@uni.com,Sistemas,A-101,Pagado,Transferencia
12016,Laura Paz,l.paz@email.com,IA Aplicada,Dra. Chen,drchen@uni.com,Sistemas,C-303,Pagado,Efectivo
12017,Luis Gómez,luis.g@email.com,IA Aplicada,Dra. Chen,drchen@uni.com,Sistemas,C-303,Pagado,Tarjeta
12018,Pedro Soto,psoto@email.com,Redes II,Lic. Martínez,martinez@uni.com,Telecom,B-202,Cancelado,Tarjeta
12019,Sofía Vega,s.vega@email.com,Redes II,Lic. Martínez,martinez@uni.com,Telecom,B-202,Pendiente,Transferencia
12020,Luis Gómez,luis.g@email.com,Base de Datos I,Ing. García,garcia@uni.com,Sistemas,A-101,Cancelado,Transferencia
12021,Juan Pérez,juan.p@email.com,Base de Datos I,Ing. García,garcia@uni.com,Sistemas,A-101,Cancelado,Transferencia
12022,Pedro Soto,psoto@email.com,Redes II,Lic. Martínez,martinez@uni.com,Telecom,B-202,Pendiente,Efectivo
12023,Luis Gómez,luis.g@email.com,Matemáticas III,Dr. Gómez,gomez@uni.com,Ciencias,D-404,Pagado,Efectivo
12024,Luis Gómez,luis.g@email.com,Matemáticas III,Dr. Gómez,gomez@uni.com,Ciencias,D-404,Pendiente,Efectivo
12025,María López,m.lopez@email.com,IA Aplicada,Dra. Chen,drchen@uni.com,Sistemas,C-303,Cancelado,Efectivo
12026,Sofía Vega,s.vega@email.com,Matemáticas III,Dr. Gómez,gomez@uni.com,Ciencias,D-404,Pendiente,Tarjeta
12027,Pedro Soto,psoto@email.com,Matemáticas III,Dr. Gómez,gomez@uni.com,Ciencias,D-404,Pendiente,Tarjeta
12028,Ana Torres,ana.t@email.com,Base de Datos I,Ing. García,garcia@uni.com,Sistemas,A-101,Pendiente,Transferencia
12029,Juan Pérez,juan.p@email.com,IA Aplicada,Dra. Chen,drchen@uni.com,Sistemas,C-303,Cancelado,Transferencia
12030,Ana Torres,ana.t@email.com,Base de Datos I,Ing. García,garcia@uni.com,Sistemas,A-101,Pagado,Transferencia
12031,Pedro Soto,psoto@email.com,IA Aplicada,Dra. Chen,drchen@uni.com,Sistemas,C-303,Pendiente,Transferencia
12032,Carlos Ruiz,cruiz@email.com,Redes II,Lic. Martínez,martinez@uni.com,Telecom,B-202,Pendiente,Efectivo
12033,Carlos Ruiz,cruiz@email.com,Base de Datos I,Ing. García,garcia@uni.com,Sistemas,A-101,Pendiente,Efectivo
12034,Juan Pérez,juan.p@email.com,Redes II,Lic. Martínez,martinez@uni.com,Telecom,B-202,Pendiente,Tarjeta
12035,Elena Díaz,e.diaz@email.com,Base de Datos I,Ing. García,garcia@uni.com,Sistemas,A-101,Cancelado,Efectivo
12036,Luis Gómez,luis.g@email.com,Base de Datos I,Ing. García,garcia@uni.com,Sistemas,A-101,Pagado,Transferencia
12037,Carlos Ruiz,cruiz@email.com,Matemáticas III,Dr. Gómez,gomez@uni.com,Ciencias,D-404,Cancelado,Tarjeta
12038,María López,m.lopez@email.com,Base de Datos I,Ing. García,garcia@uni.com,Sistemas,A-101,Pendiente,Transferencia
12039,Diego Luna,dluna@email.com,IA Aplicada,Dra. Chen,drchen@uni.com,Sistemas,C-303,Pendiente,Efectivo
12040,Carlos Ruiz,cruiz@email.com,Redes II,Lic. Martínez,martinez@uni.com,Telecom,B-202,Cancelado,Transferencia
12041,Elena Díaz,e.diaz@email.com,IA Aplicada,Dra. Chen,drchen@uni.com,Sistemas,C-303,Cancelado,Tarjeta
12042,Sofía Vega,s.vega@email.com,Redes II,Lic. Martínez,martinez@uni.com,Telecom,B-202,Pendiente,Efectivo
12043,María López,m.lopez@email.com,Matemáticas III,Dr. Gómez,gomez@uni.com,Ciencias,D-404,Cancelado,Transferencia
12044,Sofía Vega,s.vega@email.com,Redes II,Lic. Martínez,martinez@uni.com,Telecom,B-202,Pendiente,Efectivo
12045,Luis Gómez,luis.g@email.com,IA Aplicada,Dra. Chen,drchen@uni.com,Sistemas,C-303,Pendiente,Transferencia
12046,Sofía Vega,s.vega@email.com,Base de Datos I,Ing. García,garcia@uni.com,Sistemas,A-101,Cancelado,Transferencia
12047,Diego Luna,dluna@email.com,Base de Datos I,Ing. García,garcia@uni.com,Sistemas,A-101,Cancelado,Tarjeta
12048,Ana Torres,ana.t@email.com,Matemáticas III,Dr. Gómez,gomez@uni.com,Ciencias,D-404,Pendiente,Transferencia
12049,Laura Paz,l.paz@email.com,IA Aplicada,Dra. Chen,drchen@uni.com,Sistemas,C-303,Cancelado,Efectivo
12050,Elena Díaz,e.diaz@email.com,Matemáticas III,Dr. Gómez,gomez@uni.com,Ciencias,D-404,Cancelado,Efectivo
12051,Elena Díaz,e.diaz@email.com,Base de Datos I,Ing. García,garcia@uni.com,Sistemas,A-101,Pagado,Tarjeta
12052,María López,m.lopez@email.com,Base de Datos I,Ing. García,garcia@uni.com,Sistemas,A-101,Cancelado,Transferencia
12053,Elena Díaz,e.diaz@email.com,Redes II,Lic. Martínez,martinez@uni.com,Telecom,B-202,Cancelado,Tarjeta
12054,Elena Díaz,e.diaz@email.com,Matemáticas III,Dr. Gómez,gomez@uni.com,Ciencias,D-404,Pendiente,Efectivo
12055,María López,m.lopez@email.com,Matemáticas III,Dr. Gómez,gomez@uni.com,Ciencias,D-404,Cancelado,Transferencia
12056,Diego Luna,dluna@email.com,Redes II,Lic. Martínez,martinez@uni.com,Telecom,B-202,Pagado,Efectivo
12057,Sofía Vega,s.vega@email.com,Matemáticas III,Dr. Gómez,gomez@uni.com,Ciencias,D-404,Pagado,Efectivo
12058,Diego Luna,dluna@email.com,Redes II,Lic. Martínez,martinez@uni.com,Telecom,B-202,Pendiente,Efectivo
12059,Pedro Soto,psoto@email.com,Matemáticas III,Dr. Gómez,gomez@uni.com,Ciencias,D-404,Pagado,Efectivo
12060,María López,m.lopez@email.com,Matemáticas III,Dr. Gómez,gomez@uni.com,Ciencias,D-404,Cancelado,Transferencia
12061,Laura Paz,l.paz@email.com,IA Aplicada,Dra. Chen,drchen@uni.com,Sistemas,C-303,Cancelado,Efectivo
12062,Diego Luna,dluna@email.com,Base de Datos I,Ing. García,garcia@uni.com,Sistemas,A-101,Pendiente,Transferencia
12063,Laura Paz,l.paz@email.com,Base de Datos I,Ing. García,garcia@uni.com,Sistemas,A-101,Pendiente,Transferencia
12064,Sofía Vega,s.vega@email.com,IA Aplicada,Dra. Chen,drchen@uni.com,Sistemas,C-303,Pagado,Transferencia
12065,Laura Paz,l.paz@email.com,Base de Datos I,Ing. García,garcia@uni.com,Sistemas,A-101,Pagado,Transferencia
12066,Elena Díaz,e.diaz@email.com,IA Aplicada,Dra. Chen,drchen@uni.com,Sistemas,C-303,Pendiente,Transferencia
12067,Pedro Soto,psoto@email.com,Redes II,Lic. Martínez,martinez@uni.com,Telecom,B-202,Pendiente,Transferencia
12068,Luis Gómez,luis.g@email.com,Matemáticas III,Dr. Gómez,gomez@uni.com,Ciencias,D-404,Pendiente,Tarjeta
12069,Ana Torres,ana.t@email.com,Matemáticas III,Dr. Gómez,gomez@uni.com,Ciencias,D-404,Cancelado,Tarjeta
12070,Luis Gómez,luis.g@email.com,Matemáticas III,Dr. Gómez,gomez@uni.com,Ciencias,D-404,Cancelado,Tarjeta
12071,Sofía Vega,s.vega@email.com,IA Aplicada,Dra. Chen,drchen@uni.com,Sistemas,C-303,Pagado,Transferencia
12072,Juan Pérez,juan.p@email.com,Matemáticas III,Dr. Gómez,gomez@uni.com,Ciencias,D-404,Cancelado,Tarjeta
12073,Sofía Vega,s.vega@email.com,Redes II,Lic. Martínez,martinez@uni.com,Telecom,B-202,Cancelado,Transferencia
12074,María López,m.lopez@email.com,Matemáticas III,Dr. Gómez,gomez@uni.com,Ciencias,D-404,Pendiente,Tarjeta
12075,María López,m.lopez@email.com,Base de Datos I,Ing. García,garcia@uni.com,Sistemas,A-101,Cancelado,Transferencia
12076,Sofía Vega,s.vega@email.com,Matemáticas III,Dr. Gómez,gomez@uni.com,Ciencias,D-404,Pagado,Efectivo
12077,Pedro Soto,psoto@email.com,Matemáticas III,Dr. Gómez,gomez@uni.com,Ciencias,D-404,Cancelado,Transferencia
12078,Ana Torres,ana.t@email.com,Redes II,Lic. Martínez,martinez@uni.com,Telecom,B-202,Cancelado,Tarjeta
12079,Elena Díaz,e.diaz@email.com,Redes II,Lic. Martínez,martinez@uni.com,Telecom,B-202,Pagado,Transferencia
12080,Juan Pérez,juan.p@email.com,Redes II,Lic. Martínez,martinez@uni.com,Telecom,B-202,Cancelado,Transferencia
12081,Ana Torres,ana.t@email.com,Base de Datos I,Ing. García,garcia@uni.com,Sistemas,A-101,Pendiente,Efectivo
12082,Ana Torres,ana.t@email.com,Redes II,Lic. Martínez,martinez@uni.com,Telecom,B-202,Pendiente,Tarjeta
12083,María López,m.lopez@email.com,Redes II,Lic. Martínez,martinez@uni.com,Telecom,B-202,Cancelado,Tarjeta
12084,Luis Gómez,luis.g@email.com,IA Aplicada,Dra. Chen,drchen@uni.com,Sistemas,C-303,Pagado,Tarjeta
12085,Luis Gómez,luis.g@email.com,Redes II,Lic. Martínez,martinez@uni.com,Telecom,B-202,Cancelado,Transferencia
12086,Laura Paz,l.paz@email.com,Matemáticas III,Dr. Gómez,gomez@uni.com,Ciencias,D-404,Pagado,Efectivo
12087,Elena Díaz,e.diaz@email.com,Redes II,Lic. Martínez,martinez@uni.com,Telecom,B-202,Cancelado,Transferencia
12088,María López,m.lopez@email.com,Matemáticas III,Dr. Gómez,gomez@uni.com,Ciencias,D-404,Cancelado,Tarjeta
12089,Carlos Ruiz,cruiz@email.com,Matemáticas III,Dr. Gómez,gomez@uni.com,Ciencias,D-404,Pendiente,Transferencia
12090,María López,m.lopez@email.com,Base de Datos I,Ing. García,garcia@uni.com,Sistemas,A-101,Cancelado,Transferencia
12091,Pedro Soto,psoto@email.com,IA Aplicada,Dra. Chen,drchen@uni.com,Sistemas,C-303,Cancelado,Tarjeta
12092,Pedro Soto,psoto@email.com,Redes II,Lic. Martínez,martinez@uni.com,Telecom,B-202,Pagado,Efectivo
12093,Diego Luna,dluna@email.com,IA Aplicada,Dra. Chen,drchen@uni.com,Sistemas,C-303,Pendiente,Transferencia
12094,Sofía Vega,s.vega@email.com,Matemáticas III,Dr. Gómez,gomez@uni.com,Ciencias,D-404,Pendiente,Efectivo
12095,Ana Torres,ana.t@email.com,Base de Datos I,Ing. García,garcia@uni.com,Sistemas,A-101,Pendiente,Tarjeta
12096,Diego Luna,dluna@email.com,Base de Datos I,Ing. García,garcia@uni.com,Sistemas,A-101,Pagado,Transferencia
12097,Pedro Soto,psoto@email.com,IA Aplicada,Dra. Chen,drchen@uni.com,Sistemas,C-303,Pendiente,Efectivo
12098,Luis Gómez,luis.g@email.com,IA Aplicada,Dra. Chen,drchen@uni.com,Sistemas,C-303,Cancelado,Efectivo
12099,María López,m.lopez@email.com,IA Aplicada,Dra. Chen,drchen@uni.com,Sistemas,C-303,Cancelado,Transferencia
12100,María López,m.lopez@email.com,IA Aplicada,Dra. Chen,drchen@uni.com,Sistemas,C-303,Pagado,Transferencia
12101,Ana Torres,ana.t@email.com,Base de Datos I,Ing. García,garcia@uni.com,Sistemas,A-101,Cancelado,Tarjeta
12102,Luis Gómez,luis.g@email.com,Redes II,Lic. Martínez,martinez@uni.com,Telecom,B-202,Pendiente,Efectivo
12103,Sofía Vega,s.vega@email.com,Base de Datos I,Ing. García,garcia@uni.com,Sistemas,A-101,Cancelado,Efectivo
12104,Luis Gómez,luis.g@email.com,IA Aplicada,Dra. Chen,drchen@uni.com,Sistemas,C-303,Cancelado,Efectivo
12105,María López,m.lopez@email.com,Base de Datos I,Ing. García,garcia@uni.com,Sistemas,A-101,Cancelado,Efectivo
12106,Carlos Ruiz,cruiz@email.com,IA Aplicada,Dra. Chen,drchen@uni.com,Sistemas,C-303,Pendiente,Tarjeta
12107,Elena Díaz,e.diaz@email.com,Base de Datos I,Ing. García,garcia@uni.com,Sistemas,A-101,Pendiente,Efectivo
12108,Sofía Vega,s.vega@email.com,Base de Datos I,Ing. García,garcia@uni.com,Sistemas,A-101,Pendiente,Tarjeta
12109,Elena Díaz,e.diaz@email.com,Matemáticas III,Dr. Gómez,gomez@uni.com,Ciencias,D-404,Pendiente,Tarjeta
12110,Ana Torres,ana.t@email.com,Redes II,Lic. Martínez,martinez@uni.com,Telecom,B-202,Pagado,Transferencia
12111,Carlos Ruiz,cruiz@email.com,Matemáticas III,Dr. Gómez,gomez@uni.com,Ciencias,D-404,Pendiente,Tarjeta
12112,María López,m.lopez@email.com,Base de Datos I,Ing. García,garcia@uni.com,Sistemas,A-101,Pendiente,Transferencia
12113,Carlos Ruiz,cruiz@email.com,Redes II,Lic. Martínez,martinez@uni.com,Telecom,B-202,Cancelado,Tarjeta
12114,María López,m.lopez@email.com,Matemáticas III,Dr. Gómez,gomez@uni.com,Ciencias,D-404,Cancelado,Efectivo
12115,Juan Pérez,juan.p@email.com,Base de Datos I,Ing. García,garcia@uni.com,Sistemas,A-101,Pendiente,Tarjeta
12116,Pedro Soto,psoto@email.com,Redes II,Lic. Martínez,martinez@uni.com,Telecom,B-202,Cancelado,Tarjeta
12117,Elena Díaz,e.diaz@email.com,Matemáticas III,Dr. Gómez,gomez@uni.com,Ciencias,D-404,Pagado,Tarjeta
12118,Luis Gómez,luis.g@email.com,Matemáticas III,Dr. Gómez,gomez@uni.com,Ciencias,D-404,Cancelado,Transferencia
12119,Elena Díaz,e.diaz@email.com,Matemáticas III,Dr. Gómez,gomez@uni.com,Ciencias,D-404,Cancelado,Efectivo
12120,Juan Pérez,juan.p@email.com,Base de Datos I,Ing. García,garcia@uni.com,Sistemas,A-101,Pagado,Transferencia
12121,Luis Gómez,luis.g@email.com,Redes II,Lic. Martínez,martinez@uni.com,Telecom,B-202,Pagado,Efectivo
12122,María López,m.lopez@email.com,IA Aplicada,Dra. Chen,drchen@uni.com,Sistemas,C-303,Pagado,Transferencia
12123,María López,m.lopez@email.com,Matemáticas III,Dr. Gómez,gomez@uni.com,Ciencias,D-404,Cancelado,Transferencia
12124,Pedro Soto,psoto@email.com,Redes II,Lic. Martínez,martinez@uni.com,Telecom,B-202,Pendiente,Tarjeta
12125,Ana Torres,ana.t@email.com,Redes II,Lic. Martínez,martinez@uni.com,Telecom,B-202,Pagado,Tarjeta
12126,Juan Pérez,juan.p@email.com,Matemáticas III,Dr. Gómez,gomez@uni.com,Ciencias,D-404,Pagado,Transferencia
12127,Ana Torres,ana.t@email.com,Matemáticas III,Dr. Gómez,gomez@uni.com,Ciencias,D-404,Cancelado,Efectivo
12128,Luis Gómez,luis.g@email.com,Base de Datos I,Ing. García,garcia@uni.com,Sistemas,A-101,Cancelado,Tarjeta
12129,Diego Luna,dluna@email.com,IA Aplicada,Dra. Chen,drchen@uni.com,Sistemas,C-303,Cancelado,Transferencia
12130,Laura Paz,l.paz@email.com,IA Aplicada,Dra. Chen,drchen@uni.com,Sistemas,C-303,Pagado,Tarjeta
12131,Luis Gómez,luis.g@email.com,Base de Datos I,Ing. García,garcia@uni.com,Sistemas,A-101,Cancelado,Tarjeta
12132,Diego Luna,dluna@email.com,Redes II,Lic. Martínez,martinez@uni.com,Telecom,B-202,Pagado,Efectivo
12133,Luis Gómez,luis.g@email.com,IA Aplicada,Dra. Chen,drchen@uni.com,Sistemas,C-303,Cancelado,Efectivo
12134,Elena Díaz,e.diaz@email.com,Base de Datos I,Ing. García,garcia@uni.com,Sistemas,A-101,Pendiente,Transferencia
12135,Juan Pérez,juan.p@email.com,Redes II,Lic. Martínez,martinez@uni.com,Telecom,B-202,Cancelado,Tarjeta
12136,Laura Paz,l.paz@email.com,Redes II,Lic. Martínez,martinez@uni.com,Telecom,B-202,Pendiente,Efectivo
12137,Pedro Soto,psoto@email.com,Base de Datos I,Ing. García,garcia@uni.com,Sistemas,A-101,Cancelado,Transferencia
12138,Sofía Vega,s.vega@email.com,Redes II,Lic. Martínez,martinez@uni.com,Telecom,B-202,Pagado,Transferencia
12139,Juan Pérez,juan.p@email.com,Base de Datos I,Ing. García,garcia@uni.com,Sistemas,A-101,Cancelado,Efectivo
12140,Juan Pérez,juan.p@email.com,Redes II,Lic. Martínez,martinez@uni.com,Telecom,B-202,Pagado,Tarjeta
12141,Pedro Soto,psoto@email.com,Base de Datos I,Ing. García,garcia@uni.com,Sistemas,A-101,Cancelado,Transferencia
12142,Carlos Ruiz,cruiz@email.com,IA Aplicada,Dra. Chen,drchen@uni.com,Sistemas,C-303,Cancelado,Efectivo
12143,Ana Torres,ana.t@email.com,Base de Datos I,Ing. García,garcia@uni.com,Sistemas,A-101,Pendiente,Efectivo
12144,María López,m.lopez@email.com,IA Aplicada,Dra. Chen,drchen@uni.com,Sistemas,C-303,Cancelado,Efectivo
12145,María López,m.lopez@email.com,IA Aplicada,Dra. Chen,drchen@uni.com,Sistemas,C-303,Pagado,Efectivo
12146,Ana Torres,ana.t@email.com,Base de Datos I,Ing. García,garcia@uni.com,Sistemas,A-101,Pagado,Transferencia
12147,Juan Pérez,juan.p@email.com,IA Aplicada,Dra. Chen,drchen@uni.com,Sistemas,C-303,Pendiente,Tarjeta
12148,María López,m.lopez@email.com,Matemáticas III,Dr. Gómez,gomez@uni.com,Ciencias,D-404,Cancelado,Efectivo
12149,Elena Díaz,e.diaz@email.com,Matemáticas III,Dr. Gómez,gomez@uni.com,Ciencias,D-404,Pagado,Transferencia
12150,Pedro Soto,psoto@email.com,Base de Datos I,Ing. García,garcia@uni.com,Sistemas,A-101,Cancelado,Transferencia
12151,Luis Gómez,luis.g@email.com,IA Aplicada,Dra. Chen,drchen@uni.com,Sistemas,C-303,Pendiente,Transferencia
12152,Juan Pérez,juan.p@email.com,Redes II,Lic. Martínez,martinez@uni.com,Telecom,B-202,Pagado,Transferencia
12153,Luis Gómez,luis.g@email.com,Base de Datos I,Ing. García,garcia@uni.com,Sistemas,A-101,Pendiente,Efectivo
12154,Carlos Ruiz,cruiz@email.com,Base de Datos I,Ing. García,garcia@uni.com,Sistemas,A-101,Pagado,Efectivo
12155,Laura Paz,l.paz@email.com,Redes II,Lic. Martínez,martinez@uni.com,Telecom,B-202,Pendiente,Efectivo
12156,Carlos Ruiz,cruiz@email.com,IA Aplicada,Dra. Chen,drchen@uni.com,Sistemas,C-303,Pendiente,Tarjeta
12157,María López,m.lopez@email.com,Matemáticas III,Dr. Gómez,gomez@uni.com,Ciencias,D-404,Pagado,Tarjeta
12158,María López,m.lopez@email.com,Matemáticas III,Dr. Gómez,gomez@uni.com,Ciencias,D-404,Pendiente,Tarjeta
12159,Carlos Ruiz,cruiz@email.com,Base de Datos I,Ing. García,garcia@uni.com,Sistemas,A-101,Pagado,Efectivo
12160,Luis Gómez,luis.g@email.com,Redes II,Lic. Martínez,martinez@uni.com,Telecom,B-202,Pendiente,Transferencia
12161,Luis Gómez,luis.g@email.com,Matemáticas III,Dr. Gómez,gomez@uni.com,Ciencias,D-404,Pagado,Tarjeta
12162,Juan Pérez,juan.p@email.com,Base de Datos I,Ing. García,garcia@uni.com,Sistemas,A-101,Cancelado,Efectivo
12163,Juan Pérez,juan.p@email.com,IA Aplicada,Dra. Chen,drchen@uni.com,Sistemas,C-303,Pendiente,Tarjeta
12164,Juan Pérez,juan.p@email.com,IA Aplicada,Dra. Chen,drchen@uni.com,Sistemas,C-303,Pendiente,Tarjeta
12165,Elena Díaz,e.diaz@email.com,Base de Datos I,Ing. García,garcia@uni.com,Sistemas,A-101,Pagado,Efectivo
12166,Pedro Soto,psoto@email.com,Base de Datos I,Ing. García,garcia@uni.com,Sistemas,A-101,Pagado,Efectivo
12167,Sofía Vega,s.vega@email.com,IA Aplicada,Dra. Chen,drchen@uni.com,Sistemas,C-303,Cancelado,Efectivo
12168,Pedro Soto,psoto@email.com,Redes II,Lic. Martínez,martinez@uni.com,Telecom,B-202,Cancelado,Efectivo
12169,Luis Gómez,luis.g@email.com,Base de Datos I,Ing. García,garcia@uni.com,Sistemas,A-101,Pendiente,Efectivo
12170,Sofía Vega,s.vega@email.com,Redes II,Lic. Martínez,martinez@uni.com,Telecom,B-202,Pendiente,Transferencia
12171,Luis Gómez,luis.g@email.com,IA Aplicada,Dra. Chen,drchen@uni.com,Sistemas,C-303,Pagado,Efectivo
12172,Laura Paz,l.paz@email.com,Base de Datos I,Ing. García,garcia@uni.com,Sistemas,A-101,Pagado,Efectivo
12173,Pedro Soto,psoto@email.com,Matemáticas III,Dr. Gómez,gomez@uni.com,Ciencias,D-404,Pagado,Transferencia
12174,Ana Torres,ana.t@email.com,IA Aplicada,Dra. Chen,drchen@uni.com,Sistemas,C-303,Pagado,Transferencia
12175,Sofía Vega,s.vega@email.com,IA Aplicada,Dra. Chen,drchen@uni.com,Sistemas,C-303,Pendiente,Efectivo
12176,Elena Díaz,e.diaz@email.com,IA Aplicada,Dra. Chen,drchen@uni.com,Sistemas,C-303,Pendiente,Transferencia
12177,Juan Pérez,juan.p@email.com,Base de Datos I,Ing. García,garcia@uni.com,Sistemas,A-101,Pagado,Transferencia
12178,Juan Pérez,juan.p@email.com,IA Aplicada,Dra. Chen,drchen@uni.com,Sistemas,C-303,Pagado,Tarjeta
12179,Diego Luna,dluna@email.com,IA Aplicada,Dra. Chen,drchen@uni.com,Sistemas,C-303,Cancelado,Efectivo
12180,María López,m.lopez@email.com,Matemáticas III,Dr. Gómez,gomez@uni.com,Ciencias,D-404,Pagado,Efectivo
12181,Elena Díaz,e.diaz@email.com,Matemáticas III,Dr. Gómez,gomez@uni.com,Ciencias,D-404,Pendiente,Efectivo
12182,Ana Torres,ana.t@email.com,Base de Datos I,Ing. García,garcia@uni.com,Sistemas,A-101,Pendiente,Tarjeta
12183,Juan Pérez,juan.p@email.com,IA Aplicada,Dra. Chen,drchen@uni.com,Sistemas,C-303,Cancelado,Efectivo
12184,Ana Torres,ana.t@email.com,Base de Datos I,Ing. García,garcia@uni.com,Sistemas,A-101,Pendiente,Efectivo
12185,Luis Gómez,luis.g@email.com,Base de Datos I,Ing. García,garcia@uni.com,Sistemas,A-101,Cancelado,Transferencia
12186,Carlos Ruiz,cruiz@email.com,IA Aplicada,Dra. Chen,drchen@uni.com,Sistemas,C-303,Pendiente,Transferencia
12187,Sofía Vega,s.vega@email.com,Base de Datos I,Ing. García,garcia@uni.com,Sistemas,A-101,Pendiente,Tarjeta
12188,Ana Torres,ana.t@email.com,Redes II,Lic. Martínez,martinez@uni.com,Telecom,B-202,Pagado,Efectivo
12189,María López,m.lopez@email.com,Matemáticas III,Dr. Gómez,gomez@uni.com,Ciencias,D-404,Pendiente,Transferencia
12190,Diego Luna,dluna@email.com,Matemáticas III,Dr. Gómez,gomez@uni.com,Ciencias,D-404,Pagado,Efectivo
12191,Sofía Vega,s.vega@email.com,Redes II,Lic. Martínez,martinez@uni.com,Telecom,B-202,Cancelado,Efectivo
12192,Laura Paz,l.paz@email.com,Redes II,Lic. Martínez,martinez@uni.com,Telecom,B-202,Cancelado,Tarjeta
12193,Pedro Soto,psoto@email.com,Matemáticas III,Dr. Gómez,gomez@uni.com,Ciencias,D-404,Pendiente,Transferencia
12194,Sofía Vega,s.vega@email.com,Matemáticas III,Dr. Gómez,gomez@uni.com,Ciencias,D-404,Pagado,Tarjeta
12195,Ana Torres,ana.t@email.com,Redes II,Lic. Martínez,martinez@uni.com,Telecom,B-202,Pagado,Efectivo
12196,Diego Luna,dluna@email.com,Redes II,Lic. Martínez,martinez@uni.com,Telecom,B-202,Pendiente,Transferencia
12197,Pedro Soto,psoto@email.com,Base de Datos I,Ing. García,garcia@uni.com,Sistemas,A-101,Pagado,Tarjeta
12198,Laura Paz,l.paz@email.com,Redes II,Lic. Martínez,martinez@uni.com,Telecom,B-202,Cancelado,Efectivo
12199,Carlos Ruiz,cruiz@email.com,Matemáticas III,Dr. Gómez,gomez@uni.com,Ciencias,D-404,Cancelado,Efectivo
12200,María López,m.lopez@email.com,Matemáticas III,Dr. Gómez,gomez@uni.com,Ciencias,D-404,Pagado,Tarjeta
12201,Ana Torres,ana.t@email.com,Base de Datos I,Ing. García,garcia@uni.com,Sistemas,A-101,Cancelado,Transferencia
12202,Elena Díaz,e.diaz@email.com,Redes II,Lic. Martínez,martinez@uni.com,Telecom,B-202,Pendiente,Efectivo
12203,Ana Torres,ana.t@email.com,Matemáticas III,Dr. Gómez,gomez@uni.com,Ciencias,D-404,Pendiente,Transferencia
12204,Sofía Vega,s.vega@email.com,Redes II,Lic. Martínez,martinez@uni.com,Telecom,B-202,Pagado,Efectivo
12205,Juan Pérez,juan.p@email.com,Base de Datos I,Ing. García,garcia@uni.com,Sistemas,A-101,Pagado,Efectivo
12206,Carlos Ruiz,cruiz@email.com,IA Aplicada,Dra. Chen,drchen@uni.com,Sistemas,C-303,Cancelado,Transferencia
12207,Elena Díaz,e.diaz@email.com,Base de Datos I,Ing. García,garcia@uni.com,Sistemas,A-101,Pendiente,Transferencia
12208,Laura Paz,l.paz@email.com,Redes II,Lic. Martínez,martinez@uni.com,Telecom,B-202,Cancelado,Efectivo
12209,Sofía Vega,s.vega@email.com,Base de Datos I,Ing. García,garcia@uni.com,Sistemas,A-101,Cancelado,Transferencia
12210,Laura Paz,l.paz@email.com,Matemáticas III,Dr. Gómez,gomez@uni.com,Ciencias,D-404,Pendiente,Tarjeta
12211,Elena Díaz,e.diaz@email.com,Redes II,Lic. Martínez,martinez@uni.com,Telecom,B-202,Pagado,Tarjeta
12212,Sofía Vega,s.vega@email.com,Redes II,Lic. Martínez,martinez@uni.com,Telecom,B-202,Pendiente,Tarjeta
12213,Carlos Ruiz,cruiz@email.com,Matemáticas III,Dr. Gómez,gomez@uni.com,Ciencias,D-404,Pagado,Tarjeta
12214,Carlos Ruiz,cruiz@email.com,Matemáticas III,Dr. Gómez,gomez@uni.com,Ciencias,D-404,Cancelado,Tarjeta
12215,Juan Pérez,juan.p@email.com,Base de Datos I,Ing. García,garcia@uni.com,Sistemas,A-101,Cancelado,Transferencia
12216,Pedro Soto,psoto@email.com,Redes II,Lic. Martínez,martinez@uni.com,Telecom,B-202,Cancelado,Efectivo
12217,Carlos Ruiz,cruiz@email.com,Redes II,Lic. Martínez,martinez@uni.com,Telecom,B-202,Cancelado,Transferencia
12218,Ana Torres,ana.t@email.com,Redes II,Lic. Martínez,martinez@uni.com,Telecom,B-202,Cancelado,Efectivo
12219,Juan Pérez,juan.p@email.com,Matemáticas III,Dr. Gómez,gomez@uni.com,Ciencias,D-404,Pendiente,Transferencia
12220,Carlos Ruiz,cruiz@email.com,Base de Datos I,Ing. García,garcia@uni.com,Sistemas,A-101,Cancelado,Tarjeta
12221,Elena Díaz,e.diaz@email.com,Base de Datos I,Ing. García,garcia@uni.com,Sistemas,A-101,Cancelado,Tarjeta
12222,Sofía Vega,s.vega@email.com,IA Aplicada,Dra. Chen,drchen@uni.com,Sistemas,C-303,Pagado,Efectivo
12223,Sofía Vega,s.vega@email.com,IA Aplicada,Dra. Chen,drchen@uni.com,Sistemas,C-303,Cancelado,Transferencia
12224,Elena Díaz,e.diaz@email.com,Matemáticas III,Dr. Gómez,gomez@uni.com,Ciencias,D-404,Cancelado,Efectivo
12225,Laura Paz,l.paz@email.com,Base de Datos I,Ing. García,garcia@uni.com,Sistemas,A-101,Cancelado,Transferencia
12226,Juan Pérez,juan.p@email.com,IA Aplicada,Dra. Chen,drchen@uni.com,Sistemas,C-303,Cancelado,Transferencia
12227,Carlos Ruiz,cruiz@email.com,IA Aplicada,Dra. Chen,drchen@uni.com,Sistemas,C-303,Cancelado,Tarjeta
12228,Ana Torres,ana.t@email.com,Matemáticas III,Dr. Gómez,gomez@uni.com,Ciencias,D-404,Pendiente,Transferencia
12229,María López,m.lopez@email.com,IA Aplicada,Dra. Chen,drchen@uni.com,Sistemas,C-303,Cancelado,Efectivo
12230,Sofía Vega,s.vega@email.com,Base de Datos I,Ing. García,garcia@uni.com,Sistemas,A-101,Cancelado,Transferencia
12231,Carlos Ruiz,cruiz@email.com,IA Aplicada,Dra. Chen,drchen@uni.com,Sistemas,C-303,Pagado,Tarjeta
12232,Ana Torres,ana.t@email.com,IA Aplicada,Dra. Chen,drchen@uni.com,Sistemas,C-303,Cancelado,Efectivo
12233,Laura Paz,l.paz@email.com,Redes II,Lic. Martínez,martinez@uni.com,Telecom,B-202,Pendiente,Efectivo
12234,Sofía Vega,s.vega@email.com,Redes II,Lic. Martínez,martinez@uni.com,Telecom,B-202,Cancelado,Tarjeta
12235,Luis Gómez,luis.g@email.com,Base de Datos I,Ing. García,garcia@uni.com,Sistemas,A-101,Cancelado,Efectivo
12236,Pedro Soto,psoto@email.com,IA Aplicada,Dra. Chen,drchen@uni.com,Sistemas,C-303,Pendiente,Tarjeta
12237,Luis Gómez,luis.g@email.com,Base de Datos I,Ing. García,garcia@uni.com,Sistemas,A-101,Pagado,Tarjeta
12238,Diego Luna,dluna@email.com,Base de Datos I,Ing. García,garcia@uni.com,Sistemas,A-101,Pagado,Efectivo
12239,Sofía Vega,s.vega@email.com,Matemáticas III,Dr. Gómez,gomez@uni.com,Ciencias,D-404,Pagado,Efectivo
12240,Laura Paz,l.paz@email.com,Redes II,Lic. Martínez,martinez@uni.com,Telecom,B-202,Pagado,Transferencia
12241,Luis Gómez,luis.g@email.com,IA Aplicada,Dra. Chen,drchen@uni.com,Sistemas,C-303,Cancelado,Tarjeta
12242,Carlos Ruiz,cruiz@email.com,IA Aplicada,Dra. Chen,drchen@uni.com,Sistemas,C-303,Pendiente,Tarjeta
12243,Juan Pérez,juan.p@email.com,IA Aplicada,Dra. Chen,drchen@uni.com,Sistemas,C-303,Pagado,Transferencia
12244,Juan Pérez,juan.p@email.com,Base de Datos I,Ing. García,garcia@uni.com,Sistemas,A-101,Pendiente,Transferencia
12245,Sofía Vega,s.vega@email.com,Base de Datos I,Ing. García,garcia@uni.com,Sistemas,A-101,Pagado,Efectivo
12246,Juan Pérez,juan.p@email.com,Matemáticas III,Dr. Gómez,gomez@uni.com,Ciencias,D-404,Pendiente,Efectivo
12247,Carlos Ruiz,cruiz@email.com,IA Aplicada,Dra. Chen,drchen@uni.com,Sistemas,C-303,Pagado,Tarjeta
12248,María López,m.lopez@email.com,Base de Datos I,Ing. García,garcia@uni.com,Sistemas,A-101,Cancelado,Transferencia
12249,Laura Paz,l.paz@email.com,Matemáticas III,Dr. Gómez,gomez@uni.com,Ciencias,D-404,Pendiente,Transferencia
12250,Luis Gómez,luis.g@email.com,Base de Datos I,Ing. García,garcia@uni.com,Sistemas,A-101,Cancelado,Tarjeta
12251,Laura Paz,l.paz@email.com,Base de Datos I,Ing. García,garcia@uni.com,Sistemas,A-101,Cancelado,Transferencia
12252,Luis Gómez,luis.g@email.com,Base de Datos I,Ing. García,garcia@uni.com,Sistemas,A-101,Pendiente,Efectivo
12253,Juan Pérez,juan.p@email.com,Base de Datos I,Ing. García,garcia@uni.com,Sistemas,A-101,Pagado,Tarjeta
12254,Ana Torres,ana.t@email.com,Base de Datos I,Ing. García,garcia@uni.com,Sistemas,A-101,Pendiente,Efectivo
12255,María López,m.lopez@email.com,Matemáticas III,Dr. Gómez,gomez@uni.com,Ciencias,D-404,Cancelado,Tarjeta
12256,Sofía Vega,s.vega@email.com,Matemáticas III,Dr. Gómez,gomez@uni.com,Ciencias,D-404,Pagado,Tarjeta
12257,Elena Díaz,e.diaz@email.com,Redes II,Lic. Martínez,martinez@uni.com,Telecom,B-202,Pendiente,Tarjeta
12258,Ana Torres,ana.t@email.com,IA Aplicada,Dra. Chen,drchen@uni.com,Sistemas,C-303,Pendiente,Transferencia
12259,Laura Paz,l.paz@email.com,Redes II,Lic. Martínez,martinez@uni.com,Telecom,B-202,Pagado,Transferencia
12260,Luis Gómez,luis.g@email.com,Redes II,Lic. Martínez,martinez@uni.com,Telecom,B-202,Pendiente,Transferencia
12261,Juan Pérez,juan.p@email.com,Base de Datos I,Ing. García,garcia@uni.com,Sistemas,A-101,Pagado,Tarjeta
12262,Ana Torres,ana.t@email.com,Matemáticas III,Dr. Gómez,gomez@uni.com,Ciencias,D-404,Pendiente,Efectivo
12263,Sofía Vega,s.vega@email.com,Matemáticas III,Dr. Gómez,gomez@uni.com,Ciencias,D-404,Pagado,Tarjeta
12264,Pedro Soto,psoto@email.com,Redes II,Lic. Martínez,martinez@uni.com,Telecom,B-202,Pagado,Transferencia
12265,Diego Luna,dluna@email.com,Matemáticas III,Dr. Gómez,gomez@uni.com,Ciencias,D-404,Pendiente,Transferencia
12266,Sofía Vega,s.vega@email.com,Matemáticas III,Dr. Gómez,gomez@uni.com,Ciencias,D-404,Pendiente,Tarjeta
12267,Carlos Ruiz,cruiz@email.com,IA Aplicada,Dra. Chen,drchen@uni.com,Sistemas,C-303,Pendiente,Tarjeta
12268,Carlos Ruiz,cruiz@email.com,Base de Datos I,Ing. García,garcia@uni.com,Sistemas,A-101,Pagado,Tarjeta
12269,Laura Paz,l.paz@email.com,Redes II,Lic. Martínez,martinez@uni.com,Telecom,B-202,Pendiente,Tarjeta
12270,María López,m.lopez@email.com,Base de Datos I,Ing. García,garcia@uni.com,Sistemas,A-101,Pagado,Efectivo
12271,María López,m.lopez@email.com,IA Aplicada,Dra. Chen,drchen@uni.com,Sistemas,C-303,Pagado,Transferencia
12272,Laura Paz,l.paz@email.com,Redes II,Lic. Martínez,martinez@uni.com,Telecom,B-202,Cancelado,Transferencia
12273,Diego Luna,dluna@email.com,Matemáticas III,Dr. Gómez,gomez@uni.com,Ciencias,D-404,Pendiente,Transferencia
12274,Pedro Soto,psoto@email.com,Matemáticas III,Dr. Gómez,gomez@uni.com,Ciencias,D-404,Pendiente,Tarjeta
12275,Ana Torres,ana.t@email.com,Redes II,Lic. Martínez,martinez@uni.com,Telecom,B-202,Cancelado,Efectivo
12276,Carlos Ruiz,cruiz@email.com,Redes II,Lic. Martínez,martinez@uni.com,Telecom,B-202,Cancelado,Efectivo
12277,Carlos Ruiz,cruiz@email.com,Redes II,Lic. Martínez,martinez@uni.com,Telecom,B-202,Pagado,Efectivo
12278,Diego Luna,dluna@email.com,Redes II,Lic. Martínez,martinez@uni.com,Telecom,B-202,Pendiente,Efectivo
12279,Diego Luna,dluna@email.com,IA Aplicada,Dra. Chen,drchen@uni.com,Sistemas,C-303,Pendiente,Tarjeta
12280,Elena Díaz,e.diaz@email.com,Redes II,Lic. Martínez,martinez@uni.com,Telecom,B-202,Cancelado,Tarjeta
12281,Elena Díaz,e.diaz@email.com,Redes II,Lic. Martínez,martinez@uni.com,Telecom,B-202,Pendiente,Tarjeta
12282,Ana Torres,ana.t@email.com,Base de Datos I,Ing. García,garcia@uni.com,Sistemas,A-101,Pagado,Transferencia
12283,María López,m.lopez@email.com,Redes II,Lic. Martínez,martinez@uni.com,Telecom,B-202,Cancelado,Transferencia
12284,Luis Gómez,luis.g@email.com,Redes II,Lic. Martínez,martinez@uni.com,Telecom,B-202,Cancelado,Tarjeta
12285,Laura Paz,l.paz@email.com,IA Aplicada,Dra. Chen,drchen@uni.com,Sistemas,C-303,Cancelado,Efectivo
12286,Laura Paz,l.paz@email.com,Matemáticas III,Dr. Gómez,gomez@uni.com,Ciencias,D-404,Pagado,Tarjeta
12287,Luis Gómez,luis.g@email.com,Redes II,Lic. Martínez,martinez@uni.com,Telecom,B-202,Cancelado,Efectivo
12288,Sofía Vega,s.vega@email.com,Base de Datos I,Ing. García,garcia@uni.com,Sistemas,A-101,Pagado,Transferencia
12289,Carlos Ruiz,cruiz@email.com,IA Aplicada,Dra. Chen,drchen@uni.com,Sistemas,C-303,Pendiente,Tarjeta
12290,Sofía Vega,s.vega@email.com,Redes II,Lic. Martínez,martinez@uni.com,Telecom,B-202,Pendiente,Efectivo
12291,María López,m.lopez@email.com,Base de Datos I,Ing. García,garcia@uni.com,Sistemas,A-101,Pendiente,Efectivo
12292,María López,m.lopez@email.com,IA Aplicada,Dra. Chen,drchen@uni.com,Sistemas,C-303,Pagado,Efectivo
12293,Carlos Ruiz,cruiz@email.com,Redes II,Lic. Martínez,martinez@uni.com,Telecom,B-202,Pagado,Tarjeta
12294,Ana Torres,ana.t@email.com,Redes II,Lic. Martínez,martinez@uni.com,Telecom,B-202,Cancelado,Transferencia
12295,Laura Paz,l.paz@email.com,Redes II,Lic. Martínez,martinez@uni.com,Telecom,B-202,Pagado,Efectivo
12296,Luis Gómez,luis.g@email.com,Matemáticas III,Dr. Gómez,gomez@uni.com,Ciencias,D-404,Cancelado,Tarjeta
12297,Luis Gómez,luis.g@email.com,Matemáticas III,Dr. Gómez,gomez@uni.com,Ciencias,D-404,Cancelado,Efectivo
12298,María López,m.lopez@email.com,Base de Datos I,Ing. García,garcia@uni.com,Sistemas,A-101,Pendiente,Tarjeta
12299,María López,m.lopez@email.com,Redes II,Lic. Martínez,martinez@uni.com,Telecom,B-202,Pagado,Tarjeta
12300,Carlos Ruiz,cruiz@email.com,Redes II,Lic. Martínez,martinez@uni.com,Telecom,B-202,Cancelado,Tarjeta
12301,Elena Díaz,e.diaz@email.com,Base de Datos I,Ing. García,garcia@uni.com,Sistemas,A-101,Pendiente,Transferencia
12302,Juan Pérez,juan.p@email.com,Matemáticas III,Dr. Gómez,gomez@uni.com,Ciencias,D-404,Pendiente,Transferencia
12303,Elena Díaz,e.diaz@email.com,IA Aplicada,Dra. Chen,drchen@uni.com,Sistemas,C-303,Pagado,Efectivo
12304,María López,m.lopez@email.com,Redes II,Lic. Martínez,martinez@uni.com,Telecom,B-202,Pagado,Efectivo
12305,Carlos Ruiz,cruiz@email.com,Matemáticas III,Dr. Gómez,gomez@uni.com,Ciencias,D-404,Pendiente,Tarjeta
12306,Ana Torres,ana.t@email.com,Base de Datos I,Ing. García,garcia@uni.com,Sistemas,A-101,Pendiente,Efectivo
12307,Juan Pérez,juan.p@email.com,Matemáticas III,Dr. Gómez,gomez@uni.com,Ciencias,D-404,Pendiente,Transferencia
12308,Juan Pérez,juan.p@email.com,Redes II,Lic. Martínez,martinez@uni.com,Telecom,B-202,Pagado,Tarjeta
12309,Diego Luna,dluna@email.com,Base de Datos I,Ing. García,garcia@uni.com,Sistemas,A-101,Cancelado,Transferencia
12310,Luis Gómez,luis.g@email.com,IA Aplicada,Dra. Chen,drchen@uni.com,Sistemas,C-303,Pagado,Efectivo
12311,María López,m.lopez@email.com,IA Aplicada,Dra. Chen,drchen@uni.com,Sistemas,C-303,Pagado,Transferencia
12312,Ana Torres,ana.t@email.com,Base de Datos I,Ing. García,garcia@uni.com,Sistemas,A-101,Pendiente,Efectivo
12313,Pedro Soto,psoto@email.com,Redes II,Lic. Martínez,martinez@uni.com,Telecom,B-202,Pagado,Efectivo
12314,Juan Pérez,juan.p@email.com,Base de Datos I,Ing. García,garcia@uni.com,Sistemas,A-101,Pendiente,Efectivo
12315,Sofía Vega,s.vega@email.com,Matemáticas III,Dr. Gómez,gomez@uni.com,Ciencias,D-404,Cancelado,Tarjeta
12316,Luis Gómez,luis.g@email.com,Matemáticas III,Dr. Gómez,gomez@uni.com,Ciencias,D-404,Pagado,Transferencia
12317,Luis Gómez,luis.g@email.com,Base de Datos I,Ing. García,garcia@uni.com,Sistemas,A-101,Pagado,Transferencia
12318,Carlos Ruiz,cruiz@email.com,Base de Datos I,Ing. García,garcia@uni.com,Sistemas,A-101,Pendiente,Tarjeta
12319,Diego Luna,dluna@email.com,Matemáticas III,Dr. Gómez,gomez@uni.com,Ciencias,D-404,Pagado,Transferencia
12320,Diego Luna,dluna@email.com,Matemáticas III,Dr. Gómez,gomez@uni.com,Ciencias,D-404,Pagado,Efectivo
12321,Sofía Vega,s.vega@email.com,Matemáticas III,Dr. Gómez,gomez@uni.com,Ciencias,D-404,Pendiente,Transferencia
12322,Diego Luna,dluna@email.com,Base de Datos I,Ing. García,garcia@uni.com,Sistemas,A-101,Cancelado,Tarjeta
12323,Juan Pérez,juan.p@email.com,Base de Datos I,Ing. García,garcia@uni.com,Sistemas,A-101,Pendiente,Tarjeta
12324,Laura Paz,l.paz@email.com,IA Aplicada,Dra. Chen,drchen@uni.com,Sistemas,C-303,Cancelado,Tarjeta
12325,Juan Pérez,juan.p@email.com,IA Aplicada,Dra. Chen,drchen@uni.com,Sistemas,C-303,Pagado,Tarjeta
12326,Pedro Soto,psoto@email.com,Redes II,Lic. Martínez,martinez@uni.com,Telecom,B-202,Pagado,Efectivo
12327,Diego Luna,dluna@email.com,IA Aplicada,Dra. Chen,drchen@uni.com,Sistemas,C-303,Pendiente,Transferencia
12328,Laura Paz,l.paz@email.com,Redes II,Lic. Martínez,martinez@uni.com,Telecom,B-202,Pagado,Transferencia
12329,Luis Gómez,luis.g@email.com,Base de Datos I,Ing. García,garcia@uni.com,Sistemas,A-101,Cancelado,Transferencia
12330,Carlos Ruiz,cruiz@email.com,Redes II,Lic. Martínez,martinez@uni.com,Telecom,B-202,Pagado,Transferencia
12331,Luis Gómez,luis.g@email.com,Redes II,Lic. Martínez,martinez@uni.com,Telecom,B-202,Pagado,Efectivo
12332,Sofía Vega,s.vega@email.com,IA Aplicada,Dra. Chen,drchen@uni.com,Sistemas,C-303,Cancelado,Transferencia
12333,Carlos Ruiz,cruiz@email.com,IA Aplicada,Dra. Chen,drchen@uni.com,Sistemas,C-303,Cancelado,Efectivo
12334,Carlos Ruiz,cruiz@email.com,Redes II,Lic. Martínez,martinez@uni.com,Telecom,B-202,Pendiente,Tarjeta
12335,Laura Paz,l.paz@email.com,Redes II,Lic. Martínez,martinez@uni.com,Telecom,B-202,Pagado,Tarjeta
12336,Carlos Ruiz,cruiz@email.com,IA Aplicada,Dra. Chen,drchen@uni.com,Sistemas,C-303,Pendiente,Efectivo
12337,Luis Gómez,luis.g@email.com,IA Aplicada,Dra. Chen,drchen@uni.com,Sistemas,C-303,Pendiente,Efectivo
12338,María López,m.lopez@email.com,Base de Datos I,Ing. García,garcia@uni.com,Sistemas,A-101,Pagado,Tarjeta
12339,Juan Pérez,juan.p@email.com,IA Aplicada,Dra. Chen,drchen@uni.com,Sistemas,C-303,Pagado,Tarjeta
12340,Sofía Vega,s.vega@email.com,Redes II,Lic. Martínez,martinez@uni.com,Telecom,B-202,Pendiente,Transferencia
12341,Sofía Vega,s.vega@email.com,IA Aplicada,Dra. Chen,drchen@uni.com,Sistemas,C-303,Cancelado,Tarjeta
12342,Elena Díaz,e.diaz@email.com,Matemáticas III,Dr. Gómez,gomez@uni.com,Ciencias,D-404,Pendiente,Transferencia
12343,Laura Paz,l.paz@email.com,Base de Datos I,Ing. García,garcia@uni.com,Sistemas,A-101,Pendiente,Transferencia
12344,Elena Díaz,e.diaz@email.com,Redes II,Lic. Martínez,martinez@uni.com,Telecom,B-202,Pagado,Efectivo
12345,Sofía Vega,s.vega@email.com,Base de Datos I,Ing. García,garcia@uni.com,Sistemas,A-101,Pendiente,Efectivo
12346,María López,m.lopez@email.com,IA Aplicada,Dra. Chen,drchen@uni.com,Sistemas,C-303,Pendiente,Transferencia
12347,Sofía Vega,s.vega@email.com,IA Aplicada,Dra. Chen,drchen@uni.com,Sistemas,C-303,Cancelado,Transferencia
12348,Elena Díaz,e.diaz@email.com,Matemáticas III,Dr. Gómez,gomez@uni.com,Ciencias,D-404,Pagado,Transferencia
12349,Carlos Ruiz,cruiz@email.com,Base de Datos I,Ing. García,garcia@uni.com,Sistemas,A-101,Pagado,Transferencia
12350,Diego Luna,dluna@email.com,Matemáticas III,Dr. Gómez,gomez@uni.com,Ciencias,D-404,Pagado,Transferencia
12351,Juan Pérez,juan.p@email.com,Base de Datos I,Ing. García,garcia@uni.com,Sistemas,A-101,Cancelado,Efectivo
12352,Juan Pérez,juan.p@email.com,Matemáticas III,Dr. Gómez,gomez@uni.com,Ciencias,D-404,Pendiente,Efectivo
12353,Laura Paz,l.paz@email.com,Base de Datos I,Ing. García,garcia@uni.com,Sistemas,A-101,Pendiente,Tarjeta
12354,Juan Pérez,juan.p@email.com,Base de Datos I,Ing. García,garcia@uni.com,Sistemas,A-101,Pagado,Tarjeta
12355,Laura Paz,l.paz@email.com,Matemáticas III,Dr. Gómez,gomez@uni.com,Ciencias,D-404,Pendiente,Transferencia
12356,Juan Pérez,juan.p@email.com,Matemáticas III,Dr. Gómez,gomez@uni.com,Ciencias,D-404,Pagado,Transferencia
12357,Diego Luna,dluna@email.com,Base de Datos I,Ing. García,garcia@uni.com,Sistemas,A-101,Pagado,Tarjeta
12358,Luis Gómez,luis.g@email.com,Redes II,Lic. Martínez,martinez@uni.com,Telecom,B-202,Pagado,Tarjeta
12359,Elena Díaz,e.diaz@email.com,Base de Datos I,Ing. García,garcia@uni.com,Sistemas,A-101,Pagado,Efectivo
12360,Carlos Ruiz,cruiz@email.com,Base de Datos I,Ing. García,garcia@uni.com,Sistemas,A-101,Cancelado,Tarjeta
12361,Juan Pérez,juan.p@email.com,Redes II,Lic. Martínez,martinez@uni.com,Telecom,B-202,Cancelado,Tarjeta
12362,Diego Luna,dluna@email.com,IA Aplicada,Dra. Chen,drchen@uni.com,Sistemas,C-303,Pagado,Efectivo
12363,Pedro Soto,psoto@email.com,Redes II,Lic. Martínez,martinez@uni.com,Telecom,B-202,Cancelado,Transferencia
12364,Laura Paz,l.paz@email.com,Redes II,Lic. Martínez,martinez@uni.com,Telecom,B-202,Pendiente,Tarjeta
12365,Diego Luna,dluna@email.com,Redes II,Lic. Martínez,martinez@uni.com,Telecom,B-202,Pendiente,Tarjeta
12366,Ana Torres,ana.t@email.com,Redes II,Lic. Martínez,martinez@uni.com,Telecom,B-202,Pendiente,Tarjeta
12367,Carlos Ruiz,cruiz@email.com,Matemáticas III,Dr. Gómez,gomez@uni.com,Ciencias,D-404,Pendiente,Efectivo
12368,Carlos Ruiz,cruiz@email.com,IA Aplicada,Dra. Chen,drchen@uni.com,Sistemas,C-303,Cancelado,Tarjeta
12369,Elena Díaz,e.diaz@email.com,Base de Datos I,Ing. García,garcia@uni.com,Sistemas,A-101,Pendiente,Tarjeta
12370,Diego Luna,dluna@email.com,Base de Datos I,Ing. García,garcia@uni.com,Sistemas,A-101,Pagado,Efectivo
12371,Sofía Vega,s.vega@email.com,Matemáticas III,Dr. Gómez,gomez@uni.com,Ciencias,D-404,Cancelado,Transferencia
12372,Sofía Vega,s.vega@email.com,Redes II,Lic. Martínez,martinez@uni.com,Telecom,B-202,Pendiente,Transferencia
12373,Luis Gómez,luis.g@email.com,Base de Datos I,Ing. García,garcia@uni.com,Sistemas,A-101,Pagado,Transferencia
12374,Pedro Soto,psoto@email.com,Redes II,Lic. Martínez,martinez@uni.com,Telecom,B-202,Pendiente,Efectivo
12375,Luis Gómez,luis.g@email.com,Base de Datos I,Ing. García,garcia@uni.com,Sistemas,A-101,Pagado,Tarjeta
12376,Carlos Ruiz,cruiz@email.com,Matemáticas III,Dr. Gómez,gomez@uni.com,Ciencias,D-404,Pagado,Efectivo
12377,Ana Torres,ana.t@email.com,IA Aplicada,Dra. Chen,drchen@uni.com,Sistemas,C-303,Pendiente,Tarjeta
12378,Carlos Ruiz,cruiz@email.com,Base de Datos I,Ing. García,garcia@uni.com,Sistemas,A-101,Cancelado,Tarjeta
12379,Juan Pérez,juan.p@email.com,Base de Datos I,Ing. García,garcia@uni.com,Sistemas,A-101,Pagado,Efectivo
12380,Ana Torres,ana.t@email.com,Matemáticas III,Dr. Gómez,gomez@uni.com,Ciencias,D-404,Cancelado,Transferencia
12381,Pedro Soto,psoto@email.com,Base de Datos I,Ing. García,garcia@uni.com,Sistemas,A-101,Cancelado,Tarjeta
12382,Ana Torres,ana.t@email.com,IA Aplicada,Dra. Chen,drchen@uni.com,Sistemas,C-303,Pagado,Transferencia
12383,Juan Pérez,juan.p@email.com,Base de Datos I,Ing. García,garcia@uni.com,Sistemas,A-101,Pendiente,Tarjeta
12384,Diego Luna,dluna@email.com,Matemáticas III,Dr. Gómez,gomez@uni.com,Ciencias,D-404,Pagado,Tarjeta
12385,Elena Díaz,e.diaz@email.com,Matemáticas III,Dr. Gómez,gomez@uni.com,Ciencias,D-404,Cancelado,Tarjeta
12386,Laura Paz,l.paz@email.com,Base de Datos I,Ing. García,garcia@uni.com,Sistemas,A-101,Pagado,Transferencia
12387,Carlos Ruiz,cruiz@email.com,Base de Datos I,Ing. García,garcia@uni.com,Sistemas,A-101,Pendiente,Efectivo
12388,Sofía Vega,s.vega@email.com,Base de Datos I,Ing. García,garcia@uni.com,Sistemas,A-101,Cancelado,Tarjeta
12389,Pedro Soto,psoto@email.com,IA Aplicada,Dra. Chen,drchen@uni.com,Sistemas,C-303,Pendiente,Tarjeta
12390,Laura Paz,l.paz@email.com,Matemáticas III,Dr. Gómez,gomez@uni.com,Ciencias,D-404,Pagado,Efectivo
12391,Luis Gómez,luis.g@email.com,Matemáticas III,Dr. Gómez,gomez@uni.com,Ciencias,D-404,Cancelado,Efectivo
12392,Diego Luna,dluna@email.com,IA Aplicada,Dra. Chen,drchen@uni.com,Sistemas,C-303,Pendiente,Tarjeta
12393,Laura Paz,l.paz@email.com,Matemáticas III,Dr. Gómez,gomez@uni.com,Ciencias,D-404,Pendiente,Tarjeta
12394,Luis Gómez,luis.g@email.com,Redes II,Lic. Martínez,martinez@uni.com,Telecom,B-202,Cancelado,Tarjeta
12395,Juan Pérez,juan.p@email.com,IA Aplicada,Dra. Chen,drchen@uni.com,Sistemas,C-303,Pagado,Tarjeta
12396,Elena Díaz,e.diaz@email.com,Base de Datos I,Ing. García,garcia@uni.com,Sistemas,A-101,Cancelado,Transferencia
12397,Carlos Ruiz,cruiz@email.com,Base de Datos I,Ing. García,garcia@uni.com,Sistemas,A-101,Cancelado,Tarjeta
12398,Ana Torres,ana.t@email.com,IA Aplicada,Dra. Chen,drchen@uni.com,Sistemas,C-303,Cancelado,Efectivo
12399,María López,m.lopez@email.com,Base de Datos I,Ing. García,garcia@uni.com,Sistemas,A-101,Pagado,Transferencia
12400,Pedro Soto,psoto@email.com,Matemáticas III,Dr. Gómez,gomez@uni.com,Ciencias,D-404,Cancelado,Transferencia
12401,Sofía Vega,s.vega@email.com,Redes II,Lic. Martínez,martinez@uni.com,Telecom,B-202,Cancelado,Transferencia
12402,Ana Torres,ana.t@email.com,Redes II,Lic. Martínez,martinez@uni.com,Telecom,B-202,Pendiente,Transferencia
12403,Laura Paz,l.paz@email.com,Matemáticas III,Dr. Gómez,gomez@uni.com,Ciencias,D-404,Cancelado,Tarjeta
12404,Laura Paz,l.paz@email.com,Base de Datos I,Ing. García,garcia@uni.com,Sistemas,A-101,Pagado,Transferencia
12405,Carlos Ruiz,cruiz@email.com,Matemáticas III,Dr. Gómez,gomez@uni.com,Ciencias,D-404,Cancelado,Transferencia
12406,Luis Gómez,luis.g@email.com,Redes II,Lic. Martínez,martinez@uni.com,Telecom,B-202,Pendiente,Transferencia
12407,Juan Pérez,juan.p@email.com,Matemáticas III,Dr. Gómez,gomez@uni.com,Ciencias,D-404,Pendiente,Tarjeta
12408,Elena Díaz,e.diaz@email.com,Base de Datos I,Ing. García,garcia@uni.com,Sistemas,A-101,Pendiente,Transferencia
12409,Laura Paz,l.paz@email.com,IA Aplicada,Dra. Chen,drchen@uni.com,Sistemas,C-303,Pagado,Efectivo
12410,Sofía Vega,s.vega@email.com,Base de Datos I,Ing. García,garcia@uni.com,Sistemas,A-101,Pagado,Tarjeta
12411,Laura Paz,l.paz@email.com,Base de Datos I,Ing. García,garcia@uni.com,Sistemas,A-101,Pendiente,Efectivo
12412,Sofía Vega,s.vega@email.com,Redes II,Lic. Martínez,martinez@uni.com,Telecom,B-202,Pagado,Tarjeta
12413,Elena Díaz,e.diaz@email.com,Redes II,Lic. Martínez,martinez@uni.com,Telecom,B-202,Pendiente,Efectivo
12414,Laura Paz,l.paz@email.com,Matemáticas III,Dr. Gómez,gomez@uni.com,Ciencias,D-404,Cancelado,Efectivo
12415,Laura Paz,l.paz@email.com,IA Aplicada,Dra. Chen,drchen@uni.com,Sistemas,C-303,Pagado,Efectivo
12416,María López,m.lopez@email.com,Redes II,Lic. Martínez,martinez@uni.com,Telecom,B-202,Pagado,Transferencia
12417,Luis Gómez,luis.g@email.com,Base de Datos I,Ing. García,garcia@uni.com,Sistemas,A-101,Cancelado,Tarjeta
12418,Sofía Vega,s.vega@email.com,Base de Datos I,Ing. García,garcia@uni.com,Sistemas,A-101,Cancelado,Transferencia
12419,María López,m.lopez@email.com,Base de Datos I,Ing. García,garcia@uni.com,Sistemas,A-101,Pagado,Efectivo
12420,María López,m.lopez@email.com,Redes II,Lic. Martínez,martinez@uni.com,Telecom,B-202,Pendiente,Transferencia
12421,Juan Pérez,juan.p@email.com,Redes II,Lic. Martínez,martinez@uni.com,Telecom,B-202,Pendiente,Tarjeta
12422,Sofía Vega,s.vega@email.com,IA Aplicada,Dra. Chen,drchen@uni.com,Sistemas,C-303,Pagado,Tarjeta
12423,Juan Pérez,juan.p@email.com,Base de Datos I,Ing. García,garcia@uni.com,Sistemas,A-101,Pendiente,Transferencia
12424,Juan Pérez,juan.p@email.com,Matemáticas III,Dr. Gómez,gomez@uni.com,Ciencias,D-404,Pendiente,Transferencia
12425,Carlos Ruiz,cruiz@email.com,IA Aplicada,Dra. Chen,drchen@uni.com,Sistemas,C-303,Pagado,Tarjeta
12426,Luis Gómez,luis.g@email.com,Matemáticas III,Dr. Gómez,gomez@uni.com,Ciencias,D-404,Pendiente,Efectivo
12427,Ana Torres,ana.t@email.com,Matemáticas III,Dr. Gómez,gomez@uni.com,Ciencias,D-404,Cancelado,Tarjeta
12428,Sofía Vega,s.vega@email.com,Matemáticas III,Dr. Gómez,gomez@uni.com,Ciencias,D-404,Pendiente,Tarjeta
12429,Sofía Vega,s.vega@email.com,IA Aplicada,Dra. Chen,drchen@uni.com,Sistemas,C-303,Pendiente,Efectivo
12430,Ana Torres,ana.t@email.com,IA Aplicada,Dra. Chen,drchen@uni.com,Sistemas,C-303,Pagado,Tarjeta
12431,Luis Gómez,luis.g@email.com,Matemáticas III,Dr. Gómez,gomez@uni.com,Ciencias,D-404,Pendiente,Tarjeta
12432,Luis Gómez,luis.g@email.com,Matemáticas III,Dr. Gómez,gomez@uni.com,Ciencias,D-404,Cancelado,Efectivo
12433,Luis Gómez,luis.g@email.com,IA Aplicada,Dra. Chen,drchen@uni.com,Sistemas,C-303,Cancelado,Efectivo
12434,Luis Gómez,luis.g@email.com,Matemáticas III,Dr. Gómez,gomez@uni.com,Ciencias,D-404,Cancelado,Efectivo
12435,Juan Pérez,juan.p@email.com,Matemáticas III,Dr. Gómez,gomez@uni.com,Ciencias,D-404,Pendiente,Efectivo
12436,Sofía Vega,s.vega@email.com,Matemáticas III,Dr. Gómez,gomez@uni.com,Ciencias,D-404,Pendiente,Transferencia
12437,Laura Paz,l.paz@email.com,Redes II,Lic. Martínez,martinez@uni.com,Telecom,B-202,Pagado,Efectivo
12438,Carlos Ruiz,cruiz@email.com,Base de Datos I,Ing. García,garcia@uni.com,Sistemas,A-101,Pagado,Tarjeta
12439,Sofía Vega,s.vega@email.com,IA Aplicada,Dra. Chen,drchen@uni.com,Sistemas,C-303,Cancelado,Transferencia
12440,Juan Pérez,juan.p@email.com,Base de Datos I,Ing. García,garcia@uni.com,Sistemas,A-101,Pendiente,Efectivo
12441,Sofía Vega,s.vega@email.com,Redes II,Lic. Martínez,martinez@uni.com,Telecom,B-202,Cancelado,Efectivo
12442,Diego Luna,dluna@email.com,IA Aplicada,Dra. Chen,drchen@uni.com,Sistemas,C-303,Pagado,Efectivo
12443,Pedro Soto,psoto@email.com,Matemáticas III,Dr. Gómez,gomez@uni.com,Ciencias,D-404,Cancelado,Efectivo
12444,Ana Torres,ana.t@email.com,Redes II,Lic. Martínez,martinez@uni.com,Telecom,B-202,Cancelado,Tarjeta
12445,Laura Paz,l.paz@email.com,IA Aplicada,Dra. Chen,drchen@uni.com,Sistemas,C-303,Pendiente,Transferencia
12446,Laura Paz,l.paz@email.com,IA Aplicada,Dra. Chen,drchen@uni.com,Sistemas,C-303,Pagado,Efectivo
12447,Diego Luna,dluna@email.com,Redes II,Lic. Martínez,martinez@uni.com,Telecom,B-202,Pendiente,Transferencia
12448,Juan Pérez,juan.p@email.com,Redes II,Lic. Martínez,martinez@uni.com,Telecom,B-202,Cancelado,Transferencia
12449,Pedro Soto,psoto@email.com,Redes II,Lic. Martínez,martinez@uni.com,Telecom,B-202,Pendiente,Transferencia
12450,María López,m.lopez@email.com,Matemáticas III,Dr. Gómez,gomez@uni.com,Ciencias,D-404,Cancelado,Tarjeta
12451,Juan Pérez,juan.p@email.com,Redes II,Lic. Martínez,martinez@uni.com,Telecom,B-202,Pendiente,Efectivo
12452,Sofía Vega,s.vega@email.com,Matemáticas III,Dr. Gómez,gomez@uni.com,Ciencias,D-404,Cancelado,Efectivo
12453,Sofía Vega,s.vega@email.com,Redes II,Lic. Martínez,martinez@uni.com,Telecom,B-202,Cancelado,Tarjeta
12454,Pedro Soto,psoto@email.com,Redes II,Lic. Martínez,martinez@uni.com,Telecom,B-202,Pendiente,Efectivo
12455,Elena Díaz,e.diaz@email.com,Redes II,Lic. Martínez,martinez@uni.com,Telecom,B-202,Cancelado,Tarjeta
12456,Pedro Soto,psoto@email.com,Base de Datos I,Ing. García,garcia@uni.com,Sistemas,A-101,Pendiente,Efectivo
12457,Ana Torres,ana.t@email.com,IA Aplicada,Dra. Chen,drchen@uni.com,Sistemas,C-303,Cancelado,Transferencia
12458,Diego Luna,dluna@email.com,Base de Datos I,Ing. García,garcia@uni.com,Sistemas,A-101,Pendiente,Transferencia
12459,Diego Luna,dluna@email.com,Base de Datos I,Ing. García,garcia@uni.com,Sistemas,A-101,Pendiente,Transferencia
12460,María López,m.lopez@email.com,Redes II,Lic. Martínez,martinez@uni.com,Telecom,B-202,Pendiente,Tarjeta
12461,Juan Pérez,juan.p@email.com,IA Aplicada,Dra. Chen,drchen@uni.com,Sistemas,C-303,Cancelado,Transferencia
12462,Luis Gómez,luis.g@email.com,Redes II,Lic. Martínez,martinez@uni.com,Telecom,B-202,Pagado,Transferencia
12463,Carlos Ruiz,cruiz@email.com,Matemáticas III,Dr. Gómez,gomez@uni.com,Ciencias,D-404,Cancelado,Transferencia
12464,Juan Pérez,juan.p@email.com,Matemáticas III,Dr. Gómez,gomez@uni.com,Ciencias,D-404,Pagado,Tarjeta
12465,Pedro Soto,psoto@email.com,IA Aplicada,Dra. Chen,drchen@uni.com,Sistemas,C-303,Pagado,Transferencia
12466,Diego Luna,dluna@email.com,IA Aplicada,Dra. Chen,drchen@uni.com,Sistemas,C-303,Pagado,Tarjeta
12467,Ana Torres,ana.t@email.com,Matemáticas III,Dr. Gómez,gomez@uni.com,Ciencias,D-404,Cancelado,Efectivo
12468,María López,m.lopez@email.com,Base de Datos I,Ing. García,garcia@uni.com,Sistemas,A-101,Pagado,Tarjeta
12469,Diego Luna,dluna@email.com,Redes II,Lic. Martínez,martinez@uni.com,Telecom,B-202,Pendiente,Transferencia
12470,Elena Díaz,e.diaz@email.com,IA Aplicada,Dra. Chen,drchen@uni.com,Sistemas,C-303,Cancelado,Tarjeta
12471,Luis Gómez,luis.g@email.com,Base de Datos I,Ing. García,garcia@uni.com,Sistemas,A-101,Pagado,Transferencia
12472,Ana Torres,ana.t@email.com,IA Aplicada,Dra. Chen,drchen@uni.com,Sistemas,C-303,Cancelado,Tarjeta
12473,Sofía Vega,s.vega@email.com,Redes II,Lic. Martínez,martinez@uni.com,Telecom,B-202,Cancelado,Efectivo
12474,Sofía Vega,s.vega@email.com,Redes II,Lic. Martínez,martinez@uni.com,Telecom,B-202,Pagado,Transferencia
12475,Pedro Soto,psoto@email.com,IA Aplicada,Dra. Chen,drchen@uni.com,Sistemas,C-303,Pendiente,Tarjeta
12476,Diego Luna,dluna@email.com,IA Aplicada,Dra. Chen,drchen@uni.com,Sistemas,C-303,Pagado,Transferencia
12477,Diego Luna,dluna@email.com,Base de Datos I,Ing. García,garcia@uni.com,Sistemas,A-101,Pagado,Tarjeta
12478,Sofía Vega,s.vega@email.com,Redes II,Lic. Martínez,martinez@uni.com,Telecom,B-202,Cancelado,Transferencia
12479,Ana Torres,ana.t@email.com,IA Aplicada,Dra. Chen,drchen@uni.com,Sistemas,C-303,Pendiente,Tarjeta
12480,Elena Díaz,e.diaz@email.com,IA Aplicada,Dra. Chen,drchen@uni.com,Sistemas,C-303,Cancelado,Tarjeta
12481,Laura Paz,l.paz@email.com,Matemáticas III,Dr. Gómez,gomez@uni.com,Ciencias,D-404,Pendiente,Efectivo
12482,Elena Díaz,e.diaz@email.com,Redes II,Lic. Martínez,martinez@uni.com,Telecom,B-202,Pagado,Efectivo
12483,Sofía Vega,s.vega@email.com,Redes II,Lic. Martínez,martinez@uni.com,Telecom,B-202,Pagado,Tarjeta
12484,Elena Díaz,e.diaz@email.com,Redes II,Lic. Martínez,martinez@uni.com,Telecom,B-202,Pagado,Efectivo
12485,Luis Gómez,luis.g@email.com,Redes II,Lic. Martínez,martinez@uni.com,Telecom,B-202,Pendiente,Efectivo
12486,Juan Pérez,juan.p@email.com,Redes II,Lic. Martínez,martinez@uni.com,Telecom,B-202,Pendiente,Efectivo
12487,Laura Paz,l.paz@email.com,Redes II,Lic. Martínez,martinez@uni.com,Telecom,B-202,Pagado,Efectivo
12488,Pedro Soto,psoto@email.com,IA Aplicada,Dra. Chen,drchen@uni.com,Sistemas,C-303,Pagado,Transferencia
12489,Juan Pérez,juan.p@email.com,Redes II,Lic. Martínez,martinez@uni.com,Telecom,B-202,Pagado,Transferencia
12490,Diego Luna,dluna@email.com,IA Aplicada,Dra. Chen,drchen@uni.com,Sistemas,C-303,Cancelado,Efectivo
12491,Ana Torres,ana.t@email.com,Matemáticas III,Dr. Gómez,gomez@uni.com,Ciencias,D-404,Pendiente,Tarjeta
12492,Luis Gómez,luis.g@email.com,Matemáticas III,Dr. Gómez,gomez@uni.com,Ciencias,D-404,Pagado,Transferencia
12493,Ana Torres,ana.t@email.com,Matemáticas III,Dr. Gómez,gomez@uni.com,Ciencias,D-404,Cancelado,Tarjeta
12494,Diego Luna,dluna@email.com,IA Aplicada,Dra. Chen,drchen@uni.com,Sistemas,C-303,Pagado,Transferencia
12495,Luis Gómez,luis.g@email.com,Redes II,Lic. Martínez,martinez@uni.com,Telecom,B-202,Cancelado,Tarjeta
12496,Laura Paz,l.paz@email.com,Base de Datos I,Ing. García,garcia@uni.com,Sistemas,A-101,Pagado,Transferencia
12497,María López,m.lopez@email.com,Redes II,Lic. Martínez,martinez@uni.com,Telecom,B-202,Cancelado,Transferencia
12498,Carlos Ruiz,cruiz@email.com,Base de Datos I,Ing. García,garcia@uni.com,Sistemas,A-101,Pagado,Tarjeta
12499,Juan Pérez,juan.p@email.com,Matemáticas III,Dr. Gómez,gomez@uni.com,Ciencias,D-404,Pendiente,Transferencia
12500,Laura Paz,l.paz@email.com,IA Aplicada,Dra. Chen,drchen@uni.com,Sistemas,C-303,Pendiente,Transferencia
12501,Elena Díaz,e.diaz@email.com,Redes II,Lic. Martínez,martinez@uni.com,Telecom,B-202,Pendiente,Transferencia
12502,Laura Paz,l.paz@email.com,Base de Datos I,Ing. García,garcia@uni.com,Sistemas,A-101,Cancelado,Transferencia
12503,Laura Paz,l.paz@email.com,Base de Datos I,Ing. García,garcia@uni.com,Sistemas,A-101,Pendiente,Efectivo
12504,María López,m.lopez@email.com,Base de Datos I,Ing. García,garcia@uni.com,Sistemas,A-101,Cancelado,Transferencia
12505,María López,m.lopez@email.com,Redes II,Lic. Martínez,martinez@uni.com,Telecom,B-202,Pagado,Transferencia
12506,Elena Díaz,e.diaz@email.com,Matemáticas III,Dr. Gómez,gomez@uni.com,Ciencias,D-404,Cancelado,Transferencia
12507,Diego Luna,dluna@email.com,Redes II,Lic. Martínez,martinez@uni.com,Telecom,B-202,Cancelado,Tarjeta
12508,Carlos Ruiz,cruiz@email.com,Matemáticas III,Dr. Gómez,gomez@uni.com,Ciencias,D-404,Pendiente,Efectivo
12509,Diego Luna,dluna@email.com,Matemáticas III,Dr. Gómez,gomez@uni.com,Ciencias,D-404,Cancelado,Efectivo
12510,Juan Pérez,juan.p@email.com,IA Aplicada,Dra. Chen,drchen@uni.com,Sistemas,C-303,Cancelado,Tarjeta
12511,Juan Pérez,juan.p@email.com,Matemáticas III,Dr. Gómez,gomez@uni.com,Ciencias,D-404,Pagado,Transferencia
12512,Pedro Soto,psoto@email.com,Base de Datos I,Ing. García,garcia@uni.com,Sistemas,A-101,Pagado,Efectivo
12513,Pedro Soto,psoto@email.com,Redes II,Lic. Martínez,martinez@uni.com,Telecom,B-202,Pagado,Efectivo
12514,Elena Díaz,e.diaz@email.com,Matemáticas III,Dr. Gómez,gomez@uni.com,Ciencias,D-404,Pendiente,Tarjeta
12515,Laura Paz,l.paz@email.com,IA Aplicada,Dra. Chen,drchen@uni.com,Sistemas,C-303,Cancelado,Tarjeta
12516,Pedro Soto,psoto@email.com,Redes II,Lic. Martínez,martinez@uni.com,Telecom,B-202,Cancelado,Transferencia
12517,Carlos Ruiz,cruiz@email.com,IA Aplicada,Dra. Chen,drchen@uni.com,Sistemas,C-303,Pagado,Tarjeta
12518,Luis Gómez,luis.g@email.com,Matemáticas III,Dr. Gómez,gomez@uni.com,Ciencias,D-404,Pendiente,Tarjeta
12519,Diego Luna,dluna@email.com,Redes II,Lic. Martínez,martinez@uni.com,Telecom,B-202,Cancelado,Efectivo
12520,Carlos Ruiz,cruiz@email.com,Matemáticas III,Dr. Gómez,gomez@uni.com,Ciencias,D-404,Cancelado,Transferencia
12521,Elena Díaz,e.diaz@email.com,Redes II,Lic. Martínez,martinez@uni.com,Telecom,B-202,Cancelado,Tarjeta
12522,Sofía Vega,s.vega@email.com,Redes II,Lic. Martínez,martinez@uni.com,Telecom,B-202,Pagado,Efectivo
12523,Luis Gómez,luis.g@email.com,IA Aplicada,Dra. Chen,drchen@uni.com,Sistemas,C-303,Pendiente,Transferencia
12524,Laura Paz,l.paz@email.com,Base de Datos I,Ing. García,garcia@uni.com,Sistemas,A-101,Pendiente,Transferencia
12525,Luis Gómez,luis.g@email.com,Matemáticas III,Dr. Gómez,gomez@uni.com,Ciencias,D-404,Pendiente,Tarjeta
12526,Elena Díaz,e.diaz@email.com,Redes II,Lic. Martínez,martinez@uni.com,Telecom,B-202,Cancelado,Tarjeta
12527,Laura Paz,l.paz@email.com,Matemáticas III,Dr. Gómez,gomez@uni.com,Ciencias,D-404,Pagado,Efectivo
12528,Juan Pérez,juan.p@email.com,IA Aplicada,Dra. Chen,drchen@uni.com,Sistemas,C-303,Pendiente,Tarjeta
12529,Juan Pérez,juan.p@email.com,Redes II,Lic. Martínez,martinez@uni.com,Telecom,B-202,Pagado,Efectivo
12530,Juan Pérez,juan.p@email.com,Matemáticas III,Dr. Gómez,gomez@uni.com,Ciencias,D-404,Cancelado,Tarjeta
12531,Laura Paz,l.paz@email.com,IA Aplicada,Dra. Chen,drchen@uni.com,Sistemas,C-303,Cancelado,Transferencia
12532,Carlos Ruiz,cruiz@email.com,IA Aplicada,Dra. Chen,drchen@uni.com,Sistemas,C-303,Pendiente,Tarjeta
12533,Elena Díaz,e.diaz@email.com,IA Aplicada,Dra. Chen,drchen@uni.com,Sistemas,C-303,Pagado,Efectivo
12534,María López,m.lopez@email.com,IA Aplicada,Dra. Chen,drchen@uni.com,Sistemas,C-303,Pendiente,Tarjeta
12535,Sofía Vega,s.vega@email.com,Matemáticas III,Dr. Gómez,gomez@uni.com,Ciencias,D-404,Pagado,Efectivo
12536,Pedro Soto,psoto@email.com,Base de Datos I,Ing. García,garcia@uni.com,Sistemas,A-101,Pendiente,Transferencia
12537,Ana Torres,ana.t@email.com,IA Aplicada,Dra. Chen,drchen@uni.com,Sistemas,C-303,Cancelado,Efectivo
12538,Diego Luna,dluna@email.com,IA Aplicada,Dra. Chen,drchen@uni.com,Sistemas,C-303,Pagado,Transferencia
12539,María López,m.lopez@email.com,IA Aplicada,Dra. Chen,drchen@uni.com,Sistemas,C-303,Pendiente,Tarjeta
12540,Diego Luna,dluna@email.com,IA Aplicada,Dra. Chen,drchen@uni.com,Sistemas,C-303,Pagado,Tarjeta
12541,Carlos Ruiz,cruiz@email.com,Base de Datos I,Ing. García,garcia@uni.com,Sistemas,A-101,Pendiente,Efectivo
12542,Diego Luna,dluna@email.com,Base de Datos I,Ing. García,garcia@uni.com,Sistemas,A-101,Pagado,Tarjeta
12543,Diego Luna,dluna@email.com,Redes II,Lic. Martínez,martinez@uni.com,Telecom,B-202,Pendiente,Efectivo
12544,Diego Luna,dluna@email.com,Redes II,Lic. Martínez,martinez@uni.com,Telecom,B-202,Cancelado,Tarjeta
12545,María López,m.lopez@email.com,Base de Datos I,Ing. García,garcia@uni.com,Sistemas,A-101,Pagado,Transferencia
12546,Elena Díaz,e.diaz@email.com,Matemáticas III,Dr. Gómez,gomez@uni.com,Ciencias,D-404,Cancelado,Efectivo
12547,Juan Pérez,juan.p@email.com,IA Aplicada,Dra. Chen,drchen@uni.com,Sistemas,C-303,Pendiente,Efectivo
12548,Elena Díaz,e.diaz@email.com,Redes II,Lic. Martínez,martinez@uni.com,Telecom,B-202,Cancelado,Tarjeta
12549,Pedro Soto,psoto@email.com,IA Aplicada,Dra. Chen,drchen@uni.com,Sistemas,C-303,Pagado,Tarjeta
12550,Carlos Ruiz,cruiz@email.com,Base de Datos I,Ing. García,garcia@uni.com,Sistemas,A-101,Pagado,Tarjeta
12551,Juan Pérez,juan.p@email.com,Redes II,Lic. Martínez,martinez@uni.com,Telecom,B-202,Cancelado,Transferencia
12552,Carlos Ruiz,cruiz@email.com,Redes II,Lic. Martínez,martinez@uni.com,Telecom,B-202,Pagado,Transferencia
12553,Ana Torres,ana.t@email.com,Matemáticas III,Dr. Gómez,gomez@uni.com,Ciencias,D-404,Pendiente,Tarjeta
12554,Luis Gómez,luis.g@email.com,Base de Datos I,Ing. García,garcia@uni.com,Sistemas,A-101,Pendiente,Efectivo
12555,Carlos Ruiz,cruiz@email.com,Base de Datos I,Ing. García,garcia@uni.com,Sistemas,A-101,Pagado,Transferencia
12556,Sofía Vega,s.vega@email.com,Matemáticas III,Dr. Gómez,gomez@uni.com,Ciencias,D-404,Cancelado,Transferencia
12557,Sofía Vega,s.vega@email.com,IA Aplicada,Dra. Chen,drchen@uni.com,Sistemas,C-303,Pagado,Efectivo
12558,María López,m.lopez@email.com,Redes II,Lic. Martínez,martinez@uni.com,Telecom,B-202,Pagado,Efectivo
12559,Luis Gómez,luis.g@email.com,Redes II,Lic. Martínez,martinez@uni.com,Telecom,B-202,Pagado,Tarjeta
12560,Pedro Soto,psoto@email.com,Redes II,Lic. Martínez,martinez@uni.com,Telecom,B-202,Pagado,Tarjeta
12561,María López,m.lopez@email.com,Base de Datos I,Ing. García,garcia@uni.com,Sistemas,A-101,Pagado,Efectivo
12562,Sofía Vega,s.vega@email.com,Base de Datos I,Ing. García,garcia@uni.com,Sistemas,A-101,Pendiente,Tarjeta
12563,Laura Paz,l.paz@email.com,Redes II,Lic. Martínez,martinez@uni.com,Telecom,B-202,Pendiente,Transferencia
12564,Elena Díaz,e.diaz@email.com,Base de Datos I,Ing. García,garcia@uni.com,Sistemas,A-101,Cancelado,Transferencia
12565,Luis Gómez,luis.g@email.com,IA Aplicada,Dra. Chen,drchen@uni.com,Sistemas,C-303,Cancelado,Transferencia
12566,Ana Torres,ana.t@email.com,Redes II,Lic. Martínez,martinez@uni.com,Telecom,B-202,Pendiente,Efectivo
12567,Luis Gómez,luis.g@email.com,Matemáticas III,Dr. Gómez,gomez@uni.com,Ciencias,D-404,Pagado,Tarjeta
12568,Sofía Vega,s.vega@email.com,Base de Datos I,Ing. García,garcia@uni.com,Sistemas,A-101,Pagado,Efectivo
12569,Sofía Vega,s.vega@email.com,Redes II,Lic. Martínez,martinez@uni.com,Telecom,B-202,Pendiente,Efectivo
12570,Ana Torres,ana.t@email.com,Base de Datos I,Ing. García,garcia@uni.com,Sistemas,A-101,Cancelado,Transferencia
12571,Ana Torres,ana.t@email.com,IA Aplicada,Dra. Chen,drchen@uni.com,Sistemas,C-303,Pagado,Transferencia
12572,Diego Luna,dluna@email.com,IA Aplicada,Dra. Chen,drchen@uni.com,Sistemas,C-303,Pendiente,Tarjeta
12573,Luis Gómez,luis.g@email.com,IA Aplicada,Dra. Chen,drchen@uni.com,Sistemas,C-303,Cancelado,Tarjeta
12574,Carlos Ruiz,cruiz@email.com,Matemáticas III,Dr. Gómez,gomez@uni.com,Ciencias,D-404,Cancelado,Efectivo
12575,Carlos Ruiz,cruiz@email.com,Redes II,Lic. Martínez,martinez@uni.com,Telecom,B-202,Pendiente,Tarjeta
12576,Pedro Soto,psoto@email.com,Redes II,Lic. Martínez,martinez@uni.com,Telecom,B-202,Cancelado,Tarjeta
12577,Ana Torres,ana.t@email.com,Redes II,Lic. Martínez,martinez@uni.com,Telecom,B-202,Cancelado,Efectivo
12578,Laura Paz,l.paz@email.com,IA Aplicada,Dra. Chen,drchen@uni.com,Sistemas,C-303,Cancelado,Efectivo
12579,Pedro Soto,psoto@email.com,Base de Datos I,Ing. García,garcia@uni.com,Sistemas,A-101,Pagado,Efectivo
12580,Juan Pérez,juan.p@email.com,Redes II,Lic. Martínez,martinez@uni.com,Telecom,B-202,Pendiente,Efectivo
12581,Juan Pérez,juan.p@email.com,Matemáticas III,Dr. Gómez,gomez@uni.com,Ciencias,D-404,Pagado,Tarjeta
12582,Luis Gómez,luis.g@email.com,Redes II,Lic. Martínez,martinez@uni.com,Telecom,B-202,Pagado,Tarjeta
12583,Elena Díaz,e.diaz@email.com,IA Aplicada,Dra. Chen,drchen@uni.com,Sistemas,C-303,Pendiente,Efectivo
12584,Ana Torres,ana.t@email.com,Base de Datos I,Ing. García,garcia@uni.com,Sistemas,A-101,Cancelado,Efectivo
12585,Laura Paz,l.paz@email.com,IA Aplicada,Dra. Chen,drchen@uni.com,Sistemas,C-303,Cancelado,Tarjeta
12586,Juan Pérez,juan.p@email.com,IA Aplicada,Dra. Chen,drchen@uni.com,Sistemas,C-303,Cancelado,Tarjeta
12587,Carlos Ruiz,cruiz@email.com,Matemáticas III,Dr. Gómez,gomez@uni.com,Ciencias,D-404,Pagado,Tarjeta
12588,Sofía Vega,s.vega@email.com,Redes II,Lic. Martínez,martinez@uni.com,Telecom,B-202,Cancelado,Efectivo
12589,María López,m.lopez@email.com,Matemáticas III,Dr. Gómez,gomez@uni.com,Ciencias,D-404,Pagado,Tarjeta
12590,Pedro Soto,psoto@email.com,Redes II,Lic. Martínez,martinez@uni.com,Telecom,B-202,Pagado,Transferencia
12591,Diego Luna,dluna@email.com,IA Aplicada,Dra. Chen,drchen@uni.com,Sistemas,C-303,Cancelado,Efectivo
12592,Sofía Vega,s.vega@email.com,IA Aplicada,Dra. Chen,drchen@uni.com,Sistemas,C-303,Cancelado,Tarjeta
12593,Ana Torres,ana.t@email.com,Base de Datos I,Ing. García,garcia@uni.com,Sistemas,A-101,Cancelado,Transferencia
12594,Ana Torres,ana.t@email.com,IA Aplicada,Dra. Chen,drchen@uni.com,Sistemas,C-303,Cancelado,Tarjeta
12595,Ana Torres,ana.t@email.com,IA Aplicada,Dra. Chen,drchen@uni.com,Sistemas,C-303,Pagado,Tarjeta
12596,Carlos Ruiz,cruiz@email.com,Redes II,Lic. Martínez,martinez@uni.com,Telecom,B-202,Cancelado,Efectivo
12597,Ana Torres,ana.t@email.com,IA Aplicada,Dra. Chen,drchen@uni.com,Sistemas,C-303,Pendiente,Tarjeta
12598,Elena Díaz,e.diaz@email.com,IA Aplicada,Dra. Chen,drchen@uni.com,Sistemas,C-303,Cancelado,Tarjeta
12599,María López,m.lopez@email.com,Redes II,Lic. Martínez,martinez@uni.com,Telecom,B-202,Cancelado,Transferencia
12600,Luis Gómez,luis.g@email.com,Redes II,Lic. Martínez,martinez@uni.com,Telecom,B-202,Cancelado,Transferencia
12601,Pedro Soto,psoto@email.com,Base de Datos I,Ing. García,garcia@uni.com,Sistemas,A-101,Cancelado,Transferencia
12602,Elena Díaz,e.diaz@email.com,Base de Datos I,Ing. García,garcia@uni.com,Sistemas,A-101,Cancelado,Transferencia
12603,María López,m.lopez@email.com,Matemáticas III,Dr. Gómez,gomez@uni.com,Ciencias,D-404,Pagado,Transferencia
12604,Juan Pérez,juan.p@email.com,Redes II,Lic. Martínez,martinez@uni.com,Telecom,B-202,Pagado,Tarjeta
12605,María López,m.lopez@email.com,IA Aplicada,Dra. Chen,drchen@uni.com,Sistemas,C-303,Pendiente,Efectivo
12606,Diego Luna,dluna@email.com,IA Aplicada,Dra. Chen,drchen@uni.com,Sistemas,C-303,Pendiente,Efectivo
12607,Elena Díaz,e.diaz@email.com,Redes II,Lic. Martínez,martinez@uni.com,Telecom,B-202,Pagado,Transferencia
12608,Luis Gómez,luis.g@email.com,Base de Datos I,Ing. García,garcia@uni.com,Sistemas,A-101,Pagado,Tarjeta
12609,Pedro Soto,psoto@email.com,IA Aplicada,Dra. Chen,drchen@uni.com,Sistemas,C-303,Cancelado,Tarjeta
12610,Pedro Soto,psoto@email.com,Matemáticas III,Dr. Gómez,gomez@uni.com,Ciencias,D-404,Pagado,Tarjeta
12611,Sofía Vega,s.vega@email.com,Matemáticas III,Dr. Gómez,gomez@uni.com,Ciencias,D-404,Pendiente,Tarjeta
12612,Carlos Ruiz,cruiz@email.com,Matemáticas III,Dr. Gómez,gomez@uni.com,Ciencias,D-404,Pagado,Tarjeta
12613,Carlos Ruiz,cruiz@email.com,IA Aplicada,Dra. Chen,drchen@uni.com,Sistemas,C-303,Pendiente,Tarjeta
12614,Elena Díaz,e.diaz@email.com,Redes II,Lic. Martínez,martinez@uni.com,Telecom,B-202,Pendiente,Transferencia
12615,Juan Pérez,juan.p@email.com,Redes II,Lic. Martínez,martinez@uni.com,Telecom,B-202,Pagado,Efectivo
12616,Juan Pérez,juan.p@email.com,Redes II,Lic. Martínez,martinez@uni.com,Telecom,B-202,Cancelado,Tarjeta
12617,Pedro Soto,psoto@email.com,Matemáticas III,Dr. Gómez,gomez@uni.com,Ciencias,D-404,Cancelado,Efectivo
12618,Sofía Vega,s.vega@email.com,IA Aplicada,Dra. Chen,drchen@uni.com,Sistemas,C-303,Pendiente,Transferencia
12619,María López,m.lopez@email.com,Base de Datos I,Ing. García,garcia@uni.com,Sistemas,A-101,Cancelado,Transferencia
12620,Laura Paz,l.paz@email.com,Matemáticas III,Dr. Gómez,gomez@uni.com,Ciencias,D-404,Cancelado,Tarjeta
12621,Sofía Vega,s.vega@email.com,IA Aplicada,Dra. Chen,drchen@uni.com,Sistemas,C-303,Cancelado,Tarjeta
12622,Luis Gómez,luis.g@email.com,Base de Datos I,Ing. García,garcia@uni.com,Sistemas,A-101,Pendiente,Efectivo
12623,María López,m.lopez@email.com,Matemáticas III,Dr. Gómez,gomez@uni.com,Ciencias,D-404,Cancelado,Tarjeta
12624,Juan Pérez,juan.p@email.com,Base de Datos I,Ing. García,garcia@uni.com,Sistemas,A-101,Cancelado,Tarjeta
12625,Sofía Vega,s.vega@email.com,Base de Datos I,Ing. García,garcia@uni.com,Sistemas,A-101,Pendiente,Tarjeta
12626,Carlos Ruiz,cruiz@email.com,IA Aplicada,Dra. Chen,drchen@uni.com,Sistemas,C-303,Cancelado,Tarjeta
12627,Ana Torres,ana.t@email.com,Redes II,Lic. Martínez,martinez@uni.com,Telecom,B-202,Cancelado,Transferencia
12628,María López,m.lopez@email.com,Matemáticas III,Dr. Gómez,gomez@uni.com,Ciencias,D-404,Cancelado,Efectivo
12629,Luis Gómez,luis.g@email.com,Redes II,Lic. Martínez,martinez@uni.com,Telecom,B-202,Pendiente,Tarjeta
12630,Sofía Vega,s.vega@email.com,IA Aplicada,Dra. Chen,drchen@uni.com,Sistemas,C-303,Pagado,Tarjeta
12631,Elena Díaz,e.diaz@email.com,Redes II,Lic. Martínez,martinez@uni.com,Telecom,B-202,Pagado,Transferencia
12632,Juan Pérez,juan.p@email.com,Redes II,Lic. Martínez,martinez@uni.com,Telecom,B-202,Pagado,Transferencia
12633,Carlos Ruiz,cruiz@email.com,IA Aplicada,Dra. Chen,drchen@uni.com,Sistemas,C-303,Pagado,Tarjeta
12634,Sofía Vega,s.vega@email.com,IA Aplicada,Dra. Chen,drchen@uni.com,Sistemas,C-303,Cancelado,Tarjeta
12635,Juan Pérez,juan.p@email.com,Redes II,Lic. Martínez,martinez@uni.com,Telecom,B-202,Cancelado,Efectivo
12636,Luis Gómez,luis.g@email.com,Base de Datos I,Ing. García,garcia@uni.com,Sistemas,A-101,Pagado,Transferencia
12637,María López,m.lopez@email.com,IA Aplicada,Dra. Chen,drchen@uni.com,Sistemas,C-303,Pendiente,Tarjeta
12638,Juan Pérez,juan.p@email.com,IA Aplicada,Dra. Chen,drchen@uni.com,Sistemas,C-303,Pagado,Efectivo
12639,Diego Luna,dluna@email.com,Redes II,Lic. Martínez,martinez@uni.com,Telecom,B-202,Cancelado,Tarjeta
12640,Ana Torres,ana.t@email.com,IA Aplicada,Dra. Chen,drchen@uni.com,Sistemas,C-303,Cancelado,Efectivo
12641,Sofía Vega,s.vega@email.com,IA Aplicada,Dra. Chen,drchen@uni.com,Sistemas,C-303,Cancelado,Efectivo
12642,Sofía Vega,s.vega@email.com,Base de Datos I,Ing. García,garcia@uni.com,Sistemas,A-101,Pagado,Efectivo
12643,Elena Díaz,e.diaz@email.com,Base de Datos I,Ing. García,garcia@uni.com,Sistemas,A-101,Pendiente,Efectivo
12644,Pedro Soto,psoto@email.com,Redes II,Lic. Martínez,martinez@uni.com,Telecom,B-202,Pagado,Efectivo
12645,Diego Luna,dluna@email.com,IA Aplicada,Dra. Chen,drchen@uni.com,Sistemas,C-303,Cancelado,Transferencia
12646,Elena Díaz,e.diaz@email.com,Matemáticas III,Dr. Gómez,gomez@uni.com,Ciencias,D-404,Pendiente,Efectivo
12647,Juan Pérez,juan.p@email.com,Redes II,Lic. Martínez,martinez@uni.com,Telecom,B-202,Pendiente,Transferencia
12648,Elena Díaz,e.diaz@email.com,IA Aplicada,Dra. Chen,drchen@uni.com,Sistemas,C-303,Pagado,Tarjeta
12649,María López,m.lopez@email.com,Redes II,Lic. Martínez,martinez@uni.com,Telecom,B-202,Cancelado,Efectivo
12650,Laura Paz,l.paz@email.com,Matemáticas III,Dr. Gómez,gomez@uni.com,Ciencias,D-404,Cancelado,Efectivo
12651,Luis Gómez,luis.g@email.com,Matemáticas III,Dr. Gómez,gomez@uni.com,Ciencias,D-404,Cancelado,Tarjeta
12652,Ana Torres,ana.t@email.com,IA Aplicada,Dra. Chen,drchen@uni.com,Sistemas,C-303,Cancelado,Transferencia
12653,Juan Pérez,juan.p@email.com,Base de Datos I,Ing. García,garcia@uni.com,Sistemas,A-101,Pagado,Efectivo
12654,Juan Pérez,juan.p@email.com,Redes II,Lic. Martínez,martinez@uni.com,Telecom,B-202,Cancelado,Tarjeta
12655,Sofía Vega,s.vega@email.com,Redes II,Lic. Martínez,martinez@uni.com,Telecom,B-202,Cancelado,Efectivo
12656,Elena Díaz,e.diaz@email.com,IA Aplicada,Dra. Chen,drchen@uni.com,Sistemas,C-303,Pendiente,Efectivo
12657,Sofía Vega,s.vega@email.com,Base de Datos I,Ing. García,garcia@uni.com,Sistemas,A-101,Cancelado,Transferencia
12658,Ana Torres,ana.t@email.com,Matemáticas III,Dr. Gómez,gomez@uni.com,Ciencias,D-404,Cancelado,Efectivo
12659,Carlos Ruiz,cruiz@email.com,Matemáticas III,Dr. Gómez,gomez@uni.com,Ciencias,D-404,Pendiente,Transferencia
12660,Ana Torres,ana.t@email.com,IA Aplicada,Dra. Chen,drchen@uni.com,Sistemas,C-303,Cancelado,Efectivo
12661,Pedro Soto,psoto@email.com,Matemáticas III,Dr. Gómez,gomez@uni.com,Ciencias,D-404,Cancelado,Efectivo
12662,Luis Gómez,luis.g@email.com,IA Aplicada,Dra. Chen,drchen@uni.com,Sistemas,C-303,Pendiente,Efectivo
12663,Ana Torres,ana.t@email.com,IA Aplicada,Dra. Chen,drchen@uni.com,Sistemas,C-303,Cancelado,Transferencia
12664,Sofía Vega,s.vega@email.com,Matemáticas III,Dr. Gómez,gomez@uni.com,Ciencias,D-404,Pagado,Tarjeta
12665,Juan Pérez,juan.p@email.com,Matemáticas III,Dr. Gómez,gomez@uni.com,Ciencias,D-404,Cancelado,Efectivo
12666,María López,m.lopez@email.com,IA Aplicada,Dra. Chen,drchen@uni.com,Sistemas,C-303,Cancelado,Efectivo
12667,Pedro Soto,psoto@email.com,Matemáticas III,Dr. Gómez,gomez@uni.com,Ciencias,D-404,Pendiente,Efectivo
12668,Elena Díaz,e.diaz@email.com,IA Aplicada,Dra. Chen,drchen@uni.com,Sistemas,C-303,Cancelado,Efectivo
12669,Elena Díaz,e.diaz@email.com,Base de Datos I,Ing. García,garcia@uni.com,Sistemas,A-101,Pendiente,Transferencia
12670,Elena Díaz,e.diaz@email.com,Matemáticas III,Dr. Gómez,gomez@uni.com,Ciencias,D-404,Pagado,Efectivo
12671,Diego Luna,dluna@email.com,Base de Datos I,Ing. García,garcia@uni.com,Sistemas,A-101,Pendiente,Tarjeta
12672,Elena Díaz,e.diaz@email.com,Base de Datos I,Ing. García,garcia@uni.com,Sistemas,A-101,Cancelado,Efectivo
12673,Laura Paz,l.paz@email.com,IA Aplicada,Dra. Chen,drchen@uni.com,Sistemas,C-303,Pendiente,Transferencia
12674,Luis Gómez,luis.g@email.com,IA Aplicada,Dra. Chen,drchen@uni.com,Sistemas,C-303,Cancelado,Transferencia
12675,Elena Díaz,e.diaz@email.com,IA Aplicada,Dra. Chen,drchen@uni.com,Sistemas,C-303,Pagado,Efectivo
12676,María López,m.lopez@email.com,Base de Datos I,Ing. García,garcia@uni.com,Sistemas,A-101,Pendiente,Tarjeta
12677,María López,m.lopez@email.com,Redes II,Lic. Martínez,martinez@uni.com,Telecom,B-202,Pendiente,Tarjeta
12678,Elena Díaz,e.diaz@email.com,Matemáticas III,Dr. Gómez,gomez@uni.com,Ciencias,D-404,Pendiente,Tarjeta
12679,Juan Pérez,juan.p@email.com,IA Aplicada,Dra. Chen,drchen@uni.com,Sistemas,C-303,Pagado,Tarjeta
12680,María López,m.lopez@email.com,Base de Datos I,Ing. García,garcia@uni.com,Sistemas,A-101,Cancelado,Tarjeta
12681,Pedro Soto,psoto@email.com,Redes II,Lic. Martínez,martinez@uni.com,Telecom,B-202,Cancelado,Tarjeta
12682,Luis Gómez,luis.g@email.com,Matemáticas III,Dr. Gómez,gomez@uni.com,Ciencias,D-404,Cancelado,Transferencia
12683,María López,m.lopez@email.com,IA Aplicada,Dra. Chen,drchen@uni.com,Sistemas,C-303,Pendiente,Tarjeta
12684,Diego Luna,dluna@email.com,Base de Datos I,Ing. García,garcia@uni.com,Sistemas,A-101,Cancelado,Transferencia
12685,Juan Pérez,juan.p@email.com,IA Aplicada,Dra. Chen,drchen@uni.com,Sistemas,C-303,Pendiente,Transferencia
12686,Laura Paz,l.paz@email.com,IA Aplicada,Dra. Chen,drchen@uni.com,Sistemas,C-303,Pendiente,Tarjeta
12687,Juan Pérez,juan.p@email.com,Redes II,Lic. Martínez,martinez@uni.com,Telecom,B-202,Cancelado,Tarjeta
12688,Sofía Vega,s.vega@email.com,Matemáticas III,Dr. Gómez,gomez@uni.com,Ciencias,D-404,Pendiente,Efectivo
12689,Diego Luna,dluna@email.com,IA Aplicada,Dra. Chen,drchen@uni.com,Sistemas,C-303,Pendiente,Tarjeta
12690,Elena Díaz,e.diaz@email.com,Redes II,Lic. Martínez,martinez@uni.com,Telecom,B-202,Pagado,Tarjeta
12691,Luis Gómez,luis.g@email.com,Redes II,Lic. Martínez,martinez@uni.com,Telecom,B-202,Cancelado,Tarjeta
12692,Sofía Vega,s.vega@email.com,Matemáticas III,Dr. Gómez,gomez@uni.com,Ciencias,D-404,Cancelado,Efectivo
12693,Sofía Vega,s.vega@email.com,IA Aplicada,Dra. Chen,drchen@uni.com,Sistemas,C-303,Pendiente,Transferencia
12694,María López,m.lopez@email.com,Matemáticas III,Dr. Gómez,gomez@uni.com,Ciencias,D-404,Pagado,Tarjeta
12695,María López,m.lopez@email.com,Matemáticas III,Dr. Gómez,gomez@uni.com,Ciencias,D-404,Pendiente,Tarjeta
12696,Diego Luna,dluna@email.com,Matemáticas III,Dr. Gómez,gomez@uni.com,Ciencias,D-404,Pendiente,Transferencia
12697,Diego Luna,dluna@email.com,Base de Datos I,Ing. García,garcia@uni.com,Sistemas,A-101,Pendiente,Transferencia
12698,Carlos Ruiz,cruiz@email.com,IA Aplicada,Dra. Chen,drchen@uni.com,Sistemas,C-303,Pendiente,Efectivo
12699,Juan Pérez,juan.p@email.com,Redes II,Lic. Martínez,martinez@uni.com,Telecom,B-202,Cancelado,Efectivo
12700,Laura Paz,l.paz@email.com,IA Aplicada,Dra. Chen,drchen@uni.com,Sistemas,C-303,Pagado,Efectivo
12701,Carlos Ruiz,cruiz@email.com,Matemáticas III,Dr. Gómez,gomez@uni.com,Ciencias,D-404,Pendiente,Tarjeta
12702,Diego Luna,dluna@email.com,IA Aplicada,Dra. Chen,drchen@uni.com,Sistemas,C-303,Cancelado,Transferencia
12703,Ana Torres,ana.t@email.com,Redes II,Lic. Martínez,martinez@uni.com,Telecom,B-202,Pendiente,Tarjeta
12704,Carlos Ruiz,cruiz@email.com,Redes II,Lic. Martínez,martinez@uni.com,Telecom,B-202,Pagado,Transferencia
12705,María López,m.lopez@email.com,Base de Datos I,Ing. García,garcia@uni.com,Sistemas,A-101,Cancelado,Transferencia
12706,Elena Díaz,e.diaz@email.com,IA Aplicada,Dra. Chen,drchen@uni.com,Sistemas,C-303,Pagado,Efectivo
12707,Diego Luna,dluna@email.com,Redes II,Lic. Martínez,martinez@uni.com,Telecom,B-202,Cancelado,Efectivo
12708,Luis Gómez,luis.g@email.com,IA Aplicada,Dra. Chen,drchen@uni.com,Sistemas,C-303,Pendiente,Tarjeta
12709,Ana Torres,ana.t@email.com,Redes II,Lic. Martínez,martinez@uni.com,Telecom,B-202,Pendiente,Transferencia
12710,María López,m.lopez@email.com,Base de Datos I,Ing. García,garcia@uni.com,Sistemas,A-101,Pagado,Efectivo
12711,Sofía Vega,s.vega@email.com,Redes II,Lic. Martínez,martinez@uni.com,Telecom,B-202,Pagado,Transferencia
12712,Diego Luna,dluna@email.com,Redes II,Lic. Martínez,martinez@uni.com,Telecom,B-202,Pendiente,Transferencia
12713,Luis Gómez,luis.g@email.com,Base de Datos I,Ing. García,garcia@uni.com,Sistemas,A-101,Pagado,Efectivo
12714,Elena Díaz,e.diaz@email.com,IA Aplicada,Dra. Chen,drchen@uni.com,Sistemas,C-303,Cancelado,Transferencia
12715,Laura Paz,l.paz@email.com,IA Aplicada,Dra. Chen,drchen@uni.com,Sistemas,C-303,Pagado,Efectivo
12716,Elena Díaz,e.diaz@email.com,Redes II,Lic. Martínez,martinez@uni.com,Telecom,B-202,Pagado,Tarjeta
12717,Luis Gómez,luis.g@email.com,IA Aplicada,Dra. Chen,drchen@uni.com,Sistemas,C-303,Cancelado,Transferencia
12718,Ana Torres,ana.t@email.com,Base de Datos I,Ing. García,garcia@uni.com,Sistemas,A-101,Pagado,Efectivo
12719,Luis Gómez,luis.g@email.com,Matemáticas III,Dr. Gómez,gomez@uni.com,Ciencias,D-404,Pendiente,Tarjeta
12720,María López,m.lopez@email.com,Redes II,Lic. Martínez,martinez@uni.com,Telecom,B-202,Pagado,Tarjeta
12721,Juan Pérez,juan.p@email.com,Matemáticas III,Dr. Gómez,gomez@uni.com,Ciencias,D-404,Pendiente,Tarjeta
12722,Laura Paz,l.paz@email.com,IA Aplicada,Dra. Chen,drchen@uni.com,Sistemas,C-303,Cancelado,Transferencia
12723,María López,m.lopez@email.com,Matemáticas III,Dr. Gómez,gomez@uni.com,Ciencias,D-404,Pendiente,Efectivo
12724,María López,m.lopez@email.com,Redes II,Lic. Martínez,martinez@uni.com,Telecom,B-202,Cancelado,Efectivo
12725,Pedro Soto,psoto@email.com,Redes II,Lic. Martínez,martinez@uni.com,Telecom,B-202,Pagado,Efectivo
12726,Laura Paz,l.paz@email.com,Matemáticas III,Dr. Gómez,gomez@uni.com,Ciencias,D-404,Pendiente,Efectivo
12727,Carlos Ruiz,cruiz@email.com,IA Aplicada,Dra. Chen,drchen@uni.com,Sistemas,C-303,Pagado,Efectivo
12728,María López,m.lopez@email.com,Base de Datos I,Ing. García,garcia@uni.com,Sistemas,A-101,Pagado,Transferencia
12729,Luis Gómez,luis.g@email.com,Redes II,Lic. Martínez,martinez@uni.com,Telecom,B-202,Pagado,Tarjeta
12730,Carlos Ruiz,cruiz@email.com,Matemáticas III,Dr. Gómez,gomez@uni.com,Ciencias,D-404,Pagado,Tarjeta
12731,Ana Torres,ana.t@email.com,Matemáticas III,Dr. Gómez,gomez@uni.com,Ciencias,D-404,Pagado,Tarjeta
12732,Carlos Ruiz,cruiz@email.com,IA Aplicada,Dra. Chen,drchen@uni.com,Sistemas,C-303,Cancelado,Tarjeta
12733,Diego Luna,dluna@email.com,IA Aplicada,Dra. Chen,drchen@uni.com,Sistemas,C-303,Pagado,Tarjeta
12734,Laura Paz,l.paz@email.com,IA Aplicada,Dra. Chen,drchen@uni.com,Sistemas,C-303,Cancelado,Transferencia
12735,Luis Gómez,luis.g@email.com,IA Aplicada,Dra. Chen,drchen@uni.com,Sistemas,C-303,Pagado,Transferencia
12736,Sofía Vega,s.vega@email.com,Matemáticas III,Dr. Gómez,gomez@uni.com,Ciencias,D-404,Pendiente,Tarjeta
12737,María López,m.lopez@email.com,IA Aplicada,Dra. Chen,drchen@uni.com,Sistemas,C-303,Pagado,Tarjeta
12738,Luis Gómez,luis.g@email.com,IA Aplicada,Dra. Chen,drchen@uni.com,Sistemas,C-303,Pagado,Efectivo
12739,María López,m.lopez@email.com,Redes II,Lic. Martínez,martinez@uni.com,Telecom,B-202,Pendiente,Efectivo
12740,Juan Pérez,juan.p@email.com,Base de Datos I,Ing. García,garcia@uni.com,Sistemas,A-101,Pendiente,Transferencia
12741,Ana Torres,ana.t@email.com,Base de Datos I,Ing. García,garcia@uni.com,Sistemas,A-101,Pagado,Transferencia
12742,María López,m.lopez@email.com,Base de Datos I,Ing. García,garcia@uni.com,Sistemas,A-101,Pendiente,Tarjeta
12743,Laura Paz,l.paz@email.com,IA Aplicada,Dra. Chen,drchen@uni.com,Sistemas,C-303,Cancelado,Tarjeta
12744,Sofía Vega,s.vega@email.com,Matemáticas III,Dr. Gómez,gomez@uni.com,Ciencias,D-404,Cancelado,Tarjeta
12745,Elena Díaz,e.diaz@email.com,Matemáticas III,Dr. Gómez,gomez@uni.com,Ciencias,D-404,Pagado,Efectivo
12746,Elena Díaz,e.diaz@email.com,Matemáticas III,Dr. Gómez,gomez@uni.com,Ciencias,D-404,Pendiente,Transferencia
12747,María López,m.lopez@email.com,IA Aplicada,Dra. Chen,drchen@uni.com,Sistemas,C-303,Pendiente,Efectivo
12748,Elena Díaz,e.diaz@email.com,Matemáticas III,Dr. Gómez,gomez@uni.com,Ciencias,D-404,Pagado,Transferencia
12749,Diego Luna,dluna@email.com,IA Aplicada,Dra. Chen,drchen@uni.com,Sistemas,C-303,Pendiente,Tarjeta
12750,Elena Díaz,e.diaz@email.com,Redes II,Lic. Martínez,martinez@uni.com,Telecom,B-202,Pendiente,Transferencia
12751,María López,m.lopez@email.com,Matemáticas III,Dr. Gómez,gomez@uni.com,Ciencias,D-404,Cancelado,Tarjeta
12752,Pedro Soto,psoto@email.com,Base de Datos I,Ing. García,garcia@uni.com,Sistemas,A-101,Cancelado,Tarjeta
12753,Sofía Vega,s.vega@email.com,Matemáticas III,Dr. Gómez,gomez@uni.com,Ciencias,D-404,Cancelado,Tarjeta
12754,Juan Pérez,juan.p@email.com,Matemáticas III,Dr. Gómez,gomez@uni.com,Ciencias,D-404,Pagado,Tarjeta
12755,María López,m.lopez@email.com,Redes II,Lic. Martínez,martinez@uni.com,Telecom,B-202,Pagado,Transferencia
12756,Diego Luna,dluna@email.com,IA Aplicada,Dra. Chen,drchen@uni.com,Sistemas,C-303,Pendiente,Tarjeta
12757,Juan Pérez,juan.p@email.com,Base de Datos I,Ing. García,garcia@uni.com,Sistemas,A-101,Cancelado,Transferencia
12758,Pedro Soto,psoto@email.com,Matemáticas III,Dr. Gómez,gomez@uni.com,Ciencias,D-404,Cancelado,Efectivo
12759,Ana Torres,ana.t@email.com,Redes II,Lic. Martínez,martinez@uni.com,Telecom,B-202,Cancelado,Transferencia
12760,Luis Gómez,luis.g@email.com,Matemáticas III,Dr. Gómez,gomez@uni.com,Ciencias,D-404,Cancelado,Transferencia
12761,María López,m.lopez@email.com,Matemáticas III,Dr. Gómez,gomez@uni.com,Ciencias,D-404,Cancelado,Transferencia
12762,Elena Díaz,e.diaz@email.com,Base de Datos I,Ing. García,garcia@uni.com,Sistemas,A-101,Pagado,Tarjeta
12763,Pedro Soto,psoto@email.com,Base de Datos I,Ing. García,garcia@uni.com,Sistemas,A-101,Pagado,Efectivo
12764,Elena Díaz,e.diaz@email.com,Base de Datos I,Ing. García,garcia@uni.com,Sistemas,A-101,Cancelado,Tarjeta
12765,Juan Pérez,juan.p@email.com,Matemáticas III,Dr. Gómez,gomez@uni.com,Ciencias,D-404,Cancelado,Tarjeta
12766,Pedro Soto,psoto@email.com,IA Aplicada,Dra. Chen,drchen@uni.com,Sistemas,C-303,Pagado,Tarjeta
12767,Carlos Ruiz,cruiz@email.com,Base de Datos I,Ing. García,garcia@uni.com,Sistemas,A-101,Pendiente,Transferencia
12768,Diego Luna,dluna@email.com,IA Aplicada,Dra. Chen,drchen@uni.com,Sistemas,C-303,Cancelado,Tarjeta
12769,Laura Paz,l.paz@email.com,Base de Datos I,Ing. García,garcia@uni.com,Sistemas,A-101,Pendiente,Transferencia
12770,Ana Torres,ana.t@email.com,Matemáticas III,Dr. Gómez,gomez@uni.com,Ciencias,D-404,Cancelado,Efectivo
12771,Pedro Soto,psoto@email.com,Matemáticas III,Dr. Gómez,gomez@uni.com,Ciencias,D-404,Cancelado,Tarjeta
12772,Elena Díaz,e.diaz@email.com,IA Aplicada,Dra. Chen,drchen@uni.com,Sistemas,C-303,Pendiente,Efectivo
12773,Sofía Vega,s.vega@email.com,IA Aplicada,Dra. Chen,drchen@uni.com,Sistemas,C-303,Pagado,Tarjeta
12774,Diego Luna,dluna@email.com,IA Aplicada,Dra. Chen,drchen@uni.com,Sistemas,C-303,Pagado,Efectivo
12775,Pedro Soto,psoto@email.com,Base de Datos I,Ing. García,garcia@uni.com,Sistemas,A-101,Pagado,Tarjeta
12776,Juan Pérez,juan.p@email.com,Matemáticas III,Dr. Gómez,gomez@uni.com,Ciencias,D-404,Pagado,Transferencia
12777,Diego Luna,dluna@email.com,Base de Datos I,Ing. García,garcia@uni.com,Sistemas,A-101,Pagado,Efectivo
12778,Laura Paz,l.paz@email.com,Redes II,Lic. Martínez,martinez@uni.com,Telecom,B-202,Cancelado,Tarjeta
12779,Luis Gómez,luis.g@email.com,Redes II,Lic. Martínez,martinez@uni.com,Telecom,B-202,Pagado,Tarjeta
12780,Luis Gómez,luis.g@email.com,Base de Datos I,Ing. García,garcia@uni.com,Sistemas,A-101,Cancelado,Tarjeta
12781,Diego Luna,dluna@email.com,Base de Datos I,Ing. García,garcia@uni.com,Sistemas,A-101,Pagado,Tarjeta
12782,Juan Pérez,juan.p@email.com,IA Aplicada,Dra. Chen,drchen@uni.com,Sistemas,C-303,Cancelado,Efectivo
12783,Sofía Vega,s.vega@email.com,IA Aplicada,Dra. Chen,drchen@uni.com,Sistemas,C-303,Cancelado,Transferencia
12784,Elena Díaz,e.diaz@email.com,Base de Datos I,Ing. García,garcia@uni.com,Sistemas,A-101,Pagado,Tarjeta
12785,María López,m.lopez@email.com,IA Aplicada,Dra. Chen,drchen@uni.com,Sistemas,C-303,Pagado,Efectivo
12786,Ana Torres,ana.t@email.com,Redes II,Lic. Martínez,martinez@uni.com,Telecom,B-202,Pagado,Efectivo
12787,Laura Paz,l.paz@email.com,Redes II,Lic. Martínez,martinez@uni.com,Telecom,B-202,Cancelado,Transferencia
12788,Pedro Soto,psoto@email.com,Redes II,Lic. Martínez,martinez@uni.com,Telecom,B-202,Pendiente,Efectivo
12789,Juan Pérez,juan.p@email.com,IA Aplicada,Dra. Chen,drchen@uni.com,Sistemas,C-303,Cancelado,Tarjeta
12790,Ana Torres,ana.t@email.com,Matemáticas III,Dr. Gómez,gomez@uni.com,Ciencias,D-404,Cancelado,Transferencia
12791,Luis Gómez,luis.g@email.com,Redes II,Lic. Martínez,martinez@uni.com,Telecom,B-202,Cancelado,Transferencia
12792,Laura Paz,l.paz@email.com,IA Aplicada,Dra. Chen,drchen@uni.com,Sistemas,C-303,Pagado,Transferencia
12793,Diego Luna,dluna@email.com,Matemáticas III,Dr. Gómez,gomez@uni.com,Ciencias,D-404,Cancelado,Transferencia
12794,Carlos Ruiz,cruiz@email.com,Redes II,Lic. Martínez,martinez@uni.com,Telecom,B-202,Pagado,Tarjeta
12795,Sofía Vega,s.vega@email.com,Base de Datos I,Ing. García,garcia@uni.com,Sistemas,A-101,Pagado,Efectivo
12796,Elena Díaz,e.diaz@email.com,Base de Datos I,Ing. García,garcia@uni.com,Sistemas,A-101,Cancelado,Transferencia
12797,Juan Pérez,juan.p@email.com,Matemáticas III,Dr. Gómez,gomez@uni.com,Ciencias,D-404,Pagado,Efectivo
12798,Ana Torres,ana.t@email.com,Matemáticas III,Dr. Gómez,gomez@uni.com,Ciencias,D-404,Pendiente,Efectivo
12799,Sofía Vega,s.vega@email.com,IA Aplicada,Dra. Chen,drchen@uni.com,Sistemas,C-303,Pendiente,Tarjeta
12800,Juan Pérez,juan.p@email.com,Matemáticas III,Dr. Gómez,gomez@uni.com,Ciencias,D-404,Pagado,Efectivo
12801,Ana Torres,ana.t@email.com,Matemáticas III,Dr. Gómez,gomez@uni.com,Ciencias,D-404,Cancelado,Tarjeta
12802,Laura Paz,l.paz@email.com,Base de Datos I,Ing. García,garcia@uni.com,Sistemas,A-101,Pagado,Transferencia
12803,Juan Pérez,juan.p@email.com,Matemáticas III,Dr. Gómez,gomez@uni.com,Ciencias,D-404,Pendiente,Efectivo
12804,Diego Luna,dluna@email.com,IA Aplicada,Dra. Chen,drchen@uni.com,Sistemas,C-303,Pagado,Transferencia
12805,Juan Pérez,juan.p@email.com,Redes II,Lic. Martínez,martinez@uni.com,Telecom,B-202,Cancelado,Tarjeta
12806,Pedro Soto,psoto@email.com,Redes II,Lic. Martínez,martinez@uni.com,Telecom,B-202,Pagado,Efectivo
12807,Diego Luna,dluna@email.com,Redes II,Lic. Martínez,martinez@uni.com,Telecom,B-202,Pagado,Efectivo
12808,Sofía Vega,s.vega@email.com,Redes II,Lic. Martínez,martinez@uni.com,Telecom,B-202,Pagado,Tarjeta
12809,Carlos Ruiz,cruiz@email.com,Matemáticas III,Dr. Gómez,gomez@uni.com,Ciencias,D-404,Pendiente,Tarjeta
12810,Pedro Soto,psoto@email.com,Redes II,Lic. Martínez,martinez@uni.com,Telecom,B-202,Pagado,Transferencia
12811,Laura Paz,l.paz@email.com,IA Aplicada,Dra. Chen,drchen@uni.com,Sistemas,C-303,Pagado,Efectivo
12812,Luis Gómez,luis.g@email.com,IA Aplicada,Dra. Chen,drchen@uni.com,Sistemas,C-303,Cancelado,Tarjeta
12813,María López,m.lopez@email.com,Matemáticas III,Dr. Gómez,gomez@uni.com,Ciencias,D-404,Pagado,Transferencia
12814,Luis Gómez,luis.g@email.com,Redes II,Lic. Martínez,martinez@uni.com,Telecom,B-202,Cancelado,Transferencia
12815,Carlos Ruiz,cruiz@email.com,Redes II,Lic. Martínez,martinez@uni.com,Telecom,B-202,Pagado,Tarjeta
12816,María López,m.lopez@email.com,Matemáticas III,Dr. Gómez,gomez@uni.com,Ciencias,D-404,Cancelado,Efectivo
12817,Elena Díaz,e.diaz@email.com,IA Aplicada,Dra. Chen,drchen@uni.com,Sistemas,C-303,Pendiente,Transferencia
12818,Carlos Ruiz,cruiz@email.com,Matemáticas III,Dr. Gómez,gomez@uni.com,Ciencias,D-404,Pendiente,Efectivo
12819,Elena Díaz,e.diaz@email.com,IA Aplicada,Dra. Chen,drchen@uni.com,Sistemas,C-303,Cancelado,Efectivo
12820,Diego Luna,dluna@email.com,Base de Datos I,Ing. García,garcia@uni.com,Sistemas,A-101,Cancelado,Transferencia
12821,Pedro Soto,psoto@email.com,Base de Datos I,Ing. García,garcia@uni.com,Sistemas,A-101,Pagado,Efectivo
12822,Pedro Soto,psoto@email.com,IA Aplicada,Dra. Chen,drchen@uni.com,Sistemas,C-303,Pagado,Tarjeta
12823,María López,m.lopez@email.com,Redes II,Lic. Martínez,martinez@uni.com,Telecom,B-202,Pagado,Efectivo
12824,Carlos Ruiz,cruiz@email.com,Redes II,Lic. Martínez,martinez@uni.com,Telecom,B-202,Pendiente,Tarjeta
12825,Elena Díaz,e.diaz@email.com,Redes II,Lic. Martínez,martinez@uni.com,Telecom,B-202,Pendiente,Efectivo
12826,Juan Pérez,juan.p@email.com,Matemáticas III,Dr. Gómez,gomez@uni.com,Ciencias,D-404,Cancelado,Efectivo
12827,Elena Díaz,e.diaz@email.com,Matemáticas III,Dr. Gómez,gomez@uni.com,Ciencias,D-404,Pendiente,Tarjeta
12828,Pedro Soto,psoto@email.com,Base de Datos I,Ing. García,garcia@uni.com,Sistemas,A-101,Pendiente,Transferencia
12829,María López,m.lopez@email.com,Base de Datos I,Ing. García,garcia@uni.com,Sistemas,A-101,Pendiente,Tarjeta
12830,Ana Torres,ana.t@email.com,IA Aplicada,Dra. Chen,drchen@uni.com,Sistemas,C-303,Pagado,Efectivo
12831,Pedro Soto,psoto@email.com,Redes II,Lic. Martínez,martinez@uni.com,Telecom,B-202,Cancelado,Efectivo
12832,Elena Díaz,e.diaz@email.com,Redes II,Lic. Martínez,martinez@uni.com,Telecom,B-202,Pendiente,Efectivo
12833,Elena Díaz,e.diaz@email.com,Matemáticas III,Dr. Gómez,gomez@uni.com,Ciencias,D-404,Pagado,Efectivo
12834,Carlos Ruiz,cruiz@email.com,IA Aplicada,Dra. Chen,drchen@uni.com,Sistemas,C-303,Cancelado,Transferencia
12835,Pedro Soto,psoto@email.com,Redes II,Lic. Martínez,martinez@uni.com,Telecom,B-202,Cancelado,Tarjeta
12836,Luis Gómez,luis.g@email.com,Matemáticas III,Dr. Gómez,gomez@uni.com,Ciencias,D-404,Pagado,Tarjeta
12837,Luis Gómez,luis.g@email.com,Matemáticas III,Dr. Gómez,gomez@uni.com,Ciencias,D-404,Cancelado,Efectivo
12838,Luis Gómez,luis.g@email.com,IA Aplicada,Dra. Chen,drchen@uni.com,Sistemas,C-303,Pendiente,Transferencia
12839,Luis Gómez,luis.g@email.com,Matemáticas III,Dr. Gómez,gomez@uni.com,Ciencias,D-404,Pagado,Efectivo
12840,Laura Paz,l.paz@email.com,Base de Datos I,Ing. García,garcia@uni.com,Sistemas,A-101,Pendiente,Tarjeta
12841,Ana Torres,ana.t@email.com,IA Aplicada,Dra. Chen,drchen@uni.com,Sistemas,C-303,Cancelado,Tarjeta
12842,Ana Torres,ana.t@email.com,Matemáticas III,Dr. Gómez,gomez@uni.com,Ciencias,D-404,Cancelado,Tarjeta
12843,Juan Pérez,juan.p@email.com,IA Aplicada,Dra. Chen,drchen@uni.com,Sistemas,C-303,Pendiente,Efectivo
12844,Laura Paz,l.paz@email.com,Matemáticas III,Dr. Gómez,gomez@uni.com,Ciencias,D-404,Pagado,Tarjeta
12845,Luis Gómez,luis.g@email.com,Base de Datos I,Ing. García,garcia@uni.com,Sistemas,A-101,Pendiente,Efectivo
12846,Carlos Ruiz,cruiz@email.com,Base de Datos I,Ing. García,garcia@uni.com,Sistemas,A-101,Cancelado,Transferencia
12847,Diego Luna,dluna@email.com,Redes II,Lic. Martínez,martinez@uni.com,Telecom,B-202,Pendiente,Tarjeta
12848,Laura Paz,l.paz@email.com,IA Aplicada,Dra. Chen,drchen@uni.com,Sistemas,C-303,Pagado,Tarjeta
12849,Juan Pérez,juan.p@email.com,Redes II,Lic. Martínez,martinez@uni.com,Telecom,B-202,Pendiente,Transferencia
12850,Juan Pérez,juan.p@email.com,Redes II,Lic. Martínez,martinez@uni.com,Telecom,B-202,Cancelado,Tarjeta
12851,Laura Paz,l.paz@email.com,Matemáticas III,Dr. Gómez,gomez@uni.com,Ciencias,D-404,Pendiente,Transferencia
12852,María López,m.lopez@email.com,Redes II,Lic. Martínez,martinez@uni.com,Telecom,B-202,Pagado,Transferencia
12853,Pedro Soto,psoto@email.com,IA Aplicada,Dra. Chen,drchen@uni.com,Sistemas,C-303,Pagado,Tarjeta
12854,María López,m.lopez@email.com,Base de Datos I,Ing. García,garcia@uni.com,Sistemas,A-101,Pendiente,Efectivo
12855,Carlos Ruiz,cruiz@email.com,Base de Datos I,Ing. García,garcia@uni.com,Sistemas,A-101,Pendiente,Efectivo
12856,Sofía Vega,s.vega@email.com,Base de Datos I,Ing. García,garcia@uni.com,Sistemas,A-101,Pagado,Transferencia
12857,Pedro Soto,psoto@email.com,Redes II,Lic. Martínez,martinez@uni.com,Telecom,B-202,Cancelado,Efectivo
12858,Elena Díaz,e.diaz@email.com,Matemáticas III,Dr. Gómez,gomez@uni.com,Ciencias,D-404,Pendiente,Tarjeta
12859,Luis Gómez,luis.g@email.com,Base de Datos I,Ing. García,garcia@uni.com,Sistemas,A-101,Pagado,Tarjeta
12860,Pedro Soto,psoto@email.com,Redes II,Lic. Martínez,martinez@uni.com,Telecom,B-202,Pendiente,Efectivo
12861,Pedro Soto,psoto@email.com,Redes II,Lic. Martínez,martinez@uni.com,Telecom,B-202,Pagado,Transferencia
12862,Juan Pérez,juan.p@email.com,Redes II,Lic. Martínez,martinez@uni.com,Telecom,B-202,Cancelado,Efectivo
12863,Elena Díaz,e.diaz@email.com,Matemáticas III,Dr. Gómez,gomez@uni.com,Ciencias,D-404,Cancelado,Efectivo
12864,Carlos Ruiz,cruiz@email.com,Base de Datos I,Ing. García,garcia@uni.com,Sistemas,A-101,Cancelado,Tarjeta
12865,Ana Torres,ana.t@email.com,Matemáticas III,Dr. Gómez,gomez@uni.com,Ciencias,D-404,Pagado,Transferencia
12866,Laura Paz,l.paz@email.com,Redes II,Lic. Martínez,martinez@uni.com,Telecom,B-202,Pagado,Efectivo
12867,Ana Torres,ana.t@email.com,IA Aplicada,Dra. Chen,drchen@uni.com,Sistemas,C-303,Pendiente,Transferencia
12868,Laura Paz,l.paz@email.com,Base de Datos I,Ing. García,garcia@uni.com,Sistemas,A-101,Pagado,Efectivo
12869,Luis Gómez,luis.g@email.com,Redes II,Lic. Martínez,martinez@uni.com,Telecom,B-202,Cancelado,Transferencia
12870,Luis Gómez,luis.g@email.com,Base de Datos I,Ing. García,garcia@uni.com,Sistemas,A-101,Cancelado,Transferencia
12871,Diego Luna,dluna@email.com,Base de Datos I,Ing. García,garcia@uni.com,Sistemas,A-101,Pendiente,Tarjeta
12872,Luis Gómez,luis.g@email.com,Base de Datos I,Ing. García,garcia@uni.com,Sistemas,A-101,Pagado,Tarjeta
12873,Juan Pérez,juan.p@email.com,Matemáticas III,Dr. Gómez,gomez@uni.com,Ciencias,D-404,Pendiente,Tarjeta
12874,Luis Gómez,luis.g@email.com,IA Aplicada,Dra. Chen,drchen@uni.com,Sistemas,C-303,Pagado,Tarjeta
12875,Carlos Ruiz,cruiz@email.com,Matemáticas III,Dr. Gómez,gomez@uni.com,Ciencias,D-404,Pendiente,Efectivo
12876,Laura Paz,l.paz@email.com,Matemáticas III,Dr. Gómez,gomez@uni.com,Ciencias,D-404,Pagado,Tarjeta
12877,María López,m.lopez@email.com,Redes II,Lic. Martínez,martinez@uni.com,Telecom,B-202,Pendiente,Efectivo
12878,Carlos Ruiz,cruiz@email.com,IA Aplicada,Dra. Chen,drchen@uni.com,Sistemas,C-303,Cancelado,Tarjeta
12879,Laura Paz,l.paz@email.com,Base de Datos I,Ing. García,garcia@uni.com,Sistemas,A-101,Pendiente,Tarjeta
12880,Elena Díaz,e.diaz@email.com,Redes II,Lic. Martínez,martinez@uni.com,Telecom,B-202,Pendiente,Efectivo
12881,Sofía Vega,s.vega@email.com,Redes II,Lic. Martínez,martinez@uni.com,Telecom,B-202,Pendiente,Efectivo
12882,María López,m.lopez@email.com,Base de Datos I,Ing. García,garcia@uni.com,Sistemas,A-101,Cancelado,Transferencia
12883,Elena Díaz,e.diaz@email.com,Base de Datos I,Ing. García,garcia@uni.com,Sistemas,A-101,Pagado,Tarjeta
12884,Sofía Vega,s.vega@email.com,IA Aplicada,Dra. Chen,drchen@uni.com,Sistemas,C-303,Cancelado,Transferencia
12885,Sofía Vega,s.vega@email.com,IA Aplicada,Dra. Chen,drchen@uni.com,Sistemas,C-303,Cancelado,Efectivo
12886,Elena Díaz,e.diaz@email.com,Base de Datos I,Ing. García,garcia@uni.com,Sistemas,A-101,Cancelado,Efectivo
12887,Pedro Soto,psoto@email.com,Base de Datos I,Ing. García,garcia@uni.com,Sistemas,A-101,Pagado,Efectivo
12888,Ana Torres,ana.t@email.com,Matemáticas III,Dr. Gómez,gomez@uni.com,Ciencias,D-404,Pagado,Tarjeta
12889,Laura Paz,l.paz@email.com,Base de Datos I,Ing. García,garcia@uni.com,Sistemas,A-101,Cancelado,Transferencia
12890,Ana Torres,ana.t@email.com,Matemáticas III,Dr. Gómez,gomez@uni.com,Ciencias,D-404,Pendiente,Transferencia
12891,María López,m.lopez@email.com,Matemáticas III,Dr. Gómez,gomez@uni.com,Ciencias,D-404,Cancelado,Transferencia
12892,Elena Díaz,e.diaz@email.com,Matemáticas III,Dr. Gómez,gomez@uni.com,Ciencias,D-404,Pendiente,Tarjeta
12893,Elena Díaz,e.diaz@email.com,Base de Datos I,Ing. García,garcia@uni.com,Sistemas,A-101,Pendiente,Efectivo
12894,Luis Gómez,luis.g@email.com,Matemáticas III,Dr. Gómez,gomez@uni.com,Ciencias,D-404,Pagado,Tarjeta
12895,Juan Pérez,juan.p@email.com,IA Aplicada,Dra. Chen,drchen@uni.com,Sistemas,C-303,Pagado,Tarjeta
12896,Carlos Ruiz,cruiz@email.com,Redes II,Lic. Martínez,martinez@uni.com,Telecom,B-202,Pagado,Tarjeta
12897,Juan Pérez,juan.p@email.com,Matemáticas III,Dr. Gómez,gomez@uni.com,Ciencias,D-404,Cancelado,Efectivo
12898,Laura Paz,l.paz@email.com,Matemáticas III,Dr. Gómez,gomez@uni.com,Ciencias,D-404,Pagado,Tarjeta
12899,Luis Gómez,luis.g@email.com,Matemáticas III,Dr. Gómez,gomez@uni.com,Ciencias,D-404,Pendiente,Efectivo
12900,Pedro Soto,psoto@email.com,Redes II,Lic. Martínez,martinez@uni.com,Telecom,B-202,Pendiente,Transferencia
12901,Sofía Vega,s.vega@email.com,Matemáticas III,Dr. Gómez,gomez@uni.com,Ciencias,D-404,Pagado,Efectivo
12902,Diego Luna,dluna@email.com,Base de Datos I,Ing. García,garcia@uni.com,Sistemas,A-101,Pagado,Transferencia
12903,Luis Gómez,luis.g@email.com,Matemáticas III,Dr. Gómez,gomez@uni.com,Ciencias,D-404,Cancelado,Transferencia
12904,María López,m.lopez@email.com,Matemáticas III,Dr. Gómez,gomez@uni.com,Ciencias,D-404,Pendiente,Tarjeta
12905,Juan Pérez,juan.p@email.com,Redes II,Lic. Martínez,martinez@uni.com,Telecom,B-202,Pendiente,Tarjeta
12906,Carlos Ruiz,cruiz@email.com,Matemáticas III,Dr. Gómez,gomez@uni.com,Ciencias,D-404,Pagado,Efectivo
12907,Ana Torres,ana.t@email.com,Base de Datos I,Ing. García,garcia@uni.com,Sistemas,A-101,Pendiente,Efectivo
12908,Elena Díaz,e.diaz@email.com,Matemáticas III,Dr. Gómez,gomez@uni.com,Ciencias,D-404,Cancelado,Transferencia
12909,Sofía Vega,s.vega@email.com,Base de Datos I,Ing. García,garcia@uni.com,Sistemas,A-101,Pagado,Tarjeta
12910,Ana Torres,ana.t@email.com,Matemáticas III,Dr. Gómez,gomez@uni.com,Ciencias,D-404,Pendiente,Tarjeta
12911,Sofía Vega,s.vega@email.com,IA Aplicada,Dra. Chen,drchen@uni.com,Sistemas,C-303,Pendiente,Efectivo
12912,Luis Gómez,luis.g@email.com,Matemáticas III,Dr. Gómez,gomez@uni.com,Ciencias,D-404,Cancelado,Efectivo
12913,Carlos Ruiz,cruiz@email.com,Base de Datos I,Ing. García,garcia@uni.com,Sistemas,A-101,Pendiente,Efectivo
12914,Juan Pérez,juan.p@email.com,Redes II,Lic. Martínez,martinez@uni.com,Telecom,B-202,Pagado,Tarjeta
12915,Carlos Ruiz,cruiz@email.com,Base de Datos I,Ing. García,garcia@uni.com,Sistemas,A-101,Pendiente,Efectivo
12916,María López,m.lopez@email.com,Redes II,Lic. Martínez,martinez@uni.com,Telecom,B-202,Pendiente,Tarjeta
12917,Sofía Vega,s.vega@email.com,IA Aplicada,Dra. Chen,drchen@uni.com,Sistemas,C-303,Pendiente,Efectivo
12918,Sofía Vega,s.vega@email.com,Redes II,Lic. Martínez,martinez@uni.com,Telecom,B-202,Pagado,Tarjeta
12919,Diego Luna,dluna@email.com,Matemáticas III,Dr. Gómez,gomez@uni.com,Ciencias,D-404,Pagado,Tarjeta
12920,Juan Pérez,juan.p@email.com,Matemáticas III,Dr. Gómez,gomez@uni.com,Ciencias,D-404,Pendiente,Tarjeta
12921,Luis Gómez,luis.g@email.com,Base de Datos I,Ing. García,garcia@uni.com,Sistemas,A-101,Pagado,Efectivo
12922,Sofía Vega,s.vega@email.com,Base de Datos I,Ing. García,garcia@uni.com,Sistemas,A-101,Cancelado,Tarjeta
12923,María López,m.lopez@email.com,IA Aplicada,Dra. Chen,drchen@uni.com,Sistemas,C-303,Pagado,Tarjeta
12924,Diego Luna,dluna@email.com,Redes II,Lic. Martínez,martinez@uni.com,Telecom,B-202,Pagado,Transferencia
12925,Juan Pérez,juan.p@email.com,Base de Datos I,Ing. García,garcia@uni.com,Sistemas,A-101,Pagado,Efectivo
12926,Carlos Ruiz,cruiz@email.com,Base de Datos I,Ing. García,garcia@uni.com,Sistemas,A-101,Pagado,Tarjeta
12927,Luis Gómez,luis.g@email.com,Matemáticas III,Dr. Gómez,gomez@uni.com,Ciencias,D-404,Pagado,Tarjeta
12928,María López,m.lopez@email.com,Redes II,Lic. Martínez,martinez@uni.com,Telecom,B-202,Pagado,Tarjeta
12929,Luis Gómez,luis.g@email.com,Redes II,Lic. Martínez,martinez@uni.com,Telecom,B-202,Pagado,Transferencia
12930,Sofía Vega,s.vega@email.com,Base de Datos I,Ing. García,garcia@uni.com,Sistemas,A-101,Pagado,Efectivo
12931,Juan Pérez,juan.p@email.com,Redes II,Lic. Martínez,martinez@uni.com,Telecom,B-202,Cancelado,Transferencia
12932,Laura Paz,l.paz@email.com,IA Aplicada,Dra. Chen,drchen@uni.com,Sistemas,C-303,Cancelado,Efectivo
12933,Carlos Ruiz,cruiz@email.com,Redes II,Lic. Martínez,martinez@uni.com,Telecom,B-202,Pendiente,Transferencia
12934,Ana Torres,ana.t@email.com,Redes II,Lic. Martínez,martinez@uni.com,Telecom,B-202,Pagado,Tarjeta
12935,María López,m.lopez@email.com,Redes II,Lic. Martínez,martinez@uni.com,Telecom,B-202,Pagado,Tarjeta
12936,María López,m.lopez@email.com,Matemáticas III,Dr. Gómez,gomez@uni.com,Ciencias,D-404,Cancelado,Transferencia
12937,Ana Torres,ana.t@email.com,Base de Datos I,Ing. García,garcia@uni.com,Sistemas,A-101,Pagado,Efectivo
12938,María López,m.lopez@email.com,Matemáticas III,Dr. Gómez,gomez@uni.com,Ciencias,D-404,Pendiente,Transferencia
12939,Ana Torres,ana.t@email.com,Redes II,Lic. Martínez,martinez@uni.com,Telecom,B-202,Pendiente,Transferencia
12940,Carlos Ruiz,cruiz@email.com,Matemáticas III,Dr. Gómez,gomez@uni.com,Ciencias,D-404,Cancelado,Transferencia
12941,Elena Díaz,e.diaz@email.com,Redes II,Lic. Martínez,martinez@uni.com,Telecom,B-202,Pagado,Transferencia
12942,Ana Torres,ana.t@email.com,IA Aplicada,Dra. Chen,drchen@uni.com,Sistemas,C-303,Pagado,Efectivo
12943,Pedro Soto,psoto@email.com,IA Aplicada,Dra. Chen,drchen@uni.com,Sistemas,C-303,Cancelado,Efectivo
12944,Pedro Soto,psoto@email.com,Matemáticas III,Dr. Gómez,gomez@uni.com,Ciencias,D-404,Pendiente,Efectivo
12945,Pedro Soto,psoto@email.com,IA Aplicada,Dra. Chen,drchen@uni.com,Sistemas,C-303,Cancelado,Tarjeta
12946,Ana Torres,ana.t@email.com,Base de Datos I,Ing. García,garcia@uni.com,Sistemas,A-101,Pagado,Efectivo
12947,Sofía Vega,s.vega@email.com,IA Aplicada,Dra. Chen,drchen@uni.com,Sistemas,C-303,Pendiente,Transferencia
12948,Diego Luna,dluna@email.com,Base de Datos I,Ing. García,garcia@uni.com,Sistemas,A-101,Cancelado,Transferencia
12949,Carlos Ruiz,cruiz@email.com,Base de Datos I,Ing. García,garcia@uni.com,Sistemas,A-101,Pagado,Transferencia
12950,Juan Pérez,juan.p@email.com,IA Aplicada,Dra. Chen,drchen@uni.com,Sistemas,C-303,Cancelado,Efectivo
12951,Elena Díaz,e.diaz@email.com,IA Aplicada,Dra. Chen,drchen@uni.com,Sistemas,C-303,Pendiente,Efectivo
12952,Juan Pérez,juan.p@email.com,Matemáticas III,Dr. Gómez,gomez@uni.com,Ciencias,D-404,Cancelado,Transferencia
12953,Luis Gómez,luis.g@email.com,IA Aplicada,Dra. Chen,drchen@uni.com,Sistemas,C-303,Pendiente,Tarjeta
12954,Laura Paz,l.paz@email.com,Matemáticas III,Dr. Gómez,gomez@uni.com,Ciencias,D-404,Pendiente,Tarjeta
12955,Ana Torres,ana.t@email.com,Redes II,Lic. Martínez,martinez@uni.com,Telecom,B-202,Pagado,Transferencia
12956,Juan Pérez,juan.p@email.com,IA Aplicada,Dra. Chen,drchen@uni.com,Sistemas,C-303,Pagado,Transferencia
12957,Ana Torres,ana.t@email.com,Base de Datos I,Ing. García,garcia@uni.com,Sistemas,A-101,Pendiente,Efectivo
12958,Luis Gómez,luis.g@email.com,Base de Datos I,Ing. García,garcia@uni.com,Sistemas,A-101,Pendiente,Transferencia
12959,Diego Luna,dluna@email.com,Redes II,Lic. Martínez,martinez@uni.com,Telecom,B-202,Cancelado,Efectivo
12960,Sofía Vega,s.vega@email.com,Redes II,Lic. Martínez,martinez@uni.com,Telecom,B-202,Cancelado,Efectivo
12961,Luis Gómez,luis.g@email.com,Matemáticas III,Dr. Gómez,gomez@uni.com,Ciencias,D-404,Pendiente,Transferencia
12962,Sofía Vega,s.vega@email.com,Redes II,Lic. Martínez,martinez@uni.com,Telecom,B-202,Pendiente,Tarjeta
12963,Elena Díaz,e.diaz@email.com,Matemáticas III,Dr. Gómez,gomez@uni.com,Ciencias,D-404,Pendiente,Tarjeta
12964,Ana Torres,ana.t@email.com,Redes II,Lic. Martínez,martinez@uni.com,Telecom,B-202,Pendiente,Transferencia
12965,Laura Paz,l.paz@email.com,Base de Datos I,Ing. García,garcia@uni.com,Sistemas,A-101,Pagado,Efectivo
12966,Laura Paz,l.paz@email.com,Base de Datos I,Ing. García,garcia@uni.com,Sistemas,A-101,Cancelado,Transferencia
12967,Luis Gómez,luis.g@email.com,Matemáticas III,Dr. Gómez,gomez@uni.com,Ciencias,D-404,Pendiente,Transferencia
12968,Sofía Vega,s.vega@email.com,IA Aplicada,Dra. Chen,drchen@uni.com,Sistemas,C-303,Cancelado,Efectivo
12969,Luis Gómez,luis.g@email.com,Matemáticas III,Dr. Gómez,gomez@uni.com,Ciencias,D-404,Pagado,Tarjeta
12970,Laura Paz,l.paz@email.com,IA Aplicada,Dra. Chen,drchen@uni.com,Sistemas,C-303,Pendiente,Transferencia
12971,Luis Gómez,luis.g@email.com,Base de Datos I,Ing. García,garcia@uni.com,Sistemas,A-101,Cancelado,Efectivo
12972,Elena Díaz,e.diaz@email.com,Base de Datos I,Ing. García,garcia@uni.com,Sistemas,A-101,Pagado,Efectivo
12973,Sofía Vega,s.vega@email.com,Matemáticas III,Dr. Gómez,gomez@uni.com,Ciencias,D-404,Cancelado,Transferencia
12974,Juan Pérez,juan.p@email.com,Base de Datos I,Ing. García,garcia@uni.com,Sistemas,A-101,Pendiente,Transferencia
12975,Sofía Vega,s.vega@email.com,IA Aplicada,Dra. Chen,drchen@uni.com,Sistemas,C-303,Pendiente,Tarjeta
12976,Laura Paz,l.paz@email.com,Redes II,Lic. Martínez,martinez@uni.com,Telecom,B-202,Pendiente,Tarjeta
12977,María López,m.lopez@email.com,Redes II,Lic. Martínez,martinez@uni.com,Telecom,B-202,Pendiente,Transferencia
12978,Laura Paz,l.paz@email.com,Base de Datos I,Ing. García,garcia@uni.com,Sistemas,A-101,Pagado,Transferencia
12979,Juan Pérez,juan.p@email.com,IA Aplicada,Dra. Chen,drchen@uni.com,Sistemas,C-303,Pendiente,Tarjeta
12980,Sofía Vega,s.vega@email.com,Redes II,Lic. Martínez,martinez@uni.com,Telecom,B-202,Pendiente,Efectivo
12981,Diego Luna,dluna@email.com,Redes II,Lic. Martínez,martinez@uni.com,Telecom,B-202,Pendiente,Efectivo
12982,Diego Luna,dluna@email.com,IA Aplicada,Dra. Chen,drchen@uni.com,Sistemas,C-303,Cancelado,Tarjeta
12983,Ana Torres,ana.t@email.com,Matemáticas III,Dr. Gómez,gomez@uni.com,Ciencias,D-404,Cancelado,Transferencia
12984,Elena Díaz,e.diaz@email.com,Matemáticas III,Dr. Gómez,gomez@uni.com,Ciencias,D-404,Cancelado,Tarjeta
12985,Pedro Soto,psoto@email.com,Redes II,Lic. Martínez,martinez@uni.com,Telecom,B-202,Cancelado,Tarjeta
12986,Ana Torres,ana.t@email.com,Redes II,Lic. Martínez,martinez@uni.com,Telecom,B-202,Pendiente,Transferencia
12987,Diego Luna,dluna@email.com,IA Aplicada,Dra. Chen,drchen@uni.com,Sistemas,C-303,Cancelado,Transferencia
12988,Juan Pérez,juan.p@email.com,Redes II,Lic. Martínez,martinez@uni.com,Telecom,B-202,Pagado,Efectivo
12989,Pedro Soto,psoto@email.com,Base de Datos I,Ing. García,garcia@uni.com,Sistemas,A-101,Pendiente,Transferencia
12990,Juan Pérez,juan.p@email.com,Base de Datos I,Ing. García,garcia@uni.com,Sistemas,A-101,Pendiente,Efectivo
12991,Ana Torres,ana.t@email.com,Matemáticas III,Dr. Gómez,gomez@uni.com,Ciencias,D-404,Cancelado,Tarjeta
12992,Pedro Soto,psoto@email.com,Base de Datos I,Ing. García,garcia@uni.com,Sistemas,A-101,Cancelado,Efectivo
12993,Pedro Soto,psoto@email.com,Redes II,Lic. Martínez,martinez@uni.com,Telecom,B-202,Pendiente,Transferencia
12994,Pedro Soto,psoto@email.com,Matemáticas III,Dr. Gómez,gomez@uni.com,Ciencias,D-404,Pagado,Tarjeta
12995,Juan Pérez,juan.p@email.com,IA Aplicada,Dra. Chen,drchen@uni.com,Sistemas,C-303,Pagado,Tarjeta
12996,María López,m.lopez@email.com,IA Aplicada,Dra. Chen,drchen@uni.com,Sistemas,C-303,Pendiente,Transferencia
12997,Carlos Ruiz,cruiz@email.com,Base de Datos I,Ing. García,garcia@uni.com,Sistemas,A-101,Cancelado,Efectivo
12998,Elena Díaz,e.diaz@email.com,Redes II,Lic. Martínez,martinez@uni.com,Telecom,B-202,Pagado,Tarjeta
12999,Elena Díaz,e.diaz@email.com,IA Aplicada,Dra. Chen,drchen@uni.com,Sistemas,C-303,Cancelado,Tarjeta
13000,Laura Paz,l.paz@email.com,Redes II,Lic. Martínez,martinez@uni.com,Telecom,B-202,Cancelado,Transferencia
13001,Luis Gómez,luis.g@email.com,Base de Datos I,Ing. García,garcia@uni.com,Sistemas,A-101,Cancelado,Transferencia
13002,María López,m.lopez@email.com,Redes II,Lic. Martínez,martinez@uni.com,Telecom,B-202,Cancelado,Tarjeta
13003,Juan Pérez,juan.p@email.com,Base de Datos I,Ing. García,garcia@uni.com,Sistemas,A-101,Cancelado,Efectivo
13004,Carlos Ruiz,cruiz@email.com,Matemáticas III,Dr. Gómez,gomez@uni.com,Ciencias,D-404,Pagado,Transferencia
13005,Sofía Vega,s.vega@email.com,IA Aplicada,Dra. Chen,drchen@uni.com,Sistemas,C-303,Cancelado,Efectivo
13006,Laura Paz,l.paz@email.com,IA Aplicada,Dra. Chen,drchen@uni.com,Sistemas,C-303,Cancelado,Tarjeta
13007,Juan Pérez,juan.p@email.com,IA Aplicada,Dra. Chen,drchen@uni.com,Sistemas,C-303,Pendiente,Transferencia
13008,Sofía Vega,s.vega@email.com,Base de Datos I,Ing. García,garcia@uni.com,Sistemas,A-101,Pendiente,Tarjeta
13009,Luis Gómez,luis.g@email.com,Matemáticas III,Dr. Gómez,gomez@uni.com,Ciencias,D-404,Cancelado,Efectivo
13010,Diego Luna,dluna@email.com,IA Aplicada,Dra. Chen,drchen@uni.com,Sistemas,C-303,Pendiente,Efectivo
13011,Laura Paz,l.paz@email.com,Base de Datos I,Ing. García,garcia@uni.com,Sistemas,A-101,Pendiente,Transferencia
13012,Luis Gómez,luis.g@email.com,Base de Datos I,Ing. García,garcia@uni.com,Sistemas,A-101,Pendiente,Efectivo
13013,Elena Díaz,e.diaz@email.com,Base de Datos I,Ing. García,garcia@uni.com,Sistemas,A-101,Cancelado,Efectivo
13014,María López,m.lopez@email.com,Base de Datos I,Ing. García,garcia@uni.com,Sistemas,A-101,Pagado,Efectivo
13015,Carlos Ruiz,cruiz@email.com,Base de Datos I,Ing. García,garcia@uni.com,Sistemas,A-101,Cancelado,Transferencia
13016,Juan Pérez,juan.p@email.com,Base de Datos I,Ing. García,garcia@uni.com,Sistemas,A-101,Pendiente,Transferencia
13017,Carlos Ruiz,cruiz@email.com,Matemáticas III,Dr. Gómez,gomez@uni.com,Ciencias,D-404,Pagado,Tarjeta
13018,Luis Gómez,luis.g@email.com,Base de Datos I,Ing. García,garcia@uni.com,Sistemas,A-101,Pendiente,Tarjeta
13019,Laura Paz,l.paz@email.com,IA Aplicada,Dra. Chen,drchen@uni.com,Sistemas,C-303,Pendiente,Tarjeta
13020,María López,m.lopez@email.com,Matemáticas III,Dr. Gómez,gomez@uni.com,Ciencias,D-404,Pagado,Transferencia
13021,Carlos Ruiz,cruiz@email.com,IA Aplicada,Dra. Chen,drchen@uni.com,Sistemas,C-303,Cancelado,Transferencia
13022,Juan Pérez,juan.p@email.com,Redes II,Lic. Martínez,martinez@uni.com,Telecom,B-202,Cancelado,Tarjeta
13023,Juan Pérez,juan.p@email.com,Redes II,Lic. Martínez,martinez@uni.com,Telecom,B-202,Pagado,Transferencia
13024,Ana Torres,ana.t@email.com,Matemáticas III,Dr. Gómez,gomez@uni.com,Ciencias,D-404,Pagado,Efectivo
13025,Luis Gómez,luis.g@email.com,IA Aplicada,Dra. Chen,drchen@uni.com,Sistemas,C-303,Pagado,Tarjeta
13026,Laura Paz,l.paz@email.com,Base de Datos I,Ing. García,garcia@uni.com,Sistemas,A-101,Pagado,Transferencia
13027,María López,m.lopez@email.com,Matemáticas III,Dr. Gómez,gomez@uni.com,Ciencias,D-404,Pendiente,Efectivo
13028,Carlos Ruiz,cruiz@email.com,Redes II,Lic. Martínez,martinez@uni.com,Telecom,B-202,Pagado,Transferencia
13029,Diego Luna,dluna@email.com,IA Aplicada,Dra. Chen,drchen@uni.com,Sistemas,C-303,Cancelado,Efectivo
13030,Carlos Ruiz,cruiz@email.com,Redes II,Lic. Martínez,martinez@uni.com,Telecom,B-202,Pagado,Efectivo
13031,Laura Paz,l.paz@email.com,Base de Datos I,Ing. García,garcia@uni.com,Sistemas,A-101,Pagado,Tarjeta
13032,María López,m.lopez@email.com,Redes II,Lic. Martínez,martinez@uni.com,Telecom,B-202,Pendiente,Efectivo
13033,Luis Gómez,luis.g@email.com,Matemáticas III,Dr. Gómez,gomez@uni.com,Ciencias,D-404,Pendiente,Tarjeta
13034,Diego Luna,dluna@email.com,Redes II,Lic. Martínez,martinez@uni.com,Telecom,B-202,Pendiente,Tarjeta
13035,Pedro Soto,psoto@email.com,Matemáticas III,Dr. Gómez,gomez@uni.com,Ciencias,D-404,Cancelado,Transferencia
13036,Juan Pérez,juan.p@email.com,IA Aplicada,Dra. Chen,drchen@uni.com,Sistemas,C-303,Pendiente,Transferencia
13037,Ana Torres,ana.t@email.com,IA Aplicada,Dra. Chen,drchen@uni.com,Sistemas,C-303,Cancelado,Efectivo
13038,María López,m.lopez@email.com,Redes II,Lic. Martínez,martinez@uni.com,Telecom,B-202,Pagado,Tarjeta
13039,Carlos Ruiz,cruiz@email.com,Redes II,Lic. Martínez,martinez@uni.com,Telecom,B-202,Pagado,Efectivo
13040,Sofía Vega,s.vega@email.com,Matemáticas III,Dr. Gómez,gomez@uni.com,Ciencias,D-404,Cancelado,Tarjeta
13041,Juan Pérez,juan.p@email.com,IA Aplicada,Dra. Chen,drchen@uni.com,Sistemas,C-303,Cancelado,Tarjeta
13042,Elena Díaz,e.diaz@email.com,Base de Datos I,Ing. García,garcia@uni.com,Sistemas,A-101,Cancelado,Tarjeta
13043,Luis Gómez,luis.g@email.com,IA Aplicada,Dra. Chen,drchen@uni.com,Sistemas,C-303,Pagado,Efectivo
13044,Ana Torres,ana.t@email.com,IA Aplicada,Dra. Chen,drchen@uni.com,Sistemas,C-303,Cancelado,Efectivo
13045,Ana Torres,ana.t@email.com,Base de Datos I,Ing. García,garcia@uni.com,Sistemas,A-101,Pendiente,Transferencia
13046,Laura Paz,l.paz@email.com,Base de Datos I,Ing. García,garcia@uni.com,Sistemas,A-101,Pagado,Transferencia
13047,Luis Gómez,luis.g@email.com,Matemáticas III,Dr. Gómez,gomez@uni.com,Ciencias,D-404,Cancelado,Transferencia
13048,Carlos Ruiz,cruiz@email.com,Base de Datos I,Ing. García,garcia@uni.com,Sistemas,A-101,Cancelado,Transferencia
13049,Ana Torres,ana.t@email.com,Base de Datos I,Ing. García,garcia@uni.com,Sistemas,A-101,Cancelado,Tarjeta
13050,Laura Paz,l.paz@email.com,IA Aplicada,Dra. Chen,drchen@uni.com,Sistemas,C-303,Cancelado,Efectivo
13051,Elena Díaz,e.diaz@email.com,IA Aplicada,Dra. Chen,drchen@uni.com,Sistemas,C-303,Pendiente,Efectivo
13052,Luis Gómez,luis.g@email.com,Matemáticas III,Dr. Gómez,gomez@uni.com,Ciencias,D-404,Pendiente,Efectivo
13053,María López,m.lopez@email.com,Base de Datos I,Ing. García,garcia@uni.com,Sistemas,A-101,Pagado,Efectivo
13054,Luis Gómez,luis.g@email.com,Redes II,Lic. Martínez,martinez@uni.com,Telecom,B-202,Cancelado,Transferencia
13055,Laura Paz,l.paz@email.com,Base de Datos I,Ing. García,garcia@uni.com,Sistemas,A-101,Cancelado,Efectivo
13056,Pedro Soto,psoto@email.com,Redes II,Lic. Martínez,martinez@uni.com,Telecom,B-202,Pagado,Transferencia
13057,Elena Díaz,e.diaz@email.com,Redes II,Lic. Martínez,martinez@uni.com,Telecom,B-202,Cancelado,Efectivo
13058,Juan Pérez,juan.p@email.com,IA Aplicada,Dra. Chen,drchen@uni.com,Sistemas,C-303,Pendiente,Tarjeta
13059,Diego Luna,dluna@email.com,IA Aplicada,Dra. Chen,drchen@uni.com,Sistemas,C-303,Cancelado,Efectivo
13060,Pedro Soto,psoto@email.com,Matemáticas III,Dr. Gómez,gomez@uni.com,Ciencias,D-404,Pagado,Tarjeta
13061,Pedro Soto,psoto@email.com,Redes II,Lic. Martínez,martinez@uni.com,Telecom,B-202,Pendiente,Efectivo
13062,Laura Paz,l.paz@email.com,Base de Datos I,Ing. García,garcia@uni.com,Sistemas,A-101,Pendiente,Transferencia
13063,Pedro Soto,psoto@email.com,Matemáticas III,Dr. Gómez,gomez@uni.com,Ciencias,D-404,Cancelado,Transferencia
13064,Carlos Ruiz,cruiz@email.com,IA Aplicada,Dra. Chen,drchen@uni.com,Sistemas,C-303,Pendiente,Transferencia
13065,Pedro Soto,psoto@email.com,IA Aplicada,Dra. Chen,drchen@uni.com,Sistemas,C-303,Pagado,Tarjeta
13066,Sofía Vega,s.vega@email.com,Base de Datos I,Ing. García,garcia@uni.com,Sistemas,A-101,Cancelado,Transferencia
13067,Ana Torres,ana.t@email.com,Redes II,Lic. Martínez,martinez@uni.com,Telecom,B-202,Pendiente,Efectivo
13068,Juan Pérez,juan.p@email.com,IA Aplicada,Dra. Chen,drchen@uni.com,Sistemas,C-303,Pendiente,Tarjeta
13069,Pedro Soto,psoto@email.com,Redes II,Lic. Martínez,martinez@uni.com,Telecom,B-202,Pendiente,Efectivo
13070,Juan Pérez,juan.p@email.com,IA Aplicada,Dra. Chen,drchen@uni.com,Sistemas,C-303,Cancelado,Tarjeta
13071,Luis Gómez,luis.g@email.com,Redes II,Lic. Martínez,martinez@uni.com,Telecom,B-202,Cancelado,Efectivo
13072,Laura Paz,l.paz@email.com,Base de Datos I,Ing. García,garcia@uni.com,Sistemas,A-101,Pagado,Efectivo
13073,Pedro Soto,psoto@email.com,IA Aplicada,Dra. Chen,drchen@uni.com,Sistemas,C-303,Cancelado,Efectivo
13074,Sofía Vega,s.vega@email.com,Base de Datos I,Ing. García,garcia@uni.com,Sistemas,A-101,Cancelado,Transferencia
13075,Sofía Vega,s.vega@email.com,IA Aplicada,Dra. Chen,drchen@uni.com,Sistemas,C-303,Pagado,Transferencia
13076,Carlos Ruiz,cruiz@email.com,Base de Datos I,Ing. García,garcia@uni.com,Sistemas,A-101,Pagado,Transferencia
13077,Sofía Vega,s.vega@email.com,Base de Datos I,Ing. García,garcia@uni.com,Sistemas,A-101,Pendiente,Tarjeta
13078,Carlos Ruiz,cruiz@email.com,Base de Datos I,Ing. García,garcia@uni.com,Sistemas,A-101,Cancelado,Efectivo
13079,Ana Torres,ana.t@email.com,Matemáticas III,Dr. Gómez,gomez@uni.com,Ciencias,D-404,Cancelado,Tarjeta
13080,Pedro Soto,psoto@email.com,Matemáticas III,Dr. Gómez,gomez@uni.com,Ciencias,D-404,Pendiente,Tarjeta
13081,Carlos Ruiz,cruiz@email.com,Base de Datos I,Ing. García,garcia@uni.com,Sistemas,A-101,Cancelado,Tarjeta
13082,Carlos Ruiz,cruiz@email.com,Matemáticas III,Dr. Gómez,gomez@uni.com,Ciencias,D-404,Pagado,Transferencia
13083,Luis Gómez,luis.g@email.com,IA Aplicada,Dra. Chen,drchen@uni.com,Sistemas,C-303,Pendiente,Efectivo
13084,Sofía Vega,s.vega@email.com,Matemáticas III,Dr. Gómez,gomez@uni.com,Ciencias,D-404,Cancelado,Efectivo
13085,Juan Pérez,juan.p@email.com,IA Aplicada,Dra. Chen,drchen@uni.com,Sistemas,C-303,Pagado,Efectivo
13086,Laura Paz,l.paz@email.com,IA Aplicada,Dra. Chen,drchen@uni.com,Sistemas,C-303,Cancelado,Efectivo
13087,Carlos Ruiz,cruiz@email.com,IA Aplicada,Dra. Chen,drchen@uni.com,Sistemas,C-303,Pagado,Efectivo
13088,Sofía Vega,s.vega@email.com,IA Aplicada,Dra. Chen,drchen@uni.com,Sistemas,C-303,Pagado,Tarjeta
13089,Juan Pérez,juan.p@email.com,Matemáticas III,Dr. Gómez,gomez@uni.com,Ciencias,D-404,Pendiente,Efectivo
13090,Laura Paz,l.paz@email.com,IA Aplicada,Dra. Chen,drchen@uni.com,Sistemas,C-303,Pagado,Tarjeta
13091,María López,m.lopez@email.com,Matemáticas III,Dr. Gómez,gomez@uni.com,Ciencias,D-404,Pendiente,Transferencia
13092,Elena Díaz,e.diaz@email.com,Redes II,Lic. Martínez,martinez@uni.com,Telecom,B-202,Cancelado,Transferencia
13093,Juan Pérez,juan.p@email.com,Base de Datos I,Ing. García,garcia@uni.com,Sistemas,A-101,Cancelado,Tarjeta
13094,Elena Díaz,e.diaz@email.com,Base de Datos I,Ing. García,garcia@uni.com,Sistemas,A-101,Pagado,Transferencia
13095,Elena Díaz,e.diaz@email.com,IA Aplicada,Dra. Chen,drchen@uni.com,Sistemas,C-303,Pendiente,Efectivo
13096,Pedro Soto,psoto@email.com,Redes II,Lic. Martínez,martinez@uni.com,Telecom,B-202,Pendiente,Transferencia
13097,Elena Díaz,e.diaz@email.com,Base de Datos I,Ing. García,garcia@uni.com,Sistemas,A-101,Pendiente,Efectivo
13098,Elena Díaz,e.diaz@email.com,Redes II,Lic. Martínez,martinez@uni.com,Telecom,B-202,Cancelado,Tarjeta
13099,Diego Luna,dluna@email.com,IA Aplicada,Dra. Chen,drchen@uni.com,Sistemas,C-303,Cancelado,Tarjeta
13100,Diego Luna,dluna@email.com,Matemáticas III,Dr. Gómez,gomez@uni.com,Ciencias,D-404,Pagado,Tarjeta
13101,Elena Díaz,e.diaz@email.com,Base de Datos I,Ing. García,garcia@uni.com,Sistemas,A-101,Pagado,Transferencia
13102,Diego Luna,dluna@email.com,Matemáticas III,Dr. Gómez,gomez@uni.com,Ciencias,D-404,Pagado,Transferencia
13103,Diego Luna,dluna@email.com,IA Aplicada,Dra. Chen,drchen@uni.com,Sistemas,C-303,Pendiente,Tarjeta
13104,Laura Paz,l.paz@email.com,Base de Datos I,Ing. García,garcia@uni.com,Sistemas,A-101,Pagado,Transferencia
13105,Luis Gómez,luis.g@email.com,Redes II,Lic. Martínez,martinez@uni.com,Telecom,B-202,Pagado,Transferencia
13106,Ana Torres,ana.t@email.com,Redes II,Lic. Martínez,martinez@uni.com,Telecom,B-202,Pendiente,Transferencia
13107,Pedro Soto,psoto@email.com,Matemáticas III,Dr. Gómez,gomez@uni.com,Ciencias,D-404,Pendiente,Tarjeta
13108,Sofía Vega,s.vega@email.com,Redes II,Lic. Martínez,martinez@uni.com,Telecom,B-202,Pendiente,Efectivo
13109,Pedro Soto,psoto@email.com,IA Aplicada,Dra. Chen,drchen@uni.com,Sistemas,C-303,Pendiente,Efectivo
13110,Diego Luna,dluna@email.com,IA Aplicada,Dra. Chen,drchen@uni.com,Sistemas,C-303,Pagado,Transferencia
13111,Carlos Ruiz,cruiz@email.com,Redes II,Lic. Martínez,martinez@uni.com,Telecom,B-202,Cancelado,Efectivo
13112,Sofía Vega,s.vega@email.com,Matemáticas III,Dr. Gómez,gomez@uni.com,Ciencias,D-404,Cancelado,Efectivo
13113,Laura Paz,l.paz@email.com,Redes II,Lic. Martínez,martinez@uni.com,Telecom,B-202,Pendiente,Transferencia
13114,Sofía Vega,s.vega@email.com,Redes II,Lic. Martínez,martinez@uni.com,Telecom,B-202,Cancelado,Tarjeta
13115,Carlos Ruiz,cruiz@email.com,IA Aplicada,Dra. Chen,drchen@uni.com,Sistemas,C-303,Cancelado,Efectivo
13116,María López,m.lopez@email.com,IA Aplicada,Dra. Chen,drchen@uni.com,Sistemas,C-303,Pendiente,Tarjeta
13117,Elena Díaz,e.diaz@email.com,Redes II,Lic. Martínez,martinez@uni.com,Telecom,B-202,Cancelado,Tarjeta
13118,Pedro Soto,psoto@email.com,Redes II,Lic. Martínez,martinez@uni.com,Telecom,B-202,Pagado,Tarjeta
13119,Sofía Vega,s.vega@email.com,IA Aplicada,Dra. Chen,drchen@uni.com,Sistemas,C-303,Cancelado,Efectivo
13120,Pedro Soto,psoto@email.com,Base de Datos I,Ing. García,garcia@uni.com,Sistemas,A-101,Pagado,Efectivo
13121,María López,m.lopez@email.com,IA Aplicada,Dra. Chen,drchen@uni.com,Sistemas,C-303,Pagado,Efectivo
13122,Diego Luna,dluna@email.com,Matemáticas III,Dr. Gómez,gomez@uni.com,Ciencias,D-404,Pendiente,Tarjeta
13123,Luis Gómez,luis.g@email.com,IA Aplicada,Dra. Chen,drchen@uni.com,Sistemas,C-303,Pagado,Tarjeta
13124,Sofía Vega,s.vega@email.com,Base de Datos I,Ing. García,garcia@uni.com,Sistemas,A-101,Pagado,Efectivo
13125,Diego Luna,dluna@email.com,Matemáticas III,Dr. Gómez,gomez@uni.com,Ciencias,D-404,Cancelado,Transferencia
13126,Luis Gómez,luis.g@email.com,IA Aplicada,Dra. Chen,drchen@uni.com,Sistemas,C-303,Pendiente,Efectivo
13127,Sofía Vega,s.vega@email.com,IA Aplicada,Dra. Chen,drchen@uni.com,Sistemas,C-303,Pendiente,Tarjeta
13128,Ana Torres,ana.t@email.com,Matemáticas III,Dr. Gómez,gomez@uni.com,Ciencias,D-404,Pagado,Efectivo
13129,Pedro Soto,psoto@email.com,Matemáticas III,Dr. Gómez,gomez@uni.com,Ciencias,D-404,Pendiente,Transferencia
13130,Elena Díaz,e.diaz@email.com,Redes II,Lic. Martínez,martinez@uni.com,Telecom,B-202,Cancelado,Tarjeta
13131,Carlos Ruiz,cruiz@email.com,Redes II,Lic. Martínez,martinez@uni.com,Telecom,B-202,Pagado,Tarjeta
13132,Carlos Ruiz,cruiz@email.com,Redes II,Lic. Martínez,martinez@uni.com,Telecom,B-202,Cancelado,Efectivo
13133,Ana Torres,ana.t@email.com,Redes II,Lic. Martínez,martinez@uni.com,Telecom,B-202,Pendiente,Efectivo
13134,Pedro Soto,psoto@email.com,Matemáticas III,Dr. Gómez,gomez@uni.com,Ciencias,D-404,Cancelado,Tarjeta
13135,Juan Pérez,juan.p@email.com,Redes II,Lic. Martínez,martinez@uni.com,Telecom,B-202,Cancelado,Transferencia
13136,Diego Luna,dluna@email.com,IA Aplicada,Dra. Chen,drchen@uni.com,Sistemas,C-303,Pendiente,Tarjeta
13137,Luis Gómez,luis.g@email.com,Matemáticas III,Dr. Gómez,gomez@uni.com,Ciencias,D-404,Pagado,Tarjeta
13138,Sofía Vega,s.vega@email.com,Base de Datos I,Ing. García,garcia@uni.com,Sistemas,A-101,Pendiente,Efectivo
13139,Sofía Vega,s.vega@email.com,IA Aplicada,Dra. Chen,drchen@uni.com,Sistemas,C-303,Cancelado,Efectivo
13140,Sofía Vega,s.vega@email.com,Redes II,Lic. Martínez,martinez@uni.com,Telecom,B-202,Pendiente,Efectivo
13141,Juan Pérez,juan.p@email.com,Matemáticas III,Dr. Gómez,gomez@uni.com,Ciencias,D-404,Pagado,Transferencia
13142,Pedro Soto,psoto@email.com,IA Aplicada,Dra. Chen,drchen@uni.com,Sistemas,C-303,Pagado,Tarjeta
13143,Ana Torres,ana.t@email.com,IA Aplicada,Dra. Chen,drchen@uni.com,Sistemas,C-303,Pendiente,Transferencia
13144,Juan Pérez,juan.p@email.com,Redes II,Lic. Martínez,martinez@uni.com,Telecom,B-202,Cancelado,Transferencia
13145,Luis Gómez,luis.g@email.com,Base de Datos I,Ing. García,garcia@uni.com,Sistemas,A-101,Pendiente,Transferencia
13146,Ana Torres,ana.t@email.com,IA Aplicada,Dra. Chen,drchen@uni.com,Sistemas,C-303,Pagado,Tarjeta
13147,Luis Gómez,luis.g@email.com,Redes II,Lic. Martínez,martinez@uni.com,Telecom,B-202,Pendiente,Efectivo
13148,María López,m.lopez@email.com,IA Aplicada,Dra. Chen,drchen@uni.com,Sistemas,C-303,Cancelado,Efectivo
13149,Ana Torres,ana.t@email.com,Base de Datos I,Ing. García,garcia@uni.com,Sistemas,A-101,Cancelado,Efectivo
13150,Elena Díaz,e.diaz@email.com,Matemáticas III,Dr. Gómez,gomez@uni.com,Ciencias,D-404,Cancelado,Transferencia
13151,Ana Torres,ana.t@email.com,IA Aplicada,Dra. Chen,drchen@uni.com,Sistemas,C-303,Cancelado,Tarjeta
13152,Elena Díaz,e.diaz@email.com,Matemáticas III,Dr. Gómez,gomez@uni.com,Ciencias,D-404,Pagado,Efectivo
13153,Pedro Soto,psoto@email.com,IA Aplicada,Dra. Chen,drchen@uni.com,Sistemas,C-303,Pagado,Transferencia
13154,Diego Luna,dluna@email.com,Redes II,Lic. Martínez,martinez@uni.com,Telecom,B-202,Pendiente,Tarjeta
13155,Ana Torres,ana.t@email.com,IA Aplicada,Dra. Chen,drchen@uni.com,Sistemas,C-303,Pendiente,Tarjeta
13156,Juan Pérez,juan.p@email.com,Matemáticas III,Dr. Gómez,gomez@uni.com,Ciencias,D-404,Pagado,Transferencia
13157,Diego Luna,dluna@email.com,IA Aplicada,Dra. Chen,drchen@uni.com,Sistemas,C-303,Pendiente,Efectivo
13158,Pedro Soto,psoto@email.com,Base de Datos I,Ing. García,garcia@uni.com,Sistemas,A-101,Cancelado,Transferencia
13159,Sofía Vega,s.vega@email.com,IA Aplicada,Dra. Chen,drchen@uni.com,Sistemas,C-303,Pendiente,Efectivo
13160,María López,m.lopez@email.com,Matemáticas III,Dr. Gómez,gomez@uni.com,Ciencias,D-404,Cancelado,Transferencia
13161,Diego Luna,dluna@email.com,Redes II,Lic. Martínez,martinez@uni.com,Telecom,B-202,Pendiente,Efectivo
13162,Ana Torres,ana.t@email.com,Matemáticas III,Dr. Gómez,gomez@uni.com,Ciencias,D-404,Pagado,Tarjeta
13163,Carlos Ruiz,cruiz@email.com,Redes II,Lic. Martínez,martinez@uni.com,Telecom,B-202,Cancelado,Transferencia
13164,Juan Pérez,juan.p@email.com,Base de Datos I,Ing. García,garcia@uni.com,Sistemas,A-101,Cancelado,Transferencia
13165,Pedro Soto,psoto@email.com,Redes II,Lic. Martínez,martinez@uni.com,Telecom,B-202,Pendiente,Tarjeta
13166,Diego Luna,dluna@email.com,Redes II,Lic. Martínez,martinez@uni.com,Telecom,B-202,Pagado,Transferencia
13167,Carlos Ruiz,cruiz@email.com,IA Aplicada,Dra. Chen,drchen@uni.com,Sistemas,C-303,Pagado,Efectivo
13168,Laura Paz,l.paz@email.com,Redes II,Lic. Martínez,martinez@uni.com,Telecom,B-202,Pendiente,Transferencia
13169,Ana Torres,ana.t@email.com,IA Aplicada,Dra. Chen,drchen@uni.com,Sistemas,C-303,Pagado,Tarjeta
13170,María López,m.lopez@email.com,Base de Datos I,Ing. García,garcia@uni.com,Sistemas,A-101,Pagado,Transferencia
13171,María López,m.lopez@email.com,IA Aplicada,Dra. Chen,drchen@uni.com,Sistemas,C-303,Cancelado,Transferencia
13172,Luis Gómez,luis.g@email.com,Matemáticas III,Dr. Gómez,gomez@uni.com,Ciencias,D-404,Cancelado,Tarjeta
13173,Elena Díaz,e.diaz@email.com,Matemáticas III,Dr. Gómez,gomez@uni.com,Ciencias,D-404,Cancelado,Tarjeta
13174,Pedro Soto,psoto@email.com,IA Aplicada,Dra. Chen,drchen@uni.com,Sistemas,C-303,Pendiente,Efectivo
13175,María López,m.lopez@email.com,Matemáticas III,Dr. Gómez,gomez@uni.com,Ciencias,D-404,Cancelado,Transferencia
13176,Luis Gómez,luis.g@email.com,IA Aplicada,Dra. Chen,drchen@uni.com,Sistemas,C-303,Cancelado,Efectivo
13177,María López,m.lopez@email.com,Matemáticas III,Dr. Gómez,gomez@uni.com,Ciencias,D-404,Pagado,Efectivo
13178,Laura Paz,l.paz@email.com,Redes II,Lic. Martínez,martinez@uni.com,Telecom,B-202,Cancelado,Transferencia
13179,Pedro Soto,psoto@email.com,Base de Datos I,Ing. García,garcia@uni.com,Sistemas,A-101,Cancelado,Efectivo
13180,Pedro Soto,psoto@email.com,Base de Datos I,Ing. García,garcia@uni.com,Sistemas,A-101,Pagado,Tarjeta
13181,María López,m.lopez@email.com,Matemáticas III,Dr. Gómez,gomez@uni.com,Ciencias,D-404,Cancelado,Transferencia
13182,Carlos Ruiz,cruiz@email.com,IA Aplicada,Dra. Chen,drchen@uni.com,Sistemas,C-303,Pagado,Efectivo
13183,Luis Gómez,luis.g@email.com,Matemáticas III,Dr. Gómez,gomez@uni.com,Ciencias,D-404,Pagado,Efectivo
13184,María López,m.lopez@email.com,Redes II,Lic. Martínez,martinez@uni.com,Telecom,B-202,Pendiente,Transferencia
13185,Ana Torres,ana.t@email.com,Base de Datos I,Ing. García,garcia@uni.com,Sistemas,A-101,Cancelado,Tarjeta
13186,Diego Luna,dluna@email.com,Matemáticas III,Dr. Gómez,gomez@uni.com,Ciencias,D-404,Cancelado,Tarjeta
13187,Diego Luna,dluna@email.com,Matemáticas III,Dr. Gómez,gomez@uni.com,Ciencias,D-404,Pendiente,Transferencia
13188,Ana Torres,ana.t@email.com,Matemáticas III,Dr. Gómez,gomez@uni.com,Ciencias,D-404,Pendiente,Transferencia
13189,Luis Gómez,luis.g@email.com,Matemáticas III,Dr. Gómez,gomez@uni.com,Ciencias,D-404,Cancelado,Efectivo
13190,Ana Torres,ana.t@email.com,Matemáticas III,Dr. Gómez,gomez@uni.com,Ciencias,D-404,Pendiente,Tarjeta
13191,Juan Pérez,juan.p@email.com,Matemáticas III,Dr. Gómez,gomez@uni.com,Ciencias,D-404,Cancelado,Tarjeta
13192,Luis Gómez,luis.g@email.com,Matemáticas III,Dr. Gómez,gomez@uni.com,Ciencias,D-404,Pendiente,Transferencia
13193,Sofía Vega,s.vega@email.com,Matemáticas III,Dr. Gómez,gomez@uni.com,Ciencias,D-404,Pendiente,Transferencia
13194,Luis Gómez,luis.g@email.com,Matemáticas III,Dr. Gómez,gomez@uni.com,Ciencias,D-404,Pagado,Transferencia
13195,Luis Gómez,luis.g@email.com,IA Aplicada,Dra. Chen,drchen@uni.com,Sistemas,C-303,Cancelado,Transferencia
13196,Pedro Soto,psoto@email.com,Matemáticas III,Dr. Gómez,gomez@uni.com,Ciencias,D-404,Cancelado,Transferencia
13197,Luis Gómez,luis.g@email.com,Matemáticas III,Dr. Gómez,gomez@uni.com,Ciencias,D-404,Cancelado,Transferencia
13198,Carlos Ruiz,cruiz@email.com,Redes II,Lic. Martínez,martinez@uni.com,Telecom,B-202,Pendiente,Efectivo
13199,Elena Díaz,e.diaz@email.com,Matemáticas III,Dr. Gómez,gomez@uni.com,Ciencias,D-404,Cancelado,Efectivo
13200,Elena Díaz,e.diaz@email.com,Matemáticas III,Dr. Gómez,gomez@uni.com,Ciencias,D-404,Pendiente,Tarjeta
13201,Diego Luna,dluna@email.com,Matemáticas III,Dr. Gómez,gomez@uni.com,Ciencias,D-404,Cancelado,Efectivo
13202,María López,m.lopez@email.com,IA Aplicada,Dra. Chen,drchen@uni.com,Sistemas,C-303,Pendiente,Transferencia
13203,Elena Díaz,e.diaz@email.com,Redes II,Lic. Martínez,martinez@uni.com,Telecom,B-202,Cancelado,Transferencia
13204,Elena Díaz,e.diaz@email.com,Matemáticas III,Dr. Gómez,gomez@uni.com,Ciencias,D-404,Pagado,Efectivo
13205,Elena Díaz,e.diaz@email.com,IA Aplicada,Dra. Chen,drchen@uni.com,Sistemas,C-303,Pagado,Efectivo
13206,Pedro Soto,psoto@email.com,Redes II,Lic. Martínez,martinez@uni.com,Telecom,B-202,Cancelado,Tarjeta
13207,Laura Paz,l.paz@email.com,Base de Datos I,Ing. García,garcia@uni.com,Sistemas,A-101,Cancelado,Efectivo
13208,Sofía Vega,s.vega@email.com,Matemáticas III,Dr. Gómez,gomez@uni.com,Ciencias,D-404,Cancelado,Transferencia
13209,Elena Díaz,e.diaz@email.com,Redes II,Lic. Martínez,martinez@uni.com,Telecom,B-202,Cancelado,Tarjeta
13210,Laura Paz,l.paz@email.com,Matemáticas III,Dr. Gómez,gomez@uni.com,Ciencias,D-404,Cancelado,Efectivo
13211,Pedro Soto,psoto@email.com,IA Aplicada,Dra. Chen,drchen@uni.com,Sistemas,C-303,Cancelado,Transferencia
13212,Luis Gómez,luis.g@email.com,Matemáticas III,Dr. Gómez,gomez@uni.com,Ciencias,D-404,Pendiente,Tarjeta
13213,Sofía Vega,s.vega@email.com,Redes II,Lic. Martínez,martinez@uni.com,Telecom,B-202,Pendiente,Tarjeta
13214,Juan Pérez,juan.p@email.com,Redes II,Lic. Martínez,martinez@uni.com,Telecom,B-202,Pagado,Tarjeta
13215,Laura Paz,l.paz@email.com,IA Aplicada,Dra. Chen,drchen@uni.com,Sistemas,C-303,Pagado,Transferencia
13216,Juan Pérez,juan.p@email.com,IA Aplicada,Dra. Chen,drchen@uni.com,Sistemas,C-303,Pendiente,Efectivo
13217,Juan Pérez,juan.p@email.com,Matemáticas III,Dr. Gómez,gomez@uni.com,Ciencias,D-404,Pendiente,Efectivo
13218,Elena Díaz,e.diaz@email.com,Base de Datos I,Ing. García,garcia@uni.com,Sistemas,A-101,Cancelado,Efectivo
13219,Elena Díaz,e.diaz@email.com,Base de Datos I,Ing. García,garcia@uni.com,Sistemas,A-101,Pendiente,Transferencia
13220,Diego Luna,dluna@email.com,Redes II,Lic. Martínez,martinez@uni.com,Telecom,B-202,Cancelado,Efectivo
13221,Elena Díaz,e.diaz@email.com,Matemáticas III,Dr. Gómez,gomez@uni.com,Ciencias,D-404,Pendiente,Tarjeta
13222,Diego Luna,dluna@email.com,Matemáticas III,Dr. Gómez,gomez@uni.com,Ciencias,D-404,Pendiente,Transferencia
13223,María López,m.lopez@email.com,Redes II,Lic. Martínez,martinez@uni.com,Telecom,B-202,Pendiente,Tarjeta
13224,Diego Luna,dluna@email.com,Redes II,Lic. Martínez,martinez@uni.com,Telecom,B-202,Pagado,Transferencia
13225,Diego Luna,dluna@email.com,Base de Datos I,Ing. García,garcia@uni.com,Sistemas,A-101,Cancelado,Efectivo
13226,Elena Díaz,e.diaz@email.com,Redes II,Lic. Martínez,martinez@uni.com,Telecom,B-202,Pendiente,Tarjeta
13227,Sofía Vega,s.vega@email.com,Redes II,Lic. Martínez,martinez@uni.com,Telecom,B-202,Pendiente,Efectivo
13228,Sofía Vega,s.vega@email.com,Matemáticas III,Dr. Gómez,gomez@uni.com,Ciencias,D-404,Pendiente,Transferencia
13229,Ana Torres,ana.t@email.com,Matemáticas III,Dr. Gómez,gomez@uni.com,Ciencias,D-404,Cancelado,Transferencia
13230,Juan Pérez,juan.p@email.com,Base de Datos I,Ing. García,garcia@uni.com,Sistemas,A-101,Cancelado,Transferencia
13231,Diego Luna,dluna@email.com,Redes II,Lic. Martínez,martinez@uni.com,Telecom,B-202,Pagado,Transferencia
13232,Sofía Vega,s.vega@email.com,Redes II,Lic. Martínez,martinez@uni.com,Telecom,B-202,Pagado,Efectivo
13233,Diego Luna,dluna@email.com,Matemáticas III,Dr. Gómez,gomez@uni.com,Ciencias,D-404,Pagado,Tarjeta
13234,Pedro Soto,psoto@email.com,Matemáticas III,Dr. Gómez,gomez@uni.com,Ciencias,D-404,Cancelado,Transferencia
13235,Diego Luna,dluna@email.com,IA Aplicada,Dra. Chen,drchen@uni.com,Sistemas,C-303,Pendiente,Tarjeta
13236,Juan Pérez,juan.p@email.com,IA Aplicada,Dra. Chen,drchen@uni.com,Sistemas,C-303,Pendiente,Efectivo
13237,Pedro Soto,psoto@email.com,Redes II,Lic. Martínez,martinez@uni.com,Telecom,B-202,Cancelado,Efectivo
13238,Sofía Vega,s.vega@email.com,Matemáticas III,Dr. Gómez,gomez@uni.com,Ciencias,D-404,Cancelado,Transferencia
13239,Pedro Soto,psoto@email.com,IA Aplicada,Dra. Chen,drchen@uni.com,Sistemas,C-303,Pendiente,Efectivo
13240,Luis Gómez,luis.g@email.com,Matemáticas III,Dr. Gómez,gomez@uni.com,Ciencias,D-404,Cancelado,Transferencia
13241,Luis Gómez,luis.g@email.com,IA Aplicada,Dra. Chen,drchen@uni.com,Sistemas,C-303,Cancelado,Transferencia
13242,Pedro Soto,psoto@email.com,Matemáticas III,Dr. Gómez,gomez@uni.com,Ciencias,D-404,Pendiente,Tarjeta
13243,Juan Pérez,juan.p@email.com,Redes II,Lic. Martínez,martinez@uni.com,Telecom,B-202,Cancelado,Efectivo
13244,Pedro Soto,psoto@email.com,Matemáticas III,Dr. Gómez,gomez@uni.com,Ciencias,D-404,Cancelado,Transferencia
13245,Carlos Ruiz,cruiz@email.com,Base de Datos I,Ing. García,garcia@uni.com,Sistemas,A-101,Pendiente,Tarjeta
13246,Ana Torres,ana.t@email.com,IA Aplicada,Dra. Chen,drchen@uni.com,Sistemas,C-303,Pagado,Tarjeta
13247,Luis Gómez,luis.g@email.com,Redes II,Lic. Martínez,martinez@uni.com,Telecom,B-202,Cancelado,Tarjeta
13248,María López,m.lopez@email.com,IA Aplicada,Dra. Chen,drchen@uni.com,Sistemas,C-303,Pagado,Efectivo
13249,Ana Torres,ana.t@email.com,Redes II,Lic. Martínez,martinez@uni.com,Telecom,B-202,Pendiente,Tarjeta
13250,Pedro Soto,psoto@email.com,IA Aplicada,Dra. Chen,drchen@uni.com,Sistemas,C-303,Pendiente,Transferencia
13251,Sofía Vega,s.vega@email.com,IA Aplicada,Dra. Chen,drchen@uni.com,Sistemas,C-303,Pendiente,Transferencia
13252,Elena Díaz,e.diaz@email.com,Redes II,Lic. Martínez,martinez@uni.com,Telecom,B-202,Pagado,Tarjeta
13253,María López,m.lopez@email.com,Matemáticas III,Dr. Gómez,gomez@uni.com,Ciencias,D-404,Pendiente,Tarjeta
13254,Pedro Soto,psoto@email.com,Redes II,Lic. Martínez,martinez@uni.com,Telecom,B-202,Cancelado,Transferencia
13255,María López,m.lopez@email.com,Base de Datos I,Ing. García,garcia@uni.com,Sistemas,A-101,Pendiente,Tarjeta
13256,Ana Torres,ana.t@email.com,IA Aplicada,Dra. Chen,drchen@uni.com,Sistemas,C-303,Pagado,Efectivo
13257,Sofía Vega,s.vega@email.com,Matemáticas III,Dr. Gómez,gomez@uni.com,Ciencias,D-404,Pendiente,Efectivo
13258,María López,m.lopez@email.com,Matemáticas III,Dr. Gómez,gomez@uni.com,Ciencias,D-404,Cancelado,Transferencia
13259,María López,m.lopez@email.com,IA Aplicada,Dra. Chen,drchen@uni.com,Sistemas,C-303,Pendiente,Transferencia
13260,Sofía Vega,s.vega@email.com,Redes II,Lic. Martínez,martinez@uni.com,Telecom,B-202,Pagado,Tarjeta
13261,María López,m.lopez@email.com,Base de Datos I,Ing. García,garcia@uni.com,Sistemas,A-101,Cancelado,Efectivo
13262,Juan Pérez,juan.p@email.com,Base de Datos I,Ing. García,garcia@uni.com,Sistemas,A-101,Pendiente,Transferencia
13263,Carlos Ruiz,cruiz@email.com,IA Aplicada,Dra. Chen,drchen@uni.com,Sistemas,C-303,Pagado,Transferencia
13264,Sofía Vega,s.vega@email.com,Matemáticas III,Dr. Gómez,gomez@uni.com,Ciencias,D-404,Cancelado,Tarjeta
13265,Elena Díaz,e.diaz@email.com,Matemáticas III,Dr. Gómez,gomez@uni.com,Ciencias,D-404,Pendiente,Efectivo
13266,Ana Torres,ana.t@email.com,Base de Datos I,Ing. García,garcia@uni.com,Sistemas,A-101,Pendiente,Efectivo
13267,Carlos Ruiz,cruiz@email.com,Base de Datos I,Ing. García,garcia@uni.com,Sistemas,A-101,Pendiente,Transferencia
13268,Sofía Vega,s.vega@email.com,Matemáticas III,Dr. Gómez,gomez@uni.com,Ciencias,D-404,Cancelado,Transferencia
13269,Pedro Soto,psoto@email.com,Base de Datos I,Ing. García,garcia@uni.com,Sistemas,A-101,Pendiente,Tarjeta
13270,Luis Gómez,luis.g@email.com,Redes II,Lic. Martínez,martinez@uni.com,Telecom,B-202,Pagado,Efectivo
13271,Luis Gómez,luis.g@email.com,Base de Datos I,Ing. García,garcia@uni.com,Sistemas,A-101,Pendiente,Efectivo
13272,Luis Gómez,luis.g@email.com,Base de Datos I,Ing. García,garcia@uni.com,Sistemas,A-101,Pendiente,Transferencia
13273,Ana Torres,ana.t@email.com,Redes II,Lic. Martínez,martinez@uni.com,Telecom,B-202,Pagado,Transferencia
13274,Laura Paz,l.paz@email.com,Base de Datos I,Ing. García,garcia@uni.com,Sistemas,A-101,Pagado,Transferencia
13275,Juan Pérez,juan.p@email.com,Base de Datos I,Ing. García,garcia@uni.com,Sistemas,A-101,Pagado,Transferencia
13276,Pedro Soto,psoto@email.com,IA Aplicada,Dra. Chen,drchen@uni.com,Sistemas,C-303,Cancelado,Efectivo
13277,Juan Pérez,juan.p@email.com,Base de Datos I,Ing. García,garcia@uni.com,Sistemas,A-101,Pendiente,Efectivo
13278,Laura Paz,l.paz@email.com,Base de Datos I,Ing. García,garcia@uni.com,Sistemas,A-101,Cancelado,Transferencia
13279,Juan Pérez,juan.p@email.com,Matemáticas III,Dr. Gómez,gomez@uni.com,Ciencias,D-404,Pendiente,Efectivo
13280,María López,m.lopez@email.com,Matemáticas III,Dr. Gómez,gomez@uni.com,Ciencias,D-404,Cancelado,Transferencia
13281,Pedro Soto,psoto@email.com,Matemáticas III,Dr. Gómez,gomez@uni.com,Ciencias,D-404,Cancelado,Efectivo
13282,Juan Pérez,juan.p@email.com,IA Aplicada,Dra. Chen,drchen@uni.com,Sistemas,C-303,Pagado,Efectivo
13283,Carlos Ruiz,cruiz@email.com,Matemáticas III,Dr. Gómez,gomez@uni.com,Ciencias,D-404,Pagado,Efectivo
13284,María López,m.lopez@email.com,Base de Datos I,Ing. García,garcia@uni.com,Sistemas,A-101,Cancelado,Transferencia
13285,Juan Pérez,juan.p@email.com,Matemáticas III,Dr. Gómez,gomez@uni.com,Ciencias,D-404,Pendiente,Tarjeta
13286,Sofía Vega,s.vega@email.com,IA Aplicada,Dra. Chen,drchen@uni.com,Sistemas,C-303,Pagado,Efectivo
13287,Pedro Soto,psoto@email.com,IA Aplicada,Dra. Chen,drchen@uni.com,Sistemas,C-303,Pendiente,Efectivo
13288,María López,m.lopez@email.com,Base de Datos I,Ing. García,garcia@uni.com,Sistemas,A-101,Pendiente,Tarjeta
13289,Diego Luna,dluna@email.com,IA Aplicada,Dra. Chen,drchen@uni.com,Sistemas,C-303,Pendiente,Tarjeta
13290,María López,m.lopez@email.com,IA Aplicada,Dra. Chen,drchen@uni.com,Sistemas,C-303,Pendiente,Tarjeta
13291,María López,m.lopez@email.com,Base de Datos I,Ing. García,garcia@uni.com,Sistemas,A-101,Pendiente,Efectivo
13292,Diego Luna,dluna@email.com,Matemáticas III,Dr. Gómez,gomez@uni.com,Ciencias,D-404,Cancelado,Tarjeta
13293,Elena Díaz,e.diaz@email.com,Redes II,Lic. Martínez,martinez@uni.com,Telecom,B-202,Pendiente,Efectivo
13294,Diego Luna,dluna@email.com,Matemáticas III,Dr. Gómez,gomez@uni.com,Ciencias,D-404,Cancelado,Efectivo
13295,Pedro Soto,psoto@email.com,Matemáticas III,Dr. Gómez,gomez@uni.com,Ciencias,D-404,Pendiente,Transferencia
13296,Sofía Vega,s.vega@email.com,Redes II,Lic. Martínez,martinez@uni.com,Telecom,B-202,Pagado,Transferencia
13297,Pedro Soto,psoto@email.com,IA Aplicada,Dra. Chen,drchen@uni.com,Sistemas,C-303,Pendiente,Transferencia
13298,Ana Torres,ana.t@email.com,IA Aplicada,Dra. Chen,drchen@uni.com,Sistemas,C-303,Cancelado,Transferencia
13299,Juan Pérez,juan.p@email.com,Redes II,Lic. Martínez,martinez@uni.com,Telecom,B-202,Cancelado,Efectivo
13300,Ana Torres,ana.t@email.com,Redes II,Lic. Martínez,martinez@uni.com,Telecom,B-202,Pendiente,Tarjeta
13301,María López,m.lopez@email.com,Base de Datos I,Ing. García,garcia@uni.com,Sistemas,A-101,Pendiente,Tarjeta
13302,Juan Pérez,juan.p@email.com,Redes II,Lic. Martínez,martinez@uni.com,Telecom,B-202,Pendiente,Efectivo
13303,Ana Torres,ana.t@email.com,Redes II,Lic. Martínez,martinez@uni.com,Telecom,B-202,Pagado,Tarjeta
13304,Juan Pérez,juan.p@email.com,Redes II,Lic. Martínez,martinez@uni.com,Telecom,B-202,Pendiente,Transferencia
13305,Elena Díaz,e.diaz@email.com,IA Aplicada,Dra. Chen,drchen@uni.com,Sistemas,C-303,Pendiente,Tarjeta
13306,Pedro Soto,psoto@email.com,IA Aplicada,Dra. Chen,drchen@uni.com,Sistemas,C-303,Cancelado,Transferencia
13307,Luis Gómez,luis.g@email.com,IA Aplicada,Dra. Chen,drchen@uni.com,Sistemas,C-303,Pendiente,Transferencia
13308,Juan Pérez,juan.p@email.com,Base de Datos I,Ing. García,garcia@uni.com,Sistemas,A-101,Cancelado,Tarjeta
13309,Pedro Soto,psoto@email.com,Matemáticas III,Dr. Gómez,gomez@uni.com,Ciencias,D-404,Pendiente,Efectivo
13310,Sofía Vega,s.vega@email.com,IA Aplicada,Dra. Chen,drchen@uni.com,Sistemas,C-303,Pagado,Tarjeta
13311,Ana Torres,ana.t@email.com,Redes II,Lic. Martínez,martinez@uni.com,Telecom,B-202,Pendiente,Tarjeta
13312,Elena Díaz,e.diaz@email.com,Redes II,Lic. Martínez,martinez@uni.com,Telecom,B-202,Pendiente,Efectivo
13313,Juan Pérez,juan.p@email.com,Matemáticas III,Dr. Gómez,gomez@uni.com,Ciencias,D-404,Cancelado,Efectivo
13314,Laura Paz,l.paz@email.com,IA Aplicada,Dra. Chen,drchen@uni.com,Sistemas,C-303,Pendiente,Transferencia
13315,Ana Torres,ana.t@email.com,IA Aplicada,Dra. Chen,drchen@uni.com,Sistemas,C-303,Pendiente,Efectivo
13316,Diego Luna,dluna@email.com,Matemáticas III,Dr. Gómez,gomez@uni.com,Ciencias,D-404,Cancelado,Efectivo
13317,Diego Luna,dluna@email.com,Matemáticas III,Dr. Gómez,gomez@uni.com,Ciencias,D-404,Pagado,Tarjeta
13318,Juan Pérez,juan.p@email.com,Base de Datos I,Ing. García,garcia@uni.com,Sistemas,A-101,Pendiente,Transferencia
13319,Pedro Soto,psoto@email.com,Base de Datos I,Ing. García,garcia@uni.com,Sistemas,A-101,Cancelado,Tarjeta
13320,Laura Paz,l.paz@email.com,IA Aplicada,Dra. Chen,drchen@uni.com,Sistemas,C-303,Cancelado,Tarjeta
13321,Diego Luna,dluna@email.com,IA Aplicada,Dra. Chen,drchen@uni.com,Sistemas,C-303,Pendiente,Efectivo
13322,Luis Gómez,luis.g@email.com,Base de Datos I,Ing. García,garcia@uni.com,Sistemas,A-101,Cancelado,Transferencia
13323,Luis Gómez,luis.g@email.com,Base de Datos I,Ing. García,garcia@uni.com,Sistemas,A-101,Pagado,Transferencia
13324,Sofía Vega,s.vega@email.com,Base de Datos I,Ing. García,garcia@uni.com,Sistemas,A-101,Cancelado,Tarjeta
13325,Ana Torres,ana.t@email.com,Matemáticas III,Dr. Gómez,gomez@uni.com,Ciencias,D-404,Pendiente,Tarjeta
13326,Diego Luna,dluna@email.com,Matemáticas III,Dr. Gómez,gomez@uni.com,Ciencias,D-404,Pagado,Tarjeta
13327,María López,m.lopez@email.com,IA Aplicada,Dra. Chen,drchen@uni.com,Sistemas,C-303,Pendiente,Tarjeta
13328,Ana Torres,ana.t@email.com,Redes II,Lic. Martínez,martinez@uni.com,Telecom,B-202,Pendiente,Transferencia
13329,Diego Luna,dluna@email.com,IA Aplicada,Dra. Chen,drchen@uni.com,Sistemas,C-303,Pendiente,Tarjeta
13330,Diego Luna,dluna@email.com,Redes II,Lic. Martínez,martinez@uni.com,Telecom,B-202,Pagado,Efectivo
13331,Ana Torres,ana.t@email.com,IA Aplicada,Dra. Chen,drchen@uni.com,Sistemas,C-303,Cancelado,Transferencia
13332,Sofía Vega,s.vega@email.com,Matemáticas III,Dr. Gómez,gomez@uni.com,Ciencias,D-404,Cancelado,Transferencia
13333,Carlos Ruiz,cruiz@email.com,Redes II,Lic. Martínez,martinez@uni.com,Telecom,B-202,Pagado,Tarjeta
13334,Carlos Ruiz,cruiz@email.com,Redes II,Lic. Martínez,martinez@uni.com,Telecom,B-202,Pendiente,Efectivo
13335,Diego Luna,dluna@email.com,Base de Datos I,Ing. García,garcia@uni.com,Sistemas,A-101,Pendiente,Efectivo
13336,Luis Gómez,luis.g@email.com,Matemáticas III,Dr. Gómez,gomez@uni.com,Ciencias,D-404,Pagado,Tarjeta
13337,Sofía Vega,s.vega@email.com,Base de Datos I,Ing. García,garcia@uni.com,Sistemas,A-101,Cancelado,Tarjeta
13338,Laura Paz,l.paz@email.com,Base de Datos I,Ing. García,garcia@uni.com,Sistemas,A-101,Pagado,Tarjeta
13339,Ana Torres,ana.t@email.com,Redes II,Lic. Martínez,martinez@uni.com,Telecom,B-202,Cancelado,Efectivo
13340,María López,m.lopez@email.com,Redes II,Lic. Martínez,martinez@uni.com,Telecom,B-202,Pagado,Transferencia
13341,Carlos Ruiz,cruiz@email.com,IA Aplicada,Dra. Chen,drchen@uni.com,Sistemas,C-303,Cancelado,Efectivo
13342,Pedro Soto,psoto@email.com,Base de Datos I,Ing. García,garcia@uni.com,Sistemas,A-101,Cancelado,Efectivo
13343,Ana Torres,ana.t@email.com,IA Aplicada,Dra. Chen,drchen@uni.com,Sistemas,C-303,Pagado,Tarjeta
13344,Luis Gómez,luis.g@email.com,IA Aplicada,Dra. Chen,drchen@uni.com,Sistemas,C-303,Cancelado,Tarjeta
13345,Diego Luna,dluna@email.com,Redes II,Lic. Martínez,martinez@uni.com,Telecom,B-202,Cancelado,Transferencia
13346,María López,m.lopez@email.com,Redes II,Lic. Martínez,martinez@uni.com,Telecom,B-202,Pagado,Transferencia
13347,Pedro Soto,psoto@email.com,Matemáticas III,Dr. Gómez,gomez@uni.com,Ciencias,D-404,Pendiente,Transferencia
13348,Pedro Soto,psoto@email.com,Redes II,Lic. Martínez,martinez@uni.com,Telecom,B-202,Pagado,Tarjeta
13349,Juan Pérez,juan.p@email.com,Redes II,Lic. Martínez,martinez@uni.com,Telecom,B-202,Pagado,Tarjeta
13350,Laura Paz,l.paz@email.com,Matemáticas III,Dr. Gómez,gomez@uni.com,Ciencias,D-404,Pagado,Transferencia
13351,Laura Paz,l.paz@email.com,Base de Datos I,Ing. García,garcia@uni.com,Sistemas,A-101,Cancelado,Efectivo
13352,Pedro Soto,psoto@email.com,Redes II,Lic. Martínez,martinez@uni.com,Telecom,B-202,Pendiente,Transferencia
13353,Luis Gómez,luis.g@email.com,IA Aplicada,Dra. Chen,drchen@uni.com,Sistemas,C-303,Cancelado,Efectivo
13354,Sofía Vega,s.vega@email.com,IA Aplicada,Dra. Chen,drchen@uni.com,Sistemas,C-303,Pagado,Transferencia
13355,Juan Pérez,juan.p@email.com,Redes II,Lic. Martínez,martinez@uni.com,Telecom,B-202,Cancelado,Tarjeta
13356,Ana Torres,ana.t@email.com,Redes II,Lic. Martínez,martinez@uni.com,Telecom,B-202,Cancelado,Tarjeta
13357,María López,m.lopez@email.com,Redes II,Lic. Martínez,martinez@uni.com,Telecom,B-202,Pendiente,Transferencia
13358,Laura Paz,l.paz@email.com,IA Aplicada,Dra. Chen,drchen@uni.com,Sistemas,C-303,Cancelado,Transferencia
13359,Sofía Vega,s.vega@email.com,Redes II,Lic. Martínez,martinez@uni.com,Telecom,B-202,Cancelado,Tarjeta
13360,María López,m.lopez@email.com,IA Aplicada,Dra. Chen,drchen@uni.com,Sistemas,C-303,Cancelado,Efectivo
13361,María López,m.lopez@email.com,Matemáticas III,Dr. Gómez,gomez@uni.com,Ciencias,D-404,Pendiente,Transferencia
13362,María López,m.lopez@email.com,IA Aplicada,Dra. Chen,drchen@uni.com,Sistemas,C-303,Pagado,Transferencia
13363,Diego Luna,dluna@email.com,Matemáticas III,Dr. Gómez,gomez@uni.com,Ciencias,D-404,Pagado,Efectivo
13364,Diego Luna,dluna@email.com,IA Aplicada,Dra. Chen,drchen@uni.com,Sistemas,C-303,Pagado,Tarjeta
13365,Sofía Vega,s.vega@email.com,IA Aplicada,Dra. Chen,drchen@uni.com,Sistemas,C-303,Pagado,Efectivo
13366,Pedro Soto,psoto@email.com,Matemáticas III,Dr. Gómez,gomez@uni.com,Ciencias,D-404,Pendiente,Transferencia
13367,Pedro Soto,psoto@email.com,IA Aplicada,Dra. Chen,drchen@uni.com,Sistemas,C-303,Pendiente,Transferencia
13368,Pedro Soto,psoto@email.com,IA Aplicada,Dra. Chen,drchen@uni.com,Sistemas,C-303,Pendiente,Tarjeta
13369,María López,m.lopez@email.com,Base de Datos I,Ing. García,garcia@uni.com,Sistemas,A-101,Cancelado,Efectivo
13370,Elena Díaz,e.diaz@email.com,Matemáticas III,Dr. Gómez,gomez@uni.com,Ciencias,D-404,Cancelado,Tarjeta
13371,Sofía Vega,s.vega@email.com,IA Aplicada,Dra. Chen,drchen@uni.com,Sistemas,C-303,Cancelado,Tarjeta
13372,Pedro Soto,psoto@email.com,Redes II,Lic. Martínez,martinez@uni.com,Telecom,B-202,Cancelado,Efectivo
13373,Sofía Vega,s.vega@email.com,IA Aplicada,Dra. Chen,drchen@uni.com,Sistemas,C-303,Pendiente,Transferencia
13374,Pedro Soto,psoto@email.com,Base de Datos I,Ing. García,garcia@uni.com,Sistemas,A-101,Pendiente,Tarjeta
13375,Sofía Vega,s.vega@email.com,Redes II,Lic. Martínez,martinez@uni.com,Telecom,B-202,Cancelado,Tarjeta
13376,Sofía Vega,s.vega@email.com,IA Aplicada,Dra. Chen,drchen@uni.com,Sistemas,C-303,Pendiente,Efectivo
13377,Ana Torres,ana.t@email.com,Base de Datos I,Ing. García,garcia@uni.com,Sistemas,A-101,Pendiente,Transferencia
13378,María López,m.lopez@email.com,Redes II,Lic. Martínez,martinez@uni.com,Telecom,B-202,Pendiente,Tarjeta
13379,Luis Gómez,luis.g@email.com,IA Aplicada,Dra. Chen,drchen@uni.com,Sistemas,C-303,Pendiente,Efectivo
13380,Carlos Ruiz,cruiz@email.com,IA Aplicada,Dra. Chen,drchen@uni.com,Sistemas,C-303,Pendiente,Transferencia
13381,Sofía Vega,s.vega@email.com,IA Aplicada,Dra. Chen,drchen@uni.com,Sistemas,C-303,Cancelado,Tarjeta
13382,María López,m.lopez@email.com,Base de Datos I,Ing. García,garcia@uni.com,Sistemas,A-101,Pagado,Transferencia
13383,Luis Gómez,luis.g@email.com,Matemáticas III,Dr. Gómez,gomez@uni.com,Ciencias,D-404,Cancelado,Efectivo
13384,Laura Paz,l.paz@email.com,Matemáticas III,Dr. Gómez,gomez@uni.com,Ciencias,D-404,Pagado,Transferencia
13385,Juan Pérez,juan.p@email.com,IA Aplicada,Dra. Chen,drchen@uni.com,Sistemas,C-303,Pagado,Tarjeta
13386,Elena Díaz,e.diaz@email.com,Base de Datos I,Ing. García,garcia@uni.com,Sistemas,A-101,Pagado,Transferencia
13387,Pedro Soto,psoto@email.com,Redes II,Lic. Martínez,martinez@uni.com,Telecom,B-202,Pagado,Efectivo
13388,Carlos Ruiz,cruiz@email.com,IA Aplicada,Dra. Chen,drchen@uni.com,Sistemas,C-303,Pagado,Tarjeta
13389,Ana Torres,ana.t@email.com,Matemáticas III,Dr. Gómez,gomez@uni.com,Ciencias,D-404,Cancelado,Tarjeta
13390,Diego Luna,dluna@email.com,Redes II,Lic. Martínez,martinez@uni.com,Telecom,B-202,Cancelado,Efectivo
13391,María López,m.lopez@email.com,Redes II,Lic. Martínez,martinez@uni.com,Telecom,B-202,Cancelado,Efectivo
13392,María López,m.lopez@email.com,Base de Datos I,Ing. García,garcia@uni.com,Sistemas,A-101,Pagado,Efectivo
13393,Juan Pérez,juan.p@email.com,IA Aplicada,Dra. Chen,drchen@uni.com,Sistemas,C-303,Cancelado,Tarjeta
13394,Carlos Ruiz,cruiz@email.com,IA Aplicada,Dra. Chen,drchen@uni.com,Sistemas,C-303,Pagado,Efectivo
13395,Diego Luna,dluna@email.com,Matemáticas III,Dr. Gómez,gomez@uni.com,Ciencias,D-404,Pagado,Efectivo
13396,Carlos Ruiz,cruiz@email.com,Base de Datos I,Ing. García,garcia@uni.com,Sistemas,A-101,Pendiente,Efectivo
13397,Sofía Vega,s.vega@email.com,Base de Datos I,Ing. García,garcia@uni.com,Sistemas,A-101,Cancelado,Tarjeta
13398,Juan Pérez,juan.p@email.com,Base de Datos I,Ing. García,garcia@uni.com,Sistemas,A-101,Pagado,Transferencia
13399,Laura Paz,l.paz@email.com,IA Aplicada,Dra. Chen,drchen@uni.com,Sistemas,C-303,Cancelado,Tarjeta
13400,María López,m.lopez@email.com,IA Aplicada,Dra. Chen,drchen@uni.com,Sistemas,C-303,Pagado,Efectivo
13401,María López,m.lopez@email.com,Base de Datos I,Ing. García,garcia@uni.com,Sistemas,A-101,Pagado,Efectivo
13402,Laura Paz,l.paz@email.com,Redes II,Lic. Martínez,martinez@uni.com,Telecom,B-202,Cancelado,Efectivo
13403,Juan Pérez,juan.p@email.com,IA Aplicada,Dra. Chen,drchen@uni.com,Sistemas,C-303,Pagado,Transferencia
13404,Luis Gómez,luis.g@email.com,Matemáticas III,Dr. Gómez,gomez@uni.com,Ciencias,D-404,Pagado,Transferencia
13405,Carlos Ruiz,cruiz@email.com,Base de Datos I,Ing. García,garcia@uni.com,Sistemas,A-101,Cancelado,Transferencia
13406,Elena Díaz,e.diaz@email.com,Base de Datos I,Ing. García,garcia@uni.com,Sistemas,A-101,Cancelado,Efectivo
13407,María López,m.lopez@email.com,Redes II,Lic. Martínez,martinez@uni.com,Telecom,B-202,Cancelado,Efectivo
13408,Sofía Vega,s.vega@email.com,IA Aplicada,Dra. Chen,drchen@uni.com,Sistemas,C-303,Pendiente,Tarjeta
13409,María López,m.lopez@email.com,Base de Datos I,Ing. García,garcia@uni.com,Sistemas,A-101,Pagado,Transferencia
13410,Carlos Ruiz,cruiz@email.com,Matemáticas III,Dr. Gómez,gomez@uni.com,Ciencias,D-404,Pendiente,Efectivo
13411,Luis Gómez,luis.g@email.com,IA Aplicada,Dra. Chen,drchen@uni.com,Sistemas,C-303,Pagado,Transferencia
13412,María López,m.lopez@email.com,Base de Datos I,Ing. García,garcia@uni.com,Sistemas,A-101,Cancelado,Efectivo
13413,Pedro Soto,psoto@email.com,Redes II,Lic. Martínez,martinez@uni.com,Telecom,B-202,Cancelado,Tarjeta
13414,Sofía Vega,s.vega@email.com,IA Aplicada,Dra. Chen,drchen@uni.com,Sistemas,C-303,Cancelado,Transferencia
13415,María López,m.lopez@email.com,Base de Datos I,Ing. García,garcia@uni.com,Sistemas,A-101,Cancelado,Tarjeta
13416,Diego Luna,dluna@email.com,Matemáticas III,Dr. Gómez,gomez@uni.com,Ciencias,D-404,Pendiente,Transferencia
13417,Diego Luna,dluna@email.com,Redes II,Lic. Martínez,martinez@uni.com,Telecom,B-202,Pagado,Transferencia
13418,Diego Luna,dluna@email.com,Base de Datos I,Ing. García,garcia@uni.com,Sistemas,A-101,Cancelado,Efectivo
13419,Diego Luna,dluna@email.com,IA Aplicada,Dra. Chen,drchen@uni.com,Sistemas,C-303,Pagado,Efectivo
13420,Laura Paz,l.paz@email.com,Matemáticas III,Dr. Gómez,gomez@uni.com,Ciencias,D-404,Pendiente,Efectivo
13421,Carlos Ruiz,cruiz@email.com,Matemáticas III,Dr. Gómez,gomez@uni.com,Ciencias,D-404,Pagado,Efectivo
13422,María López,m.lopez@email.com,IA Aplicada,Dra. Chen,drchen@uni.com,Sistemas,C-303,Cancelado,Efectivo
13423,Ana Torres,ana.t@email.com,Base de Datos I,Ing. García,garcia@uni.com,Sistemas,A-101,Pagado,Transferencia
13424,Diego Luna,dluna@email.com,IA Aplicada,Dra. Chen,drchen@uni.com,Sistemas,C-303,Pagado,Tarjeta
13425,Pedro Soto,psoto@email.com,Base de Datos I,Ing. García,garcia@uni.com,Sistemas,A-101,Pendiente,Efectivo
13426,Diego Luna,dluna@email.com,Matemáticas III,Dr. Gómez,gomez@uni.com,Ciencias,D-404,Pendiente,Efectivo
13427,Elena Díaz,e.diaz@email.com,Base de Datos I,Ing. García,garcia@uni.com,Sistemas,A-101,Cancelado,Efectivo
13428,María López,m.lopez@email.com,Redes II,Lic. Martínez,martinez@uni.com,Telecom,B-202,Pendiente,Transferencia
13429,Sofía Vega,s.vega@email.com,Matemáticas III,Dr. Gómez,gomez@uni.com,Ciencias,D-404,Cancelado,Tarjeta
13430,Elena Díaz,e.diaz@email.com,IA Aplicada,Dra. Chen,drchen@uni.com,Sistemas,C-303,Pagado,Transferencia
13431,Ana Torres,ana.t@email.com,Redes II,Lic. Martínez,martinez@uni.com,Telecom,B-202,Pagado,Tarjeta
13432,Pedro Soto,psoto@email.com,Matemáticas III,Dr. Gómez,gomez@uni.com,Ciencias,D-404,Pagado,Tarjeta
13433,María López,m.lopez@email.com,Matemáticas III,Dr. Gómez,gomez@uni.com,Ciencias,D-404,Pendiente,Tarjeta
13434,Elena Díaz,e.diaz@email.com,Base de Datos I,Ing. García,garcia@uni.com,Sistemas,A-101,Pagado,Efectivo
13435,Luis Gómez,luis.g@email.com,Matemáticas III,Dr. Gómez,gomez@uni.com,Ciencias,D-404,Cancelado,Tarjeta
13436,Sofía Vega,s.vega@email.com,Matemáticas III,Dr. Gómez,gomez@uni.com,Ciencias,D-404,Pendiente,Transferencia
13437,Ana Torres,ana.t@email.com,Base de Datos I,Ing. García,garcia@uni.com,Sistemas,A-101,Cancelado,Tarjeta
13438,Elena Díaz,e.diaz@email.com,IA Aplicada,Dra. Chen,drchen@uni.com,Sistemas,C-303,Cancelado,Efectivo
13439,Luis Gómez,luis.g@email.com,Base de Datos I,Ing. García,garcia@uni.com,Sistemas,A-101,Pagado,Transferencia
13440,Juan Pérez,juan.p@email.com,IA Aplicada,Dra. Chen,drchen@uni.com,Sistemas,C-303,Pagado,Efectivo
13441,Luis Gómez,luis.g@email.com,IA Aplicada,Dra. Chen,drchen@uni.com,Sistemas,C-303,Pagado,Tarjeta
13442,Laura Paz,l.paz@email.com,Base de Datos I,Ing. García,garcia@uni.com,Sistemas,A-101,Pendiente,Efectivo
13443,Sofía Vega,s.vega@email.com,Matemáticas III,Dr. Gómez,gomez@uni.com,Ciencias,D-404,Pagado,Efectivo
13444,Juan Pérez,juan.p@email.com,Matemáticas III,Dr. Gómez,gomez@uni.com,Ciencias,D-404,Cancelado,Tarjeta
13445,Sofía Vega,s.vega@email.com,IA Aplicada,Dra. Chen,drchen@uni.com,Sistemas,C-303,Cancelado,Efectivo
13446,Luis Gómez,luis.g@email.com,Redes II,Lic. Martínez,martinez@uni.com,Telecom,B-202,Pagado,Efectivo
13447,Luis Gómez,luis.g@email.com,Base de Datos I,Ing. García,garcia@uni.com,Sistemas,A-101,Pagado,Transferencia
13448,Pedro Soto,psoto@email.com,Redes II,Lic. Martínez,martinez@uni.com,Telecom,B-202,Pendiente,Tarjeta
13449,Sofía Vega,s.vega@email.com,IA Aplicada,Dra. Chen,drchen@uni.com,Sistemas,C-303,Pendiente,Efectivo
13450,Laura Paz,l.paz@email.com,Base de Datos I,Ing. García,garcia@uni.com,Sistemas,A-101,Pendiente,Tarjeta
13451,Laura Paz,l.paz@email.com,Matemáticas III,Dr. Gómez,gomez@uni.com,Ciencias,D-404,Pagado,Tarjeta
13452,Carlos Ruiz,cruiz@email.com,Redes II,Lic. Martínez,martinez@uni.com,Telecom,B-202,Pagado,Tarjeta
13453,Juan Pérez,juan.p@email.com,Base de Datos I,Ing. García,garcia@uni.com,Sistemas,A-101,Cancelado,Efectivo
13454,Juan Pérez,juan.p@email.com,Base de Datos I,Ing. García,garcia@uni.com,Sistemas,A-101,Pagado,Efectivo
13455,Carlos Ruiz,cruiz@email.com,Base de Datos I,Ing. García,garcia@uni.com,Sistemas,A-101,Pagado,Efectivo
13456,Ana Torres,ana.t@email.com,IA Aplicada,Dra. Chen,drchen@uni.com,Sistemas,C-303,Pagado,Efectivo
13457,Elena Díaz,e.diaz@email.com,IA Aplicada,Dra. Chen,drchen@uni.com,Sistemas,C-303,Pagado,Transferencia
13458,Luis Gómez,luis.g@email.com,Base de Datos I,Ing. García,garcia@uni.com,Sistemas,A-101,Pagado,Transferencia
13459,Sofía Vega,s.vega@email.com,Redes II,Lic. Martínez,martinez@uni.com,Telecom,B-202,Cancelado,Transferencia
13460,Pedro Soto,psoto@email.com,IA Aplicada,Dra. Chen,drchen@uni.com,Sistemas,C-303,Pendiente,Transferencia
13461,Ana Torres,ana.t@email.com,IA Aplicada,Dra. Chen,drchen@uni.com,Sistemas,C-303,Cancelado,Transferencia
13462,Laura Paz,l.paz@email.com,Base de Datos I,Ing. García,garcia@uni.com,Sistemas,A-101,Cancelado,Efectivo
13463,Juan Pérez,juan.p@email.com,Redes II,Lic. Martínez,martinez@uni.com,Telecom,B-202,Cancelado,Tarjeta
13464,Diego Luna,dluna@email.com,Base de Datos I,Ing. García,garcia@uni.com,Sistemas,A-101,Cancelado,Transferencia
13465,Ana Torres,ana.t@email.com,Redes II,Lic. Martínez,martinez@uni.com,Telecom,B-202,Cancelado,Efectivo
13466,Pedro Soto,psoto@email.com,IA Aplicada,Dra. Chen,drchen@uni.com,Sistemas,C-303,Pendiente,Transferencia
13467,Juan Pérez,juan.p@email.com,Base de Datos I,Ing. García,garcia@uni.com,Sistemas,A-101,Cancelado,Efectivo
13468,Laura Paz,l.paz@email.com,IA Aplicada,Dra. Chen,drchen@uni.com,Sistemas,C-303,Pagado,Efectivo
13469,María López,m.lopez@email.com,Base de Datos I,Ing. García,garcia@uni.com,Sistemas,A-101,Pagado,Transferencia
13470,Juan Pérez,juan.p@email.com,Matemáticas III,Dr. Gómez,gomez@uni.com,Ciencias,D-404,Cancelado,Transferencia
13471,Pedro Soto,psoto@email.com,IA Aplicada,Dra. Chen,drchen@uni.com,Sistemas,C-303,Pagado,Efectivo
13472,Sofía Vega,s.vega@email.com,Base de Datos I,Ing. García,garcia@uni.com,Sistemas,A-101,Cancelado,Transferencia
13473,Carlos Ruiz,cruiz@email.com,Base de Datos I,Ing. García,garcia@uni.com,Sistemas,A-101,Pendiente,Efectivo
13474,Elena Díaz,e.diaz@email.com,Base de Datos I,Ing. García,garcia@uni.com,Sistemas,A-101,Cancelado,Tarjeta
13475,Luis Gómez,luis.g@email.com,Redes II,Lic. Martínez,martinez@uni.com,Telecom,B-202,Cancelado,Tarjeta
13476,Juan Pérez,juan.p@email.com,Redes II,Lic. Martínez,martinez@uni.com,Telecom,B-202,Cancelado,Efectivo
13477,Laura Paz,l.paz@email.com,IA Aplicada,Dra. Chen,drchen@uni.com,Sistemas,C-303,Pagado,Efectivo
13478,Diego Luna,dluna@email.com,Redes II,Lic. Martínez,martinez@uni.com,Telecom,B-202,Cancelado,Efectivo
13479,Carlos Ruiz,cruiz@email.com,IA Aplicada,Dra. Chen,drchen@uni.com,Sistemas,C-303,Pendiente,Efectivo
13480,Sofía Vega,s.vega@email.com,Base de Datos I,Ing. García,garcia@uni.com,Sistemas,A-101,Pagado,Transferencia
13481,Laura Paz,l.paz@email.com,Base de Datos I,Ing. García,garcia@uni.com,Sistemas,A-101,Pagado,Tarjeta
13482,Pedro Soto,psoto@email.com,IA Aplicada,Dra. Chen,drchen@uni.com,Sistemas,C-303,Pendiente,Efectivo
13483,Laura Paz,l.paz@email.com,Redes II,Lic. Martínez,martinez@uni.com,Telecom,B-202,Pagado,Tarjeta
13484,Elena Díaz,e.diaz@email.com,Base de Datos I,Ing. García,garcia@uni.com,Sistemas,A-101,Pagado,Tarjeta
13485,Elena Díaz,e.diaz@email.com,Matemáticas III,Dr. Gómez,gomez@uni.com,Ciencias,D-404,Pendiente,Efectivo
13486,Sofía Vega,s.vega@email.com,Base de Datos I,Ing. García,garcia@uni.com,Sistemas,A-101,Pendiente,Efectivo
13487,Ana Torres,ana.t@email.com,Base de Datos I,Ing. García,garcia@uni.com,Sistemas,A-101,Pendiente,Efectivo
13488,Elena Díaz,e.diaz@email.com,Matemáticas III,Dr. Gómez,gomez@uni.com,Ciencias,D-404,Cancelado,Tarjeta
13489,Juan Pérez,juan.p@email.com,IA Aplicada,Dra. Chen,drchen@uni.com,Sistemas,C-303,Pendiente,Tarjeta
13490,Juan Pérez,juan.p@email.com,Matemáticas III,Dr. Gómez,gomez@uni.com,Ciencias,D-404,Pagado,Transferencia
13491,Carlos Ruiz,cruiz@email.com,IA Aplicada,Dra. Chen,drchen@uni.com,Sistemas,C-303,Cancelado,Efectivo
13492,Carlos Ruiz,cruiz@email.com,Matemáticas III,Dr. Gómez,gomez@uni.com,Ciencias,D-404,Pendiente,Tarjeta
13493,Sofía Vega,s.vega@email.com,Base de Datos I,Ing. García,garcia@uni.com,Sistemas,A-101,Cancelado,Tarjeta
13494,Luis Gómez,luis.g@email.com,Base de Datos I,Ing. García,garcia@uni.com,Sistemas,A-101,Cancelado,Transferencia
13495,Carlos Ruiz,cruiz@email.com,Redes II,Lic. Martínez,martinez@uni.com,Telecom,B-202,Pendiente,Transferencia
13496,Pedro Soto,psoto@email.com,Matemáticas III,Dr. Gómez,gomez@uni.com,Ciencias,D-404,Pendiente,Tarjeta
13497,Carlos Ruiz,cruiz@email.com,IA Aplicada,Dra. Chen,drchen@uni.com,Sistemas,C-303,Pendiente,Tarjeta
13498,Carlos Ruiz,cruiz@email.com,Base de Datos I,Ing. García,garcia@uni.com,Sistemas,A-101,Pendiente,Transferencia
13499,María López,m.lopez@email.com,IA Aplicada,Dra. Chen,drchen@uni.com,Sistemas,C-303,Pendiente,Transferencia
13500,Juan Pérez,juan.p@email.com,IA Aplicada,Dra. Chen,drchen@uni.com,Sistemas,C-303,Pagado,Tarjeta
13501,Carlos Ruiz,cruiz@email.com,Redes II,Lic. Martínez,martinez@uni.com,Telecom,B-202,Pendiente,Tarjeta
13502,María López,m.lopez@email.com,Base de Datos I,Ing. García,garcia@uni.com,Sistemas,A-101,Pagado,Tarjeta
13503,Luis Gómez,luis.g@email.com,IA Aplicada,Dra. Chen,drchen@uni.com,Sistemas,C-303,Pendiente,Efectivo
13504,Diego Luna,dluna@email.com,Matemáticas III,Dr. Gómez,gomez@uni.com,Ciencias,D-404,Pendiente,Tarjeta
13505,María López,m.lopez@email.com,Base de Datos I,Ing. García,garcia@uni.com,Sistemas,A-101,Cancelado,Efectivo
13506,Laura Paz,l.paz@email.com,Base de Datos I,Ing. García,garcia@uni.com,Sistemas,A-101,Pendiente,Efectivo
13507,Luis Gómez,luis.g@email.com,IA Aplicada,Dra. Chen,drchen@uni.com,Sistemas,C-303,Pendiente,Transferencia
13508,Ana Torres,ana.t@email.com,Matemáticas III,Dr. Gómez,gomez@uni.com,Ciencias,D-404,Pagado,Efectivo
13509,Carlos Ruiz,cruiz@email.com,Matemáticas III,Dr. Gómez,gomez@uni.com,Ciencias,D-404,Pendiente,Efectivo
13510,Carlos Ruiz,cruiz@email.com,Matemáticas III,Dr. Gómez,gomez@uni.com,Ciencias,D-404,Pagado,Tarjeta
13511,Laura Paz,l.paz@email.com,Base de Datos I,Ing. García,garcia@uni.com,Sistemas,A-101,Pagado,Transferencia
13512,Sofía Vega,s.vega@email.com,Base de Datos I,Ing. García,garcia@uni.com,Sistemas,A-101,Cancelado,Transferencia
13513,Carlos Ruiz,cruiz@email.com,Redes II,Lic. Martínez,martinez@uni.com,Telecom,B-202,Pendiente,Efectivo
13514,Diego Luna,dluna@email.com,Matemáticas III,Dr. Gómez,gomez@uni.com,Ciencias,D-404,Pendiente,Tarjeta
13515,Luis Gómez,luis.g@email.com,IA Aplicada,Dra. Chen,drchen@uni.com,Sistemas,C-303,Pagado,Transferencia
13516,Diego Luna,dluna@email.com,Redes II,Lic. Martínez,martinez@uni.com,Telecom,B-202,Cancelado,Efectivo
13517,Carlos Ruiz,cruiz@email.com,Matemáticas III,Dr. Gómez,gomez@uni.com,Ciencias,D-404,Pagado,Transferencia
13518,Ana Torres,ana.t@email.com,IA Aplicada,Dra. Chen,drchen@uni.com,Sistemas,C-303,Pagado,Transferencia
13519,María López,m.lopez@email.com,Matemáticas III,Dr. Gómez,gomez@uni.com,Ciencias,D-404,Pagado,Transferencia
13520,Juan Pérez,juan.p@email.com,IA Aplicada,Dra. Chen,drchen@uni.com,Sistemas,C-303,Pendiente,Transferencia
13521,Juan Pérez,juan.p@email.com,Matemáticas III,Dr. Gómez,gomez@uni.com,Ciencias,D-404,Pendiente,Transferencia
13522,Sofía Vega,s.vega@email.com,Base de Datos I,Ing. García,garcia@uni.com,Sistemas,A-101,Pagado,Tarjeta
13523,Carlos Ruiz,cruiz@email.com,Redes II,Lic. Martínez,martinez@uni.com,Telecom,B-202,Pagado,Tarjeta
13524,Juan Pérez,juan.p@email.com,IA Aplicada,Dra. Chen,drchen@uni.com,Sistemas,C-303,Pendiente,Efectivo
13525,Pedro Soto,psoto@email.com,Redes II,Lic. Martínez,martinez@uni.com,Telecom,B-202,Pagado,Tarjeta
13526,Diego Luna,dluna@email.com,Base de Datos I,Ing. García,garcia@uni.com,Sistemas,A-101,Pendiente,Efectivo
13527,Sofía Vega,s.vega@email.com,Redes II,Lic. Martínez,martinez@uni.com,Telecom,B-202,Cancelado,Transferencia
13528,Pedro Soto,psoto@email.com,IA Aplicada,Dra. Chen,drchen@uni.com,Sistemas,C-303,Pendiente,Transferencia
13529,Laura Paz,l.paz@email.com,IA Aplicada,Dra. Chen,drchen@uni.com,Sistemas,C-303,Pendiente,Tarjeta
13530,Juan Pérez,juan.p@email.com,Base de Datos I,Ing. García,garcia@uni.com,Sistemas,A-101,Pendiente,Transferencia
13531,Laura Paz,l.paz@email.com,Base de Datos I,Ing. García,garcia@uni.com,Sistemas,A-101,Pagado,Tarjeta
13532,Laura Paz,l.paz@email.com,Redes II,Lic. Martínez,martinez@uni.com,Telecom,B-202,Pendiente,Tarjeta
13533,Diego Luna,dluna@email.com,Base de Datos I,Ing. García,garcia@uni.com,Sistemas,A-101,Pagado,Efectivo
13534,María López,m.lopez@email.com,IA Aplicada,Dra. Chen,drchen@uni.com,Sistemas,C-303,Pendiente,Efectivo
13535,Elena Díaz,e.diaz@email.com,Matemáticas III,Dr. Gómez,gomez@uni.com,Ciencias,D-404,Pendiente,Transferencia
13536,Elena Díaz,e.diaz@email.com,Redes II,Lic. Martínez,martinez@uni.com,Telecom,B-202,Cancelado,Efectivo
13537,Ana Torres,ana.t@email.com,Base de Datos I,Ing. García,garcia@uni.com,Sistemas,A-101,Pagado,Tarjeta
13538,Diego Luna,dluna@email.com,Redes II,Lic. Martínez,martinez@uni.com,Telecom,B-202,Pagado,Efectivo
13539,Diego Luna,dluna@email.com,IA Aplicada,Dra. Chen,drchen@uni.com,Sistemas,C-303,Pendiente,Tarjeta
13540,Juan Pérez,juan.p@email.com,Redes II,Lic. Martínez,martinez@uni.com,Telecom,B-202,Pagado,Transferencia
13541,Laura Paz,l.paz@email.com,Base de Datos I,Ing. García,garcia@uni.com,Sistemas,A-101,Pendiente,Transferencia
13542,Pedro Soto,psoto@email.com,Matemáticas III,Dr. Gómez,gomez@uni.com,Ciencias,D-404,Cancelado,Efectivo
13543,Diego Luna,dluna@email.com,IA Aplicada,Dra. Chen,drchen@uni.com,Sistemas,C-303,Pendiente,Transferencia
13544,Juan Pérez,juan.p@email.com,Base de Datos I,Ing. García,garcia@uni.com,Sistemas,A-101,Pagado,Tarjeta
13545,Diego Luna,dluna@email.com,Base de Datos I,Ing. García,garcia@uni.com,Sistemas,A-101,Pendiente,Transferencia
13546,Ana Torres,ana.t@email.com,Base de Datos I,Ing. García,garcia@uni.com,Sistemas,A-101,Cancelado,Tarjeta
13547,María López,m.lopez@email.com,Base de Datos I,Ing. García,garcia@uni.com,Sistemas,A-101,Pendiente,Efectivo
13548,Pedro Soto,psoto@email.com,Base de Datos I,Ing. García,garcia@uni.com,Sistemas,A-101,Cancelado,Transferencia
13549,Diego Luna,dluna@email.com,Matemáticas III,Dr. Gómez,gomez@uni.com,Ciencias,D-404,Cancelado,Tarjeta
13550,Pedro Soto,psoto@email.com,IA Aplicada,Dra. Chen,drchen@uni.com,Sistemas,C-303,Pagado,Tarjeta
13551,Laura Paz,l.paz@email.com,IA Aplicada,Dra. Chen,drchen@uni.com,Sistemas,C-303,Pendiente,Efectivo
13552,Luis Gómez,luis.g@email.com,Redes II,Lic. Martínez,martinez@uni.com,Telecom,B-202,Pendiente,Efectivo
13553,Laura Paz,l.paz@email.com,Matemáticas III,Dr. Gómez,gomez@uni.com,Ciencias,D-404,Pendiente,Efectivo
13554,Carlos Ruiz,cruiz@email.com,Base de Datos I,Ing. García,garcia@uni.com,Sistemas,A-101,Cancelado,Efectivo
13555,Luis Gómez,luis.g@email.com,Base de Datos I,Ing. García,garcia@uni.com,Sistemas,A-101,Pagado,Tarjeta
13556,Pedro Soto,psoto@email.com,Redes II,Lic. Martínez,martinez@uni.com,Telecom,B-202,Pendiente,Efectivo
13557,Diego Luna,dluna@email.com,Redes II,Lic. Martínez,martinez@uni.com,Telecom,B-202,Pendiente,Transferencia
13558,Pedro Soto,psoto@email.com,Matemáticas III,Dr. Gómez,gomez@uni.com,Ciencias,D-404,Cancelado,Tarjeta
13559,María López,m.lopez@email.com,Redes II,Lic. Martínez,martinez@uni.com,Telecom,B-202,Pendiente,Efectivo
13560,Juan Pérez,juan.p@email.com,Matemáticas III,Dr. Gómez,gomez@uni.com,Ciencias,D-404,Cancelado,Efectivo
13561,Juan Pérez,juan.p@email.com,IA Aplicada,Dra. Chen,drchen@uni.com,Sistemas,C-303,Cancelado,Tarjeta
13562,Juan Pérez,juan.p@email.com,Base de Datos I,Ing. García,garcia@uni.com,Sistemas,A-101,Cancelado,Tarjeta
13563,Luis Gómez,luis.g@email.com,Matemáticas III,Dr. Gómez,gomez@uni.com,Ciencias,D-404,Pagado,Tarjeta
13564,Ana Torres,ana.t@email.com,IA Aplicada,Dra. Chen,drchen@uni.com,Sistemas,C-303,Pagado,Transferencia
13565,Elena Díaz,e.diaz@email.com,Matemáticas III,Dr. Gómez,gomez@uni.com,Ciencias,D-404,Pendiente,Transferencia
13566,Diego Luna,dluna@email.com,Matemáticas III,Dr. Gómez,gomez@uni.com,Ciencias,D-404,Pagado,Tarjeta
13567,Juan Pérez,juan.p@email.com,Base de Datos I,Ing. García,garcia@uni.com,Sistemas,A-101,Pagado,Tarjeta
13568,Pedro Soto,psoto@email.com,Matemáticas III,Dr. Gómez,gomez@uni.com,Ciencias,D-404,Pendiente,Transferencia
13569,Laura Paz,l.paz@email.com,Base de Datos I,Ing. García,garcia@uni.com,Sistemas,A-101,Pendiente,Tarjeta
13570,Elena Díaz,e.diaz@email.com,Matemáticas III,Dr. Gómez,gomez@uni.com,Ciencias,D-404,Pendiente,Efectivo
13571,Ana Torres,ana.t@email.com,Matemáticas III,Dr. Gómez,gomez@uni.com,Ciencias,D-404,Cancelado,Efectivo
13572,Pedro Soto,psoto@email.com,Matemáticas III,Dr. Gómez,gomez@uni.com,Ciencias,D-404,Pagado,Transferencia
13573,Laura Paz,l.paz@email.com,Matemáticas III,Dr. Gómez,gomez@uni.com,Ciencias,D-404,Pendiente,Transferencia
13574,Carlos Ruiz,cruiz@email.com,Matemáticas III,Dr. Gómez,gomez@uni.com,Ciencias,D-404,Pendiente,Transferencia
13575,Diego Luna,dluna@email.com,Redes II,Lic. Martínez,martinez@uni.com,Telecom,B-202,Pagado,Transferencia
13576,Sofía Vega,s.vega@email.com,Redes II,Lic. Martínez,martinez@uni.com,Telecom,B-202,Pagado,Efectivo
13577,Ana Torres,ana.t@email.com,IA Aplicada,Dra. Chen,drchen@uni.com,Sistemas,C-303,Cancelado,Tarjeta
13578,Sofía Vega,s.vega@email.com,Base de Datos I,Ing. García,garcia@uni.com,Sistemas,A-101,Cancelado,Tarjeta
13579,Diego Luna,dluna@email.com,Base de Datos I,Ing. García,garcia@uni.com,Sistemas,A-101,Pagado,Transferencia
13580,Luis Gómez,luis.g@email.com,IA Aplicada,Dra. Chen,drchen@uni.com,Sistemas,C-303,Cancelado,Transferencia
13581,Sofía Vega,s.vega@email.com,Base de Datos I,Ing. García,garcia@uni.com,Sistemas,A-101,Cancelado,Transferencia
13582,Elena Díaz,e.diaz@email.com,Base de Datos I,Ing. García,garcia@uni.com,Sistemas,A-101,Pagado,Efectivo
13583,María López,m.lopez@email.com,Matemáticas III,Dr. Gómez,gomez@uni.com,Ciencias,D-404,Pendiente,Efectivo
13584,Juan Pérez,juan.p@email.com,Base de Datos I,Ing. García,garcia@uni.com,Sistemas,A-101,Pendiente,Transferencia
13585,Luis Gómez,luis.g@email.com,IA Aplicada,Dra. Chen,drchen@uni.com,Sistemas,C-303,Pendiente,Transferencia
13586,María López,m.lopez@email.com,Matemáticas III,Dr. Gómez,gomez@uni.com,Ciencias,D-404,Pendiente,Transferencia
13587,Elena Díaz,e.diaz@email.com,IA Aplicada,Dra. Chen,drchen@uni.com,Sistemas,C-303,Pendiente,Transferencia
13588,Ana Torres,ana.t@email.com,Base de Datos I,Ing. García,garcia@uni.com,Sistemas,A-101,Pagado,Efectivo
13589,Sofía Vega,s.vega@email.com,Redes II,Lic. Martínez,martinez@uni.com,Telecom,B-202,Pendiente,Tarjeta
13590,Ana Torres,ana.t@email.com,Matemáticas III,Dr. Gómez,gomez@uni.com,Ciencias,D-404,Pendiente,Transferencia
13591,Luis Gómez,luis.g@email.com,Matemáticas III,Dr. Gómez,gomez@uni.com,Ciencias,D-404,Cancelado,Transferencia
13592,Sofía Vega,s.vega@email.com,Redes II,Lic. Martínez,martinez@uni.com,Telecom,B-202,Pagado,Efectivo
13593,Luis Gómez,luis.g@email.com,Redes II,Lic. Martínez,martinez@uni.com,Telecom,B-202,Pendiente,Efectivo
13594,Diego Luna,dluna@email.com,Redes II,Lic. Martínez,martinez@uni.com,Telecom,B-202,Pendiente,Transferencia
13595,Ana Torres,ana.t@email.com,Matemáticas III,Dr. Gómez,gomez@uni.com,Ciencias,D-404,Pendiente,Tarjeta
13596,Carlos Ruiz,cruiz@email.com,Redes II,Lic. Martínez,martinez@uni.com,Telecom,B-202,Pagado,Tarjeta
13597,Pedro Soto,psoto@email.com,Base de Datos I,Ing. García,garcia@uni.com,Sistemas,A-101,Pendiente,Transferencia
13598,Elena Díaz,e.diaz@email.com,Redes II,Lic. Martínez,martinez@uni.com,Telecom,B-202,Pagado,Transferencia
13599,Laura Paz,l.paz@email.com,Base de Datos I,Ing. García,garcia@uni.com,Sistemas,A-101,Pagado,Efectivo
13600,Sofía Vega,s.vega@email.com,Redes II,Lic. Martínez,martinez@uni.com,Telecom,B-202,Pendiente,Tarjeta
13601,Carlos Ruiz,cruiz@email.com,Redes II,Lic. Martínez,martinez@uni.com,Telecom,B-202,Pendiente,Transferencia
13602,Carlos Ruiz,cruiz@email.com,Matemáticas III,Dr. Gómez,gomez@uni.com,Ciencias,D-404,Pendiente,Tarjeta
13603,Sofía Vega,s.vega@email.com,Redes II,Lic. Martínez,martinez@uni.com,Telecom,B-202,Pagado,Transferencia
13604,Diego Luna,dluna@email.com,Base de Datos I,Ing. García,garcia@uni.com,Sistemas,A-101,Pendiente,Transferencia
13605,Luis Gómez,luis.g@email.com,IA Aplicada,Dra. Chen,drchen@uni.com,Sistemas,C-303,Cancelado,Transferencia
13606,Elena Díaz,e.diaz@email.com,Redes II,Lic. Martínez,martinez@uni.com,Telecom,B-202,Pagado,Tarjeta
13607,Juan Pérez,juan.p@email.com,Base de Datos I,Ing. García,garcia@uni.com,Sistemas,A-101,Cancelado,Transferencia
13608,Ana Torres,ana.t@email.com,IA Aplicada,Dra. Chen,drchen@uni.com,Sistemas,C-303,Pendiente,Transferencia
13609,Laura Paz,l.paz@email.com,Matemáticas III,Dr. Gómez,gomez@uni.com,Ciencias,D-404,Cancelado,Transferencia
13610,Luis Gómez,luis.g@email.com,Redes II,Lic. Martínez,martinez@uni.com,Telecom,B-202,Pagado,Efectivo
13611,Pedro Soto,psoto@email.com,Base de Datos I,Ing. García,garcia@uni.com,Sistemas,A-101,Cancelado,Tarjeta
13612,Diego Luna,dluna@email.com,Base de Datos I,Ing. García,garcia@uni.com,Sistemas,A-101,Pagado,Efectivo
13613,Luis Gómez,luis.g@email.com,Base de Datos I,Ing. García,garcia@uni.com,Sistemas,A-101,Cancelado,Tarjeta
13614,Luis Gómez,luis.g@email.com,Base de Datos I,Ing. García,garcia@uni.com,Sistemas,A-101,Pagado,Tarjeta
13615,Sofía Vega,s.vega@email.com,Matemáticas III,Dr. Gómez,gomez@uni.com,Ciencias,D-404,Pagado,Efectivo
13616,Elena Díaz,e.diaz@email.com,IA Aplicada,Dra. Chen,drchen@uni.com,Sistemas,C-303,Pendiente,Efectivo
13617,Ana Torres,ana.t@email.com,IA Aplicada,Dra. Chen,drchen@uni.com,Sistemas,C-303,Cancelado,Transferencia
13618,Luis Gómez,luis.g@email.com,Redes II,Lic. Martínez,martinez@uni.com,Telecom,B-202,Pendiente,Transferencia
13619,Luis Gómez,luis.g@email.com,Matemáticas III,Dr. Gómez,gomez@uni.com,Ciencias,D-404,Pendiente,Transferencia
13620,Luis Gómez,luis.g@email.com,Redes II,Lic. Martínez,martinez@uni.com,Telecom,B-202,Cancelado,Efectivo
13621,Diego Luna,dluna@email.com,Redes II,Lic. Martínez,martinez@uni.com,Telecom,B-202,Cancelado,Tarjeta
13622,Sofía Vega,s.vega@email.com,Redes II,Lic. Martínez,martinez@uni.com,Telecom,B-202,Cancelado,Efectivo
13623,Carlos Ruiz,cruiz@email.com,IA Aplicada,Dra. Chen,drchen@uni.com,Sistemas,C-303,Pagado,Tarjeta
13624,María López,m.lopez@email.com,Redes II,Lic. Martínez,martinez@uni.com,Telecom,B-202,Pendiente,Efectivo
13625,Elena Díaz,e.diaz@email.com,Base de Datos I,Ing. García,garcia@uni.com,Sistemas,A-101,Pagado,Transferencia
13626,Sofía Vega,s.vega@email.com,Redes II,Lic. Martínez,martinez@uni.com,Telecom,B-202,Pendiente,Transferencia
13627,Carlos Ruiz,cruiz@email.com,IA Aplicada,Dra. Chen,drchen@uni.com,Sistemas,C-303,Pendiente,Transferencia
13628,María López,m.lopez@email.com,Base de Datos I,Ing. García,garcia@uni.com,Sistemas,A-101,Pagado,Transferencia
13629,Luis Gómez,luis.g@email.com,Base de Datos I,Ing. García,garcia@uni.com,Sistemas,A-101,Pagado,Efectivo
13630,Laura Paz,l.paz@email.com,Base de Datos I,Ing. García,garcia@uni.com,Sistemas,A-101,Pendiente,Efectivo
13631,Luis Gómez,luis.g@email.com,Matemáticas III,Dr. Gómez,gomez@uni.com,Ciencias,D-404,Pendiente,Tarjeta
13632,Luis Gómez,luis.g@email.com,Redes II,Lic. Martínez,martinez@uni.com,Telecom,B-202,Pagado,Efectivo
13633,Sofía Vega,s.vega@email.com,Matemáticas III,Dr. Gómez,gomez@uni.com,Ciencias,D-404,Pendiente,Tarjeta
13634,Elena Díaz,e.diaz@email.com,IA Aplicada,Dra. Chen,drchen@uni.com,Sistemas,C-303,Pendiente,Transferencia
13635,Laura Paz,l.paz@email.com,Redes II,Lic. Martínez,martinez@uni.com,Telecom,B-202,Pendiente,Efectivo
13636,Pedro Soto,psoto@email.com,Base de Datos I,Ing. García,garcia@uni.com,Sistemas,A-101,Cancelado,Tarjeta
13637,Juan Pérez,juan.p@email.com,Matemáticas III,Dr. Gómez,gomez@uni.com,Ciencias,D-404,Pendiente,Efectivo
13638,Pedro Soto,psoto@email.com,Base de Datos I,Ing. García,garcia@uni.com,Sistemas,A-101,Pendiente,Transferencia
13639,Ana Torres,ana.t@email.com,Redes II,Lic. Martínez,martinez@uni.com,Telecom,B-202,Cancelado,Transferencia
13640,Diego Luna,dluna@email.com,Matemáticas III,Dr. Gómez,gomez@uni.com,Ciencias,D-404,Pagado,Efectivo
13641,María López,m.lopez@email.com,Base de Datos I,Ing. García,garcia@uni.com,Sistemas,A-101,Pagado,Tarjeta
13642,Juan Pérez,juan.p@email.com,Base de Datos I,Ing. García,garcia@uni.com,Sistemas,A-101,Pendiente,Transferencia
13643,Elena Díaz,e.diaz@email.com,Redes II,Lic. Martínez,martinez@uni.com,Telecom,B-202,Pendiente,Efectivo
13644,Juan Pérez,juan.p@email.com,Redes II,Lic. Martínez,martinez@uni.com,Telecom,B-202,Pendiente,Transferencia
13645,Elena Díaz,e.diaz@email.com,Redes II,Lic. Martínez,martinez@uni.com,Telecom,B-202,Pendiente,Efectivo
13646,Laura Paz,l.paz@email.com,Matemáticas III,Dr. Gómez,gomez@uni.com,Ciencias,D-404,Cancelado,Efectivo
13647,Pedro Soto,psoto@email.com,Matemáticas III,Dr. Gómez,gomez@uni.com,Ciencias,D-404,Pendiente,Efectivo
13648,Sofía Vega,s.vega@email.com,IA Aplicada,Dra. Chen,drchen@uni.com,Sistemas,C-303,Pendiente,Tarjeta
13649,Laura Paz,l.paz@email.com,Matemáticas III,Dr. Gómez,gomez@uni.com,Ciencias,D-404,Pagado,Efectivo
13650,Elena Díaz,e.diaz@email.com,Redes II,Lic. Martínez,martinez@uni.com,Telecom,B-202,Pendiente,Tarjeta
13651,Ana Torres,ana.t@email.com,Base de Datos I,Ing. García,garcia@uni.com,Sistemas,A-101,Pagado,Transferencia
13652,María López,m.lopez@email.com,Base de Datos I,Ing. García,garcia@uni.com,Sistemas,A-101,Pendiente,Efectivo
13653,Sofía Vega,s.vega@email.com,Base de Datos I,Ing. García,garcia@uni.com,Sistemas,A-101,Pendiente,Efectivo
13654,Carlos Ruiz,cruiz@email.com,Matemáticas III,Dr. Gómez,gomez@uni.com,Ciencias,D-404,Pendiente,Tarjeta
13655,Luis Gómez,luis.g@email.com,Redes II,Lic. Martínez,martinez@uni.com,Telecom,B-202,Pagado,Tarjeta
13656,Luis Gómez,luis.g@email.com,IA Aplicada,Dra. Chen,drchen@uni.com,Sistemas,C-303,Pendiente,Efectivo
13657,María López,m.lopez@email.com,IA Aplicada,Dra. Chen,drchen@uni.com,Sistemas,C-303,Pendiente,Tarjeta
13658,Luis Gómez,luis.g@email.com,Redes II,Lic. Martínez,martinez@uni.com,Telecom,B-202,Pagado,Efectivo
13659,Laura Paz,l.paz@email.com,Base de Datos I,Ing. García,garcia@uni.com,Sistemas,A-101,Pagado,Efectivo
13660,María López,m.lopez@email.com,Base de Datos I,Ing. García,garcia@uni.com,Sistemas,A-101,Cancelado,Transferencia
13661,Luis Gómez,luis.g@email.com,IA Aplicada,Dra. Chen,drchen@uni.com,Sistemas,C-303,Pendiente,Transferencia
13662,Diego Luna,dluna@email.com,IA Aplicada,Dra. Chen,drchen@uni.com,Sistemas,C-303,Cancelado,Efectivo
13663,Elena Díaz,e.diaz@email.com,IA Aplicada,Dra. Chen,drchen@uni.com,Sistemas,C-303,Cancelado,Efectivo
13664,Pedro Soto,psoto@email.com,Base de Datos I,Ing. García,garcia@uni.com,Sistemas,A-101,Cancelado,Transferencia
13665,Pedro Soto,psoto@email.com,Matemáticas III,Dr. Gómez,gomez@uni.com,Ciencias,D-404,Pendiente,Transferencia
13666,Laura Paz,l.paz@email.com,Redes II,Lic. Martínez,martinez@uni.com,Telecom,B-202,Pendiente,Transferencia
13667,Luis Gómez,luis.g@email.com,Base de Datos I,Ing. García,garcia@uni.com,Sistemas,A-101,Pendiente,Efectivo
13668,Juan Pérez,juan.p@email.com,Redes II,Lic. Martínez,martinez@uni.com,Telecom,B-202,Cancelado,Efectivo
13669,Juan Pérez,juan.p@email.com,Matemáticas III,Dr. Gómez,gomez@uni.com,Ciencias,D-404,Pendiente,Tarjeta
13670,Luis Gómez,luis.g@email.com,Base de Datos I,Ing. García,garcia@uni.com,Sistemas,A-101,Pendiente,Efectivo
13671,Elena Díaz,e.diaz@email.com,Redes II,Lic. Martínez,martinez@uni.com,Telecom,B-202,Pendiente,Tarjeta
13672,María López,m.lopez@email.com,Base de Datos I,Ing. García,garcia@uni.com,Sistemas,A-101,Pendiente,Transferencia
13673,Elena Díaz,e.diaz@email.com,IA Aplicada,Dra. Chen,drchen@uni.com,Sistemas,C-303,Pagado,Efectivo
13674,María López,m.lopez@email.com,Base de Datos I,Ing. García,garcia@uni.com,Sistemas,A-101,Pendiente,Efectivo
13675,Diego Luna,dluna@email.com,IA Aplicada,Dra. Chen,drchen@uni.com,Sistemas,C-303,Pendiente,Transferencia
13676,Ana Torres,ana.t@email.com,Base de Datos I,Ing. García,garcia@uni.com,Sistemas,A-101,Cancelado,Transferencia
13677,Sofía Vega,s.vega@email.com,Base de Datos I,Ing. García,garcia@uni.com,Sistemas,A-101,Cancelado,Efectivo
13678,Laura Paz,l.paz@email.com,Base de Datos I,Ing. García,garcia@uni.com,Sistemas,A-101,Pagado,Efectivo
13679,María López,m.lopez@email.com,Base de Datos I,Ing. García,garcia@uni.com,Sistemas,A-101,Pagado,Transferencia
13680,Elena Díaz,e.diaz@email.com,IA Aplicada,Dra. Chen,drchen@uni.com,Sistemas,C-303,Pendiente,Transferencia
13681,Ana Torres,ana.t@email.com,Matemáticas III,Dr. Gómez,gomez@uni.com,Ciencias,D-404,Cancelado,Tarjeta
13682,Diego Luna,dluna@email.com,Redes II,Lic. Martínez,martinez@uni.com,Telecom,B-202,Pagado,Transferencia
13683,Laura Paz,l.paz@email.com,Base de Datos I,Ing. García,garcia@uni.com,Sistemas,A-101,Pendiente,Tarjeta
13684,Juan Pérez,juan.p@email.com,IA Aplicada,Dra. Chen,drchen@uni.com,Sistemas,C-303,Pagado,Transferencia
13685,María López,m.lopez@email.com,Redes II,Lic. Martínez,martinez@uni.com,Telecom,B-202,Cancelado,Tarjeta
13686,Sofía Vega,s.vega@email.com,IA Aplicada,Dra. Chen,drchen@uni.com,Sistemas,C-303,Pendiente,Efectivo
13687,Pedro Soto,psoto@email.com,Base de Datos I,Ing. García,garcia@uni.com,Sistemas,A-101,Pendiente,Tarjeta
13688,Laura Paz,l.paz@email.com,Base de Datos I,Ing. García,garcia@uni.com,Sistemas,A-101,Pagado,Transferencia
13689,Pedro Soto,psoto@email.com,Redes II,Lic. Martínez,martinez@uni.com,Telecom,B-202,Pendiente,Efectivo
13690,Laura Paz,l.paz@email.com,Redes II,Lic. Martínez,martinez@uni.com,Telecom,B-202,Pendiente,Tarjeta
13691,Pedro Soto,psoto@email.com,Base de Datos I,Ing. García,garcia@uni.com,Sistemas,A-101,Pendiente,Tarjeta
13692,Pedro Soto,psoto@email.com,IA Aplicada,Dra. Chen,drchen@uni.com,Sistemas,C-303,Cancelado,Tarjeta
13693,Carlos Ruiz,cruiz@email.com,Matemáticas III,Dr. Gómez,gomez@uni.com,Ciencias,D-404,Cancelado,Efectivo
13694,Carlos Ruiz,cruiz@email.com,IA Aplicada,Dra. Chen,drchen@uni.com,Sistemas,C-303,Pendiente,Transferencia
13695,Pedro Soto,psoto@email.com,Base de Datos I,Ing. García,garcia@uni.com,Sistemas,A-101,Cancelado,Efectivo
13696,Diego Luna,dluna@email.com,Matemáticas III,Dr. Gómez,gomez@uni.com,Ciencias,D-404,Pendiente,Efectivo
13697,Laura Paz,l.paz@email.com,Base de Datos I,Ing. García,garcia@uni.com,Sistemas,A-101,Pendiente,Tarjeta
13698,Pedro Soto,psoto@email.com,Matemáticas III,Dr. Gómez,gomez@uni.com,Ciencias,D-404,Pagado,Tarjeta
13699,Carlos Ruiz,cruiz@email.com,IA Aplicada,Dra. Chen,drchen@uni.com,Sistemas,C-303,Pagado,Tarjeta
13700,Ana Torres,ana.t@email.com,IA Aplicada,Dra. Chen,drchen@uni.com,Sistemas,C-303,Cancelado,Transferencia
13701,Diego Luna,dluna@email.com,Matemáticas III,Dr. Gómez,gomez@uni.com,Ciencias,D-404,Pendiente,Transferencia
13702,María López,m.lopez@email.com,Base de Datos I,Ing. García,garcia@uni.com,Sistemas,A-101,Pendiente,Transferencia
13703,Pedro Soto,psoto@email.com,IA Aplicada,Dra. Chen,drchen@uni.com,Sistemas,C-303,Cancelado,Transferencia
13704,Luis Gómez,luis.g@email.com,Redes II,Lic. Martínez,martinez@uni.com,Telecom,B-202,Pagado,Tarjeta
13705,Carlos Ruiz,cruiz@email.com,Redes II,Lic. Martínez,martinez@uni.com,Telecom,B-202,Cancelado,Tarjeta
13706,Laura Paz,l.paz@email.com,Redes II,Lic. Martínez,martinez@uni.com,Telecom,B-202,Pagado,Transferencia
13707,Carlos Ruiz,cruiz@email.com,Redes II,Lic. Martínez,martinez@uni.com,Telecom,B-202,Cancelado,Transferencia
13708,Carlos Ruiz,cruiz@email.com,Redes II,Lic. Martínez,martinez@uni.com,Telecom,B-202,Cancelado,Efectivo
13709,María López,m.lopez@email.com,Base de Datos I,Ing. García,garcia@uni.com,Sistemas,A-101,Pendiente,Tarjeta
13710,Elena Díaz,e.diaz@email.com,Base de Datos I,Ing. García,garcia@uni.com,Sistemas,A-101,Pendiente,Transferencia
13711,Laura Paz,l.paz@email.com,Redes II,Lic. Martínez,martinez@uni.com,Telecom,B-202,Pendiente,Transferencia
13712,Ana Torres,ana.t@email.com,IA Aplicada,Dra. Chen,drchen@uni.com,Sistemas,C-303,Pendiente,Transferencia
13713,Laura Paz,l.paz@email.com,Base de Datos I,Ing. García,garcia@uni.com,Sistemas,A-101,Cancelado,Transferencia
13714,Pedro Soto,psoto@email.com,Redes II,Lic. Martínez,martinez@uni.com,Telecom,B-202,Cancelado,Tarjeta
13715,Diego Luna,dluna@email.com,Matemáticas III,Dr. Gómez,gomez@uni.com,Ciencias,D-404,Pagado,Efectivo
13716,Juan Pérez,juan.p@email.com,Base de Datos I,Ing. García,garcia@uni.com,Sistemas,A-101,Pagado,Transferencia
13717,María López,m.lopez@email.com,Base de Datos I,Ing. García,garcia@uni.com,Sistemas,A-101,Pagado,Transferencia
13718,Carlos Ruiz,cruiz@email.com,Matemáticas III,Dr. Gómez,gomez@uni.com,Ciencias,D-404,Pendiente,Tarjeta
13719,María López,m.lopez@email.com,Base de Datos I,Ing. García,garcia@uni.com,Sistemas,A-101,Pagado,Transferencia
13720,Laura Paz,l.paz@email.com,Redes II,Lic. Martínez,martinez@uni.com,Telecom,B-202,Cancelado,Tarjeta
13721,Sofía Vega,s.vega@email.com,IA Aplicada,Dra. Chen,drchen@uni.com,Sistemas,C-303,Pagado,Tarjeta
13722,Pedro Soto,psoto@email.com,Redes II,Lic. Martínez,martinez@uni.com,Telecom,B-202,Cancelado,Efectivo
13723,Elena Díaz,e.diaz@email.com,Base de Datos I,Ing. García,garcia@uni.com,Sistemas,A-101,Pagado,Efectivo
13724,María López,m.lopez@email.com,Redes II,Lic. Martínez,martinez@uni.com,Telecom,B-202,Pagado,Tarjeta
13725,Carlos Ruiz,cruiz@email.com,IA Aplicada,Dra. Chen,drchen@uni.com,Sistemas,C-303,Pendiente,Transferencia
13726,Sofía Vega,s.vega@email.com,Redes II,Lic. Martínez,martinez@uni.com,Telecom,B-202,Cancelado,Transferencia
13727,Laura Paz,l.paz@email.com,Matemáticas III,Dr. Gómez,gomez@uni.com,Ciencias,D-404,Cancelado,Tarjeta
13728,Juan Pérez,juan.p@email.com,Matemáticas III,Dr. Gómez,gomez@uni.com,Ciencias,D-404,Cancelado,Transferencia
13729,Juan Pérez,juan.p@email.com,IA Aplicada,Dra. Chen,drchen@uni.com,Sistemas,C-303,Pendiente,Tarjeta
13730,Laura Paz,l.paz@email.com,IA Aplicada,Dra. Chen,drchen@uni.com,Sistemas,C-303,Pagado,Efectivo
13731,Carlos Ruiz,cruiz@email.com,Matemáticas III,Dr. Gómez,gomez@uni.com,Ciencias,D-404,Cancelado,Efectivo
13732,María López,m.lopez@email.com,Redes II,Lic. Martínez,martinez@uni.com,Telecom,B-202,Pagado,Tarjeta
13733,Elena Díaz,e.diaz@email.com,Matemáticas III,Dr. Gómez,gomez@uni.com,Ciencias,D-404,Pendiente,Tarjeta
13734,María López,m.lopez@email.com,Matemáticas III,Dr. Gómez,gomez@uni.com,Ciencias,D-404,Pagado,Transferencia
13735,Pedro Soto,psoto@email.com,IA Aplicada,Dra. Chen,drchen@uni.com,Sistemas,C-303,Cancelado,Tarjeta
13736,Sofía Vega,s.vega@email.com,IA Aplicada,Dra. Chen,drchen@uni.com,Sistemas,C-303,Cancelado,Tarjeta
13737,Pedro Soto,psoto@email.com,Base de Datos I,Ing. García,garcia@uni.com,Sistemas,A-101,Pendiente,Tarjeta
13738,Luis Gómez,luis.g@email.com,Base de Datos I,Ing. García,garcia@uni.com,Sistemas,A-101,Pendiente,Transferencia
13739,Laura Paz,l.paz@email.com,Redes II,Lic. Martínez,martinez@uni.com,Telecom,B-202,Cancelado,Tarjeta
13740,Carlos Ruiz,cruiz@email.com,Redes II,Lic. Martínez,martinez@uni.com,Telecom,B-202,Pendiente,Tarjeta
13741,Juan Pérez,juan.p@email.com,Redes II,Lic. Martínez,martinez@uni.com,Telecom,B-202,Pendiente,Transferencia
13742,Ana Torres,ana.t@email.com,IA Aplicada,Dra. Chen,drchen@uni.com,Sistemas,C-303,Pendiente,Efectivo
13743,Laura Paz,l.paz@email.com,Matemáticas III,Dr. Gómez,gomez@uni.com,Ciencias,D-404,Pagado,Transferencia
13744,Elena Díaz,e.diaz@email.com,Base de Datos I,Ing. García,garcia@uni.com,Sistemas,A-101,Pendiente,Efectivo
13745,Juan Pérez,juan.p@email.com,Redes II,Lic. Martínez,martinez@uni.com,Telecom,B-202,Pendiente,Efectivo
13746,Elena Díaz,e.diaz@email.com,Matemáticas III,Dr. Gómez,gomez@uni.com,Ciencias,D-404,Pagado,Tarjeta
13747,Pedro Soto,psoto@email.com,Redes II,Lic. Martínez,martinez@uni.com,Telecom,B-202,Cancelado,Efectivo
13748,Laura Paz,l.paz@email.com,Base de Datos I,Ing. García,garcia@uni.com,Sistemas,A-101,Pendiente,Efectivo
13749,Sofía Vega,s.vega@email.com,Base de Datos I,Ing. García,garcia@uni.com,Sistemas,A-101,Pagado,Tarjeta
13750,Diego Luna,dluna@email.com,IA Aplicada,Dra. Chen,drchen@uni.com,Sistemas,C-303,Pagado,Tarjeta
13751,Sofía Vega,s.vega@email.com,Redes II,Lic. Martínez,martinez@uni.com,Telecom,B-202,Pagado,Efectivo
13752,María López,m.lopez@email.com,IA Aplicada,Dra. Chen,drchen@uni.com,Sistemas,C-303,Pagado,Efectivo
13753,Elena Díaz,e.diaz@email.com,IA Aplicada,Dra. Chen,drchen@uni.com,Sistemas,C-303,Pendiente,Efectivo
13754,Laura Paz,l.paz@email.com,Matemáticas III,Dr. Gómez,gomez@uni.com,Ciencias,D-404,Pendiente,Transferencia
13755,Ana Torres,ana.t@email.com,Matemáticas III,Dr. Gómez,gomez@uni.com,Ciencias,D-404,Cancelado,Tarjeta
13756,Laura Paz,l.paz@email.com,Redes II,Lic. Martínez,martinez@uni.com,Telecom,B-202,Pagado,Transferencia
13757,Carlos Ruiz,cruiz@email.com,Redes II,Lic. Martínez,martinez@uni.com,Telecom,B-202,Pendiente,Efectivo
13758,Juan Pérez,juan.p@email.com,Matemáticas III,Dr. Gómez,gomez@uni.com,Ciencias,D-404,Cancelado,Efectivo
13759,Ana Torres,ana.t@email.com,Redes II,Lic. Martínez,martinez@uni.com,Telecom,B-202,Pendiente,Efectivo
13760,Diego Luna,dluna@email.com,Matemáticas III,Dr. Gómez,gomez@uni.com,Ciencias,D-404,Pagado,Efectivo
13761,Luis Gómez,luis.g@email.com,Base de Datos I,Ing. García,garcia@uni.com,Sistemas,A-101,Pagado,Tarjeta
13762,Carlos Ruiz,cruiz@email.com,Base de Datos I,Ing. García,garcia@uni.com,Sistemas,A-101,Pendiente,Efectivo
13763,Diego Luna,dluna@email.com,Base de Datos I,Ing. García,garcia@uni.com,Sistemas,A-101,Cancelado,Transferencia
13764,Pedro Soto,psoto@email.com,IA Aplicada,Dra. Chen,drchen@uni.com,Sistemas,C-303,Pagado,Transferencia
13765,Ana Torres,ana.t@email.com,IA Aplicada,Dra. Chen,drchen@uni.com,Sistemas,C-303,Cancelado,Efectivo
13766,Diego Luna,dluna@email.com,Matemáticas III,Dr. Gómez,gomez@uni.com,Ciencias,D-404,Pendiente,Transferencia
13767,Luis Gómez,luis.g@email.com,Matemáticas III,Dr. Gómez,gomez@uni.com,Ciencias,D-404,Pagado,Transferencia
13768,Sofía Vega,s.vega@email.com,Matemáticas III,Dr. Gómez,gomez@uni.com,Ciencias,D-404,Pendiente,Transferencia
13769,María López,m.lopez@email.com,IA Aplicada,Dra. Chen,drchen@uni.com,Sistemas,C-303,Pendiente,Transferencia
13770,María López,m.lopez@email.com,Matemáticas III,Dr. Gómez,gomez@uni.com,Ciencias,D-404,Pagado,Transferencia
13771,Juan Pérez,juan.p@email.com,IA Aplicada,Dra. Chen,drchen@uni.com,Sistemas,C-303,Pendiente,Transferencia
13772,Carlos Ruiz,cruiz@email.com,Matemáticas III,Dr. Gómez,gomez@uni.com,Ciencias,D-404,Pagado,Transferencia
13773,Laura Paz,l.paz@email.com,Base de Datos I,Ing. García,garcia@uni.com,Sistemas,A-101,Pendiente,Transferencia
13774,Luis Gómez,luis.g@email.com,Redes II,Lic. Martínez,martinez@uni.com,Telecom,B-202,Pagado,Transferencia
13775,Elena Díaz,e.diaz@email.com,Matemáticas III,Dr. Gómez,gomez@uni.com,Ciencias,D-404,Cancelado,Tarjeta
13776,Juan Pérez,juan.p@email.com,IA Aplicada,Dra. Chen,drchen@uni.com,Sistemas,C-303,Cancelado,Tarjeta
13777,Elena Díaz,e.diaz@email.com,Matemáticas III,Dr. Gómez,gomez@uni.com,Ciencias,D-404,Pagado,Tarjeta
13778,Laura Paz,l.paz@email.com,IA Aplicada,Dra. Chen,drchen@uni.com,Sistemas,C-303,Pagado,Transferencia
13779,Luis Gómez,luis.g@email.com,Matemáticas III,Dr. Gómez,gomez@uni.com,Ciencias,D-404,Pagado,Transferencia
13780,Juan Pérez,juan.p@email.com,Base de Datos I,Ing. García,garcia@uni.com,Sistemas,A-101,Pendiente,Efectivo
13781,Pedro Soto,psoto@email.com,Redes II,Lic. Martínez,martinez@uni.com,Telecom,B-202,Cancelado,Transferencia
13782,Diego Luna,dluna@email.com,IA Aplicada,Dra. Chen,drchen@uni.com,Sistemas,C-303,Pagado,Efectivo
13783,María López,m.lopez@email.com,Redes II,Lic. Martínez,martinez@uni.com,Telecom,B-202,Cancelado,Efectivo
13784,Diego Luna,dluna@email.com,Base de Datos I,Ing. García,garcia@uni.com,Sistemas,A-101,Pagado,Tarjeta
13785,Sofía Vega,s.vega@email.com,Matemáticas III,Dr. Gómez,gomez@uni.com,Ciencias,D-404,Cancelado,Efectivo
13786,Ana Torres,ana.t@email.com,Matemáticas III,Dr. Gómez,gomez@uni.com,Ciencias,D-404,Cancelado,Efectivo
13787,Luis Gómez,luis.g@email.com,Base de Datos I,Ing. García,garcia@uni.com,Sistemas,A-101,Pagado,Transferencia
13788,Laura Paz,l.paz@email.com,Redes II,Lic. Martínez,martinez@uni.com,Telecom,B-202,Pendiente,Transferencia
13789,María López,m.lopez@email.com,Matemáticas III,Dr. Gómez,gomez@uni.com,Ciencias,D-404,Pagado,Efectivo
13790,Ana Torres,ana.t@email.com,Matemáticas III,Dr. Gómez,gomez@uni.com,Ciencias,D-404,Pagado,Tarjeta
13791,Ana Torres,ana.t@email.com,Redes II,Lic. Martínez,martinez@uni.com,Telecom,B-202,Pagado,Efectivo
13792,Carlos Ruiz,cruiz@email.com,Matemáticas III,Dr. Gómez,gomez@uni.com,Ciencias,D-404,Cancelado,Efectivo
13793,Luis Gómez,luis.g@email.com,IA Aplicada,Dra. Chen,drchen@uni.com,Sistemas,C-303,Cancelado,Tarjeta
13794,María López,m.lopez@email.com,Redes II,Lic. Martínez,martinez@uni.com,Telecom,B-202,Pendiente,Efectivo
13795,Juan Pérez,juan.p@email.com,IA Aplicada,Dra. Chen,drchen@uni.com,Sistemas,C-303,Cancelado,Tarjeta
13796,Laura Paz,l.paz@email.com,IA Aplicada,Dra. Chen,drchen@uni.com,Sistemas,C-303,Pagado,Efectivo
13797,Laura Paz,l.paz@email.com,IA Aplicada,Dra. Chen,drchen@uni.com,Sistemas,C-303,Pendiente,Tarjeta
13798,Laura Paz,l.paz@email.com,Base de Datos I,Ing. García,garcia@uni.com,Sistemas,A-101,Pagado,Tarjeta
13799,Laura Paz,l.paz@email.com,Redes II,Lic. Martínez,martinez@uni.com,Telecom,B-202,Pagado,Transferencia
13800,Laura Paz,l.paz@email.com,Redes II,Lic. Martínez,martinez@uni.com,Telecom,B-202,Pendiente,Tarjeta
13801,Juan Pérez,juan.p@email.com,Matemáticas III,Dr. Gómez,gomez@uni.com,Ciencias,D-404,Pendiente,Transferencia
13802,Elena Díaz,e.diaz@email.com,IA Aplicada,Dra. Chen,drchen@uni.com,Sistemas,C-303,Pagado,Transferencia
13803,Juan Pérez,juan.p@email.com,Matemáticas III,Dr. Gómez,gomez@uni.com,Ciencias,D-404,Pendiente,Efectivo
13804,Diego Luna,dluna@email.com,Base de Datos I,Ing. García,garcia@uni.com,Sistemas,A-101,Pagado,Tarjeta
13805,Pedro Soto,psoto@email.com,Matemáticas III,Dr. Gómez,gomez@uni.com,Ciencias,D-404,Cancelado,Tarjeta
13806,Carlos Ruiz,cruiz@email.com,Base de Datos I,Ing. García,garcia@uni.com,Sistemas,A-101,Cancelado,Tarjeta
13807,Juan Pérez,juan.p@email.com,IA Aplicada,Dra. Chen,drchen@uni.com,Sistemas,C-303,Cancelado,Efectivo
13808,Diego Luna,dluna@email.com,Redes II,Lic. Martínez,martinez@uni.com,Telecom,B-202,Cancelado,Efectivo
13809,Elena Díaz,e.diaz@email.com,IA Aplicada,Dra. Chen,drchen@uni.com,Sistemas,C-303,Pendiente,Tarjeta
13810,Luis Gómez,luis.g@email.com,Base de Datos I,Ing. García,garcia@uni.com,Sistemas,A-101,Pendiente,Efectivo
13811,Carlos Ruiz,cruiz@email.com,IA Aplicada,Dra. Chen,drchen@uni.com,Sistemas,C-303,Cancelado,Tarjeta
13812,Diego Luna,dluna@email.com,Redes II,Lic. Martínez,martinez@uni.com,Telecom,B-202,Cancelado,Efectivo
13813,Elena Díaz,e.diaz@email.com,IA Aplicada,Dra. Chen,drchen@uni.com,Sistemas,C-303,Pendiente,Transferencia
13814,Pedro Soto,psoto@email.com,Redes II,Lic. Martínez,martinez@uni.com,Telecom,B-202,Pendiente,Efectivo
13815,Carlos Ruiz,cruiz@email.com,Redes II,Lic. Martínez,martinez@uni.com,Telecom,B-202,Cancelado,Efectivo
13816,Ana Torres,ana.t@email.com,Matemáticas III,Dr. Gómez,gomez@uni.com,Ciencias,D-404,Cancelado,Tarjeta
13817,Elena Díaz,e.diaz@email.com,Base de Datos I,Ing. García,garcia@uni.com,Sistemas,A-101,Pendiente,Tarjeta
13818,Luis Gómez,luis.g@email.com,Redes II,Lic. Martínez,martinez@uni.com,Telecom,B-202,Cancelado,Efectivo
13819,Ana Torres,ana.t@email.com,Redes II,Lic. Martínez,martinez@uni.com,Telecom,B-202,Pagado,Transferencia
13820,Laura Paz,l.paz@email.com,Base de Datos I,Ing. García,garcia@uni.com,Sistemas,A-101,Pendiente,Transferencia
13821,Laura Paz,l.paz@email.com,Base de Datos I,Ing. García,garcia@uni.com,Sistemas,A-101,Pendiente,Transferencia
13822,Diego Luna,dluna@email.com,Redes II,Lic. Martínez,martinez@uni.com,Telecom,B-202,Pendiente,Efectivo
13823,Pedro Soto,psoto@email.com,Base de Datos I,Ing. García,garcia@uni.com,Sistemas,A-101,Pagado,Tarjeta
13824,Laura Paz,l.paz@email.com,Matemáticas III,Dr. Gómez,gomez@uni.com,Ciencias,D-404,Pendiente,Tarjeta
13825,Elena Díaz,e.diaz@email.com,Base de Datos I,Ing. García,garcia@uni.com,Sistemas,A-101,Pendiente,Efectivo
13826,Pedro Soto,psoto@email.com,Base de Datos I,Ing. García,garcia@uni.com,Sistemas,A-101,Pendiente,Efectivo
13827,Carlos Ruiz,cruiz@email.com,Base de Datos I,Ing. García,garcia@uni.com,Sistemas,A-101,Pagado,Efectivo
13828,Diego Luna,dluna@email.com,Matemáticas III,Dr. Gómez,gomez@uni.com,Ciencias,D-404,Pendiente,Tarjeta
13829,Sofía Vega,s.vega@email.com,Base de Datos I,Ing. García,garcia@uni.com,Sistemas,A-101,Pendiente,Efectivo
13830,Sofía Vega,s.vega@email.com,Redes II,Lic. Martínez,martinez@uni.com,Telecom,B-202,Cancelado,Efectivo
13831,María López,m.lopez@email.com,IA Aplicada,Dra. Chen,drchen@uni.com,Sistemas,C-303,Pendiente,Transferencia
13832,Sofía Vega,s.vega@email.com,IA Aplicada,Dra. Chen,drchen@uni.com,Sistemas,C-303,Cancelado,Transferencia
13833,Elena Díaz,e.diaz@email.com,Matemáticas III,Dr. Gómez,gomez@uni.com,Ciencias,D-404,Pagado,Efectivo
13834,Carlos Ruiz,cruiz@email.com,Redes II,Lic. Martínez,martinez@uni.com,Telecom,B-202,Pendiente,Efectivo
13835,Sofía Vega,s.vega@email.com,Redes II,Lic. Martínez,martinez@uni.com,Telecom,B-202,Pendiente,Tarjeta
13836,Juan Pérez,juan.p@email.com,Base de Datos I,Ing. García,garcia@uni.com,Sistemas,A-101,Pagado,Transferencia
13837,Juan Pérez,juan.p@email.com,Matemáticas III,Dr. Gómez,gomez@uni.com,Ciencias,D-404,Cancelado,Tarjeta
13838,Sofía Vega,s.vega@email.com,Base de Datos I,Ing. García,garcia@uni.com,Sistemas,A-101,Pendiente,Efectivo
13839,Pedro Soto,psoto@email.com,Redes II,Lic. Martínez,martinez@uni.com,Telecom,B-202,Pendiente,Tarjeta
13840,Diego Luna,dluna@email.com,Redes II,Lic. Martínez,martinez@uni.com,Telecom,B-202,Pagado,Efectivo
13841,Luis Gómez,luis.g@email.com,IA Aplicada,Dra. Chen,drchen@uni.com,Sistemas,C-303,Cancelado,Tarjeta
13842,Ana Torres,ana.t@email.com,IA Aplicada,Dra. Chen,drchen@uni.com,Sistemas,C-303,Pendiente,Transferencia
13843,Luis Gómez,luis.g@email.com,Redes II,Lic. Martínez,martinez@uni.com,Telecom,B-202,Pagado,Transferencia
13844,Diego Luna,dluna@email.com,Matemáticas III,Dr. Gómez,gomez@uni.com,Ciencias,D-404,Pagado,Efectivo
13845,Sofía Vega,s.vega@email.com,Redes II,Lic. Martínez,martinez@uni.com,Telecom,B-202,Pendiente,Efectivo
13846,Pedro Soto,psoto@email.com,Base de Datos I,Ing. García,garcia@uni.com,Sistemas,A-101,Cancelado,Transferencia
13847,Luis Gómez,luis.g@email.com,Base de Datos I,Ing. García,garcia@uni.com,Sistemas,A-101,Pagado,Transferencia
13848,Laura Paz,l.paz@email.com,IA Aplicada,Dra. Chen,drchen@uni.com,Sistemas,C-303,Pagado,Transferencia
13849,Juan Pérez,juan.p@email.com,Redes II,Lic. Martínez,martinez@uni.com,Telecom,B-202,Cancelado,Tarjeta
13850,Pedro Soto,psoto@email.com,IA Aplicada,Dra. Chen,drchen@uni.com,Sistemas,C-303,Pendiente,Efectivo
13851,Elena Díaz,e.diaz@email.com,Base de Datos I,Ing. García,garcia@uni.com,Sistemas,A-101,Pendiente,Tarjeta
13852,Diego Luna,dluna@email.com,IA Aplicada,Dra. Chen,drchen@uni.com,Sistemas,C-303,Pendiente,Tarjeta
13853,Sofía Vega,s.vega@email.com,Base de Datos I,Ing. García,garcia@uni.com,Sistemas,A-101,Pagado,Tarjeta
13854,Elena Díaz,e.diaz@email.com,IA Aplicada,Dra. Chen,drchen@uni.com,Sistemas,C-303,Pendiente,Transferencia
13855,Elena Díaz,e.diaz@email.com,Matemáticas III,Dr. Gómez,gomez@uni.com,Ciencias,D-404,Cancelado,Efectivo
13856,Diego Luna,dluna@email.com,IA Aplicada,Dra. Chen,drchen@uni.com,Sistemas,C-303,Pagado,Transferencia
13857,Juan Pérez,juan.p@email.com,IA Aplicada,Dra. Chen,drchen@uni.com,Sistemas,C-303,Pendiente,Tarjeta
13858,Elena Díaz,e.diaz@email.com,Redes II,Lic. Martínez,martinez@uni.com,Telecom,B-202,Pendiente,Transferencia
13859,Elena Díaz,e.diaz@email.com,Matemáticas III,Dr. Gómez,gomez@uni.com,Ciencias,D-404,Pagado,Efectivo
13860,Elena Díaz,e.diaz@email.com,Matemáticas III,Dr. Gómez,gomez@uni.com,Ciencias,D-404,Pendiente,Efectivo
13861,Diego Luna,dluna@email.com,Base de Datos I,Ing. García,garcia@uni.com,Sistemas,A-101,Pendiente,Transferencia
13862,Pedro Soto,psoto@email.com,Redes II,Lic. Martínez,martinez@uni.com,Telecom,B-202,Pendiente,Efectivo
13863,Elena Díaz,e.diaz@email.com,Matemáticas III,Dr. Gómez,gomez@uni.com,Ciencias,D-404,Cancelado,Efectivo
13864,Pedro Soto,psoto@email.com,Base de Datos I,Ing. García,garcia@uni.com,Sistemas,A-101,Pagado,Transferencia
13865,Ana Torres,ana.t@email.com,Matemáticas III,Dr. Gómez,gomez@uni.com,Ciencias,D-404,Pendiente,Tarjeta
13866,Sofía Vega,s.vega@email.com,Matemáticas III,Dr. Gómez,gomez@uni.com,Ciencias,D-404,Cancelado,Tarjeta
13867,Carlos Ruiz,cruiz@email.com,Base de Datos I,Ing. García,garcia@uni.com,Sistemas,A-101,Pendiente,Transferencia
13868,Ana Torres,ana.t@email.com,Matemáticas III,Dr. Gómez,gomez@uni.com,Ciencias,D-404,Pendiente,Tarjeta
13869,Sofía Vega,s.vega@email.com,Base de Datos I,Ing. García,garcia@uni.com,Sistemas,A-101,Pendiente,Efectivo
13870,Laura Paz,l.paz@email.com,Base de Datos I,Ing. García,garcia@uni.com,Sistemas,A-101,Pagado,Tarjeta
13871,Sofía Vega,s.vega@email.com,Matemáticas III,Dr. Gómez,gomez@uni.com,Ciencias,D-404,Pendiente,Tarjeta
13872,Pedro Soto,psoto@email.com,Redes II,Lic. Martínez,martinez@uni.com,Telecom,B-202,Cancelado,Efectivo
13873,Pedro Soto,psoto@email.com,Redes II,Lic. Martínez,martinez@uni.com,Telecom,B-202,Pagado,Transferencia
13874,Ana Torres,ana.t@email.com,Matemáticas III,Dr. Gómez,gomez@uni.com,Ciencias,D-404,Cancelado,Efectivo
13875,Carlos Ruiz,cruiz@email.com,Redes II,Lic. Martínez,martinez@uni.com,Telecom,B-202,Pendiente,Efectivo
13876,Carlos Ruiz,cruiz@email.com,Matemáticas III,Dr. Gómez,gomez@uni.com,Ciencias,D-404,Pagado,Transferencia
13877,Ana Torres,ana.t@email.com,IA Aplicada,Dra. Chen,drchen@uni.com,Sistemas,C-303,Cancelado,Efectivo
13878,Juan Pérez,juan.p@email.com,Matemáticas III,Dr. Gómez,gomez@uni.com,Ciencias,D-404,Cancelado,Efectivo
13879,Elena Díaz,e.diaz@email.com,Base de Datos I,Ing. García,garcia@uni.com,Sistemas,A-101,Pendiente,Transferencia
13880,Sofía Vega,s.vega@email.com,IA Aplicada,Dra. Chen,drchen@uni.com,Sistemas,C-303,Pendiente,Transferencia
13881,Diego Luna,dluna@email.com,Redes II,Lic. Martínez,martinez@uni.com,Telecom,B-202,Cancelado,Transferencia
13882,Elena Díaz,e.diaz@email.com,Matemáticas III,Dr. Gómez,gomez@uni.com,Ciencias,D-404,Cancelado,Tarjeta
13883,Diego Luna,dluna@email.com,Base de Datos I,Ing. García,garcia@uni.com,Sistemas,A-101,Pendiente,Tarjeta
13884,Laura Paz,l.paz@email.com,IA Aplicada,Dra. Chen,drchen@uni.com,Sistemas,C-303,Pagado,Efectivo
13885,Elena Díaz,e.diaz@email.com,Base de Datos I,Ing. García,garcia@uni.com,Sistemas,A-101,Cancelado,Transferencia
13886,Pedro Soto,psoto@email.com,Base de Datos I,Ing. García,garcia@uni.com,Sistemas,A-101,Pagado,Efectivo
13887,Pedro Soto,psoto@email.com,Base de Datos I,Ing. García,garcia@uni.com,Sistemas,A-101,Pendiente,Tarjeta
13888,Laura Paz,l.paz@email.com,IA Aplicada,Dra. Chen,drchen@uni.com,Sistemas,C-303,Pagado,Transferencia
13889,Diego Luna,dluna@email.com,Redes II,Lic. Martínez,martinez@uni.com,Telecom,B-202,Pagado,Transferencia
13890,Elena Díaz,e.diaz@email.com,Matemáticas III,Dr. Gómez,gomez@uni.com,Ciencias,D-404,Cancelado,Efectivo
13891,Laura Paz,l.paz@email.com,Base de Datos I,Ing. García,garcia@uni.com,Sistemas,A-101,Cancelado,Efectivo
13892,Carlos Ruiz,cruiz@email.com,IA Aplicada,Dra. Chen,drchen@uni.com,Sistemas,C-303,Pagado,Transferencia
13893,Laura Paz,l.paz@email.com,Base de Datos I,Ing. García,garcia@uni.com,Sistemas,A-101,Cancelado,Efectivo
13894,Sofía Vega,s.vega@email.com,IA Aplicada,Dra. Chen,drchen@uni.com,Sistemas,C-303,Pagado,Efectivo
13895,Luis Gómez,luis.g@email.com,IA Aplicada,Dra. Chen,drchen@uni.com,Sistemas,C-303,Cancelado,Efectivo
13896,Ana Torres,ana.t@email.com,IA Aplicada,Dra. Chen,drchen@uni.com,Sistemas,C-303,Pagado,Transferencia
13897,María López,m.lopez@email.com,Matemáticas III,Dr. Gómez,gomez@uni.com,Ciencias,D-404,Pagado,Transferencia
13898,Carlos Ruiz,cruiz@email.com,Redes II,Lic. Martínez,martinez@uni.com,Telecom,B-202,Pendiente,Tarjeta
13899,Carlos Ruiz,cruiz@email.com,Matemáticas III,Dr. Gómez,gomez@uni.com,Ciencias,D-404,Pagado,Transferencia
13900,Laura Paz,l.paz@email.com,Base de Datos I,Ing. García,garcia@uni.com,Sistemas,A-101,Pagado,Tarjeta
13901,Sofía Vega,s.vega@email.com,Base de Datos I,Ing. García,garcia@uni.com,Sistemas,A-101,Cancelado,Tarjeta
13902,Laura Paz,l.paz@email.com,Base de Datos I,Ing. García,garcia@uni.com,Sistemas,A-101,Cancelado,Transferencia
13903,Juan Pérez,juan.p@email.com,IA Aplicada,Dra. Chen,drchen@uni.com,Sistemas,C-303,Pendiente,Efectivo
13904,Carlos Ruiz,cruiz@email.com,Redes II,Lic. Martínez,martinez@uni.com,Telecom,B-202,Pagado,Transferencia
13905,Juan Pérez,juan.p@email.com,Base de Datos I,Ing. García,garcia@uni.com,Sistemas,A-101,Cancelado,Efectivo
13906,Carlos Ruiz,cruiz@email.com,Redes II,Lic. Martínez,martinez@uni.com,Telecom,B-202,Pagado,Transferencia
13907,Carlos Ruiz,cruiz@email.com,Base de Datos I,Ing. García,garcia@uni.com,Sistemas,A-101,Pendiente,Transferencia
13908,Elena Díaz,e.diaz@email.com,Base de Datos I,Ing. García,garcia@uni.com,Sistemas,A-101,Pagado,Tarjeta
13909,Laura Paz,l.paz@email.com,Matemáticas III,Dr. Gómez,gomez@uni.com,Ciencias,D-404,Pendiente,Transferencia
13910,Diego Luna,dluna@email.com,Base de Datos I,Ing. García,garcia@uni.com,Sistemas,A-101,Cancelado,Transferencia
13911,Carlos Ruiz,cruiz@email.com,Redes II,Lic. Martínez,martinez@uni.com,Telecom,B-202,Pendiente,Transferencia
13912,Diego Luna,dluna@email.com,Base de Datos I,Ing. García,garcia@uni.com,Sistemas,A-101,Pagado,Transferencia
13913,Luis Gómez,luis.g@email.com,Redes II,Lic. Martínez,martinez@uni.com,Telecom,B-202,Pendiente,Tarjeta
13914,Pedro Soto,psoto@email.com,Matemáticas III,Dr. Gómez,gomez@uni.com,Ciencias,D-404,Pagado,Tarjeta
13915,Carlos Ruiz,cruiz@email.com,Base de Datos I,Ing. García,garcia@uni.com,Sistemas,A-101,Pendiente,Tarjeta
13916,Elena Díaz,e.diaz@email.com,Redes II,Lic. Martínez,martinez@uni.com,Telecom,B-202,Pagado,Efectivo
13917,Ana Torres,ana.t@email.com,Matemáticas III,Dr. Gómez,gomez@uni.com,Ciencias,D-404,Pagado,Transferencia
13918,Diego Luna,dluna@email.com,Redes II,Lic. Martínez,martinez@uni.com,Telecom,B-202,Pendiente,Transferencia
13919,Laura Paz,l.paz@email.com,Redes II,Lic. Martínez,martinez@uni.com,Telecom,B-202,Pendiente,Transferencia
13920,Juan Pérez,juan.p@email.com,Base de Datos I,Ing. García,garcia@uni.com,Sistemas,A-101,Pagado,Tarjeta
13921,Juan Pérez,juan.p@email.com,Redes II,Lic. Martínez,martinez@uni.com,Telecom,B-202,Pagado,Efectivo
13922,Pedro Soto,psoto@email.com,IA Aplicada,Dra. Chen,drchen@uni.com,Sistemas,C-303,Pendiente,Efectivo
13923,Laura Paz,l.paz@email.com,IA Aplicada,Dra. Chen,drchen@uni.com,Sistemas,C-303,Pagado,Transferencia
13924,Elena Díaz,e.diaz@email.com,Matemáticas III,Dr. Gómez,gomez@uni.com,Ciencias,D-404,Pendiente,Efectivo
13925,Pedro Soto,psoto@email.com,IA Aplicada,Dra. Chen,drchen@uni.com,Sistemas,C-303,Pagado,Tarjeta
13926,Elena Díaz,e.diaz@email.com,Base de Datos I,Ing. García,garcia@uni.com,Sistemas,A-101,Cancelado,Tarjeta
13927,Elena Díaz,e.diaz@email.com,Matemáticas III,Dr. Gómez,gomez@uni.com,Ciencias,D-404,Cancelado,Transferencia
13928,Ana Torres,ana.t@email.com,Matemáticas III,Dr. Gómez,gomez@uni.com,Ciencias,D-404,Cancelado,Transferencia
13929,Elena Díaz,e.diaz@email.com,Redes II,Lic. Martínez,martinez@uni.com,Telecom,B-202,Pendiente,Efectivo
13930,Elena Díaz,e.diaz@email.com,IA Aplicada,Dra. Chen,drchen@uni.com,Sistemas,C-303,Cancelado,Efectivo
13931,Juan Pérez,juan.p@email.com,IA Aplicada,Dra. Chen,drchen@uni.com,Sistemas,C-303,Pendiente,Transferencia
13932,Carlos Ruiz,cruiz@email.com,Matemáticas III,Dr. Gómez,gomez@uni.com,Ciencias,D-404,Pendiente,Transferencia
13933,Pedro Soto,psoto@email.com,Matemáticas III,Dr. Gómez,gomez@uni.com,Ciencias,D-404,Cancelado,Tarjeta
13934,Diego Luna,dluna@email.com,Base de Datos I,Ing. García,garcia@uni.com,Sistemas,A-101,Pendiente,Transferencia
13935,Carlos Ruiz,cruiz@email.com,Redes II,Lic. Martínez,martinez@uni.com,Telecom,B-202,Cancelado,Tarjeta
13936,Laura Paz,l.paz@email.com,Base de Datos I,Ing. García,garcia@uni.com,Sistemas,A-101,Pendiente,Efectivo
13937,Diego Luna,dluna@email.com,Matemáticas III,Dr. Gómez,gomez@uni.com,Ciencias,D-404,Pagado,Tarjeta
13938,Carlos Ruiz,cruiz@email.com,Redes II,Lic. Martínez,martinez@uni.com,Telecom,B-202,Pendiente,Transferencia
13939,Elena Díaz,e.diaz@email.com,Base de Datos I,Ing. García,garcia@uni.com,Sistemas,A-101,Pagado,Tarjeta
13940,María López,m.lopez@email.com,IA Aplicada,Dra. Chen,drchen@uni.com,Sistemas,C-303,Pendiente,Tarjeta
13941,Sofía Vega,s.vega@email.com,IA Aplicada,Dra. Chen,drchen@uni.com,Sistemas,C-303,Cancelado,Transferencia
13942,Carlos Ruiz,cruiz@email.com,Matemáticas III,Dr. Gómez,gomez@uni.com,Ciencias,D-404,Pagado,Transferencia
13943,Carlos Ruiz,cruiz@email.com,IA Aplicada,Dra. Chen,drchen@uni.com,Sistemas,C-303,Pendiente,Transferencia
13944,María López,m.lopez@email.com,Matemáticas III,Dr. Gómez,gomez@uni.com,Ciencias,D-404,Pagado,Tarjeta
13945,Luis Gómez,luis.g@email.com,Base de Datos I,Ing. García,garcia@uni.com,Sistemas,A-101,Cancelado,Efectivo
13946,María López,m.lopez@email.com,Base de Datos I,Ing. García,garcia@uni.com,Sistemas,A-101,Cancelado,Efectivo
13947,Elena Díaz,e.diaz@email.com,Matemáticas III,Dr. Gómez,gomez@uni.com,Ciencias,D-404,Pendiente,Efectivo
13948,Ana Torres,ana.t@email.com,Base de Datos I,Ing. García,garcia@uni.com,Sistemas,A-101,Pendiente,Tarjeta
13949,Sofía Vega,s.vega@email.com,IA Aplicada,Dra. Chen,drchen@uni.com,Sistemas,C-303,Cancelado,Tarjeta
13950,Pedro Soto,psoto@email.com,Base de Datos I,Ing. García,garcia@uni.com,Sistemas,A-101,Pagado,Tarjeta
13951,Laura Paz,l.paz@email.com,Base de Datos I,Ing. García,garcia@uni.com,Sistemas,A-101,Cancelado,Transferencia
13952,Ana Torres,ana.t@email.com,IA Aplicada,Dra. Chen,drchen@uni.com,Sistemas,C-303,Cancelado,Tarjeta
13953,Carlos Ruiz,cruiz@email.com,Base de Datos I,Ing. García,garcia@uni.com,Sistemas,A-101,Cancelado,Tarjeta
13954,Sofía Vega,s.vega@email.com,Redes II,Lic. Martínez,martinez@uni.com,Telecom,B-202,Cancelado,Transferencia
13955,Ana Torres,ana.t@email.com,Matemáticas III,Dr. Gómez,gomez@uni.com,Ciencias,D-404,Pagado,Tarjeta
13956,Sofía Vega,s.vega@email.com,Base de Datos I,Ing. García,garcia@uni.com,Sistemas,A-101,Pendiente,Tarjeta
13957,Juan Pérez,juan.p@email.com,Redes II,Lic. Martínez,martinez@uni.com,Telecom,B-202,Pendiente,Transferencia
13958,Diego Luna,dluna@email.com,Matemáticas III,Dr. Gómez,gomez@uni.com,Ciencias,D-404,Cancelado,Tarjeta
13959,Carlos Ruiz,cruiz@email.com,Redes II,Lic. Martínez,martinez@uni.com,Telecom,B-202,Cancelado,Tarjeta
13960,Elena Díaz,e.diaz@email.com,Redes II,Lic. Martínez,martinez@uni.com,Telecom,B-202,Pendiente,Efectivo
13961,Laura Paz,l.paz@email.com,IA Aplicada,Dra. Chen,drchen@uni.com,Sistemas,C-303,Cancelado,Efectivo
13962,Elena Díaz,e.diaz@email.com,IA Aplicada,Dra. Chen,drchen@uni.com,Sistemas,C-303,Pagado,Efectivo
13963,Laura Paz,l.paz@email.com,Base de Datos I,Ing. García,garcia@uni.com,Sistemas,A-101,Cancelado,Transferencia
13964,María López,m.lopez@email.com,IA Aplicada,Dra. Chen,drchen@uni.com,Sistemas,C-303,Pendiente,Efectivo
13965,Carlos Ruiz,cruiz@email.com,Redes II,Lic. Martínez,martinez@uni.com,Telecom,B-202,Cancelado,Tarjeta
13966,Carlos Ruiz,cruiz@email.com,Redes II,Lic. Martínez,martinez@uni.com,Telecom,B-202,Pendiente,Efectivo
13967,Carlos Ruiz,cruiz@email.com,IA Aplicada,Dra. Chen,drchen@uni.com,Sistemas,C-303,Cancelado,Efectivo
13968,Juan Pérez,juan.p@email.com,Matemáticas III,Dr. Gómez,gomez@uni.com,Ciencias,D-404,Pagado,Tarjeta
13969,Luis Gómez,luis.g@email.com,Redes II,Lic. Martínez,martinez@uni.com,Telecom,B-202,Pagado,Transferencia
13970,Carlos Ruiz,cruiz@email.com,Redes II,Lic. Martínez,martinez@uni.com,Telecom,B-202,Cancelado,Transferencia
13971,Luis Gómez,luis.g@email.com,Matemáticas III,Dr. Gómez,gomez@uni.com,Ciencias,D-404,Cancelado,Tarjeta
13972,Sofía Vega,s.vega@email.com,Base de Datos I,Ing. García,garcia@uni.com,Sistemas,A-101,Cancelado,Tarjeta
13973,Laura Paz,l.paz@email.com,Matemáticas III,Dr. Gómez,gomez@uni.com,Ciencias,D-404,Pagado,Transferencia
13974,Luis Gómez,luis.g@email.com,IA Aplicada,Dra. Chen,drchen@uni.com,Sistemas,C-303,Pendiente,Tarjeta
13975,Carlos Ruiz,cruiz@email.com,Redes II,Lic. Martínez,martinez@uni.com,Telecom,B-202,Pagado,Tarjeta
13976,Carlos Ruiz,cruiz@email.com,Matemáticas III,Dr. Gómez,gomez@uni.com,Ciencias,D-404,Pagado,Transferencia
13977,Pedro Soto,psoto@email.com,IA Aplicada,Dra. Chen,drchen@uni.com,Sistemas,C-303,Cancelado,Tarjeta
13978,Sofía Vega,s.vega@email.com,Base de Datos I,Ing. García,garcia@uni.com,Sistemas,A-101,Cancelado,Tarjeta
13979,Diego Luna,dluna@email.com,Matemáticas III,Dr. Gómez,gomez@uni.com,Ciencias,D-404,Pendiente,Efectivo
13980,Sofía Vega,s.vega@email.com,IA Aplicada,Dra. Chen,drchen@uni.com,Sistemas,C-303,Pagado,Transferencia
13981,Juan Pérez,juan.p@email.com,Redes II,Lic. Martínez,martinez@uni.com,Telecom,B-202,Pendiente,Transferencia
13982,Juan Pérez,juan.p@email.com,Base de Datos I,Ing. García,garcia@uni.com,Sistemas,A-101,Pendiente,Transferencia
13983,Elena Díaz,e.diaz@email.com,Redes II,Lic. Martínez,martinez@uni.com,Telecom,B-202,Cancelado,Efectivo
13984,María López,m.lopez@email.com,Redes II,Lic. Martínez,martinez@uni.com,Telecom,B-202,Pagado,Transferencia
13985,María López,m.lopez@email.com,Redes II,Lic. Martínez,martinez@uni.com,Telecom,B-202,Cancelado,Tarjeta
13986,Luis Gómez,luis.g@email.com,IA Aplicada,Dra. Chen,drchen@uni.com,Sistemas,C-303,Pendiente,Efectivo
13987,Pedro Soto,psoto@email.com,Base de Datos I,Ing. García,garcia@uni.com,Sistemas,A-101,Pendiente,Efectivo
13988,Ana Torres,ana.t@email.com,Redes II,Lic. Martínez,martinez@uni.com,Telecom,B-202,Cancelado,Tarjeta
13989,Pedro Soto,psoto@email.com,IA Aplicada,Dra. Chen,drchen@uni.com,Sistemas,C-303,Pendiente,Transferencia
13990,Diego Luna,dluna@email.com,Matemáticas III,Dr. Gómez,gomez@uni.com,Ciencias,D-404,Pendiente,Tarjeta
13991,Sofía Vega,s.vega@email.com,Redes II,Lic. Martínez,martinez@uni.com,Telecom,B-202,Pendiente,Efectivo
13992,Pedro Soto,psoto@email.com,Redes II,Lic. Martínez,martinez@uni.com,Telecom,B-202,Pagado,Efectivo
13993,Laura Paz,l.paz@email.com,Matemáticas III,Dr. Gómez,gomez@uni.com,Ciencias,D-404,Cancelado,Efectivo
13994,Pedro Soto,psoto@email.com,Matemáticas III,Dr. Gómez,gomez@uni.com,Ciencias,D-404,Pendiente,Tarjeta
13995,Carlos Ruiz,cruiz@email.com,Redes II,Lic. Martínez,martinez@uni.com,Telecom,B-202,Pagado,Transferencia
13996,Diego Luna,dluna@email.com,Redes II,Lic. Martínez,martinez@uni.com,Telecom,B-202,Pendiente,Efectivo
13997,Carlos Ruiz,cruiz@email.com,Matemáticas III,Dr. Gómez,gomez@uni.com,Ciencias,D-404,Pagado,Efectivo
13998,María López,m.lopez@email.com,Base de Datos I,Ing. García,garcia@uni.com,Sistemas,A-101,Pendiente,Transferencia
13999,María López,m.lopez@email.com,IA Aplicada,Dra. Chen,drchen@uni.com,Sistemas,C-303,Pendiente,Efectivo
14000,Laura Paz,l.paz@email.com,Matemáticas III,Dr. Gómez,gomez@uni.com,Ciencias,D-404,Cancelado,Transferencia
14001,María López,m.lopez@email.com,IA Aplicada,Dra. Chen,drchen@uni.com,Sistemas,C-303,Pagado,Transferencia
14002,Ana Torres,ana.t@email.com,Redes II,Lic. Martínez,martinez@uni.com,Telecom,B-202,Cancelado,Efectivo
14003,María López,m.lopez@email.com,Redes II,Lic. Martínez,martinez@uni.com,Telecom,B-202,Pendiente,Transferencia
14004,Carlos Ruiz,cruiz@email.com,Redes II,Lic. Martínez,martinez@uni.com,Telecom,B-202,Pendiente,Efectivo
14005,Carlos Ruiz,cruiz@email.com,IA Aplicada,Dra. Chen,drchen@uni.com,Sistemas,C-303,Pagado,Tarjeta
14006,Elena Díaz,e.diaz@email.com,Base de Datos I,Ing. García,garcia@uni.com,Sistemas,A-101,Pendiente,Transferencia
14007,Pedro Soto,psoto@email.com,Matemáticas III,Dr. Gómez,gomez@uni.com,Ciencias,D-404,Pendiente,Efectivo
14008,Diego Luna,dluna@email.com,Redes II,Lic. Martínez,martinez@uni.com,Telecom,B-202,Pagado,Tarjeta
14009,Laura Paz,l.paz@email.com,Base de Datos I,Ing. García,garcia@uni.com,Sistemas,A-101,Pendiente,Efectivo
14010,Pedro Soto,psoto@email.com,Base de Datos I,Ing. García,garcia@uni.com,Sistemas,A-101,Cancelado,Efectivo
14011,Diego Luna,dluna@email.com,Redes II,Lic. Martínez,martinez@uni.com,Telecom,B-202,Pendiente,Tarjeta
14012,Diego Luna,dluna@email.com,IA Aplicada,Dra. Chen,drchen@uni.com,Sistemas,C-303,Pagado,Efectivo
14013,Sofía Vega,s.vega@email.com,Base de Datos I,Ing. García,garcia@uni.com,Sistemas,A-101,Pendiente,Transferencia
14014,Elena Díaz,e.diaz@email.com,Matemáticas III,Dr. Gómez,gomez@uni.com,Ciencias,D-404,Cancelado,Transferencia
14015,Juan Pérez,juan.p@email.com,Matemáticas III,Dr. Gómez,gomez@uni.com,Ciencias,D-404,Pendiente,Transferencia
14016,Ana Torres,ana.t@email.com,Base de Datos I,Ing. García,garcia@uni.com,Sistemas,A-101,Pagado,Tarjeta
14017,Luis Gómez,luis.g@email.com,Base de Datos I,Ing. García,garcia@uni.com,Sistemas,A-101,Cancelado,Transferencia
14018,Sofía Vega,s.vega@email.com,IA Aplicada,Dra. Chen,drchen@uni.com,Sistemas,C-303,Pagado,Efectivo
14019,Diego Luna,dluna@email.com,Matemáticas III,Dr. Gómez,gomez@uni.com,Ciencias,D-404,Pagado,Tarjeta
14020,Ana Torres,ana.t@email.com,Base de Datos I,Ing. García,garcia@uni.com,Sistemas,A-101,Pendiente,Efectivo
14021,Ana Torres,ana.t@email.com,Redes II,Lic. Martínez,martinez@uni.com,Telecom,B-202,Cancelado,Transferencia
14022,Luis Gómez,luis.g@email.com,IA Aplicada,Dra. Chen,drchen@uni.com,Sistemas,C-303,Pendiente,Tarjeta
14023,Laura Paz,l.paz@email.com,Matemáticas III,Dr. Gómez,gomez@uni.com,Ciencias,D-404,Pendiente,Transferencia
14024,María López,m.lopez@email.com,Redes II,Lic. Martínez,martinez@uni.com,Telecom,B-202,Pendiente,Efectivo
14025,Laura Paz,l.paz@email.com,Matemáticas III,Dr. Gómez,gomez@uni.com,Ciencias,D-404,Pendiente,Transferencia
14026,Laura Paz,l.paz@email.com,Base de Datos I,Ing. García,garcia@uni.com,Sistemas,A-101,Pendiente,Efectivo
14027,Laura Paz,l.paz@email.com,Base de Datos I,Ing. García,garcia@uni.com,Sistemas,A-101,Pagado,Tarjeta
14028,Luis Gómez,luis.g@email.com,Redes II,Lic. Martínez,martinez@uni.com,Telecom,B-202,Pagado,Transferencia
14029,Luis Gómez,luis.g@email.com,Base de Datos I,Ing. García,garcia@uni.com,Sistemas,A-101,Cancelado,Efectivo
14030,Sofía Vega,s.vega@email.com,Redes II,Lic. Martínez,martinez@uni.com,Telecom,B-202,Pendiente,Efectivo
14031,Ana Torres,ana.t@email.com,Base de Datos I,Ing. García,garcia@uni.com,Sistemas,A-101,Pagado,Transferencia
14032,Ana Torres,ana.t@email.com,Matemáticas III,Dr. Gómez,gomez@uni.com,Ciencias,D-404,Pagado,Transferencia
14033,Sofía Vega,s.vega@email.com,IA Aplicada,Dra. Chen,drchen@uni.com,Sistemas,C-303,Pagado,Tarjeta
14034,Sofía Vega,s.vega@email.com,Base de Datos I,Ing. García,garcia@uni.com,Sistemas,A-101,Cancelado,Transferencia
14035,Diego Luna,dluna@email.com,Matemáticas III,Dr. Gómez,gomez@uni.com,Ciencias,D-404,Pendiente,Tarjeta
14036,Sofía Vega,s.vega@email.com,Base de Datos I,Ing. García,garcia@uni.com,Sistemas,A-101,Pagado,Tarjeta
14037,María López,m.lopez@email.com,Matemáticas III,Dr. Gómez,gomez@uni.com,Ciencias,D-404,Pagado,Transferencia
14038,María López,m.lopez@email.com,Redes II,Lic. Martínez,martinez@uni.com,Telecom,B-202,Cancelado,Efectivo
14039,Laura Paz,l.paz@email.com,Matemáticas III,Dr. Gómez,gomez@uni.com,Ciencias,D-404,Cancelado,Transferencia
14040,Laura Paz,l.paz@email.com,IA Aplicada,Dra. Chen,drchen@uni.com,Sistemas,C-303,Pagado,Transferencia
14041,Ana Torres,ana.t@email.com,Matemáticas III,Dr. Gómez,gomez@uni.com,Ciencias,D-404,Cancelado,Tarjeta
14042,María López,m.lopez@email.com,Base de Datos I,Ing. García,garcia@uni.com,Sistemas,A-101,Cancelado,Tarjeta
14043,Elena Díaz,e.diaz@email.com,IA Aplicada,Dra. Chen,drchen@uni.com,Sistemas,C-303,Pendiente,Efectivo
14044,Diego Luna,dluna@email.com,IA Aplicada,Dra. Chen,drchen@uni.com,Sistemas,C-303,Cancelado,Efectivo
14045,Laura Paz,l.paz@email.com,Matemáticas III,Dr. Gómez,gomez@uni.com,Ciencias,D-404,Pagado,Efectivo
14046,Sofía Vega,s.vega@email.com,Base de Datos I,Ing. García,garcia@uni.com,Sistemas,A-101,Pendiente,Tarjeta
14047,Sofía Vega,s.vega@email.com,Base de Datos I,Ing. García,garcia@uni.com,Sistemas,A-101,Pendiente,Efectivo
14048,Pedro Soto,psoto@email.com,IA Aplicada,Dra. Chen,drchen@uni.com,Sistemas,C-303,Pagado,Efectivo
14049,Carlos Ruiz,cruiz@email.com,Redes II,Lic. Martínez,martinez@uni.com,Telecom,B-202,Pagado,Efectivo
14050,Ana Torres,ana.t@email.com,Base de Datos I,Ing. García,garcia@uni.com,Sistemas,A-101,Cancelado,Transferencia
14051,Elena Díaz,e.diaz@email.com,Base de Datos I,Ing. García,garcia@uni.com,Sistemas,A-101,Pagado,Transferencia
14052,Elena Díaz,e.diaz@email.com,Redes II,Lic. Martínez,martinez@uni.com,Telecom,B-202,Pendiente,Transferencia
14053,Carlos Ruiz,cruiz@email.com,IA Aplicada,Dra. Chen,drchen@uni.com,Sistemas,C-303,Cancelado,Tarjeta
14054,Diego Luna,dluna@email.com,Base de Datos I,Ing. García,garcia@uni.com,Sistemas,A-101,Cancelado,Transferencia
14055,Laura Paz,l.paz@email.com,Base de Datos I,Ing. García,garcia@uni.com,Sistemas,A-101,Cancelado,Transferencia
14056,Ana Torres,ana.t@email.com,IA Aplicada,Dra. Chen,drchen@uni.com,Sistemas,C-303,Cancelado,Tarjeta
14057,Laura Paz,l.paz@email.com,Matemáticas III,Dr. Gómez,gomez@uni.com,Ciencias,D-404,Pagado,Tarjeta
14058,Luis Gómez,luis.g@email.com,Redes II,Lic. Martínez,martinez@uni.com,Telecom,B-202,Pagado,Tarjeta
14059,Pedro Soto,psoto@email.com,Base de Datos I,Ing. García,garcia@uni.com,Sistemas,A-101,Cancelado,Transferencia
14060,Carlos Ruiz,cruiz@email.com,Redes II,Lic. Martínez,martinez@uni.com,Telecom,B-202,Pendiente,Efectivo
14061,Pedro Soto,psoto@email.com,Redes II,Lic. Martínez,martinez@uni.com,Telecom,B-202,Cancelado,Transferencia
14062,Ana Torres,ana.t@email.com,Redes II,Lic. Martínez,martinez@uni.com,Telecom,B-202,Pagado,Tarjeta
14063,Juan Pérez,juan.p@email.com,Matemáticas III,Dr. Gómez,gomez@uni.com,Ciencias,D-404,Pendiente,Transferencia
14064,Ana Torres,ana.t@email.com,Matemáticas III,Dr. Gómez,gomez@uni.com,Ciencias,D-404,Pendiente,Transferencia
14065,Pedro Soto,psoto@email.com,Base de Datos I,Ing. García,garcia@uni.com,Sistemas,A-101,Cancelado,Efectivo
14066,Diego Luna,dluna@email.com,Redes II,Lic. Martínez,martinez@uni.com,Telecom,B-202,Pagado,Tarjeta
14067,Juan Pérez,juan.p@email.com,Redes II,Lic. Martínez,martinez@uni.com,Telecom,B-202,Cancelado,Transferencia
14068,María López,m.lopez@email.com,Redes II,Lic. Martínez,martinez@uni.com,Telecom,B-202,Pagado,Transferencia
14069,María López,m.lopez@email.com,Base de Datos I,Ing. García,garcia@uni.com,Sistemas,A-101,Pagado,Tarjeta
14070,Sofía Vega,s.vega@email.com,Base de Datos I,Ing. García,garcia@uni.com,Sistemas,A-101,Cancelado,Efectivo
14071,Luis Gómez,luis.g@email.com,Matemáticas III,Dr. Gómez,gomez@uni.com,Ciencias,D-404,Pendiente,Transferencia
14072,Sofía Vega,s.vega@email.com,IA Aplicada,Dra. Chen,drchen@uni.com,Sistemas,C-303,Cancelado,Efectivo
14073,Laura Paz,l.paz@email.com,Redes II,Lic. Martínez,martinez@uni.com,Telecom,B-202,Pagado,Efectivo
14074,Juan Pérez,juan.p@email.com,IA Aplicada,Dra. Chen,drchen@uni.com,Sistemas,C-303,Cancelado,Tarjeta
14075,Carlos Ruiz,cruiz@email.com,Base de Datos I,Ing. García,garcia@uni.com,Sistemas,A-101,Pendiente,Transferencia
14076,Ana Torres,ana.t@email.com,Base de Datos I,Ing. García,garcia@uni.com,Sistemas,A-101,Pendiente,Efectivo
14077,Sofía Vega,s.vega@email.com,Redes II,Lic. Martínez,martinez@uni.com,Telecom,B-202,Cancelado,Efectivo
14078,María López,m.lopez@email.com,IA Aplicada,Dra. Chen,drchen@uni.com,Sistemas,C-303,Pagado,Tarjeta
14079,Diego Luna,dluna@email.com,IA Aplicada,Dra. Chen,drchen@uni.com,Sistemas,C-303,Pendiente,Transferencia
14080,Sofía Vega,s.vega@email.com,Redes II,Lic. Martínez,martinez@uni.com,Telecom,B-202,Pendiente,Efectivo
14081,Elena Díaz,e.diaz@email.com,Matemáticas III,Dr. Gómez,gomez@uni.com,Ciencias,D-404,Cancelado,Transferencia
14082,Diego Luna,dluna@email.com,Matemáticas III,Dr. Gómez,gomez@uni.com,Ciencias,D-404,Pendiente,Transferencia
14083,Ana Torres,ana.t@email.com,Redes II,Lic. Martínez,martinez@uni.com,Telecom,B-202,Pendiente,Tarjeta
14084,Laura Paz,l.paz@email.com,Matemáticas III,Dr. Gómez,gomez@uni.com,Ciencias,D-404,Pagado,Efectivo
14085,Carlos Ruiz,cruiz@email.com,Matemáticas III,Dr. Gómez,gomez@uni.com,Ciencias,D-404,Pendiente,Transferencia
14086,María López,m.lopez@email.com,IA Aplicada,Dra. Chen,drchen@uni.com,Sistemas,C-303,Cancelado,Efectivo
14087,Juan Pérez,juan.p@email.com,Matemáticas III,Dr. Gómez,gomez@uni.com,Ciencias,D-404,Pagado,Transferencia
14088,Ana Torres,ana.t@email.com,Base de Datos I,Ing. García,garcia@uni.com,Sistemas,A-101,Cancelado,Tarjeta
14089,Elena Díaz,e.diaz@email.com,IA Aplicada,Dra. Chen,drchen@uni.com,Sistemas,C-303,Pagado,Tarjeta
14090,Ana Torres,ana.t@email.com,Matemáticas III,Dr. Gómez,gomez@uni.com,Ciencias,D-404,Pendiente,Efectivo
14091,Luis Gómez,luis.g@email.com,Base de Datos I,Ing. García,garcia@uni.com,Sistemas,A-101,Pagado,Efectivo
14092,María López,m.lopez@email.com,Matemáticas III,Dr. Gómez,gomez@uni.com,Ciencias,D-404,Pagado,Tarjeta
14093,Carlos Ruiz,cruiz@email.com,IA Aplicada,Dra. Chen,drchen@uni.com,Sistemas,C-303,Cancelado,Transferencia
14094,Ana Torres,ana.t@email.com,Matemáticas III,Dr. Gómez,gomez@uni.com,Ciencias,D-404,Pagado,Efectivo
14095,Laura Paz,l.paz@email.com,Base de Datos I,Ing. García,garcia@uni.com,Sistemas,A-101,Pagado,Efectivo
14096,María López,m.lopez@email.com,Matemáticas III,Dr. Gómez,gomez@uni.com,Ciencias,D-404,Cancelado,Transferencia
14097,Pedro Soto,psoto@email.com,Base de Datos I,Ing. García,garcia@uni.com,Sistemas,A-101,Pagado,Efectivo
14098,Juan Pérez,juan.p@email.com,Matemáticas III,Dr. Gómez,gomez@uni.com,Ciencias,D-404,Cancelado,Transferencia
14099,María López,m.lopez@email.com,Matemáticas III,Dr. Gómez,gomez@uni.com,Ciencias,D-404,Pendiente,Tarjeta
14100,Luis Gómez,luis.g@email.com,Redes II,Lic. Martínez,martinez@uni.com,Telecom,B-202,Pagado,Transferencia
14101,Ana Torres,ana.t@email.com,Matemáticas III,Dr. Gómez,gomez@uni.com,Ciencias,D-404,Pagado,Tarjeta
14102,Diego Luna,dluna@email.com,IA Aplicada,Dra. Chen,drchen@uni.com,Sistemas,C-303,Cancelado,Transferencia
14103,Laura Paz,l.paz@email.com,Base de Datos I,Ing. García,garcia@uni.com,Sistemas,A-101,Pagado,Tarjeta
14104,Luis Gómez,luis.g@email.com,Redes II,Lic. Martínez,martinez@uni.com,Telecom,B-202,Pendiente,Tarjeta
14105,Elena Díaz,e.diaz@email.com,Redes II,Lic. Martínez,martinez@uni.com,Telecom,B-202,Pagado,Efectivo
14106,Sofía Vega,s.vega@email.com,Redes II,Lic. Martínez,martinez@uni.com,Telecom,B-202,Pendiente,Efectivo
14107,Pedro Soto,psoto@email.com,Redes II,Lic. Martínez,martinez@uni.com,Telecom,B-202,Pendiente,Efectivo
14108,María López,m.lopez@email.com,Base de Datos I,Ing. García,garcia@uni.com,Sistemas,A-101,Cancelado,Tarjeta
14109,Carlos Ruiz,cruiz@email.com,Redes II,Lic. Martínez,martinez@uni.com,Telecom,B-202,Pagado,Efectivo
14110,Carlos Ruiz,cruiz@email.com,Matemáticas III,Dr. Gómez,gomez@uni.com,Ciencias,D-404,Pendiente,Efectivo
14111,Sofía Vega,s.vega@email.com,Matemáticas III,Dr. Gómez,gomez@uni.com,Ciencias,D-404,Pendiente,Transferencia
14112,Juan Pérez,juan.p@email.com,IA Aplicada,Dra. Chen,drchen@uni.com,Sistemas,C-303,Pendiente,Transferencia
14113,Juan Pérez,juan.p@email.com,Matemáticas III,Dr. Gómez,gomez@uni.com,Ciencias,D-404,Cancelado,Transferencia
14114,Laura Paz,l.paz@email.com,Matemáticas III,Dr. Gómez,gomez@uni.com,Ciencias,D-404,Pendiente,Transferencia
14115,Ana Torres,ana.t@email.com,IA Aplicada,Dra. Chen,drchen@uni.com,Sistemas,C-303,Cancelado,Tarjeta
14116,Sofía Vega,s.vega@email.com,IA Aplicada,Dra. Chen,drchen@uni.com,Sistemas,C-303,Pagado,Efectivo
14117,Carlos Ruiz,cruiz@email.com,IA Aplicada,Dra. Chen,drchen@uni.com,Sistemas,C-303,Pagado,Efectivo
14118,Juan Pérez,juan.p@email.com,Matemáticas III,Dr. Gómez,gomez@uni.com,Ciencias,D-404,Cancelado,Transferencia
14119,Diego Luna,dluna@email.com,IA Aplicada,Dra. Chen,drchen@uni.com,Sistemas,C-303,Pendiente,Tarjeta
14120,Laura Paz,l.paz@email.com,IA Aplicada,Dra. Chen,drchen@uni.com,Sistemas,C-303,Pendiente,Tarjeta
14121,Diego Luna,dluna@email.com,Matemáticas III,Dr. Gómez,gomez@uni.com,Ciencias,D-404,Pendiente,Transferencia
14122,Carlos Ruiz,cruiz@email.com,Redes II,Lic. Martínez,martinez@uni.com,Telecom,B-202,Pendiente,Efectivo
14123,Diego Luna,dluna@email.com,Redes II,Lic. Martínez,martinez@uni.com,Telecom,B-202,Pendiente,Transferencia
14124,Carlos Ruiz,cruiz@email.com,Matemáticas III,Dr. Gómez,gomez@uni.com,Ciencias,D-404,Cancelado,Tarjeta
14125,Laura Paz,l.paz@email.com,Base de Datos I,Ing. García,garcia@uni.com,Sistemas,A-101,Pendiente,Tarjeta
14126,Pedro Soto,psoto@email.com,Base de Datos I,Ing. García,garcia@uni.com,Sistemas,A-101,Pendiente,Transferencia
14127,Laura Paz,l.paz@email.com,IA Aplicada,Dra. Chen,drchen@uni.com,Sistemas,C-303,Pagado,Transferencia
14128,Diego Luna,dluna@email.com,Redes II,Lic. Martínez,martinez@uni.com,Telecom,B-202,Pendiente,Transferencia
14129,Juan Pérez,juan.p@email.com,Redes II,Lic. Martínez,martinez@uni.com,Telecom,B-202,Pagado,Efectivo
14130,Ana Torres,ana.t@email.com,Base de Datos I,Ing. García,garcia@uni.com,Sistemas,A-101,Pendiente,Efectivo
14131,María López,m.lopez@email.com,Redes II,Lic. Martínez,martinez@uni.com,Telecom,B-202,Pagado,Transferencia
14132,Pedro Soto,psoto@email.com,Matemáticas III,Dr. Gómez,gomez@uni.com,Ciencias,D-404,Cancelado,Transferencia
14133,Pedro Soto,psoto@email.com,IA Aplicada,Dra. Chen,drchen@uni.com,Sistemas,C-303,Pagado,Tarjeta
14134,Laura Paz,l.paz@email.com,Base de Datos I,Ing. García,garcia@uni.com,Sistemas,A-101,Pendiente,Transferencia
14135,Juan Pérez,juan.p@email.com,Matemáticas III,Dr. Gómez,gomez@uni.com,Ciencias,D-404,Pendiente,Efectivo
14136,Elena Díaz,e.diaz@email.com,IA Aplicada,Dra. Chen,drchen@uni.com,Sistemas,C-303,Pagado,Transferencia
14137,Ana Torres,ana.t@email.com,Redes II,Lic. Martínez,martinez@uni.com,Telecom,B-202,Pagado,Tarjeta
14138,Laura Paz,l.paz@email.com,Base de Datos I,Ing. García,garcia@uni.com,Sistemas,A-101,Pendiente,Efectivo
14139,Diego Luna,dluna@email.com,Base de Datos I,Ing. García,garcia@uni.com,Sistemas,A-101,Cancelado,Tarjeta
14140,Ana Torres,ana.t@email.com,Matemáticas III,Dr. Gómez,gomez@uni.com,Ciencias,D-404,Pendiente,Transferencia
14141,Diego Luna,dluna@email.com,Matemáticas III,Dr. Gómez,gomez@uni.com,Ciencias,D-404,Cancelado,Efectivo
14142,Pedro Soto,psoto@email.com,Redes II,Lic. Martínez,martinez@uni.com,Telecom,B-202,Cancelado,Tarjeta
14143,Laura Paz,l.paz@email.com,Base de Datos I,Ing. García,garcia@uni.com,Sistemas,A-101,Cancelado,Transferencia
14144,Diego Luna,dluna@email.com,Matemáticas III,Dr. Gómez,gomez@uni.com,Ciencias,D-404,Pagado,Tarjeta
14145,Carlos Ruiz,cruiz@email.com,Base de Datos I,Ing. García,garcia@uni.com,Sistemas,A-101,Pagado,Efectivo
14146,Luis Gómez,luis.g@email.com,Matemáticas III,Dr. Gómez,gomez@uni.com,Ciencias,D-404,Pagado,Transferencia
14147,Diego Luna,dluna@email.com,Matemáticas III,Dr. Gómez,gomez@uni.com,Ciencias,D-404,Cancelado,Transferencia
14148,Diego Luna,dluna@email.com,IA Aplicada,Dra. Chen,drchen@uni.com,Sistemas,C-303,Cancelado,Tarjeta
14149,Carlos Ruiz,cruiz@email.com,Matemáticas III,Dr. Gómez,gomez@uni.com,Ciencias,D-404,Pagado,Tarjeta
14150,Diego Luna,dluna@email.com,IA Aplicada,Dra. Chen,drchen@uni.com,Sistemas,C-303,Cancelado,Transferencia
14151,Carlos Ruiz,cruiz@email.com,Base de Datos I,Ing. García,garcia@uni.com,Sistemas,A-101,Pagado,Transferencia
14152,Juan Pérez,juan.p@email.com,Redes II,Lic. Martínez,martinez@uni.com,Telecom,B-202,Pagado,Transferencia
14153,Juan Pérez,juan.p@email.com,Redes II,Lic. Martínez,martinez@uni.com,Telecom,B-202,Cancelado,Tarjeta
14154,Laura Paz,l.paz@email.com,IA Aplicada,Dra. Chen,drchen@uni.com,Sistemas,C-303,Cancelado,Efectivo
14155,Ana Torres,ana.t@email.com,Base de Datos I,Ing. García,garcia@uni.com,Sistemas,A-101,Cancelado,Efectivo
14156,María López,m.lopez@email.com,Matemáticas III,Dr. Gómez,gomez@uni.com,Ciencias,D-404,Cancelado,Tarjeta
14157,Sofía Vega,s.vega@email.com,Redes II,Lic. Martínez,martinez@uni.com,Telecom,B-202,Pagado,Tarjeta
14158,Elena Díaz,e.diaz@email.com,Matemáticas III,Dr. Gómez,gomez@uni.com,Ciencias,D-404,Pagado,Transferencia
14159,Juan Pérez,juan.p@email.com,Redes II,Lic. Martínez,martinez@uni.com,Telecom,B-202,Pendiente,Tarjeta
14160,Sofía Vega,s.vega@email.com,IA Aplicada,Dra. Chen,drchen@uni.com,Sistemas,C-303,Pagado,Transferencia
14161,Sofía Vega,s.vega@email.com,Redes II,Lic. Martínez,martinez@uni.com,Telecom,B-202,Pendiente,Efectivo
14162,Pedro Soto,psoto@email.com,Redes II,Lic. Martínez,martinez@uni.com,Telecom,B-202,Pagado,Efectivo
14163,Elena Díaz,e.diaz@email.com,IA Aplicada,Dra. Chen,drchen@uni.com,Sistemas,C-303,Cancelado,Transferencia
14164,Ana Torres,ana.t@email.com,Redes II,Lic. Martínez,martinez@uni.com,Telecom,B-202,Cancelado,Tarjeta
14165,Laura Paz,l.paz@email.com,Redes II,Lic. Martínez,martinez@uni.com,Telecom,B-202,Pendiente,Tarjeta
14166,Pedro Soto,psoto@email.com,Base de Datos I,Ing. García,garcia@uni.com,Sistemas,A-101,Cancelado,Transferencia
14167,Laura Paz,l.paz@email.com,Redes II,Lic. Martínez,martinez@uni.com,Telecom,B-202,Pagado,Transferencia
14168,Elena Díaz,e.diaz@email.com,Base de Datos I,Ing. García,garcia@uni.com,Sistemas,A-101,Pagado,Transferencia
14169,Pedro Soto,psoto@email.com,Base de Datos I,Ing. García,garcia@uni.com,Sistemas,A-101,Pendiente,Tarjeta
14170,Elena Díaz,e.diaz@email.com,IA Aplicada,Dra. Chen,drchen@uni.com,Sistemas,C-303,Cancelado,Transferencia
14171,Sofía Vega,s.vega@email.com,Matemáticas III,Dr. Gómez,gomez@uni.com,Ciencias,D-404,Pagado,Transferencia
14172,María López,m.lopez@email.com,Redes II,Lic. Martínez,martinez@uni.com,Telecom,B-202,Pagado,Tarjeta
14173,Elena Díaz,e.diaz@email.com,Matemáticas III,Dr. Gómez,gomez@uni.com,Ciencias,D-404,Cancelado,Tarjeta
14174,Diego Luna,dluna@email.com,Redes II,Lic. Martínez,martinez@uni.com,Telecom,B-202,Pagado,Efectivo
14175,Juan Pérez,juan.p@email.com,Redes II,Lic. Martínez,martinez@uni.com,Telecom,B-202,Cancelado,Transferencia
14176,Ana Torres,ana.t@email.com,Redes II,Lic. Martínez,martinez@uni.com,Telecom,B-202,Cancelado,Transferencia
14177,Laura Paz,l.paz@email.com,IA Aplicada,Dra. Chen,drchen@uni.com,Sistemas,C-303,Pendiente,Tarjeta
14178,Juan Pérez,juan.p@email.com,Redes II,Lic. Martínez,martinez@uni.com,Telecom,B-202,Cancelado,Tarjeta
14179,Elena Díaz,e.diaz@email.com,IA Aplicada,Dra. Chen,drchen@uni.com,Sistemas,C-303,Pagado,Tarjeta
14180,Juan Pérez,juan.p@email.com,Matemáticas III,Dr. Gómez,gomez@uni.com,Ciencias,D-404,Pendiente,Tarjeta
14181,Luis Gómez,luis.g@email.com,Base de Datos I,Ing. García,garcia@uni.com,Sistemas,A-101,Pendiente,Tarjeta
14182,Ana Torres,ana.t@email.com,Base de Datos I,Ing. García,garcia@uni.com,Sistemas,A-101,Pagado,Efectivo
14183,Pedro Soto,psoto@email.com,IA Aplicada,Dra. Chen,drchen@uni.com,Sistemas,C-303,Cancelado,Transferencia
14184,Juan Pérez,juan.p@email.com,IA Aplicada,Dra. Chen,drchen@uni.com,Sistemas,C-303,Cancelado,Tarjeta
14185,Juan Pérez,juan.p@email.com,Base de Datos I,Ing. García,garcia@uni.com,Sistemas,A-101,Pendiente,Transferencia
14186,Carlos Ruiz,cruiz@email.com,Base de Datos I,Ing. García,garcia@uni.com,Sistemas,A-101,Pagado,Efectivo
14187,Ana Torres,ana.t@email.com,Base de Datos I,Ing. García,garcia@uni.com,Sistemas,A-101,Pagado,Efectivo
14188,Laura Paz,l.paz@email.com,Redes II,Lic. Martínez,martinez@uni.com,Telecom,B-202,Cancelado,Efectivo
14189,Juan Pérez,juan.p@email.com,Base de Datos I,Ing. García,garcia@uni.com,Sistemas,A-101,Pagado,Efectivo
14190,Luis Gómez,luis.g@email.com,Matemáticas III,Dr. Gómez,gomez@uni.com,Ciencias,D-404,Cancelado,Tarjeta
14191,Pedro Soto,psoto@email.com,Matemáticas III,Dr. Gómez,gomez@uni.com,Ciencias,D-404,Pagado,Efectivo
14192,Elena Díaz,e.diaz@email.com,Redes II,Lic. Martínez,martinez@uni.com,Telecom,B-202,Pagado,Transferencia
14193,Diego Luna,dluna@email.com,IA Aplicada,Dra. Chen,drchen@uni.com,Sistemas,C-303,Pagado,Tarjeta
14194,Laura Paz,l.paz@email.com,Matemáticas III,Dr. Gómez,gomez@uni.com,Ciencias,D-404,Pagado,Transferencia
14195,Elena Díaz,e.diaz@email.com,Base de Datos I,Ing. García,garcia@uni.com,Sistemas,A-101,Cancelado,Tarjeta
14196,Sofía Vega,s.vega@email.com,Base de Datos I,Ing. García,garcia@uni.com,Sistemas,A-101,Pendiente,Tarjeta
14197,Diego Luna,dluna@email.com,Matemáticas III,Dr. Gómez,gomez@uni.com,Ciencias,D-404,Pagado,Efectivo
14198,Juan Pérez,juan.p@email.com,Matemáticas III,Dr. Gómez,gomez@uni.com,Ciencias,D-404,Cancelado,Transferencia
14199,Carlos Ruiz,cruiz@email.com,Redes II,Lic. Martínez,martinez@uni.com,Telecom,B-202,Cancelado,Transferencia
14200,María López,m.lopez@email.com,Redes II,Lic. Martínez,martinez@uni.com,Telecom,B-202,Pendiente,Tarjeta
14201,Pedro Soto,psoto@email.com,Matemáticas III,Dr. Gómez,gomez@uni.com,Ciencias,D-404,Pendiente,Transferencia
14202,Laura Paz,l.paz@email.com,IA Aplicada,Dra. Chen,drchen@uni.com,Sistemas,C-303,Cancelado,Efectivo
14203,Juan Pérez,juan.p@email.com,Matemáticas III,Dr. Gómez,gomez@uni.com,Ciencias,D-404,Cancelado,Efectivo
14204,Ana Torres,ana.t@email.com,Redes II,Lic. Martínez,martinez@uni.com,Telecom,B-202,Cancelado,Transferencia
14205,Juan Pérez,juan.p@email.com,Matemáticas III,Dr. Gómez,gomez@uni.com,Ciencias,D-404,Pagado,Transferencia
14206,Juan Pérez,juan.p@email.com,Base de Datos I,Ing. García,garcia@uni.com,Sistemas,A-101,Cancelado,Tarjeta
14207,Sofía Vega,s.vega@email.com,IA Aplicada,Dra. Chen,drchen@uni.com,Sistemas,C-303,Pendiente,Tarjeta
14208,Juan Pérez,juan.p@email.com,IA Aplicada,Dra. Chen,drchen@uni.com,Sistemas,C-303,Pendiente,Tarjeta
14209,Pedro Soto,psoto@email.com,IA Aplicada,Dra. Chen,drchen@uni.com,Sistemas,C-303,Pendiente,Tarjeta
14210,Diego Luna,dluna@email.com,Redes II,Lic. Martínez,martinez@uni.com,Telecom,B-202,Pendiente,Efectivo
14211,Ana Torres,ana.t@email.com,Matemáticas III,Dr. Gómez,gomez@uni.com,Ciencias,D-404,Cancelado,Tarjeta
14212,Sofía Vega,s.vega@email.com,Matemáticas III,Dr. Gómez,gomez@uni.com,Ciencias,D-404,Pendiente,Transferencia
14213,Laura Paz,l.paz@email.com,Redes II,Lic. Martínez,martinez@uni.com,Telecom,B-202,Pagado,Efectivo
14214,Pedro Soto,psoto@email.com,Base de Datos I,Ing. García,garcia@uni.com,Sistemas,A-101,Pagado,Efectivo
14215,Luis Gómez,luis.g@email.com,IA Aplicada,Dra. Chen,drchen@uni.com,Sistemas,C-303,Pendiente,Transferencia
14216,Pedro Soto,psoto@email.com,IA Aplicada,Dra. Chen,drchen@uni.com,Sistemas,C-303,Pagado,Efectivo
14217,Carlos Ruiz,cruiz@email.com,Base de Datos I,Ing. García,garcia@uni.com,Sistemas,A-101,Pagado,Transferencia
14218,Sofía Vega,s.vega@email.com,Redes II,Lic. Martínez,martinez@uni.com,Telecom,B-202,Pagado,Efectivo
14219,Pedro Soto,psoto@email.com,Base de Datos I,Ing. García,garcia@uni.com,Sistemas,A-101,Cancelado,Efectivo
14220,Pedro Soto,psoto@email.com,Redes II,Lic. Martínez,martinez@uni.com,Telecom,B-202,Cancelado,Transferencia
14221,Carlos Ruiz,cruiz@email.com,Redes II,Lic. Martínez,martinez@uni.com,Telecom,B-202,Pendiente,Transferencia
14222,Pedro Soto,psoto@email.com,Base de Datos I,Ing. García,garcia@uni.com,Sistemas,A-101,Pendiente,Tarjeta
14223,Juan Pérez,juan.p@email.com,Redes II,Lic. Martínez,martinez@uni.com,Telecom,B-202,Pagado,Efectivo
14224,Elena Díaz,e.diaz@email.com,Redes II,Lic. Martínez,martinez@uni.com,Telecom,B-202,Cancelado,Tarjeta
14225,Diego Luna,dluna@email.com,Matemáticas III,Dr. Gómez,gomez@uni.com,Ciencias,D-404,Pagado,Tarjeta
14226,Diego Luna,dluna@email.com,Matemáticas III,Dr. Gómez,gomez@uni.com,Ciencias,D-404,Pendiente,Transferencia
14227,Elena Díaz,e.diaz@email.com,Matemáticas III,Dr. Gómez,gomez@uni.com,Ciencias,D-404,Cancelado,Efectivo
14228,María López,m.lopez@email.com,Redes II,Lic. Martínez,martinez@uni.com,Telecom,B-202,Pagado,Tarjeta
14229,Elena Díaz,e.diaz@email.com,IA Aplicada,Dra. Chen,drchen@uni.com,Sistemas,C-303,Pagado,Tarjeta
14230,Elena Díaz,e.diaz@email.com,Redes II,Lic. Martínez,martinez@uni.com,Telecom,B-202,Pagado,Efectivo
14231,Laura Paz,l.paz@email.com,Matemáticas III,Dr. Gómez,gomez@uni.com,Ciencias,D-404,Pendiente,Transferencia
14232,María López,m.lopez@email.com,Base de Datos I,Ing. García,garcia@uni.com,Sistemas,A-101,Pagado,Tarjeta
14233,Juan Pérez,juan.p@email.com,Matemáticas III,Dr. Gómez,gomez@uni.com,Ciencias,D-404,Cancelado,Transferencia
14234,Luis Gómez,luis.g@email.com,Base de Datos I,Ing. García,garcia@uni.com,Sistemas,A-101,Cancelado,Efectivo
14235,Juan Pérez,juan.p@email.com,Redes II,Lic. Martínez,martinez@uni.com,Telecom,B-202,Pendiente,Efectivo
14236,Luis Gómez,luis.g@email.com,IA Aplicada,Dra. Chen,drchen@uni.com,Sistemas,C-303,Pagado,Tarjeta
14237,Elena Díaz,e.diaz@email.com,Base de Datos I,Ing. García,garcia@uni.com,Sistemas,A-101,Pendiente,Tarjeta
14238,Pedro Soto,psoto@email.com,Redes II,Lic. Martínez,martinez@uni.com,Telecom,B-202,Pagado,Transferencia
14239,Carlos Ruiz,cruiz@email.com,Matemáticas III,Dr. Gómez,gomez@uni.com,Ciencias,D-404,Pagado,Transferencia
14240,Elena Díaz,e.diaz@email.com,Matemáticas III,Dr. Gómez,gomez@uni.com,Ciencias,D-404,Pagado,Tarjeta
14241,Laura Paz,l.paz@email.com,Redes II,Lic. Martínez,martinez@uni.com,Telecom,B-202,Pendiente,Tarjeta
14242,Juan Pérez,juan.p@email.com,Base de Datos I,Ing. García,garcia@uni.com,Sistemas,A-101,Pendiente,Transferencia
14243,Carlos Ruiz,cruiz@email.com,Redes II,Lic. Martínez,martinez@uni.com,Telecom,B-202,Pagado,Tarjeta
14244,Luis Gómez,luis.g@email.com,Matemáticas III,Dr. Gómez,gomez@uni.com,Ciencias,D-404,Cancelado,Tarjeta
14245,Laura Paz,l.paz@email.com,IA Aplicada,Dra. Chen,drchen@uni.com,Sistemas,C-303,Cancelado,Efectivo
14246,Carlos Ruiz,cruiz@email.com,Base de Datos I,Ing. García,garcia@uni.com,Sistemas,A-101,Pagado,Tarjeta
14247,Pedro Soto,psoto@email.com,Base de Datos I,Ing. García,garcia@uni.com,Sistemas,A-101,Cancelado,Transferencia
14248,Diego Luna,dluna@email.com,IA Aplicada,Dra. Chen,drchen@uni.com,Sistemas,C-303,Pendiente,Tarjeta
14249,Elena Díaz,e.diaz@email.com,Redes II,Lic. Martínez,martinez@uni.com,Telecom,B-202,Pagado,Transferencia
14250,Ana Torres,ana.t@email.com,Redes II,Lic. Martínez,martinez@uni.com,Telecom,B-202,Cancelado,Transferencia
14251,Diego Luna,dluna@email.com,Matemáticas III,Dr. Gómez,gomez@uni.com,Ciencias,D-404,Pagado,Tarjeta
14252,María López,m.lopez@email.com,IA Aplicada,Dra. Chen,drchen@uni.com,Sistemas,C-303,Pagado,Efectivo
14253,María López,m.lopez@email.com,Base de Datos I,Ing. García,garcia@uni.com,Sistemas,A-101,Pagado,Efectivo
14254,María López,m.lopez@email.com,Base de Datos I,Ing. García,garcia@uni.com,Sistemas,A-101,Pagado,Efectivo
14255,María López,m.lopez@email.com,Matemáticas III,Dr. Gómez,gomez@uni.com,Ciencias,D-404,Pagado,Transferencia
14256,Elena Díaz,e.diaz@email.com,Base de Datos I,Ing. García,garcia@uni.com,Sistemas,A-101,Pagado,Transferencia
14257,Pedro Soto,psoto@email.com,IA Aplicada,Dra. Chen,drchen@uni.com,Sistemas,C-303,Pendiente,Tarjeta
14258,Pedro Soto,psoto@email.com,IA Aplicada,Dra. Chen,drchen@uni.com,Sistemas,C-303,Pendiente,Transferencia
14259,Juan Pérez,juan.p@email.com,Redes II,Lic. Martínez,martinez@uni.com,Telecom,B-202,Pagado,Transferencia
14260,Pedro Soto,psoto@email.com,Base de Datos I,Ing. García,garcia@uni.com,Sistemas,A-101,Pendiente,Transferencia
14261,Diego Luna,dluna@email.com,Base de Datos I,Ing. García,garcia@uni.com,Sistemas,A-101,Pagado,Tarjeta
14262,Juan Pérez,juan.p@email.com,Matemáticas III,Dr. Gómez,gomez@uni.com,Ciencias,D-404,Pagado,Efectivo
14263,Elena Díaz,e.diaz@email.com,IA Aplicada,Dra. Chen,drchen@uni.com,Sistemas,C-303,Pendiente,Efectivo
14264,Elena Díaz,e.diaz@email.com,Base de Datos I,Ing. García,garcia@uni.com,Sistemas,A-101,Pagado,Transferencia
14265,Pedro Soto,psoto@email.com,Matemáticas III,Dr. Gómez,gomez@uni.com,Ciencias,D-404,Pendiente,Tarjeta
14266,Ana Torres,ana.t@email.com,IA Aplicada,Dra. Chen,drchen@uni.com,Sistemas,C-303,Cancelado,Efectivo
14267,María López,m.lopez@email.com,Redes II,Lic. Martínez,martinez@uni.com,Telecom,B-202,Pendiente,Transferencia
14268,Ana Torres,ana.t@email.com,Redes II,Lic. Martínez,martinez@uni.com,Telecom,B-202,Pagado,Tarjeta
14269,Luis Gómez,luis.g@email.com,Base de Datos I,Ing. García,garcia@uni.com,Sistemas,A-101,Cancelado,Transferencia
14270,Ana Torres,ana.t@email.com,Redes II,Lic. Martínez,martinez@uni.com,Telecom,B-202,Pagado,Efectivo
14271,Carlos Ruiz,cruiz@email.com,Base de Datos I,Ing. García,garcia@uni.com,Sistemas,A-101,Cancelado,Transferencia
14272,Juan Pérez,juan.p@email.com,Redes II,Lic. Martínez,martinez@uni.com,Telecom,B-202,Cancelado,Tarjeta
14273,María López,m.lopez@email.com,Base de Datos I,Ing. García,garcia@uni.com,Sistemas,A-101,Pagado,Tarjeta
14274,Luis Gómez,luis.g@email.com,Base de Datos I,Ing. García,garcia@uni.com,Sistemas,A-101,Pendiente,Transferencia
14275,María López,m.lopez@email.com,Base de Datos I,Ing. García,garcia@uni.com,Sistemas,A-101,Pendiente,Transferencia
14276,Sofía Vega,s.vega@email.com,Matemáticas III,Dr. Gómez,gomez@uni.com,Ciencias,D-404,Cancelado,Transferencia
14277,Ana Torres,ana.t@email.com,Base de Datos I,Ing. García,garcia@uni.com,Sistemas,A-101,Pagado,Transferencia
14278,Laura Paz,l.paz@email.com,Redes II,Lic. Martínez,martinez@uni.com,Telecom,B-202,Pagado,Transferencia
14279,Luis Gómez,luis.g@email.com,Base de Datos I,Ing. García,garcia@uni.com,Sistemas,A-101,Cancelado,Transferencia
14280,María López,m.lopez@email.com,Matemáticas III,Dr. Gómez,gomez@uni.com,Ciencias,D-404,Pagado,Transferencia
14281,Pedro Soto,psoto@email.com,IA Aplicada,Dra. Chen,drchen@uni.com,Sistemas,C-303,Pagado,Transferencia
14282,Ana Torres,ana.t@email.com,IA Aplicada,Dra. Chen,drchen@uni.com,Sistemas,C-303,Cancelado,Efectivo
14283,Juan Pérez,juan.p@email.com,IA Aplicada,Dra. Chen,drchen@uni.com,Sistemas,C-303,Pendiente,Tarjeta
14284,Luis Gómez,luis.g@email.com,IA Aplicada,Dra. Chen,drchen@uni.com,Sistemas,C-303,Pendiente,Efectivo
14285,Juan Pérez,juan.p@email.com,Redes II,Lic. Martínez,martinez@uni.com,Telecom,B-202,Pendiente,Transferencia
14286,Luis Gómez,luis.g@email.com,Base de Datos I,Ing. García,garcia@uni.com,Sistemas,A-101,Cancelado,Efectivo
14287,Juan Pérez,juan.p@email.com,IA Aplicada,Dra. Chen,drchen@uni.com,Sistemas,C-303,Pagado,Transferencia
14288,Laura Paz,l.paz@email.com,Base de Datos I,Ing. García,garcia@uni.com,Sistemas,A-101,Pagado,Transferencia
14289,Diego Luna,dluna@email.com,IA Aplicada,Dra. Chen,drchen@uni.com,Sistemas,C-303,Pendiente,Efectivo
14290,Laura Paz,l.paz@email.com,IA Aplicada,Dra. Chen,drchen@uni.com,Sistemas,C-303,Pagado,Efectivo
14291,Carlos Ruiz,cruiz@email.com,Matemáticas III,Dr. Gómez,gomez@uni.com,Ciencias,D-404,Pendiente,Transferencia
14292,Ana Torres,ana.t@email.com,Matemáticas III,Dr. Gómez,gomez@uni.com,Ciencias,D-404,Cancelado,Efectivo
14293,Juan Pérez,juan.p@email.com,Matemáticas III,Dr. Gómez,gomez@uni.com,Ciencias,D-404,Cancelado,Efectivo
14294,Sofía Vega,s.vega@email.com,Matemáticas III,Dr. Gómez,gomez@uni.com,Ciencias,D-404,Pagado,Transferencia
14295,Pedro Soto,psoto@email.com,IA Aplicada,Dra. Chen,drchen@uni.com,Sistemas,C-303,Pagado,Tarjeta
14296,Carlos Ruiz,cruiz@email.com,Base de Datos I,Ing. García,garcia@uni.com,Sistemas,A-101,Pendiente,Efectivo
14297,Sofía Vega,s.vega@email.com,IA Aplicada,Dra. Chen,drchen@uni.com,Sistemas,C-303,Pendiente,Tarjeta
14298,Carlos Ruiz,cruiz@email.com,Base de Datos I,Ing. García,garcia@uni.com,Sistemas,A-101,Pagado,Tarjeta
14299,María López,m.lopez@email.com,IA Aplicada,Dra. Chen,drchen@uni.com,Sistemas,C-303,Pendiente,Tarjeta
14300,María López,m.lopez@email.com,Matemáticas III,Dr. Gómez,gomez@uni.com,Ciencias,D-404,Pagado,Tarjeta
14301,Laura Paz,l.paz@email.com,Matemáticas III,Dr. Gómez,gomez@uni.com,Ciencias,D-404,Pendiente,Tarjeta
14302,Laura Paz,l.paz@email.com,Redes II,Lic. Martínez,martinez@uni.com,Telecom,B-202,Pagado,Efectivo
14303,Elena Díaz,e.diaz@email.com,Redes II,Lic. Martínez,martinez@uni.com,Telecom,B-202,Pendiente,Tarjeta
14304,Carlos Ruiz,cruiz@email.com,Redes II,Lic. Martínez,martinez@uni.com,Telecom,B-202,Cancelado,Transferencia
14305,Pedro Soto,psoto@email.com,Redes II,Lic. Martínez,martinez@uni.com,Telecom,B-202,Pendiente,Transferencia
14306,Juan Pérez,juan.p@email.com,Matemáticas III,Dr. Gómez,gomez@uni.com,Ciencias,D-404,Pagado,Tarjeta
14307,Juan Pérez,juan.p@email.com,IA Aplicada,Dra. Chen,drchen@uni.com,Sistemas,C-303,Pagado,Efectivo
14308,Sofía Vega,s.vega@email.com,IA Aplicada,Dra. Chen,drchen@uni.com,Sistemas,C-303,Pendiente,Efectivo
14309,Laura Paz,l.paz@email.com,Matemáticas III,Dr. Gómez,gomez@uni.com,Ciencias,D-404,Cancelado,Tarjeta
14310,Sofía Vega,s.vega@email.com,Base de Datos I,Ing. García,garcia@uni.com,Sistemas,A-101,Pagado,Efectivo
14311,Pedro Soto,psoto@email.com,Base de Datos I,Ing. García,garcia@uni.com,Sistemas,A-101,Pendiente,Transferencia
14312,Sofía Vega,s.vega@email.com,IA Aplicada,Dra. Chen,drchen@uni.com,Sistemas,C-303,Pendiente,Tarjeta
14313,Sofía Vega,s.vega@email.com,IA Aplicada,Dra. Chen,drchen@uni.com,Sistemas,C-303,Cancelado,Tarjeta
14314,Elena Díaz,e.diaz@email.com,Redes II,Lic. Martínez,martinez@uni.com,Telecom,B-202,Pagado,Efectivo
14315,Sofía Vega,s.vega@email.com,Redes II,Lic. Martínez,martinez@uni.com,Telecom,B-202,Cancelado,Tarjeta
14316,Laura Paz,l.paz@email.com,Matemáticas III,Dr. Gómez,gomez@uni.com,Ciencias,D-404,Pendiente,Tarjeta
14317,Pedro Soto,psoto@email.com,Redes II,Lic. Martínez,martinez@uni.com,Telecom,B-202,Cancelado,Efectivo
14318,Elena Díaz,e.diaz@email.com,Matemáticas III,Dr. Gómez,gomez@uni.com,Ciencias,D-404,Pagado,Efectivo
14319,Juan Pérez,juan.p@email.com,IA Aplicada,Dra. Chen,drchen@uni.com,Sistemas,C-303,Pendiente,Tarjeta
14320,Carlos Ruiz,cruiz@email.com,Redes II,Lic. Martínez,martinez@uni.com,Telecom,B-202,Pagado,Tarjeta
14321,Sofía Vega,s.vega@email.com,Base de Datos I,Ing. García,garcia@uni.com,Sistemas,A-101,Pendiente,Tarjeta
14322,Juan Pérez,juan.p@email.com,Base de Datos I,Ing. García,garcia@uni.com,Sistemas,A-101,Cancelado,Transferencia
14323,Laura Paz,l.paz@email.com,Base de Datos I,Ing. García,garcia@uni.com,Sistemas,A-101,Cancelado,Tarjeta
14324,Laura Paz,l.paz@email.com,IA Aplicada,Dra. Chen,drchen@uni.com,Sistemas,C-303,Cancelado,Tarjeta
14325,Diego Luna,dluna@email.com,IA Aplicada,Dra. Chen,drchen@uni.com,Sistemas,C-303,Pendiente,Transferencia
14326,Diego Luna,dluna@email.com,Matemáticas III,Dr. Gómez,gomez@uni.com,Ciencias,D-404,Cancelado,Efectivo
14327,Ana Torres,ana.t@email.com,Base de Datos I,Ing. García,garcia@uni.com,Sistemas,A-101,Pendiente,Tarjeta
14328,María López,m.lopez@email.com,Matemáticas III,Dr. Gómez,gomez@uni.com,Ciencias,D-404,Pagado,Efectivo
14329,Ana Torres,ana.t@email.com,Redes II,Lic. Martínez,martinez@uni.com,Telecom,B-202,Cancelado,Efectivo
14330,Carlos Ruiz,cruiz@email.com,Redes II,Lic. Martínez,martinez@uni.com,Telecom,B-202,Pendiente,Transferencia
14331,María López,m.lopez@email.com,Base de Datos I,Ing. García,garcia@uni.com,Sistemas,A-101,Pagado,Transferencia
14332,Carlos Ruiz,cruiz@email.com,Matemáticas III,Dr. Gómez,gomez@uni.com,Ciencias,D-404,Cancelado,Tarjeta
14333,Ana Torres,ana.t@email.com,Matemáticas III,Dr. Gómez,gomez@uni.com,Ciencias,D-404,Pendiente,Transferencia
14334,Luis Gómez,luis.g@email.com,Base de Datos I,Ing. García,garcia@uni.com,Sistemas,A-101,Pagado,Efectivo
14335,Laura Paz,l.paz@email.com,Redes II,Lic. Martínez,martinez@uni.com,Telecom,B-202,Cancelado,Efectivo
14336,Luis Gómez,luis.g@email.com,Base de Datos I,Ing. García,garcia@uni.com,Sistemas,A-101,Pendiente,Transferencia
14337,Elena Díaz,e.diaz@email.com,Redes II,Lic. Martínez,martinez@uni.com,Telecom,B-202,Pendiente,Tarjeta
14338,Luis Gómez,luis.g@email.com,Redes II,Lic. Martínez,martinez@uni.com,Telecom,B-202,Cancelado,Transferencia
14339,Pedro Soto,psoto@email.com,Redes II,Lic. Martínez,martinez@uni.com,Telecom,B-202,Pagado,Tarjeta
14340,Luis Gómez,luis.g@email.com,Matemáticas III,Dr. Gómez,gomez@uni.com,Ciencias,D-404,Pagado,Transferencia
14341,Juan Pérez,juan.p@email.com,Matemáticas III,Dr. Gómez,gomez@uni.com,Ciencias,D-404,Pendiente,Efectivo
14342,Elena Díaz,e.diaz@email.com,Matemáticas III,Dr. Gómez,gomez@uni.com,Ciencias,D-404,Pagado,Efectivo
14343,Elena Díaz,e.diaz@email.com,Base de Datos I,Ing. García,garcia@uni.com,Sistemas,A-101,Cancelado,Efectivo
14344,Ana Torres,ana.t@email.com,Base de Datos I,Ing. García,garcia@uni.com,Sistemas,A-101,Cancelado,Transferencia
14345,Elena Díaz,e.diaz@email.com,IA Aplicada,Dra. Chen,drchen@uni.com,Sistemas,C-303,Pendiente,Transferencia
14346,Sofía Vega,s.vega@email.com,Matemáticas III,Dr. Gómez,gomez@uni.com,Ciencias,D-404,Cancelado,Tarjeta
14347,Luis Gómez,luis.g@email.com,Base de Datos I,Ing. García,garcia@uni.com,Sistemas,A-101,Pendiente,Efectivo
14348,María López,m.lopez@email.com,Matemáticas III,Dr. Gómez,gomez@uni.com,Ciencias,D-404,Pagado,Efectivo
14349,Elena Díaz,e.diaz@email.com,Redes II,Lic. Martínez,martinez@uni.com,Telecom,B-202,Cancelado,Transferencia
14350,Sofía Vega,s.vega@email.com,Redes II,Lic. Martínez,martinez@uni.com,Telecom,B-202,Pendiente,Efectivo
14351,Sofía Vega,s.vega@email.com,Redes II,Lic. Martínez,martinez@uni.com,Telecom,B-202,Cancelado,Transferencia
14352,Luis Gómez,luis.g@email.com,Matemáticas III,Dr. Gómez,gomez@uni.com,Ciencias,D-404,Pendiente,Tarjeta
14353,Luis Gómez,luis.g@email.com,IA Aplicada,Dra. Chen,drchen@uni.com,Sistemas,C-303,Pagado,Transferencia
14354,Pedro Soto,psoto@email.com,Matemáticas III,Dr. Gómez,gomez@uni.com,Ciencias,D-404,Pendiente,Tarjeta
14355,Pedro Soto,psoto@email.com,Matemáticas III,Dr. Gómez,gomez@uni.com,Ciencias,D-404,Cancelado,Efectivo
14356,Carlos Ruiz,cruiz@email.com,Base de Datos I,Ing. García,garcia@uni.com,Sistemas,A-101,Pendiente,Efectivo
14357,Pedro Soto,psoto@email.com,Matemáticas III,Dr. Gómez,gomez@uni.com,Ciencias,D-404,Cancelado,Tarjeta
14358,Pedro Soto,psoto@email.com,IA Aplicada,Dra. Chen,drchen@uni.com,Sistemas,C-303,Pendiente,Tarjeta
14359,Diego Luna,dluna@email.com,Redes II,Lic. Martínez,martinez@uni.com,Telecom,B-202,Pendiente,Efectivo
14360,Laura Paz,l.paz@email.com,Matemáticas III,Dr. Gómez,gomez@uni.com,Ciencias,D-404,Pagado,Transferencia
14361,Ana Torres,ana.t@email.com,Matemáticas III,Dr. Gómez,gomez@uni.com,Ciencias,D-404,Cancelado,Efectivo
14362,Juan Pérez,juan.p@email.com,Redes II,Lic. Martínez,martinez@uni.com,Telecom,B-202,Cancelado,Tarjeta
14363,Diego Luna,dluna@email.com,Redes II,Lic. Martínez,martinez@uni.com,Telecom,B-202,Pagado,Efectivo
14364,Carlos Ruiz,cruiz@email.com,Matemáticas III,Dr. Gómez,gomez@uni.com,Ciencias,D-404,Pendiente,Efectivo
14365,Elena Díaz,e.diaz@email.com,Matemáticas III,Dr. Gómez,gomez@uni.com,Ciencias,D-404,Pagado,Tarjeta
14366,Ana Torres,ana.t@email.com,Matemáticas III,Dr. Gómez,gomez@uni.com,Ciencias,D-404,Cancelado,Transferencia
14367,Laura Paz,l.paz@email.com,Matemáticas III,Dr. Gómez,gomez@uni.com,Ciencias,D-404,Pendiente,Transferencia
14368,Carlos Ruiz,cruiz@email.com,Matemáticas III,Dr. Gómez,gomez@uni.com,Ciencias,D-404,Pendiente,Tarjeta
14369,Juan Pérez,juan.p@email.com,IA Aplicada,Dra. Chen,drchen@uni.com,Sistemas,C-303,Pagado,Transferencia
14370,Ana Torres,ana.t@email.com,IA Aplicada,Dra. Chen,drchen@uni.com,Sistemas,C-303,Cancelado,Tarjeta
14371,Laura Paz,l.paz@email.com,Redes II,Lic. Martínez,martinez@uni.com,Telecom,B-202,Cancelado,Tarjeta
14372,Pedro Soto,psoto@email.com,Redes II,Lic. Martínez,martinez@uni.com,Telecom,B-202,Pendiente,Tarjeta
14373,Carlos Ruiz,cruiz@email.com,Base de Datos I,Ing. García,garcia@uni.com,Sistemas,A-101,Pagado,Efectivo
14374,Ana Torres,ana.t@email.com,Redes II,Lic. Martínez,martinez@uni.com,Telecom,B-202,Pagado,Tarjeta
14375,Pedro Soto,psoto@email.com,Matemáticas III,Dr. Gómez,gomez@uni.com,Ciencias,D-404,Cancelado,Tarjeta
14376,Elena Díaz,e.diaz@email.com,Redes II,Lic. Martínez,martinez@uni.com,Telecom,B-202,Pagado,Efectivo
14377,Sofía Vega,s.vega@email.com,Base de Datos I,Ing. García,garcia@uni.com,Sistemas,A-101,Pendiente,Efectivo
14378,María López,m.lopez@email.com,Matemáticas III,Dr. Gómez,gomez@uni.com,Ciencias,D-404,Pendiente,Efectivo
14379,Carlos Ruiz,cruiz@email.com,Base de Datos I,Ing. García,garcia@uni.com,Sistemas,A-101,Pagado,Efectivo
14380,Elena Díaz,e.diaz@email.com,Base de Datos I,Ing. García,garcia@uni.com,Sistemas,A-101,Pagado,Transferencia
14381,Sofía Vega,s.vega@email.com,Redes II,Lic. Martínez,martinez@uni.com,Telecom,B-202,Pendiente,Transferencia
14382,Diego Luna,dluna@email.com,Base de Datos I,Ing. García,garcia@uni.com,Sistemas,A-101,Cancelado,Transferencia
14383,Pedro Soto,psoto@email.com,Base de Datos I,Ing. García,garcia@uni.com,Sistemas,A-101,Pendiente,Efectivo
14384,Sofía Vega,s.vega@email.com,Redes II,Lic. Martínez,martinez@uni.com,Telecom,B-202,Pendiente,Tarjeta
14385,Elena Díaz,e.diaz@email.com,Redes II,Lic. Martínez,martinez@uni.com,Telecom,B-202,Pendiente,Efectivo
14386,Luis Gómez,luis.g@email.com,Redes II,Lic. Martínez,martinez@uni.com,Telecom,B-202,Pendiente,Tarjeta
14387,Elena Díaz,e.diaz@email.com,IA Aplicada,Dra. Chen,drchen@uni.com,Sistemas,C-303,Cancelado,Tarjeta
14388,Juan Pérez,juan.p@email.com,Base de Datos I,Ing. García,garcia@uni.com,Sistemas,A-101,Pagado,Efectivo
14389,Juan Pérez,juan.p@email.com,Redes II,Lic. Martínez,martinez@uni.com,Telecom,B-202,Pagado,Efectivo
14390,Ana Torres,ana.t@email.com,IA Aplicada,Dra. Chen,drchen@uni.com,Sistemas,C-303,Cancelado,Tarjeta
14391,Carlos Ruiz,cruiz@email.com,Base de Datos I,Ing. García,garcia@uni.com,Sistemas,A-101,Pagado,Transferencia
14392,Laura Paz,l.paz@email.com,Matemáticas III,Dr. Gómez,gomez@uni.com,Ciencias,D-404,Pendiente,Efectivo
14393,Luis Gómez,luis.g@email.com,IA Aplicada,Dra. Chen,drchen@uni.com,Sistemas,C-303,Pendiente,Tarjeta
14394,Juan Pérez,juan.p@email.com,Redes II,Lic. Martínez,martinez@uni.com,Telecom,B-202,Cancelado,Tarjeta
14395,Pedro Soto,psoto@email.com,Matemáticas III,Dr. Gómez,gomez@uni.com,Ciencias,D-404,Pagado,Transferencia
14396,Sofía Vega,s.vega@email.com,Base de Datos I,Ing. García,garcia@uni.com,Sistemas,A-101,Cancelado,Tarjeta
14397,Carlos Ruiz,cruiz@email.com,Base de Datos I,Ing. García,garcia@uni.com,Sistemas,A-101,Pendiente,Efectivo
14398,Ana Torres,ana.t@email.com,Base de Datos I,Ing. García,garcia@uni.com,Sistemas,A-101,Pagado,Transferencia
14399,Sofía Vega,s.vega@email.com,Redes II,Lic. Martínez,martinez@uni.com,Telecom,B-202,Cancelado,Transferencia
14400,Luis Gómez,luis.g@email.com,Matemáticas III,Dr. Gómez,gomez@uni.com,Ciencias,D-404,Cancelado,Tarjeta
14401,Elena Díaz,e.diaz@email.com,Redes II,Lic. Martínez,martinez@uni.com,Telecom,B-202,Pagado,Transferencia
14402,Ana Torres,ana.t@email.com,Base de Datos I,Ing. García,garcia@uni.com,Sistemas,A-101,Pendiente,Transferencia
14403,Ana Torres,ana.t@email.com,Base de Datos I,Ing. García,garcia@uni.com,Sistemas,A-101,Pagado,Tarjeta
14404,Pedro Soto,psoto@email.com,Matemáticas III,Dr. Gómez,gomez@uni.com,Ciencias,D-404,Pagado,Efectivo
14405,Juan Pérez,juan.p@email.com,Redes II,Lic. Martínez,martinez@uni.com,Telecom,B-202,Pagado,Transferencia
14406,Laura Paz,l.paz@email.com,Matemáticas III,Dr. Gómez,gomez@uni.com,Ciencias,D-404,Pagado,Efectivo
14407,Pedro Soto,psoto@email.com,Base de Datos I,Ing. García,garcia@uni.com,Sistemas,A-101,Pendiente,Efectivo
14408,Diego Luna,dluna@email.com,Matemáticas III,Dr. Gómez,gomez@uni.com,Ciencias,D-404,Pagado,Tarjeta
14409,Pedro Soto,psoto@email.com,Base de Datos I,Ing. García,garcia@uni.com,Sistemas,A-101,Cancelado,Transferencia
14410,Elena Díaz,e.diaz@email.com,Base de Datos I,Ing. García,garcia@uni.com,Sistemas,A-101,Cancelado,Transferencia
14411,Pedro Soto,psoto@email.com,IA Aplicada,Dra. Chen,drchen@uni.com,Sistemas,C-303,Cancelado,Efectivo
14412,Elena Díaz,e.diaz@email.com,Matemáticas III,Dr. Gómez,gomez@uni.com,Ciencias,D-404,Pendiente,Transferencia
14413,Laura Paz,l.paz@email.com,Redes II,Lic. Martínez,martinez@uni.com,Telecom,B-202,Pendiente,Tarjeta
14414,Carlos Ruiz,cruiz@email.com,Base de Datos I,Ing. García,garcia@uni.com,Sistemas,A-101,Pendiente,Efectivo
14415,María López,m.lopez@email.com,Redes II,Lic. Martínez,martinez@uni.com,Telecom,B-202,Pagado,Tarjeta
14416,Elena Díaz,e.diaz@email.com,IA Aplicada,Dra. Chen,drchen@uni.com,Sistemas,C-303,Pagado,Efectivo
14417,María López,m.lopez@email.com,Base de Datos I,Ing. García,garcia@uni.com,Sistemas,A-101,Cancelado,Tarjeta
14418,Diego Luna,dluna@email.com,Base de Datos I,Ing. García,garcia@uni.com,Sistemas,A-101,Pendiente,Efectivo
14419,Elena Díaz,e.diaz@email.com,Redes II,Lic. Martínez,martinez@uni.com,Telecom,B-202,Cancelado,Tarjeta
14420,María López,m.lopez@email.com,IA Aplicada,Dra. Chen,drchen@uni.com,Sistemas,C-303,Pendiente,Tarjeta
14421,Diego Luna,dluna@email.com,IA Aplicada,Dra. Chen,drchen@uni.com,Sistemas,C-303,Cancelado,Efectivo
14422,Elena Díaz,e.diaz@email.com,IA Aplicada,Dra. Chen,drchen@uni.com,Sistemas,C-303,Cancelado,Transferencia
14423,Pedro Soto,psoto@email.com,Base de Datos I,Ing. García,garcia@uni.com,Sistemas,A-101,Pagado,Transferencia
14424,Luis Gómez,luis.g@email.com,Base de Datos I,Ing. García,garcia@uni.com,Sistemas,A-101,Pagado,Transferencia
14425,Sofía Vega,s.vega@email.com,Redes II,Lic. Martínez,martinez@uni.com,Telecom,B-202,Cancelado,Transferencia
14426,Luis Gómez,luis.g@email.com,Matemáticas III,Dr. Gómez,gomez@uni.com,Ciencias,D-404,Cancelado,Efectivo
14427,Juan Pérez,juan.p@email.com,Matemáticas III,Dr. Gómez,gomez@uni.com,Ciencias,D-404,Pendiente,Transferencia
14428,Laura Paz,l.paz@email.com,Matemáticas III,Dr. Gómez,gomez@uni.com,Ciencias,D-404,Pendiente,Transferencia
14429,Juan Pérez,juan.p@email.com,Redes II,Lic. Martínez,martinez@uni.com,Telecom,B-202,Pendiente,Transferencia
14430,Juan Pérez,juan.p@email.com,Matemáticas III,Dr. Gómez,gomez@uni.com,Ciencias,D-404,Pendiente,Efectivo
14431,María López,m.lopez@email.com,Base de Datos I,Ing. García,garcia@uni.com,Sistemas,A-101,Pagado,Efectivo
14432,Laura Paz,l.paz@email.com,IA Aplicada,Dra. Chen,drchen@uni.com,Sistemas,C-303,Cancelado,Transferencia
14433,Pedro Soto,psoto@email.com,Base de Datos I,Ing. García,garcia@uni.com,Sistemas,A-101,Cancelado,Efectivo
14434,Juan Pérez,juan.p@email.com,Redes II,Lic. Martínez,martinez@uni.com,Telecom,B-202,Cancelado,Tarjeta
14435,Elena Díaz,e.diaz@email.com,Base de Datos I,Ing. García,garcia@uni.com,Sistemas,A-101,Pagado,Efectivo
14436,Juan Pérez,juan.p@email.com,Matemáticas III,Dr. Gómez,gomez@uni.com,Ciencias,D-404,Pendiente,Transferencia
14437,Luis Gómez,luis.g@email.com,Matemáticas III,Dr. Gómez,gomez@uni.com,Ciencias,D-404,Pagado,Tarjeta
14438,Pedro Soto,psoto@email.com,IA Aplicada,Dra. Chen,drchen@uni.com,Sistemas,C-303,Pendiente,Efectivo
14439,Juan Pérez,juan.p@email.com,Redes II,Lic. Martínez,martinez@uni.com,Telecom,B-202,Pendiente,Tarjeta
14440,Diego Luna,dluna@email.com,Redes II,Lic. Martínez,martinez@uni.com,Telecom,B-202,Pagado,Tarjeta
14441,Ana Torres,ana.t@email.com,IA Aplicada,Dra. Chen,drchen@uni.com,Sistemas,C-303,Cancelado,Efectivo
14442,Diego Luna,dluna@email.com,Redes II,Lic. Martínez,martinez@uni.com,Telecom,B-202,Cancelado,Transferencia
14443,Sofía Vega,s.vega@email.com,Matemáticas III,Dr. Gómez,gomez@uni.com,Ciencias,D-404,Pagado,Tarjeta
14444,Elena Díaz,e.diaz@email.com,Base de Datos I,Ing. García,garcia@uni.com,Sistemas,A-101,Pagado,Tarjeta
14445,Juan Pérez,juan.p@email.com,Matemáticas III,Dr. Gómez,gomez@uni.com,Ciencias,D-404,Pagado,Transferencia
14446,Ana Torres,ana.t@email.com,Redes II,Lic. Martínez,martinez@uni.com,Telecom,B-202,Cancelado,Tarjeta
14447,Carlos Ruiz,cruiz@email.com,Base de Datos I,Ing. García,garcia@uni.com,Sistemas,A-101,Pendiente,Tarjeta
14448,Elena Díaz,e.diaz@email.com,Redes II,Lic. Martínez,martinez@uni.com,Telecom,B-202,Pagado,Transferencia
14449,Diego Luna,dluna@email.com,Base de Datos I,Ing. García,garcia@uni.com,Sistemas,A-101,Pagado,Efectivo
14450,Diego Luna,dluna@email.com,Redes II,Lic. Martínez,martinez@uni.com,Telecom,B-202,Cancelado,Transferencia
14451,Juan Pérez,juan.p@email.com,Redes II,Lic. Martínez,martinez@uni.com,Telecom,B-202,Pendiente,Tarjeta
14452,Diego Luna,dluna@email.com,Redes II,Lic. Martínez,martinez@uni.com,Telecom,B-202,Pendiente,Efectivo
14453,Diego Luna,dluna@email.com,Redes II,Lic. Martínez,martinez@uni.com,Telecom,B-202,Pendiente,Efectivo
14454,Juan Pérez,juan.p@email.com,Matemáticas III,Dr. Gómez,gomez@uni.com,Ciencias,D-404,Cancelado,Efectivo
14455,Elena Díaz,e.diaz@email.com,Matemáticas III,Dr. Gómez,gomez@uni.com,Ciencias,D-404,Pagado,Transferencia
14456,Luis Gómez,luis.g@email.com,Matemáticas III,Dr. Gómez,gomez@uni.com,Ciencias,D-404,Pagado,Tarjeta
14457,Carlos Ruiz,cruiz@email.com,IA Aplicada,Dra. Chen,drchen@uni.com,Sistemas,C-303,Cancelado,Tarjeta
14458,Sofía Vega,s.vega@email.com,Redes II,Lic. Martínez,martinez@uni.com,Telecom,B-202,Cancelado,Transferencia
14459,Carlos Ruiz,cruiz@email.com,IA Aplicada,Dra. Chen,drchen@uni.com,Sistemas,C-303,Cancelado,Transferencia
14460,Diego Luna,dluna@email.com,IA Aplicada,Dra. Chen,drchen@uni.com,Sistemas,C-303,Pendiente,Efectivo
14461,Elena Díaz,e.diaz@email.com,Matemáticas III,Dr. Gómez,gomez@uni.com,Ciencias,D-404,Pendiente,Tarjeta
14462,Laura Paz,l.paz@email.com,Base de Datos I,Ing. García,garcia@uni.com,Sistemas,A-101,Pendiente,Transferencia
14463,Elena Díaz,e.diaz@email.com,Redes II,Lic. Martínez,martinez@uni.com,Telecom,B-202,Pagado,Tarjeta
14464,Sofía Vega,s.vega@email.com,Matemáticas III,Dr. Gómez,gomez@uni.com,Ciencias,D-404,Pagado,Tarjeta
14465,Ana Torres,ana.t@email.com,Base de Datos I,Ing. García,garcia@uni.com,Sistemas,A-101,Pagado,Efectivo
14466,Elena Díaz,e.diaz@email.com,Redes II,Lic. Martínez,martinez@uni.com,Telecom,B-202,Pagado,Tarjeta
14467,Ana Torres,ana.t@email.com,Redes II,Lic. Martínez,martinez@uni.com,Telecom,B-202,Pendiente,Transferencia
14468,María López,m.lopez@email.com,IA Aplicada,Dra. Chen,drchen@uni.com,Sistemas,C-303,Pendiente,Transferencia
14469,Pedro Soto,psoto@email.com,IA Aplicada,Dra. Chen,drchen@uni.com,Sistemas,C-303,Pagado,Efectivo
14470,Luis Gómez,luis.g@email.com,Matemáticas III,Dr. Gómez,gomez@uni.com,Ciencias,D-404,Cancelado,Tarjeta
14471,Elena Díaz,e.diaz@email.com,Redes II,Lic. Martínez,martinez@uni.com,Telecom,B-202,Pagado,Transferencia
14472,Carlos Ruiz,cruiz@email.com,Base de Datos I,Ing. García,garcia@uni.com,Sistemas,A-101,Cancelado,Tarjeta
14473,Elena Díaz,e.diaz@email.com,Matemáticas III,Dr. Gómez,gomez@uni.com,Ciencias,D-404,Cancelado,Tarjeta
14474,Sofía Vega,s.vega@email.com,IA Aplicada,Dra. Chen,drchen@uni.com,Sistemas,C-303,Cancelado,Tarjeta
14475,Sofía Vega,s.vega@email.com,Matemáticas III,Dr. Gómez,gomez@uni.com,Ciencias,D-404,Cancelado,Efectivo
14476,Sofía Vega,s.vega@email.com,IA Aplicada,Dra. Chen,drchen@uni.com,Sistemas,C-303,Cancelado,Transferencia
14477,Juan Pérez,juan.p@email.com,Matemáticas III,Dr. Gómez,gomez@uni.com,Ciencias,D-404,Cancelado,Efectivo
14478,Sofía Vega,s.vega@email.com,IA Aplicada,Dra. Chen,drchen@uni.com,Sistemas,C-303,Cancelado,Efectivo
14479,Juan Pérez,juan.p@email.com,Base de Datos I,Ing. García,garcia@uni.com,Sistemas,A-101,Cancelado,Efectivo
14480,Elena Díaz,e.diaz@email.com,Matemáticas III,Dr. Gómez,gomez@uni.com,Ciencias,D-404,Pendiente,Efectivo
14481,Ana Torres,ana.t@email.com,Redes II,Lic. Martínez,martinez@uni.com,Telecom,B-202,Cancelado,Efectivo
14482,Pedro Soto,psoto@email.com,Base de Datos I,Ing. García,garcia@uni.com,Sistemas,A-101,Cancelado,Transferencia
14483,Elena Díaz,e.diaz@email.com,IA Aplicada,Dra. Chen,drchen@uni.com,Sistemas,C-303,Pagado,Tarjeta
14484,María López,m.lopez@email.com,Redes II,Lic. Martínez,martinez@uni.com,Telecom,B-202,Pagado,Tarjeta
14485,Juan Pérez,juan.p@email.com,Matemáticas III,Dr. Gómez,gomez@uni.com,Ciencias,D-404,Pendiente,Efectivo
14486,María López,m.lopez@email.com,Base de Datos I,Ing. García,garcia@uni.com,Sistemas,A-101,Pendiente,Transferencia
14487,Elena Díaz,e.diaz@email.com,Redes II,Lic. Martínez,martinez@uni.com,Telecom,B-202,Cancelado,Tarjeta
14488,Ana Torres,ana.t@email.com,IA Aplicada,Dra. Chen,drchen@uni.com,Sistemas,C-303,Pagado,Transferencia
14489,Carlos Ruiz,cruiz@email.com,Matemáticas III,Dr. Gómez,gomez@uni.com,Ciencias,D-404,Cancelado,Tarjeta
14490,Ana Torres,ana.t@email.com,Matemáticas III,Dr. Gómez,gomez@uni.com,Ciencias,D-404,Pendiente,Efectivo
14491,Carlos Ruiz,cruiz@email.com,IA Aplicada,Dra. Chen,drchen@uni.com,Sistemas,C-303,Pagado,Efectivo
14492,Laura Paz,l.paz@email.com,Matemáticas III,Dr. Gómez,gomez@uni.com,Ciencias,D-404,Cancelado,Transferencia
14493,Carlos Ruiz,cruiz@email.com,Matemáticas III,Dr. Gómez,gomez@uni.com,Ciencias,D-404,Cancelado,Tarjeta
14494,Sofía Vega,s.vega@email.com,IA Aplicada,Dra. Chen,drchen@uni.com,Sistemas,C-303,Pendiente,Transferencia
14495,Carlos Ruiz,cruiz@email.com,Redes II,Lic. Martínez,martinez@uni.com,Telecom,B-202,Pendiente,Transferencia
14496,Sofía Vega,s.vega@email.com,Base de Datos I,Ing. García,garcia@uni.com,Sistemas,A-101,Pagado,Efectivo
14497,Elena Díaz,e.diaz@email.com,IA Aplicada,Dra. Chen,drchen@uni.com,Sistemas,C-303,Pagado,Transferencia
14498,Elena Díaz,e.diaz@email.com,IA Aplicada,Dra. Chen,drchen@uni.com,Sistemas,C-303,Pagado,Tarjeta
14499,Luis Gómez,luis.g@email.com,Base de Datos I,Ing. García,garcia@uni.com,Sistemas,A-101,Cancelado,Transferencia
14500,Juan Pérez,juan.p@email.com,Matemáticas III,Dr. Gómez,gomez@uni.com,Ciencias,D-404,Cancelado,Transferencia
14501,Sofía Vega,s.vega@email.com,Matemáticas III,Dr. Gómez,gomez@uni.com,Ciencias,D-404,Pendiente,Efectivo
14502,Ana Torres,ana.t@email.com,Redes II,Lic. Martínez,martinez@uni.com,Telecom,B-202,Pagado,Efectivo
14503,Pedro Soto,psoto@email.com,Matemáticas III,Dr. Gómez,gomez@uni.com,Ciencias,D-404,Cancelado,Transferencia
14504,María López,m.lopez@email.com,Redes II,Lic. Martínez,martinez@uni.com,Telecom,B-202,Cancelado,Transferencia
14505,Carlos Ruiz,cruiz@email.com,Base de Datos I,Ing. García,garcia@uni.com,Sistemas,A-101,Pagado,Tarjeta
14506,Sofía Vega,s.vega@email.com,Redes II,Lic. Martínez,martinez@uni.com,Telecom,B-202,Pendiente,Transferencia
14507,Diego Luna,dluna@email.com,Redes II,Lic. Martínez,martinez@uni.com,Telecom,B-202,Cancelado,Transferencia
14508,Elena Díaz,e.diaz@email.com,Matemáticas III,Dr. Gómez,gomez@uni.com,Ciencias,D-404,Cancelado,Efectivo
14509,Diego Luna,dluna@email.com,Redes II,Lic. Martínez,martinez@uni.com,Telecom,B-202,Pendiente,Transferencia
14510,Juan Pérez,juan.p@email.com,Base de Datos I,Ing. García,garcia@uni.com,Sistemas,A-101,Pagado,Tarjeta
14511,Sofía Vega,s.vega@email.com,Matemáticas III,Dr. Gómez,gomez@uni.com,Ciencias,D-404,Pendiente,Transferencia
14512,Juan Pérez,juan.p@email.com,Base de Datos I,Ing. García,garcia@uni.com,Sistemas,A-101,Cancelado,Efectivo
14513,Juan Pérez,juan.p@email.com,IA Aplicada,Dra. Chen,drchen@uni.com,Sistemas,C-303,Pagado,Efectivo
14514,Diego Luna,dluna@email.com,Base de Datos I,Ing. García,garcia@uni.com,Sistemas,A-101,Cancelado,Efectivo
14515,Sofía Vega,s.vega@email.com,Base de Datos I,Ing. García,garcia@uni.com,Sistemas,A-101,Pagado,Tarjeta
14516,María López,m.lopez@email.com,Redes II,Lic. Martínez,martinez@uni.com,Telecom,B-202,Cancelado,Transferencia
14517,Carlos Ruiz,cruiz@email.com,Matemáticas III,Dr. Gómez,gomez@uni.com,Ciencias,D-404,Cancelado,Tarjeta
14518,Carlos Ruiz,cruiz@email.com,Base de Datos I,Ing. García,garcia@uni.com,Sistemas,A-101,Pendiente,Tarjeta
14519,Elena Díaz,e.diaz@email.com,Base de Datos I,Ing. García,garcia@uni.com,Sistemas,A-101,Pagado,Transferencia
14520,Luis Gómez,luis.g@email.com,Base de Datos I,Ing. García,garcia@uni.com,Sistemas,A-101,Pagado,Efectivo
14521,Elena Díaz,e.diaz@email.com,IA Aplicada,Dra. Chen,drchen@uni.com,Sistemas,C-303,Pendiente,Transferencia
14522,Luis Gómez,luis.g@email.com,Redes II,Lic. Martínez,martinez@uni.com,Telecom,B-202,Pagado,Tarjeta
14523,Carlos Ruiz,cruiz@email.com,Redes II,Lic. Martínez,martinez@uni.com,Telecom,B-202,Cancelado,Transferencia
14524,Carlos Ruiz,cruiz@email.com,Base de Datos I,Ing. García,garcia@uni.com,Sistemas,A-101,Cancelado,Efectivo
14525,Luis Gómez,luis.g@email.com,Matemáticas III,Dr. Gómez,gomez@uni.com,Ciencias,D-404,Pagado,Efectivo
14526,Sofía Vega,s.vega@email.com,IA Aplicada,Dra. Chen,drchen@uni.com,Sistemas,C-303,Pendiente,Transferencia
14527,Elena Díaz,e.diaz@email.com,Matemáticas III,Dr. Gómez,gomez@uni.com,Ciencias,D-404,Cancelado,Tarjeta
14528,Elena Díaz,e.diaz@email.com,Base de Datos I,Ing. García,garcia@uni.com,Sistemas,A-101,Pagado,Efectivo
14529,Sofía Vega,s.vega@email.com,Base de Datos I,Ing. García,garcia@uni.com,Sistemas,A-101,Pendiente,Transferencia
14530,Ana Torres,ana.t@email.com,Base de Datos I,Ing. García,garcia@uni.com,Sistemas,A-101,Cancelado,Tarjeta
14531,Juan Pérez,juan.p@email.com,Redes II,Lic. Martínez,martinez@uni.com,Telecom,B-202,Cancelado,Tarjeta
14532,Pedro Soto,psoto@email.com,Redes II,Lic. Martínez,martinez@uni.com,Telecom,B-202,Pendiente,Transferencia
14533,Ana Torres,ana.t@email.com,Redes II,Lic. Martínez,martinez@uni.com,Telecom,B-202,Pagado,Transferencia
14534,Sofía Vega,s.vega@email.com,IA Aplicada,Dra. Chen,drchen@uni.com,Sistemas,C-303,Pagado,Transferencia
14535,Sofía Vega,s.vega@email.com,Base de Datos I,Ing. García,garcia@uni.com,Sistemas,A-101,Cancelado,Tarjeta
14536,Elena Díaz,e.diaz@email.com,Matemáticas III,Dr. Gómez,gomez@uni.com,Ciencias,D-404,Pagado,Tarjeta
14537,Ana Torres,ana.t@email.com,Matemáticas III,Dr. Gómez,gomez@uni.com,Ciencias,D-404,Pagado,Efectivo
14538,Laura Paz,l.paz@email.com,Matemáticas III,Dr. Gómez,gomez@uni.com,Ciencias,D-404,Pendiente,Transferencia
14539,Luis Gómez,luis.g@email.com,Base de Datos I,Ing. García,garcia@uni.com,Sistemas,A-101,Pendiente,Transferencia
14540,Luis Gómez,luis.g@email.com,Base de Datos I,Ing. García,garcia@uni.com,Sistemas,A-101,Cancelado,Efectivo
14541,Juan Pérez,juan.p@email.com,Redes II,Lic. Martínez,martinez@uni.com,Telecom,B-202,Pagado,Tarjeta
14542,Carlos Ruiz,cruiz@email.com,Matemáticas III,Dr. Gómez,gomez@uni.com,Ciencias,D-404,Cancelado,Transferencia
14543,Sofía Vega,s.vega@email.com,Redes II,Lic. Martínez,martinez@uni.com,Telecom,B-202,Pagado,Transferencia
14544,Pedro Soto,psoto@email.com,IA Aplicada,Dra. Chen,drchen@uni.com,Sistemas,C-303,Cancelado,Efectivo
14545,Diego Luna,dluna@email.com,Matemáticas III,Dr. Gómez,gomez@uni.com,Ciencias,D-404,Cancelado,Tarjeta
14546,Ana Torres,ana.t@email.com,Base de Datos I,Ing. García,garcia@uni.com,Sistemas,A-101,Pendiente,Transferencia
14547,Laura Paz,l.paz@email.com,Redes II,Lic. Martínez,martinez@uni.com,Telecom,B-202,Pagado,Transferencia
14548,Sofía Vega,s.vega@email.com,Redes II,Lic. Martínez,martinez@uni.com,Telecom,B-202,Pendiente,Transferencia
14549,María López,m.lopez@email.com,IA Aplicada,Dra. Chen,drchen@uni.com,Sistemas,C-303,Pendiente,Transferencia
14550,María López,m.lopez@email.com,Base de Datos I,Ing. García,garcia@uni.com,Sistemas,A-101,Pagado,Tarjeta
14551,Laura Paz,l.paz@email.com,Matemáticas III,Dr. Gómez,gomez@uni.com,Ciencias,D-404,Pagado,Efectivo
14552,Elena Díaz,e.diaz@email.com,Redes II,Lic. Martínez,martinez@uni.com,Telecom,B-202,Pendiente,Transferencia
14553,Diego Luna,dluna@email.com,Redes II,Lic. Martínez,martinez@uni.com,Telecom,B-202,Pendiente,Tarjeta
14554,Elena Díaz,e.diaz@email.com,Base de Datos I,Ing. García,garcia@uni.com,Sistemas,A-101,Cancelado,Tarjeta
14555,Elena Díaz,e.diaz@email.com,Matemáticas III,Dr. Gómez,gomez@uni.com,Ciencias,D-404,Cancelado,Tarjeta
14556,María López,m.lopez@email.com,Base de Datos I,Ing. García,garcia@uni.com,Sistemas,A-101,Pagado,Transferencia
14557,Pedro Soto,psoto@email.com,Base de Datos I,Ing. García,garcia@uni.com,Sistemas,A-101,Cancelado,Efectivo
14558,Luis Gómez,luis.g@email.com,IA Aplicada,Dra. Chen,drchen@uni.com,Sistemas,C-303,Pendiente,Tarjeta
14559,Carlos Ruiz,cruiz@email.com,Redes II,Lic. Martínez,martinez@uni.com,Telecom,B-202,Pagado,Efectivo
14560,Diego Luna,dluna@email.com,Redes II,Lic. Martínez,martinez@uni.com,Telecom,B-202,Pagado,Transferencia
14561,Ana Torres,ana.t@email.com,Matemáticas III,Dr. Gómez,gomez@uni.com,Ciencias,D-404,Pagado,Efectivo
14562,María López,m.lopez@email.com,IA Aplicada,Dra. Chen,drchen@uni.com,Sistemas,C-303,Pendiente,Transferencia
14563,Pedro Soto,psoto@email.com,Base de Datos I,Ing. García,garcia@uni.com,Sistemas,A-101,Cancelado,Efectivo
14564,Carlos Ruiz,cruiz@email.com,Redes II,Lic. Martínez,martinez@uni.com,Telecom,B-202,Pagado,Transferencia
14565,Ana Torres,ana.t@email.com,IA Aplicada,Dra. Chen,drchen@uni.com,Sistemas,C-303,Pendiente,Efectivo
14566,Carlos Ruiz,cruiz@email.com,Redes II,Lic. Martínez,martinez@uni.com,Telecom,B-202,Pagado,Efectivo
14567,Luis Gómez,luis.g@email.com,Base de Datos I,Ing. García,garcia@uni.com,Sistemas,A-101,Pagado,Efectivo
14568,Diego Luna,dluna@email.com,IA Aplicada,Dra. Chen,drchen@uni.com,Sistemas,C-303,Cancelado,Tarjeta
14569,Pedro Soto,psoto@email.com,Base de Datos I,Ing. García,garcia@uni.com,Sistemas,A-101,Pendiente,Transferencia
14570,Elena Díaz,e.diaz@email.com,Redes II,Lic. Martínez,martinez@uni.com,Telecom,B-202,Pagado,Tarjeta
14571,Diego Luna,dluna@email.com,Base de Datos I,Ing. García,garcia@uni.com,Sistemas,A-101,Pagado,Tarjeta
14572,Juan Pérez,juan.p@email.com,Base de Datos I,Ing. García,garcia@uni.com,Sistemas,A-101,Cancelado,Efectivo
14573,Elena Díaz,e.diaz@email.com,Redes II,Lic. Martínez,martinez@uni.com,Telecom,B-202,Pendiente,Transferencia
14574,Ana Torres,ana.t@email.com,IA Aplicada,Dra. Chen,drchen@uni.com,Sistemas,C-303,Pendiente,Transferencia
14575,Laura Paz,l.paz@email.com,Redes II,Lic. Martínez,martinez@uni.com,Telecom,B-202,Pagado,Transferencia
14576,Luis Gómez,luis.g@email.com,Redes II,Lic. Martínez,martinez@uni.com,Telecom,B-202,Cancelado,Efectivo
14577,Ana Torres,ana.t@email.com,IA Aplicada,Dra. Chen,drchen@uni.com,Sistemas,C-303,Pagado,Transferencia
14578,Carlos Ruiz,cruiz@email.com,Base de Datos I,Ing. García,garcia@uni.com,Sistemas,A-101,Pagado,Transferencia
14579,Pedro Soto,psoto@email.com,Matemáticas III,Dr. Gómez,gomez@uni.com,Ciencias,D-404,Pagado,Efectivo
14580,Laura Paz,l.paz@email.com,Redes II,Lic. Martínez,martinez@uni.com,Telecom,B-202,Pagado,Transferencia
14581,Pedro Soto,psoto@email.com,Redes II,Lic. Martínez,martinez@uni.com,Telecom,B-202,Cancelado,Tarjeta
14582,Juan Pérez,juan.p@email.com,Base de Datos I,Ing. García,garcia@uni.com,Sistemas,A-101,Cancelado,Transferencia
14583,María López,m.lopez@email.com,Redes II,Lic. Martínez,martinez@uni.com,Telecom,B-202,Pendiente,Tarjeta
14584,Diego Luna,dluna@email.com,Matemáticas III,Dr. Gómez,gomez@uni.com,Ciencias,D-404,Pagado,Tarjeta
14585,María López,m.lopez@email.com,Matemáticas III,Dr. Gómez,gomez@uni.com,Ciencias,D-404,Pagado,Tarjeta
14586,Ana Torres,ana.t@email.com,Matemáticas III,Dr. Gómez,gomez@uni.com,Ciencias,D-404,Pagado,Efectivo
14587,Diego Luna,dluna@email.com,Redes II,Lic. Martínez,martinez@uni.com,Telecom,B-202,Pendiente,Efectivo
14588,Carlos Ruiz,cruiz@email.com,IA Aplicada,Dra. Chen,drchen@uni.com,Sistemas,C-303,Pendiente,Tarjeta
14589,Carlos Ruiz,cruiz@email.com,IA Aplicada,Dra. Chen,drchen@uni.com,Sistemas,C-303,Cancelado,Transferencia
14590,María López,m.lopez@email.com,IA Aplicada,Dra. Chen,drchen@uni.com,Sistemas,C-303,Pendiente,Efectivo
14591,Sofía Vega,s.vega@email.com,IA Aplicada,Dra. Chen,drchen@uni.com,Sistemas,C-303,Cancelado,Tarjeta
14592,Pedro Soto,psoto@email.com,Redes II,Lic. Martínez,martinez@uni.com,Telecom,B-202,Pagado,Efectivo
14593,Sofía Vega,s.vega@email.com,Redes II,Lic. Martínez,martinez@uni.com,Telecom,B-202,Cancelado,Tarjeta
14594,Laura Paz,l.paz@email.com,Matemáticas III,Dr. Gómez,gomez@uni.com,Ciencias,D-404,Cancelado,Transferencia
14595,Carlos Ruiz,cruiz@email.com,Redes II,Lic. Martínez,martinez@uni.com,Telecom,B-202,Pendiente,Tarjeta
14596,Diego Luna,dluna@email.com,Matemáticas III,Dr. Gómez,gomez@uni.com,Ciencias,D-404,Pagado,Efectivo
14597,María López,m.lopez@email.com,Redes II,Lic. Martínez,martinez@uni.com,Telecom,B-202,Cancelado,Tarjeta
14598,María López,m.lopez@email.com,Redes II,Lic. Martínez,martinez@uni.com,Telecom,B-202,Pendiente,Transferencia
14599,Sofía Vega,s.vega@email.com,Matemáticas III,Dr. Gómez,gomez@uni.com,Ciencias,D-404,Pagado,Efectivo
14600,Sofía Vega,s.vega@email.com,Base de Datos I,Ing. García,garcia@uni.com,Sistemas,A-101,Pagado,Tarjeta
14601,Luis Gómez,luis.g@email.com,Base de Datos I,Ing. García,garcia@uni.com,Sistemas,A-101,Pendiente,Tarjeta
14602,María López,m.lopez@email.com,Base de Datos I,Ing. García,garcia@uni.com,Sistemas,A-101,Cancelado,Tarjeta
14603,Carlos Ruiz,cruiz@email.com,IA Aplicada,Dra. Chen,drchen@uni.com,Sistemas,C-303,Cancelado,Transferencia
14604,Pedro Soto,psoto@email.com,IA Aplicada,Dra. Chen,drchen@uni.com,Sistemas,C-303,Pagado,Tarjeta
14605,María López,m.lopez@email.com,Matemáticas III,Dr. Gómez,gomez@uni.com,Ciencias,D-404,Cancelado,Tarjeta
14606,Elena Díaz,e.diaz@email.com,Matemáticas III,Dr. Gómez,gomez@uni.com,Ciencias,D-404,Pagado,Transferencia
14607,Sofía Vega,s.vega@email.com,Redes II,Lic. Martínez,martinez@uni.com,Telecom,B-202,Cancelado,Efectivo
14608,Carlos Ruiz,cruiz@email.com,Base de Datos I,Ing. García,garcia@uni.com,Sistemas,A-101,Cancelado,Efectivo
14609,Sofía Vega,s.vega@email.com,Base de Datos I,Ing. García,garcia@uni.com,Sistemas,A-101,Cancelado,Transferencia
14610,Laura Paz,l.paz@email.com,Matemáticas III,Dr. Gómez,gomez@uni.com,Ciencias,D-404,Cancelado,Transferencia
14611,María López,m.lopez@email.com,Base de Datos I,Ing. García,garcia@uni.com,Sistemas,A-101,Pagado,Efectivo
14612,Juan Pérez,juan.p@email.com,IA Aplicada,Dra. Chen,drchen@uni.com,Sistemas,C-303,Pagado,Tarjeta
14613,Pedro Soto,psoto@email.com,Redes II,Lic. Martínez,martinez@uni.com,Telecom,B-202,Pendiente,Transferencia
14614,Ana Torres,ana.t@email.com,IA Aplicada,Dra. Chen,drchen@uni.com,Sistemas,C-303,Pendiente,Efectivo
14615,Luis Gómez,luis.g@email.com,Base de Datos I,Ing. García,garcia@uni.com,Sistemas,A-101,Cancelado,Efectivo
14616,Juan Pérez,juan.p@email.com,Base de Datos I,Ing. García,garcia@uni.com,Sistemas,A-101,Pendiente,Efectivo
14617,Juan Pérez,juan.p@email.com,Redes II,Lic. Martínez,martinez@uni.com,Telecom,B-202,Cancelado,Tarjeta
14618,Diego Luna,dluna@email.com,Base de Datos I,Ing. García,garcia@uni.com,Sistemas,A-101,Cancelado,Efectivo
14619,Diego Luna,dluna@email.com,Base de Datos I,Ing. García,garcia@uni.com,Sistemas,A-101,Cancelado,Tarjeta
14620,Luis Gómez,luis.g@email.com,Redes II,Lic. Martínez,martinez@uni.com,Telecom,B-202,Pagado,Tarjeta
14621,Pedro Soto,psoto@email.com,IA Aplicada,Dra. Chen,drchen@uni.com,Sistemas,C-303,Pagado,Efectivo
14622,Luis Gómez,luis.g@email.com,IA Aplicada,Dra. Chen,drchen@uni.com,Sistemas,C-303,Pendiente,Transferencia
14623,Sofía Vega,s.vega@email.com,IA Aplicada,Dra. Chen,drchen@uni.com,Sistemas,C-303,Pendiente,Efectivo
14624,Pedro Soto,psoto@email.com,IA Aplicada,Dra. Chen,drchen@uni.com,Sistemas,C-303,Pagado,Efectivo
14625,Luis Gómez,luis.g@email.com,Redes II,Lic. Martínez,martinez@uni.com,Telecom,B-202,Pagado,Transferencia
14626,María López,m.lopez@email.com,Matemáticas III,Dr. Gómez,gomez@uni.com,Ciencias,D-404,Pagado,Efectivo
14627,Luis Gómez,luis.g@email.com,Redes II,Lic. Martínez,martinez@uni.com,Telecom,B-202,Pendiente,Efectivo
14628,Pedro Soto,psoto@email.com,Matemáticas III,Dr. Gómez,gomez@uni.com,Ciencias,D-404,Pagado,Tarjeta
14629,Pedro Soto,psoto@email.com,Redes II,Lic. Martínez,martinez@uni.com,Telecom,B-202,Cancelado,Tarjeta
14630,Sofía Vega,s.vega@email.com,IA Aplicada,Dra. Chen,drchen@uni.com,Sistemas,C-303,Pagado,Tarjeta
14631,María López,m.lopez@email.com,Matemáticas III,Dr. Gómez,gomez@uni.com,Ciencias,D-404,Pendiente,Efectivo
14632,Pedro Soto,psoto@email.com,IA Aplicada,Dra. Chen,drchen@uni.com,Sistemas,C-303,Pagado,Transferencia
14633,Laura Paz,l.paz@email.com,Redes II,Lic. Martínez,martinez@uni.com,Telecom,B-202,Pendiente,Tarjeta
14634,Laura Paz,l.paz@email.com,Redes II,Lic. Martínez,martinez@uni.com,Telecom,B-202,Pagado,Transferencia
14635,María López,m.lopez@email.com,IA Aplicada,Dra. Chen,drchen@uni.com,Sistemas,C-303,Pendiente,Efectivo
14636,Diego Luna,dluna@email.com,Matemáticas III,Dr. Gómez,gomez@uni.com,Ciencias,D-404,Pagado,Tarjeta
14637,Sofía Vega,s.vega@email.com,Redes II,Lic. Martínez,martinez@uni.com,Telecom,B-202,Cancelado,Transferencia
14638,Elena Díaz,e.diaz@email.com,Redes II,Lic. Martínez,martinez@uni.com,Telecom,B-202,Pendiente,Efectivo
14639,Laura Paz,l.paz@email.com,Base de Datos I,Ing. García,garcia@uni.com,Sistemas,A-101,Pendiente,Tarjeta
14640,Diego Luna,dluna@email.com,Matemáticas III,Dr. Gómez,gomez@uni.com,Ciencias,D-404,Pendiente,Transferencia
14641,Juan Pérez,juan.p@email.com,Matemáticas III,Dr. Gómez,gomez@uni.com,Ciencias,D-404,Pendiente,Efectivo
14642,Laura Paz,l.paz@email.com,IA Aplicada,Dra. Chen,drchen@uni.com,Sistemas,C-303,Pagado,Tarjeta
14643,Sofía Vega,s.vega@email.com,Matemáticas III,Dr. Gómez,gomez@uni.com,Ciencias,D-404,Cancelado,Transferencia
14644,Juan Pérez,juan.p@email.com,Redes II,Lic. Martínez,martinez@uni.com,Telecom,B-202,Pendiente,Tarjeta
14645,Sofía Vega,s.vega@email.com,IA Aplicada,Dra. Chen,drchen@uni.com,Sistemas,C-303,Pendiente,Transferencia
14646,Luis Gómez,luis.g@email.com,Matemáticas III,Dr. Gómez,gomez@uni.com,Ciencias,D-404,Cancelado,Tarjeta
14647,Sofía Vega,s.vega@email.com,Base de Datos I,Ing. García,garcia@uni.com,Sistemas,A-101,Pendiente,Transferencia
14648,Ana Torres,ana.t@email.com,Base de Datos I,Ing. García,garcia@uni.com,Sistemas,A-101,Pendiente,Tarjeta
14649,Elena Díaz,e.diaz@email.com,Matemáticas III,Dr. Gómez,gomez@uni.com,Ciencias,D-404,Cancelado,Transferencia
14650,Diego Luna,dluna@email.com,Redes II,Lic. Martínez,martinez@uni.com,Telecom,B-202,Pagado,Efectivo
14651,Laura Paz,l.paz@email.com,Base de Datos I,Ing. García,garcia@uni.com,Sistemas,A-101,Pendiente,Tarjeta
14652,Pedro Soto,psoto@email.com,Base de Datos I,Ing. García,garcia@uni.com,Sistemas,A-101,Pagado,Efectivo
14653,Elena Díaz,e.diaz@email.com,Base de Datos I,Ing. García,garcia@uni.com,Sistemas,A-101,Cancelado,Efectivo
14654,Ana Torres,ana.t@email.com,Matemáticas III,Dr. Gómez,gomez@uni.com,Ciencias,D-404,Pendiente,Tarjeta
14655,Luis Gómez,luis.g@email.com,Matemáticas III,Dr. Gómez,gomez@uni.com,Ciencias,D-404,Pagado,Tarjeta
14656,Diego Luna,dluna@email.com,IA Aplicada,Dra. Chen,drchen@uni.com,Sistemas,C-303,Pendiente,Transferencia
14657,Carlos Ruiz,cruiz@email.com,IA Aplicada,Dra. Chen,drchen@uni.com,Sistemas,C-303,Cancelado,Transferencia
14658,Luis Gómez,luis.g@email.com,Base de Datos I,Ing. García,garcia@uni.com,Sistemas,A-101,Pendiente,Transferencia
14659,Juan Pérez,juan.p@email.com,IA Aplicada,Dra. Chen,drchen@uni.com,Sistemas,C-303,Pendiente,Efectivo
14660,María López,m.lopez@email.com,Base de Datos I,Ing. García,garcia@uni.com,Sistemas,A-101,Cancelado,Tarjeta
14661,Carlos Ruiz,cruiz@email.com,Matemáticas III,Dr. Gómez,gomez@uni.com,Ciencias,D-404,Pagado,Efectivo
14662,Elena Díaz,e.diaz@email.com,Base de Datos I,Ing. García,garcia@uni.com,Sistemas,A-101,Pagado,Efectivo
14663,Pedro Soto,psoto@email.com,Redes II,Lic. Martínez,martinez@uni.com,Telecom,B-202,Cancelado,Efectivo
14664,Carlos Ruiz,cruiz@email.com,Base de Datos I,Ing. García,garcia@uni.com,Sistemas,A-101,Pagado,Tarjeta
14665,María López,m.lopez@email.com,Base de Datos I,Ing. García,garcia@uni.com,Sistemas,A-101,Pendiente,Tarjeta
14666,Luis Gómez,luis.g@email.com,IA Aplicada,Dra. Chen,drchen@uni.com,Sistemas,C-303,Cancelado,Efectivo
14667,Pedro Soto,psoto@email.com,Redes II,Lic. Martínez,martinez@uni.com,Telecom,B-202,Pendiente,Tarjeta
14668,Carlos Ruiz,cruiz@email.com,Redes II,Lic. Martínez,martinez@uni.com,Telecom,B-202,Cancelado,Tarjeta
14669,Pedro Soto,psoto@email.com,IA Aplicada,Dra. Chen,drchen@uni.com,Sistemas,C-303,Pendiente,Tarjeta
14670,María López,m.lopez@email.com,Matemáticas III,Dr. Gómez,gomez@uni.com,Ciencias,D-404,Cancelado,Tarjeta
14671,Elena Díaz,e.diaz@email.com,IA Aplicada,Dra. Chen,drchen@uni.com,Sistemas,C-303,Cancelado,Tarjeta
14672,Ana Torres,ana.t@email.com,IA Aplicada,Dra. Chen,drchen@uni.com,Sistemas,C-303,Pendiente,Transferencia
14673,Diego Luna,dluna@email.com,Matemáticas III,Dr. Gómez,gomez@uni.com,Ciencias,D-404,Pendiente,Tarjeta
14674,Ana Torres,ana.t@email.com,IA Aplicada,Dra. Chen,drchen@uni.com,Sistemas,C-303,Pendiente,Tarjeta
14675,Sofía Vega,s.vega@email.com,Base de Datos I,Ing. García,garcia@uni.com,Sistemas,A-101,Pagado,Transferencia
14676,María López,m.lopez@email.com,Base de Datos I,Ing. García,garcia@uni.com,Sistemas,A-101,Pagado,Transferencia
14677,María López,m.lopez@email.com,Base de Datos I,Ing. García,garcia@uni.com,Sistemas,A-101,Pagado,Transferencia
14678,Diego Luna,dluna@email.com,Matemáticas III,Dr. Gómez,gomez@uni.com,Ciencias,D-404,Cancelado,Tarjeta
14679,Luis Gómez,luis.g@email.com,Base de Datos I,Ing. García,garcia@uni.com,Sistemas,A-101,Pagado,Transferencia
14680,Carlos Ruiz,cruiz@email.com,Redes II,Lic. Martínez,martinez@uni.com,Telecom,B-202,Pagado,Transferencia
14681,Pedro Soto,psoto@email.com,Matemáticas III,Dr. Gómez,gomez@uni.com,Ciencias,D-404,Pagado,Tarjeta
14682,Carlos Ruiz,cruiz@email.com,Matemáticas III,Dr. Gómez,gomez@uni.com,Ciencias,D-404,Pagado,Transferencia
14683,Pedro Soto,psoto@email.com,Matemáticas III,Dr. Gómez,gomez@uni.com,Ciencias,D-404,Cancelado,Efectivo
14684,Laura Paz,l.paz@email.com,IA Aplicada,Dra. Chen,drchen@uni.com,Sistemas,C-303,Pagado,Efectivo
14685,Luis Gómez,luis.g@email.com,Redes II,Lic. Martínez,martinez@uni.com,Telecom,B-202,Pendiente,Transferencia
14686,Laura Paz,l.paz@email.com,Redes II,Lic. Martínez,martinez@uni.com,Telecom,B-202,Pagado,Efectivo
14687,Carlos Ruiz,cruiz@email.com,Redes II,Lic. Martínez,martinez@uni.com,Telecom,B-202,Pagado,Tarjeta
14688,Laura Paz,l.paz@email.com,Base de Datos I,Ing. García,garcia@uni.com,Sistemas,A-101,Cancelado,Tarjeta
14689,Elena Díaz,e.diaz@email.com,Redes II,Lic. Martínez,martinez@uni.com,Telecom,B-202,Pagado,Tarjeta
14690,Diego Luna,dluna@email.com,Base de Datos I,Ing. García,garcia@uni.com,Sistemas,A-101,Pendiente,Transferencia
14691,Juan Pérez,juan.p@email.com,Matemáticas III,Dr. Gómez,gomez@uni.com,Ciencias,D-404,Pagado,Transferencia
14692,Carlos Ruiz,cruiz@email.com,Base de Datos I,Ing. García,garcia@uni.com,Sistemas,A-101,Cancelado,Transferencia
14693,Ana Torres,ana.t@email.com,IA Aplicada,Dra. Chen,drchen@uni.com,Sistemas,C-303,Cancelado,Efectivo
14694,Juan Pérez,juan.p@email.com,IA Aplicada,Dra. Chen,drchen@uni.com,Sistemas,C-303,Pagado,Efectivo
14695,María López,m.lopez@email.com,Redes II,Lic. Martínez,martinez@uni.com,Telecom,B-202,Cancelado,Transferencia
14696,María López,m.lopez@email.com,Redes II,Lic. Martínez,martinez@uni.com,Telecom,B-202,Pendiente,Transferencia
14697,Luis Gómez,luis.g@email.com,Redes II,Lic. Martínez,martinez@uni.com,Telecom,B-202,Pagado,Tarjeta
14698,Luis Gómez,luis.g@email.com,Base de Datos I,Ing. García,garcia@uni.com,Sistemas,A-101,Pendiente,Transferencia
14699,Luis Gómez,luis.g@email.com,Matemáticas III,Dr. Gómez,gomez@uni.com,Ciencias,D-404,Pendiente,Tarjeta
14700,Luis Gómez,luis.g@email.com,Matemáticas III,Dr. Gómez,gomez@uni.com,Ciencias,D-404,Cancelado,Tarjeta
14701,Luis Gómez,luis.g@email.com,Base de Datos I,Ing. García,garcia@uni.com,Sistemas,A-101,Pagado,Transferencia
14702,Carlos Ruiz,cruiz@email.com,Base de Datos I,Ing. García,garcia@uni.com,Sistemas,A-101,Cancelado,Transferencia
14703,Carlos Ruiz,cruiz@email.com,Redes II,Lic. Martínez,martinez@uni.com,Telecom,B-202,Pendiente,Efectivo
14704,Laura Paz,l.paz@email.com,Base de Datos I,Ing. García,garcia@uni.com,Sistemas,A-101,Pagado,Tarjeta
14705,María López,m.lopez@email.com,Base de Datos I,Ing. García,garcia@uni.com,Sistemas,A-101,Cancelado,Transferencia
14706,Diego Luna,dluna@email.com,Matemáticas III,Dr. Gómez,gomez@uni.com,Ciencias,D-404,Pendiente,Efectivo
14707,Elena Díaz,e.diaz@email.com,Base de Datos I,Ing. García,garcia@uni.com,Sistemas,A-101,Pendiente,Transferencia
14708,Laura Paz,l.paz@email.com,Base de Datos I,Ing. García,garcia@uni.com,Sistemas,A-101,Cancelado,Efectivo
14709,Laura Paz,l.paz@email.com,Matemáticas III,Dr. Gómez,gomez@uni.com,Ciencias,D-404,Cancelado,Efectivo
14710,Diego Luna,dluna@email.com,Base de Datos I,Ing. García,garcia@uni.com,Sistemas,A-101,Cancelado,Transferencia
14711,Elena Díaz,e.diaz@email.com,Matemáticas III,Dr. Gómez,gomez@uni.com,Ciencias,D-404,Pagado,Efectivo
14712,Luis Gómez,luis.g@email.com,Redes II,Lic. Martínez,martinez@uni.com,Telecom,B-202,Pendiente,Transferencia
14713,Juan Pérez,juan.p@email.com,IA Aplicada,Dra. Chen,drchen@uni.com,Sistemas,C-303,Cancelado,Tarjeta
14714,Elena Díaz,e.diaz@email.com,Base de Datos I,Ing. García,garcia@uni.com,Sistemas,A-101,Pagado,Tarjeta
14715,María López,m.lopez@email.com,IA Aplicada,Dra. Chen,drchen@uni.com,Sistemas,C-303,Cancelado,Transferencia
14716,Carlos Ruiz,cruiz@email.com,IA Aplicada,Dra. Chen,drchen@uni.com,Sistemas,C-303,Cancelado,Efectivo
14717,Sofía Vega,s.vega@email.com,IA Aplicada,Dra. Chen,drchen@uni.com,Sistemas,C-303,Pagado,Efectivo
14718,Pedro Soto,psoto@email.com,Matemáticas III,Dr. Gómez,gomez@uni.com,Ciencias,D-404,Pagado,Efectivo
14719,Sofía Vega,s.vega@email.com,Base de Datos I,Ing. García,garcia@uni.com,Sistemas,A-101,Cancelado,Tarjeta
14720,Laura Paz,l.paz@email.com,Matemáticas III,Dr. Gómez,gomez@uni.com,Ciencias,D-404,Pendiente,Tarjeta
14721,Diego Luna,dluna@email.com,Base de Datos I,Ing. García,garcia@uni.com,Sistemas,A-101,Cancelado,Tarjeta
14722,María López,m.lopez@email.com,Matemáticas III,Dr. Gómez,gomez@uni.com,Ciencias,D-404,Cancelado,Transferencia
14723,Pedro Soto,psoto@email.com,IA Aplicada,Dra. Chen,drchen@uni.com,Sistemas,C-303,Cancelado,Transferencia
14724,Laura Paz,l.paz@email.com,Base de Datos I,Ing. García,garcia@uni.com,Sistemas,A-101,Cancelado,Transferencia
14725,Carlos Ruiz,cruiz@email.com,Base de Datos I,Ing. García,garcia@uni.com,Sistemas,A-101,Pagado,Tarjeta
14726,Juan Pérez,juan.p@email.com,Base de Datos I,Ing. García,garcia@uni.com,Sistemas,A-101,Pendiente,Efectivo
14727,Laura Paz,l.paz@email.com,Redes II,Lic. Martínez,martinez@uni.com,Telecom,B-202,Cancelado,Efectivo
14728,Ana Torres,ana.t@email.com,Base de Datos I,Ing. García,garcia@uni.com,Sistemas,A-101,Cancelado,Tarjeta
14729,Carlos Ruiz,cruiz@email.com,Matemáticas III,Dr. Gómez,gomez@uni.com,Ciencias,D-404,Pagado,Tarjeta
14730,María López,m.lopez@email.com,IA Aplicada,Dra. Chen,drchen@uni.com,Sistemas,C-303,Cancelado,Transferencia
14731,María López,m.lopez@email.com,IA Aplicada,Dra. Chen,drchen@uni.com,Sistemas,C-303,Cancelado,Transferencia
14732,Laura Paz,l.paz@email.com,Matemáticas III,Dr. Gómez,gomez@uni.com,Ciencias,D-404,Pendiente,Efectivo
14733,Juan Pérez,juan.p@email.com,Base de Datos I,Ing. García,garcia@uni.com,Sistemas,A-101,Pagado,Transferencia
14734,Elena Díaz,e.diaz@email.com,Redes II,Lic. Martínez,martinez@uni.com,Telecom,B-202,Cancelado,Transferencia
14735,Carlos Ruiz,cruiz@email.com,Matemáticas III,Dr. Gómez,gomez@uni.com,Ciencias,D-404,Cancelado,Efectivo
14736,Ana Torres,ana.t@email.com,IA Aplicada,Dra. Chen,drchen@uni.com,Sistemas,C-303,Cancelado,Tarjeta
14737,Diego Luna,dluna@email.com,IA Aplicada,Dra. Chen,drchen@uni.com,Sistemas,C-303,Pagado,Efectivo
14738,Laura Paz,l.paz@email.com,Base de Datos I,Ing. García,garcia@uni.com,Sistemas,A-101,Pagado,Transferencia
14739,Pedro Soto,psoto@email.com,IA Aplicada,Dra. Chen,drchen@uni.com,Sistemas,C-303,Cancelado,Efectivo
14740,Juan Pérez,juan.p@email.com,IA Aplicada,Dra. Chen,drchen@uni.com,Sistemas,C-303,Pagado,Efectivo
14741,Juan Pérez,juan.p@email.com,IA Aplicada,Dra. Chen,drchen@uni.com,Sistemas,C-303,Cancelado,Efectivo
14742,Diego Luna,dluna@email.com,Base de Datos I,Ing. García,garcia@uni.com,Sistemas,A-101,Pendiente,Transferencia
14743,Sofía Vega,s.vega@email.com,Base de Datos I,Ing. García,garcia@uni.com,Sistemas,A-101,Pagado,Efectivo
14744,Sofía Vega,s.vega@email.com,Redes II,Lic. Martínez,martinez@uni.com,Telecom,B-202,Cancelado,Efectivo
14745,Sofía Vega,s.vega@email.com,IA Aplicada,Dra. Chen,drchen@uni.com,Sistemas,C-303,Cancelado,Transferencia
14746,Ana Torres,ana.t@email.com,Redes II,Lic. Martínez,martinez@uni.com,Telecom,B-202,Pendiente,Efectivo
14747,María López,m.lopez@email.com,Redes II,Lic. Martínez,martinez@uni.com,Telecom,B-202,Pagado,Tarjeta
14748,Luis Gómez,luis.g@email.com,IA Aplicada,Dra. Chen,drchen@uni.com,Sistemas,C-303,Pendiente,Tarjeta
14749,Laura Paz,l.paz@email.com,Redes II,Lic. Martínez,martinez@uni.com,Telecom,B-202,Pendiente,Transferencia
14750,Ana Torres,ana.t@email.com,IA Aplicada,Dra. Chen,drchen@uni.com,Sistemas,C-303,Pagado,Tarjeta
14751,Laura Paz,l.paz@email.com,Redes II,Lic. Martínez,martinez@uni.com,Telecom,B-202,Pendiente,Transferencia
14752,Sofía Vega,s.vega@email.com,Matemáticas III,Dr. Gómez,gomez@uni.com,Ciencias,D-404,Cancelado,Transferencia
14753,Ana Torres,ana.t@email.com,Base de Datos I,Ing. García,garcia@uni.com,Sistemas,A-101,Pendiente,Tarjeta
14754,Elena Díaz,e.diaz@email.com,IA Aplicada,Dra. Chen,drchen@uni.com,Sistemas,C-303,Pagado,Tarjeta
14755,Diego Luna,dluna@email.com,Redes II,Lic. Martínez,martinez@uni.com,Telecom,B-202,Cancelado,Efectivo
14756,Juan Pérez,juan.p@email.com,IA Aplicada,Dra. Chen,drchen@uni.com,Sistemas,C-303,Cancelado,Tarjeta
14757,Laura Paz,l.paz@email.com,Base de Datos I,Ing. García,garcia@uni.com,Sistemas,A-101,Pagado,Transferencia
14758,Juan Pérez,juan.p@email.com,Matemáticas III,Dr. Gómez,gomez@uni.com,Ciencias,D-404,Pendiente,Efectivo
14759,Diego Luna,dluna@email.com,Base de Datos I,Ing. García,garcia@uni.com,Sistemas,A-101,Pagado,Transferencia
14760,Pedro Soto,psoto@email.com,Matemáticas III,Dr. Gómez,gomez@uni.com,Ciencias,D-404,Cancelado,Efectivo
14761,Elena Díaz,e.diaz@email.com,Redes II,Lic. Martínez,martinez@uni.com,Telecom,B-202,Pagado,Tarjeta
14762,Laura Paz,l.paz@email.com,Base de Datos I,Ing. García,garcia@uni.com,Sistemas,A-101,Cancelado,Tarjeta
14763,María López,m.lopez@email.com,Matemáticas III,Dr. Gómez,gomez@uni.com,Ciencias,D-404,Pendiente,Tarjeta
14764,Pedro Soto,psoto@email.com,Base de Datos I,Ing. García,garcia@uni.com,Sistemas,A-101,Pagado,Efectivo
14765,Luis Gómez,luis.g@email.com,Matemáticas III,Dr. Gómez,gomez@uni.com,Ciencias,D-404,Pagado,Tarjeta
14766,Ana Torres,ana.t@email.com,Matemáticas III,Dr. Gómez,gomez@uni.com,Ciencias,D-404,Pendiente,Transferencia
14767,Luis Gómez,luis.g@email.com,Base de Datos I,Ing. García,garcia@uni.com,Sistemas,A-101,Cancelado,Transferencia
14768,Carlos Ruiz,cruiz@email.com,Base de Datos I,Ing. García,garcia@uni.com,Sistemas,A-101,Cancelado,Efectivo
14769,Ana Torres,ana.t@email.com,Matemáticas III,Dr. Gómez,gomez@uni.com,Ciencias,D-404,Cancelado,Tarjeta
14770,Luis Gómez,luis.g@email.com,Base de Datos I,Ing. García,garcia@uni.com,Sistemas,A-101,Pendiente,Efectivo
14771,Luis Gómez,luis.g@email.com,Redes II,Lic. Martínez,martinez@uni.com,Telecom,B-202,Pendiente,Efectivo
14772,Pedro Soto,psoto@email.com,Base de Datos I,Ing. García,garcia@uni.com,Sistemas,A-101,Pagado,Tarjeta
14773,Luis Gómez,luis.g@email.com,Redes II,Lic. Martínez,martinez@uni.com,Telecom,B-202,Pagado,Transferencia
14774,Laura Paz,l.paz@email.com,Matemáticas III,Dr. Gómez,gomez@uni.com,Ciencias,D-404,Pendiente,Tarjeta
14775,Juan Pérez,juan.p@email.com,Redes II,Lic. Martínez,martinez@uni.com,Telecom,B-202,Pendiente,Transferencia
14776,Pedro Soto,psoto@email.com,Base de Datos I,Ing. García,garcia@uni.com,Sistemas,A-101,Pagado,Efectivo
14777,Sofía Vega,s.vega@email.com,Redes II,Lic. Martínez,martinez@uni.com,Telecom,B-202,Pagado,Transferencia
14778,Sofía Vega,s.vega@email.com,Redes II,Lic. Martínez,martinez@uni.com,Telecom,B-202,Pendiente,Efectivo
14779,Luis Gómez,luis.g@email.com,Matemáticas III,Dr. Gómez,gomez@uni.com,Ciencias,D-404,Pagado,Transferencia
14780,María López,m.lopez@email.com,Base de Datos I,Ing. García,garcia@uni.com,Sistemas,A-101,Pagado,Tarjeta
14781,Luis Gómez,luis.g@email.com,IA Aplicada,Dra. Chen,drchen@uni.com,Sistemas,C-303,Cancelado,Tarjeta
14782,Laura Paz,l.paz@email.com,Matemáticas III,Dr. Gómez,gomez@uni.com,Ciencias,D-404,Pendiente,Tarjeta
14783,Ana Torres,ana.t@email.com,Redes II,Lic. Martínez,martinez@uni.com,Telecom,B-202,Pagado,Efectivo
14784,Carlos Ruiz,cruiz@email.com,Matemáticas III,Dr. Gómez,gomez@uni.com,Ciencias,D-404,Pagado,Tarjeta
14785,Luis Gómez,luis.g@email.com,Base de Datos I,Ing. García,garcia@uni.com,Sistemas,A-101,Cancelado,Efectivo
14786,Luis Gómez,luis.g@email.com,Matemáticas III,Dr. Gómez,gomez@uni.com,Ciencias,D-404,Pendiente,Transferencia
14787,María López,m.lopez@email.com,Base de Datos I,Ing. García,garcia@uni.com,Sistemas,A-101,Pendiente,Efectivo
14788,María López,m.lopez@email.com,Base de Datos I,Ing. García,garcia@uni.com,Sistemas,A-101,Pendiente,Transferencia
14789,Carlos Ruiz,cruiz@email.com,Base de Datos I,Ing. García,garcia@uni.com,Sistemas,A-101,Pendiente,Tarjeta
14790,Diego Luna,dluna@email.com,IA Aplicada,Dra. Chen,drchen@uni.com,Sistemas,C-303,Cancelado,Efectivo
14791,Ana Torres,ana.t@email.com,Redes II,Lic. Martínez,martinez@uni.com,Telecom,B-202,Pendiente,Tarjeta
14792,Elena Díaz,e.diaz@email.com,Base de Datos I,Ing. García,garcia@uni.com,Sistemas,A-101,Pendiente,Tarjeta
14793,María López,m.lopez@email.com,Redes II,Lic. Martínez,martinez@uni.com,Telecom,B-202,Pagado,Transferencia
14794,Pedro Soto,psoto@email.com,Matemáticas III,Dr. Gómez,gomez@uni.com,Ciencias,D-404,Pagado,Transferencia
14795,Pedro Soto,psoto@email.com,Base de Datos I,Ing. García,garcia@uni.com,Sistemas,A-101,Pendiente,Transferencia
14796,Ana Torres,ana.t@email.com,Matemáticas III,Dr. Gómez,gomez@uni.com,Ciencias,D-404,Pagado,Tarjeta
14797,Pedro Soto,psoto@email.com,Base de Datos I,Ing. García,garcia@uni.com,Sistemas,A-101,Pendiente,Tarjeta
14798,Diego Luna,dluna@email.com,Base de Datos I,Ing. García,garcia@uni.com,Sistemas,A-101,Pagado,Efectivo
14799,Ana Torres,ana.t@email.com,Matemáticas III,Dr. Gómez,gomez@uni.com,Ciencias,D-404,Pendiente,Efectivo
14800,Diego Luna,dluna@email.com,Redes II,Lic. Martínez,martinez@uni.com,Telecom,B-202,Pagado,Efectivo
14801,Laura Paz,l.paz@email.com,Matemáticas III,Dr. Gómez,gomez@uni.com,Ciencias,D-404,Pagado,Transferencia
14802,Carlos Ruiz,cruiz@email.com,Redes II,Lic. Martínez,martinez@uni.com,Telecom,B-202,Pendiente,Efectivo
14803,María López,m.lopez@email.com,IA Aplicada,Dra. Chen,drchen@uni.com,Sistemas,C-303,Pendiente,Efectivo
14804,Carlos Ruiz,cruiz@email.com,IA Aplicada,Dra. Chen,drchen@uni.com,Sistemas,C-303,Pendiente,Efectivo
14805,Sofía Vega,s.vega@email.com,IA Aplicada,Dra. Chen,drchen@uni.com,Sistemas,C-303,Pendiente,Efectivo
14806,Laura Paz,l.paz@email.com,Matemáticas III,Dr. Gómez,gomez@uni.com,Ciencias,D-404,Cancelado,Transferencia
14807,Pedro Soto,psoto@email.com,Redes II,Lic. Martínez,martinez@uni.com,Telecom,B-202,Pagado,Efectivo
14808,Luis Gómez,luis.g@email.com,Matemáticas III,Dr. Gómez,gomez@uni.com,Ciencias,D-404,Pagado,Transferencia
14809,Carlos Ruiz,cruiz@email.com,Base de Datos I,Ing. García,garcia@uni.com,Sistemas,A-101,Pendiente,Tarjeta
14810,Sofía Vega,s.vega@email.com,Matemáticas III,Dr. Gómez,gomez@uni.com,Ciencias,D-404,Pagado,Transferencia
14811,Sofía Vega,s.vega@email.com,IA Aplicada,Dra. Chen,drchen@uni.com,Sistemas,C-303,Pagado,Efectivo
14812,Ana Torres,ana.t@email.com,Redes II,Lic. Martínez,martinez@uni.com,Telecom,B-202,Pendiente,Efectivo
14813,Sofía Vega,s.vega@email.com,Matemáticas III,Dr. Gómez,gomez@uni.com,Ciencias,D-404,Pagado,Efectivo
14814,Luis Gómez,luis.g@email.com,Base de Datos I,Ing. García,garcia@uni.com,Sistemas,A-101,Pagado,Transferencia
14815,Sofía Vega,s.vega@email.com,Base de Datos I,Ing. García,garcia@uni.com,Sistemas,A-101,Cancelado,Efectivo
14816,Elena Díaz,e.diaz@email.com,Redes II,Lic. Martínez,martinez@uni.com,Telecom,B-202,Cancelado,Transferencia
14817,Elena Díaz,e.diaz@email.com,Base de Datos I,Ing. García,garcia@uni.com,Sistemas,A-101,Cancelado,Transferencia
14818,Carlos Ruiz,cruiz@email.com,Base de Datos I,Ing. García,garcia@uni.com,Sistemas,A-101,Pagado,Efectivo
14819,Elena Díaz,e.diaz@email.com,Redes II,Lic. Martínez,martinez@uni.com,Telecom,B-202,Pendiente,Transferencia
14820,Elena Díaz,e.diaz@email.com,Matemáticas III,Dr. Gómez,gomez@uni.com,Ciencias,D-404,Cancelado,Efectivo
14821,Elena Díaz,e.diaz@email.com,Base de Datos I,Ing. García,garcia@uni.com,Sistemas,A-101,Pendiente,Tarjeta
14822,Luis Gómez,luis.g@email.com,Matemáticas III,Dr. Gómez,gomez@uni.com,Ciencias,D-404,Pendiente,Efectivo
14823,Carlos Ruiz,cruiz@email.com,IA Aplicada,Dra. Chen,drchen@uni.com,Sistemas,C-303,Pagado,Transferencia
14824,Diego Luna,dluna@email.com,Base de Datos I,Ing. García,garcia@uni.com,Sistemas,A-101,Pendiente,Efectivo
14825,Pedro Soto,psoto@email.com,Matemáticas III,Dr. Gómez,gomez@uni.com,Ciencias,D-404,Cancelado,Efectivo
14826,Elena Díaz,e.diaz@email.com,IA Aplicada,Dra. Chen,drchen@uni.com,Sistemas,C-303,Pendiente,Tarjeta
14827,Sofía Vega,s.vega@email.com,Base de Datos I,Ing. García,garcia@uni.com,Sistemas,A-101,Pagado,Transferencia
14828,Luis Gómez,luis.g@email.com,Redes II,Lic. Martínez,martinez@uni.com,Telecom,B-202,Cancelado,Tarjeta
14829,Laura Paz,l.paz@email.com,Matemáticas III,Dr. Gómez,gomez@uni.com,Ciencias,D-404,Pagado,Tarjeta
14830,Luis Gómez,luis.g@email.com,Redes II,Lic. Martínez,martinez@uni.com,Telecom,B-202,Pendiente,Transferencia
14831,María López,m.lopez@email.com,Matemáticas III,Dr. Gómez,gomez@uni.com,Ciencias,D-404,Pendiente,Tarjeta
14832,Carlos Ruiz,cruiz@email.com,Redes II,Lic. Martínez,martinez@uni.com,Telecom,B-202,Pagado,Efectivo
14833,Pedro Soto,psoto@email.com,Matemáticas III,Dr. Gómez,gomez@uni.com,Ciencias,D-404,Cancelado,Tarjeta
14834,Juan Pérez,juan.p@email.com,Redes II,Lic. Martínez,martinez@uni.com,Telecom,B-202,Cancelado,Transferencia
14835,María López,m.lopez@email.com,Base de Datos I,Ing. García,garcia@uni.com,Sistemas,A-101,Pagado,Transferencia
14836,María López,m.lopez@email.com,IA Aplicada,Dra. Chen,drchen@uni.com,Sistemas,C-303,Cancelado,Transferencia
14837,Ana Torres,ana.t@email.com,Matemáticas III,Dr. Gómez,gomez@uni.com,Ciencias,D-404,Cancelado,Transferencia
14838,Juan Pérez,juan.p@email.com,Redes II,Lic. Martínez,martinez@uni.com,Telecom,B-202,Pendiente,Tarjeta
14839,Diego Luna,dluna@email.com,Matemáticas III,Dr. Gómez,gomez@uni.com,Ciencias,D-404,Pagado,Transferencia
14840,Pedro Soto,psoto@email.com,Matemáticas III,Dr. Gómez,gomez@uni.com,Ciencias,D-404,Pendiente,Efectivo
14841,Juan Pérez,juan.p@email.com,Redes II,Lic. Martínez,martinez@uni.com,Telecom,B-202,Pagado,Tarjeta
14842,Elena Díaz,e.diaz@email.com,Base de Datos I,Ing. García,garcia@uni.com,Sistemas,A-101,Pagado,Efectivo
14843,Sofía Vega,s.vega@email.com,Redes II,Lic. Martínez,martinez@uni.com,Telecom,B-202,Pagado,Efectivo
14844,Carlos Ruiz,cruiz@email.com,Redes II,Lic. Martínez,martinez@uni.com,Telecom,B-202,Pagado,Tarjeta
14845,Juan Pérez,juan.p@email.com,IA Aplicada,Dra. Chen,drchen@uni.com,Sistemas,C-303,Pagado,Transferencia
14846,Juan Pérez,juan.p@email.com,Base de Datos I,Ing. García,garcia@uni.com,Sistemas,A-101,Cancelado,Efectivo
14847,Diego Luna,dluna@email.com,IA Aplicada,Dra. Chen,drchen@uni.com,Sistemas,C-303,Pagado,Transferencia
14848,Pedro Soto,psoto@email.com,Redes II,Lic. Martínez,martinez@uni.com,Telecom,B-202,Cancelado,Tarjeta
14849,María López,m.lopez@email.com,IA Aplicada,Dra. Chen,drchen@uni.com,Sistemas,C-303,Cancelado,Efectivo
14850,Laura Paz,l.paz@email.com,Redes II,Lic. Martínez,martinez@uni.com,Telecom,B-202,Cancelado,Tarjeta
14851,María López,m.lopez@email.com,Matemáticas III,Dr. Gómez,gomez@uni.com,Ciencias,D-404,Pagado,Transferencia
14852,Juan Pérez,juan.p@email.com,Base de Datos I,Ing. García,garcia@uni.com,Sistemas,A-101,Cancelado,Transferencia
14853,Elena Díaz,e.diaz@email.com,Base de Datos I,Ing. García,garcia@uni.com,Sistemas,A-101,Cancelado,Tarjeta
14854,Pedro Soto,psoto@email.com,Redes II,Lic. Martínez,martinez@uni.com,Telecom,B-202,Cancelado,Tarjeta
14855,Juan Pérez,juan.p@email.com,IA Aplicada,Dra. Chen,drchen@uni.com,Sistemas,C-303,Cancelado,Efectivo
14856,María López,m.lopez@email.com,Redes II,Lic. Martínez,martinez@uni.com,Telecom,B-202,Cancelado,Transferencia
14857,Ana Torres,ana.t@email.com,Base de Datos I,Ing. García,garcia@uni.com,Sistemas,A-101,Cancelado,Tarjeta
14858,Juan Pérez,juan.p@email.com,Matemáticas III,Dr. Gómez,gomez@uni.com,Ciencias,D-404,Pagado,Transferencia
14859,Luis Gómez,luis.g@email.com,IA Aplicada,Dra. Chen,drchen@uni.com,Sistemas,C-303,Cancelado,Transferencia
14860,Carlos Ruiz,cruiz@email.com,Redes II,Lic. Martínez,martinez@uni.com,Telecom,B-202,Cancelado,Transferencia
14861,Diego Luna,dluna@email.com,Redes II,Lic. Martínez,martinez@uni.com,Telecom,B-202,Cancelado,Tarjeta
14862,Carlos Ruiz,cruiz@email.com,IA Aplicada,Dra. Chen,drchen@uni.com,Sistemas,C-303,Cancelado,Transferencia
14863,Juan Pérez,juan.p@email.com,IA Aplicada,Dra. Chen,drchen@uni.com,Sistemas,C-303,Pendiente,Transferencia
14864,Laura Paz,l.paz@email.com,Matemáticas III,Dr. Gómez,gomez@uni.com,Ciencias,D-404,Pagado,Efectivo
14865,María López,m.lopez@email.com,Base de Datos I,Ing. García,garcia@uni.com,Sistemas,A-101,Pagado,Transferencia
14866,Diego Luna,dluna@email.com,IA Aplicada,Dra. Chen,drchen@uni.com,Sistemas,C-303,Pendiente,Transferencia
14867,María López,m.lopez@email.com,Redes II,Lic. Martínez,martinez@uni.com,Telecom,B-202,Pendiente,Tarjeta
14868,Sofía Vega,s.vega@email.com,IA Aplicada,Dra. Chen,drchen@uni.com,Sistemas,C-303,Pendiente,Tarjeta
14869,Pedro Soto,psoto@email.com,Redes II,Lic. Martínez,martinez@uni.com,Telecom,B-202,Pagado,Efectivo
14870,María López,m.lopez@email.com,Redes II,Lic. Martínez,martinez@uni.com,Telecom,B-202,Cancelado,Transferencia
14871,Juan Pérez,juan.p@email.com,Redes II,Lic. Martínez,martinez@uni.com,Telecom,B-202,Pagado,Efectivo
14872,Luis Gómez,luis.g@email.com,Base de Datos I,Ing. García,garcia@uni.com,Sistemas,A-101,Cancelado,Transferencia
14873,Pedro Soto,psoto@email.com,Redes II,Lic. Martínez,martinez@uni.com,Telecom,B-202,Pendiente,Tarjeta
14874,Luis Gómez,luis.g@email.com,IA Aplicada,Dra. Chen,drchen@uni.com,Sistemas,C-303,Pagado,Efectivo
14875,Ana Torres,ana.t@email.com,Redes II,Lic. Martínez,martinez@uni.com,Telecom,B-202,Pagado,Tarjeta
14876,Juan Pérez,juan.p@email.com,Base de Datos I,Ing. García,garcia@uni.com,Sistemas,A-101,Cancelado,Efectivo
14877,Carlos Ruiz,cruiz@email.com,Redes II,Lic. Martínez,martinez@uni.com,Telecom,B-202,Pendiente,Transferencia
14878,Elena Díaz,e.diaz@email.com,IA Aplicada,Dra. Chen,drchen@uni.com,Sistemas,C-303,Pendiente,Tarjeta
14879,Sofía Vega,s.vega@email.com,Base de Datos I,Ing. García,garcia@uni.com,Sistemas,A-101,Pagado,Efectivo
14880,Luis Gómez,luis.g@email.com,Matemáticas III,Dr. Gómez,gomez@uni.com,Ciencias,D-404,Pendiente,Efectivo
14881,María López,m.lopez@email.com,Redes II,Lic. Martínez,martinez@uni.com,Telecom,B-202,Pagado,Transferencia
14882,Juan Pérez,juan.p@email.com,IA Aplicada,Dra. Chen,drchen@uni.com,Sistemas,C-303,Cancelado,Efectivo
14883,Laura Paz,l.paz@email.com,Matemáticas III,Dr. Gómez,gomez@uni.com,Ciencias,D-404,Pagado,Tarjeta
14884,Ana Torres,ana.t@email.com,Base de Datos I,Ing. García,garcia@uni.com,Sistemas,A-101,Cancelado,Transferencia
14885,María López,m.lopez@email.com,Redes II,Lic. Martínez,martinez@uni.com,Telecom,B-202,Pagado,Efectivo
14886,Ana Torres,ana.t@email.com,Matemáticas III,Dr. Gómez,gomez@uni.com,Ciencias,D-404,Pendiente,Transferencia
14887,Juan Pérez,juan.p@email.com,Base de Datos I,Ing. García,garcia@uni.com,Sistemas,A-101,Pagado,Tarjeta
14888,Luis Gómez,luis.g@email.com,Matemáticas III,Dr. Gómez,gomez@uni.com,Ciencias,D-404,Pagado,Tarjeta
14889,Elena Díaz,e.diaz@email.com,Matemáticas III,Dr. Gómez,gomez@uni.com,Ciencias,D-404,Pagado,Transferencia
14890,Laura Paz,l.paz@email.com,IA Aplicada,Dra. Chen,drchen@uni.com,Sistemas,C-303,Pendiente,Tarjeta
14891,Carlos Ruiz,cruiz@email.com,IA Aplicada,Dra. Chen,drchen@uni.com,Sistemas,C-303,Pagado,Transferencia
14892,Elena Díaz,e.diaz@email.com,Matemáticas III,Dr. Gómez,gomez@uni.com,Ciencias,D-404,Pagado,Transferencia
14893,Juan Pérez,juan.p@email.com,IA Aplicada,Dra. Chen,drchen@uni.com,Sistemas,C-303,Pagado,Efectivo
14894,Carlos Ruiz,cruiz@email.com,Redes II,Lic. Martínez,martinez@uni.com,Telecom,B-202,Cancelado,Efectivo
14895,María López,m.lopez@email.com,IA Aplicada,Dra. Chen,drchen@uni.com,Sistemas,C-303,Cancelado,Efectivo
14896,Elena Díaz,e.diaz@email.com,IA Aplicada,Dra. Chen,drchen@uni.com,Sistemas,C-303,Pendiente,Tarjeta
14897,Juan Pérez,juan.p@email.com,Matemáticas III,Dr. Gómez,gomez@uni.com,Ciencias,D-404,Pagado,Tarjeta
14898,María López,m.lopez@email.com,Redes II,Lic. Martínez,martinez@uni.com,Telecom,B-202,Pendiente,Efectivo
14899,Sofía Vega,s.vega@email.com,Redes II,Lic. Martínez,martinez@uni.com,Telecom,B-202,Pendiente,Tarjeta
14900,Laura Paz,l.paz@email.com,Base de Datos I,Ing. García,garcia@uni.com,Sistemas,A-101,Cancelado,Efectivo
14901,María López,m.lopez@email.com,Redes II,Lic. Martínez,martinez@uni.com,Telecom,B-202,Cancelado,Tarjeta
14902,Sofía Vega,s.vega@email.com,Redes II,Lic. Martínez,martinez@uni.com,Telecom,B-202,Pendiente,Transferencia
14903,Sofía Vega,s.vega@email.com,Base de Datos I,Ing. García,garcia@uni.com,Sistemas,A-101,Pendiente,Tarjeta
14904,Pedro Soto,psoto@email.com,Matemáticas III,Dr. Gómez,gomez@uni.com,Ciencias,D-404,Pendiente,Tarjeta
14905,Luis Gómez,luis.g@email.com,Base de Datos I,Ing. García,garcia@uni.com,Sistemas,A-101,Pendiente,Tarjeta
14906,Laura Paz,l.paz@email.com,IA Aplicada,Dra. Chen,drchen@uni.com,Sistemas,C-303,Cancelado,Efectivo
14907,Diego Luna,dluna@email.com,Matemáticas III,Dr. Gómez,gomez@uni.com,Ciencias,D-404,Pendiente,Transferencia
14908,Pedro Soto,psoto@email.com,Matemáticas III,Dr. Gómez,gomez@uni.com,Ciencias,D-404,Cancelado,Transferencia
14909,Carlos Ruiz,cruiz@email.com,IA Aplicada,Dra. Chen,drchen@uni.com,Sistemas,C-303,Cancelado,Efectivo
14910,Carlos Ruiz,cruiz@email.com,Matemáticas III,Dr. Gómez,gomez@uni.com,Ciencias,D-404,Cancelado,Tarjeta
14911,Laura Paz,l.paz@email.com,Base de Datos I,Ing. García,garcia@uni.com,Sistemas,A-101,Pendiente,Tarjeta
14912,Pedro Soto,psoto@email.com,Redes II,Lic. Martínez,martinez@uni.com,Telecom,B-202,Pendiente,Transferencia
14913,Juan Pérez,juan.p@email.com,Base de Datos I,Ing. García,garcia@uni.com,Sistemas,A-101,Pagado,Efectivo
14914,Sofía Vega,s.vega@email.com,Base de Datos I,Ing. García,garcia@uni.com,Sistemas,A-101,Cancelado,Efectivo
14915,Pedro Soto,psoto@email.com,Redes II,Lic. Martínez,martinez@uni.com,Telecom,B-202,Pendiente,Tarjeta
14916,Carlos Ruiz,cruiz@email.com,Base de Datos I,Ing. García,garcia@uni.com,Sistemas,A-101,Pagado,Tarjeta
14917,Diego Luna,dluna@email.com,Matemáticas III,Dr. Gómez,gomez@uni.com,Ciencias,D-404,Cancelado,Efectivo
14918,Elena Díaz,e.diaz@email.com,Base de Datos I,Ing. García,garcia@uni.com,Sistemas,A-101,Cancelado,Efectivo
14919,Luis Gómez,luis.g@email.com,IA Aplicada,Dra. Chen,drchen@uni.com,Sistemas,C-303,Pendiente,Tarjeta
14920,Ana Torres,ana.t@email.com,IA Aplicada,Dra. Chen,drchen@uni.com,Sistemas,C-303,Pendiente,Transferencia
14921,Ana Torres,ana.t@email.com,Matemáticas III,Dr. Gómez,gomez@uni.com,Ciencias,D-404,Pendiente,Tarjeta
14922,María López,m.lopez@email.com,IA Aplicada,Dra. Chen,drchen@uni.com,Sistemas,C-303,Pagado,Efectivo
14923,Pedro Soto,psoto@email.com,Redes II,Lic. Martínez,martinez@uni.com,Telecom,B-202,Cancelado,Tarjeta
14924,Laura Paz,l.paz@email.com,Redes II,Lic. Martínez,martinez@uni.com,Telecom,B-202,Cancelado,Tarjeta
14925,Sofía Vega,s.vega@email.com,Base de Datos I,Ing. García,garcia@uni.com,Sistemas,A-101,Pendiente,Transferencia
14926,Laura Paz,l.paz@email.com,Base de Datos I,Ing. García,garcia@uni.com,Sistemas,A-101,Cancelado,Efectivo
14927,María López,m.lopez@email.com,Matemáticas III,Dr. Gómez,gomez@uni.com,Ciencias,D-404,Cancelado,Transferencia
14928,Laura Paz,l.paz@email.com,Matemáticas III,Dr. Gómez,gomez@uni.com,Ciencias,D-404,Cancelado,Tarjeta
14929,Pedro Soto,psoto@email.com,IA Aplicada,Dra. Chen,drchen@uni.com,Sistemas,C-303,Pendiente,Efectivo
14930,Carlos Ruiz,cruiz@email.com,Redes II,Lic. Martínez,martinez@uni.com,Telecom,B-202,Pendiente,Tarjeta
14931,Laura Paz,l.paz@email.com,IA Aplicada,Dra. Chen,drchen@uni.com,Sistemas,C-303,Pagado,Transferencia
14932,Pedro Soto,psoto@email.com,IA Aplicada,Dra. Chen,drchen@uni.com,Sistemas,C-303,Pagado,Transferencia
14933,Carlos Ruiz,cruiz@email.com,Base de Datos I,Ing. García,garcia@uni.com,Sistemas,A-101,Pendiente,Tarjeta
14934,Juan Pérez,juan.p@email.com,Base de Datos I,Ing. García,garcia@uni.com,Sistemas,A-101,Pendiente,Tarjeta
14935,Luis Gómez,luis.g@email.com,Matemáticas III,Dr. Gómez,gomez@uni.com,Ciencias,D-404,Pagado,Tarjeta
14936,Luis Gómez,luis.g@email.com,Redes II,Lic. Martínez,martinez@uni.com,Telecom,B-202,Cancelado,Efectivo
14937,María López,m.lopez@email.com,Base de Datos I,Ing. García,garcia@uni.com,Sistemas,A-101,Cancelado,Transferencia
14938,Juan Pérez,juan.p@email.com,Redes II,Lic. Martínez,martinez@uni.com,Telecom,B-202,Pendiente,Efectivo
14939,María López,m.lopez@email.com,Redes II,Lic. Martínez,martinez@uni.com,Telecom,B-202,Cancelado,Tarjeta
14940,Pedro Soto,psoto@email.com,Base de Datos I,Ing. García,garcia@uni.com,Sistemas,A-101,Cancelado,Efectivo
14941,Diego Luna,dluna@email.com,Base de Datos I,Ing. García,garcia@uni.com,Sistemas,A-101,Cancelado,Tarjeta
14942,Juan Pérez,juan.p@email.com,Redes II,Lic. Martínez,martinez@uni.com,Telecom,B-202,Pendiente,Efectivo
14943,Juan Pérez,juan.p@email.com,Matemáticas III,Dr. Gómez,gomez@uni.com,Ciencias,D-404,Pagado,Efectivo
14944,María López,m.lopez@email.com,Redes II,Lic. Martínez,martinez@uni.com,Telecom,B-202,Cancelado,Tarjeta
14945,Elena Díaz,e.diaz@email.com,IA Aplicada,Dra. Chen,drchen@uni.com,Sistemas,C-303,Pendiente,Transferencia
14946,Laura Paz,l.paz@email.com,Base de Datos I,Ing. García,garcia@uni.com,Sistemas,A-101,Pagado,Transferencia
14947,Juan Pérez,juan.p@email.com,Redes II,Lic. Martínez,martinez@uni.com,Telecom,B-202,Pendiente,Efectivo
14948,Elena Díaz,e.diaz@email.com,Base de Datos I,Ing. García,garcia@uni.com,Sistemas,A-101,Cancelado,Transferencia
14949,Sofía Vega,s.vega@email.com,IA Aplicada,Dra. Chen,drchen@uni.com,Sistemas,C-303,Cancelado,Transferencia
14950,Laura Paz,l.paz@email.com,Matemáticas III,Dr. Gómez,gomez@uni.com,Ciencias,D-404,Pendiente,Efectivo
14951,Pedro Soto,psoto@email.com,Redes II,Lic. Martínez,martinez@uni.com,Telecom,B-202,Pagado,Efectivo
14952,Ana Torres,ana.t@email.com,IA Aplicada,Dra. Chen,drchen@uni.com,Sistemas,C-303,Pendiente,Transferencia
14953,Laura Paz,l.paz@email.com,IA Aplicada,Dra. Chen,drchen@uni.com,Sistemas,C-303,Pagado,Transferencia
14954,Elena Díaz,e.diaz@email.com,Matemáticas III,Dr. Gómez,gomez@uni.com,Ciencias,D-404,Pendiente,Efectivo
14955,Pedro Soto,psoto@email.com,Redes II,Lic. Martínez,martinez@uni.com,Telecom,B-202,Pagado,Transferencia
14956,Laura Paz,l.paz@email.com,IA Aplicada,Dra. Chen,drchen@uni.com,Sistemas,C-303,Pagado,Efectivo
14957,Ana Torres,ana.t@email.com,IA Aplicada,Dra. Chen,drchen@uni.com,Sistemas,C-303,Pagado,Efectivo
14958,María López,m.lopez@email.com,Redes II,Lic. Martínez,martinez@uni.com,Telecom,B-202,Pendiente,Efectivo
14959,Elena Díaz,e.diaz@email.com,Base de Datos I,Ing. García,garcia@uni.com,Sistemas,A-101,Pendiente,Efectivo
14960,Laura Paz,l.paz@email.com,Redes II,Lic. Martínez,martinez@uni.com,Telecom,B-202,Pendiente,Efectivo
14961,Carlos Ruiz,cruiz@email.com,Redes II,Lic. Martínez,martinez@uni.com,Telecom,B-202,Cancelado,Transferencia
14962,Diego Luna,dluna@email.com,IA Aplicada,Dra. Chen,drchen@uni.com,Sistemas,C-303,Pagado,Tarjeta
14963,Diego Luna,dluna@email.com,IA Aplicada,Dra. Chen,drchen@uni.com,Sistemas,C-303,Cancelado,Transferencia
14964,Diego Luna,dluna@email.com,IA Aplicada,Dra. Chen,drchen@uni.com,Sistemas,C-303,Pendiente,Efectivo
14965,Sofía Vega,s.vega@email.com,Redes II,Lic. Martínez,martinez@uni.com,Telecom,B-202,Pagado,Tarjeta
14966,Luis Gómez,luis.g@email.com,Base de Datos I,Ing. García,garcia@uni.com,Sistemas,A-101,Pagado,Tarjeta
14967,Juan Pérez,juan.p@email.com,Redes II,Lic. Martínez,martinez@uni.com,Telecom,B-202,Cancelado,Tarjeta
14968,Diego Luna,dluna@email.com,Matemáticas III,Dr. Gómez,gomez@uni.com,Ciencias,D-404,Pagado,Transferencia
14969,María López,m.lopez@email.com,Base de Datos I,Ing. García,garcia@uni.com,Sistemas,A-101,Pendiente,Efectivo
14970,Juan Pérez,juan.p@email.com,Redes II,Lic. Martínez,martinez@uni.com,Telecom,B-202,Pendiente,Transferencia
14971,Pedro Soto,psoto@email.com,IA Aplicada,Dra. Chen,drchen@uni.com,Sistemas,C-303,Pendiente,Tarjeta
14972,Pedro Soto,psoto@email.com,Matemáticas III,Dr. Gómez,gomez@uni.com,Ciencias,D-404,Cancelado,Tarjeta
14973,Carlos Ruiz,cruiz@email.com,Base de Datos I,Ing. García,garcia@uni.com,Sistemas,A-101,Pagado,Tarjeta
14974,Pedro Soto,psoto@email.com,Redes II,Lic. Martínez,martinez@uni.com,Telecom,B-202,Pendiente,Tarjeta
14975,Pedro Soto,psoto@email.com,IA Aplicada,Dra. Chen,drchen@uni.com,Sistemas,C-303,Cancelado,Efectivo
14976,Pedro Soto,psoto@email.com,Matemáticas III,Dr. Gómez,gomez@uni.com,Ciencias,D-404,Pendiente,Efectivo
14977,Luis Gómez,luis.g@email.com,Matemáticas III,Dr. Gómez,gomez@uni.com,Ciencias,D-404,Cancelado,Transferencia
14978,Sofía Vega,s.vega@email.com,Redes II,Lic. Martínez,martinez@uni.com,Telecom,B-202,Pendiente,Transferencia
14979,Luis Gómez,luis.g@email.com,Redes II,Lic. Martínez,martinez@uni.com,Telecom,B-202,Pagado,Transferencia
14980,Sofía Vega,s.vega@email.com,Redes II,Lic. Martínez,martinez@uni.com,Telecom,B-202,Cancelado,Tarjeta
14981,Sofía Vega,s.vega@email.com,Matemáticas III,Dr. Gómez,gomez@uni.com,Ciencias,D-404,Pagado,Efectivo
14982,Juan Pérez,juan.p@email.com,Redes II,Lic. Martínez,martinez@uni.com,Telecom,B-202,Pagado,Efectivo
14983,Sofía Vega,s.vega@email.com,Redes II,Lic. Martínez,martinez@uni.com,Telecom,B-202,Cancelado,Transferencia
14984,Sofía Vega,s.vega@email.com,IA Aplicada,Dra. Chen,drchen@uni.com,Sistemas,C-303,Pagado,Transferencia
14985,Sofía Vega,s.vega@email.com,Base de Datos I,Ing. García,garcia@uni.com,Sistemas,A-101,Pendiente,Tarjeta
14986,Elena Díaz,e.diaz@email.com,Matemáticas III,Dr. Gómez,gomez@uni.com,Ciencias,D-404,Pagado,Tarjeta
14987,Luis Gómez,luis.g@email.com,Base de Datos I,Ing. García,garcia@uni.com,Sistemas,A-101,Cancelado,Efectivo
14988,Juan Pérez,juan.p@email.com,IA Aplicada,Dra. Chen,drchen@uni.com,Sistemas,C-303,Cancelado,Transferencia
14989,María López,m.lopez@email.com,Matemáticas III,Dr. Gómez,gomez@uni.com,Ciencias,D-404,Pagado,Transferencia
14990,Laura Paz,l.paz@email.com,Redes II,Lic. Martínez,martinez@uni.com,Telecom,B-202,Cancelado,Transferencia
14991,Diego Luna,dluna@email.com,Redes II,Lic. Martínez,martinez@uni.com,Telecom,B-202,Pagado,Tarjeta
14992,María López,m.lopez@email.com,Redes II,Lic. Martínez,martinez@uni.com,Telecom,B-202,Cancelado,Transferencia
14993,María López,m.lopez@email.com,IA Aplicada,Dra. Chen,drchen@uni.com,Sistemas,C-303,Pagado,Transferencia
14994,Juan Pérez,juan.p@email.com,IA Aplicada,Dra. Chen,drchen@uni.com,Sistemas,C-303,Pagado,Transferencia
14995,Ana Torres,ana.t@email.com,Matemáticas III,Dr. Gómez,gomez@uni.com,Ciencias,D-404,Pendiente,Tarjeta
14996,Pedro Soto,psoto@email.com,Matemáticas III,Dr. Gómez,gomez@uni.com,Ciencias,D-404,Pendiente,Efectivo
14997,Elena Díaz,e.diaz@email.com,Matemáticas III,Dr. Gómez,gomez@uni.com,Ciencias,D-404,Cancelado,Tarjeta
14998,Diego Luna,dluna@email.com,Matemáticas III,Dr. Gómez,gomez@uni.com,Ciencias,D-404,Cancelado,Efectivo
14999,Laura Paz,l.paz@email.com,Redes II,Lic. Martínez,martinez@uni.com,Telecom,B-202,Pendiente,Transferencia
15000,María López,m.lopez@email.com,IA Aplicada,Dra. Chen,drchen@uni.com,Sistemas,C-303,Pagado,Tarjeta
15001,Luis Gómez,luis.g@email.com,Redes II,Lic. Martínez,martinez@uni.com,Telecom,B-202,Pendiente,Transferencia
15002,Diego Luna,dluna@email.com,IA Aplicada,Dra. Chen,drchen@uni.com,Sistemas,C-303,Cancelado,Transferencia
15003,María López,m.lopez@email.com,IA Aplicada,Dra. Chen,drchen@uni.com,Sistemas,C-303,Cancelado,Efectivo
15004,Pedro Soto,psoto@email.com,Matemáticas III,Dr. Gómez,gomez@uni.com,Ciencias,D-404,Pagado,Tarjeta
15005,Carlos Ruiz,cruiz@email.com,IA Aplicada,Dra. Chen,drchen@uni.com,Sistemas,C-303,Cancelado,Transferencia
15006,Laura Paz,l.paz@email.com,Matemáticas III,Dr. Gómez,gomez@uni.com,Ciencias,D-404,Cancelado,Tarjeta
15007,Juan Pérez,juan.p@email.com,Base de Datos I,Ing. García,garcia@uni.com,Sistemas,A-101,Pendiente,Efectivo
15008,Carlos Ruiz,cruiz@email.com,IA Aplicada,Dra. Chen,drchen@uni.com,Sistemas,C-303,Cancelado,Tarjeta
15009,Juan Pérez,juan.p@email.com,Matemáticas III,Dr. Gómez,gomez@uni.com,Ciencias,D-404,Pendiente,Efectivo
15010,Pedro Soto,psoto@email.com,Base de Datos I,Ing. García,garcia@uni.com,Sistemas,A-101,Pendiente,Efectivo
15011,Pedro Soto,psoto@email.com,Redes II,Lic. Martínez,martinez@uni.com,Telecom,B-202,Pendiente,Tarjeta
15012,Luis Gómez,luis.g@email.com,Redes II,Lic. Martínez,martinez@uni.com,Telecom,B-202,Pagado,Efectivo
15013,Diego Luna,dluna@email.com,IA Aplicada,Dra. Chen,drchen@uni.com,Sistemas,C-303,Cancelado,Tarjeta
15014,Sofía Vega,s.vega@email.com,Matemáticas III,Dr. Gómez,gomez@uni.com,Ciencias,D-404,Pagado,Efectivo
15015,Juan Pérez,juan.p@email.com,Matemáticas III,Dr. Gómez,gomez@uni.com,Ciencias,D-404,Pendiente,Efectivo
15016,Ana Torres,ana.t@email.com,Matemáticas III,Dr. Gómez,gomez@uni.com,Ciencias,D-404,Cancelado,Transferencia
15017,Sofía Vega,s.vega@email.com,Base de Datos I,Ing. García,garcia@uni.com,Sistemas,A-101,Pagado,Efectivo
15018,Pedro Soto,psoto@email.com,Matemáticas III,Dr. Gómez,gomez@uni.com,Ciencias,D-404,Pagado,Tarjeta
15019,Pedro Soto,psoto@email.com,Matemáticas III,Dr. Gómez,gomez@uni.com,Ciencias,D-404,Cancelado,Transferencia
15020,Laura Paz,l.paz@email.com,Redes II,Lic. Martínez,martinez@uni.com,Telecom,B-202,Cancelado,Tarjeta
15021,Juan Pérez,juan.p@email.com,Matemáticas III,Dr. Gómez,gomez@uni.com,Ciencias,D-404,Cancelado,Tarjeta
15022,Elena Díaz,e.diaz@email.com,Redes II,Lic. Martínez,martinez@uni.com,Telecom,B-202,Pagado,Efectivo
15023,María López,m.lopez@email.com,Base de Datos I,Ing. García,garcia@uni.com,Sistemas,A-101,Cancelado,Transferencia
15024,Laura Paz,l.paz@email.com,Redes II,Lic. Martínez,martinez@uni.com,Telecom,B-202,Pendiente,Transferencia
15025,Juan Pérez,juan.p@email.com,IA Aplicada,Dra. Chen,drchen@uni.com,Sistemas,C-303,Pagado,Tarjeta
15026,Sofía Vega,s.vega@email.com,Matemáticas III,Dr. Gómez,gomez@uni.com,Ciencias,D-404,Pagado,Transferencia
15027,María López,m.lopez@email.com,IA Aplicada,Dra. Chen,drchen@uni.com,Sistemas,C-303,Pendiente,Tarjeta
15028,Pedro Soto,psoto@email.com,IA Aplicada,Dra. Chen,drchen@uni.com,Sistemas,C-303,Cancelado,Tarjeta
15029,Laura Paz,l.paz@email.com,Matemáticas III,Dr. Gómez,gomez@uni.com,Ciencias,D-404,Pendiente,Tarjeta
15030,Pedro Soto,psoto@email.com,IA Aplicada,Dra. Chen,drchen@uni.com,Sistemas,C-303,Cancelado,Transferencia
15031,Diego Luna,dluna@email.com,Redes II,Lic. Martínez,martinez@uni.com,Telecom,B-202,Cancelado,Transferencia
15032,Pedro Soto,psoto@email.com,Redes II,Lic. Martínez,martinez@uni.com,Telecom,B-202,Pagado,Efectivo
15033,Luis Gómez,luis.g@email.com,IA Aplicada,Dra. Chen,drchen@uni.com,Sistemas,C-303,Pendiente,Tarjeta
15034,Carlos Ruiz,cruiz@email.com,IA Aplicada,Dra. Chen,drchen@uni.com,Sistemas,C-303,Pagado,Tarjeta
15035,Luis Gómez,luis.g@email.com,IA Aplicada,Dra. Chen,drchen@uni.com,Sistemas,C-303,Pendiente,Efectivo
15036,Pedro Soto,psoto@email.com,Matemáticas III,Dr. Gómez,gomez@uni.com,Ciencias,D-404,Cancelado,Efectivo
15037,María López,m.lopez@email.com,Base de Datos I,Ing. García,garcia@uni.com,Sistemas,A-101,Cancelado,Tarjeta
15038,Juan Pérez,juan.p@email.com,Base de Datos I,Ing. García,garcia@uni.com,Sistemas,A-101,Pagado,Transferencia
15039,Juan Pérez,juan.p@email.com,IA Aplicada,Dra. Chen,drchen@uni.com,Sistemas,C-303,Pendiente,Tarjeta
15040,María López,m.lopez@email.com,IA Aplicada,Dra. Chen,drchen@uni.com,Sistemas,C-303,Pagado,Tarjeta
15041,Laura Paz,l.paz@email.com,Matemáticas III,Dr. Gómez,gomez@uni.com,Ciencias,D-404,Pagado,Tarjeta
15042,Juan Pérez,juan.p@email.com,IA Aplicada,Dra. Chen,drchen@uni.com,Sistemas,C-303,Pendiente,Efectivo
15043,Juan Pérez,juan.p@email.com,IA Aplicada,Dra. Chen,drchen@uni.com,Sistemas,C-303,Pagado,Tarjeta
15044,Pedro Soto,psoto@email.com,IA Aplicada,Dra. Chen,drchen@uni.com,Sistemas,C-303,Cancelado,Efectivo
15045,María López,m.lopez@email.com,Base de Datos I,Ing. García,garcia@uni.com,Sistemas,A-101,Cancelado,Transferencia
15046,Sofía Vega,s.vega@email.com,Base de Datos I,Ing. García,garcia@uni.com,Sistemas,A-101,Pagado,Transferencia
15047,Diego Luna,dluna@email.com,Redes II,Lic. Martínez,martinez@uni.com,Telecom,B-202,Cancelado,Efectivo
15048,Ana Torres,ana.t@email.com,Base de Datos I,Ing. García,garcia@uni.com,Sistemas,A-101,Pagado,Tarjeta
15049,Carlos Ruiz,cruiz@email.com,Base de Datos I,Ing. García,garcia@uni.com,Sistemas,A-101,Pendiente,Efectivo
15050,Ana Torres,ana.t@email.com,IA Aplicada,Dra. Chen,drchen@uni.com,Sistemas,C-303,Pendiente,Efectivo
15051,Elena Díaz,e.diaz@email.com,Matemáticas III,Dr. Gómez,gomez@uni.com,Ciencias,D-404,Cancelado,Transferencia
15052,Elena Díaz,e.diaz@email.com,Redes II,Lic. Martínez,martinez@uni.com,Telecom,B-202,Pagado,Efectivo
15053,Sofía Vega,s.vega@email.com,IA Aplicada,Dra. Chen,drchen@uni.com,Sistemas,C-303,Cancelado,Efectivo
15054,Diego Luna,dluna@email.com,Base de Datos I,Ing. García,garcia@uni.com,Sistemas,A-101,Pendiente,Efectivo
15055,Diego Luna,dluna@email.com,Matemáticas III,Dr. Gómez,gomez@uni.com,Ciencias,D-404,Pagado,Transferencia
15056,Diego Luna,dluna@email.com,Matemáticas III,Dr. Gómez,gomez@uni.com,Ciencias,D-404,Pendiente,Transferencia
15057,María López,m.lopez@email.com,Base de Datos I,Ing. García,garcia@uni.com,Sistemas,A-101,Cancelado,Tarjeta
15058,Elena Díaz,e.diaz@email.com,Base de Datos I,Ing. García,garcia@uni.com,Sistemas,A-101,Pendiente,Tarjeta
15059,Pedro Soto,psoto@email.com,IA Aplicada,Dra. Chen,drchen@uni.com,Sistemas,C-303,Pendiente,Efectivo
15060,Juan Pérez,juan.p@email.com,Base de Datos I,Ing. García,garcia@uni.com,Sistemas,A-101,Pagado,Tarjeta
15061,Elena Díaz,e.diaz@email.com,Redes II,Lic. Martínez,martinez@uni.com,Telecom,B-202,Cancelado,Tarjeta
15062,Elena Díaz,e.diaz@email.com,Redes II,Lic. Martínez,martinez@uni.com,Telecom,B-202,Pendiente,Efectivo
15063,Ana Torres,ana.t@email.com,IA Aplicada,Dra. Chen,drchen@uni.com,Sistemas,C-303,Pendiente,Transferencia
15064,Luis Gómez,luis.g@email.com,Redes II,Lic. Martínez,martinez@uni.com,Telecom,B-202,Pendiente,Efectivo
15065,Juan Pérez,juan.p@email.com,Redes II,Lic. Martínez,martinez@uni.com,Telecom,B-202,Pendiente,Tarjeta
15066,Juan Pérez,juan.p@email.com,IA Aplicada,Dra. Chen,drchen@uni.com,Sistemas,C-303,Cancelado,Efectivo
15067,María López,m.lopez@email.com,Matemáticas III,Dr. Gómez,gomez@uni.com,Ciencias,D-404,Pendiente,Tarjeta
15068,Sofía Vega,s.vega@email.com,IA Aplicada,Dra. Chen,drchen@uni.com,Sistemas,C-303,Cancelado,Transferencia
15069,Ana Torres,ana.t@email.com,IA Aplicada,Dra. Chen,drchen@uni.com,Sistemas,C-303,Pagado,Transferencia
15070,Ana Torres,ana.t@email.com,Base de Datos I,Ing. García,garcia@uni.com,Sistemas,A-101,Pendiente,Tarjeta
15071,Ana Torres,ana.t@email.com,Base de Datos I,Ing. García,garcia@uni.com,Sistemas,A-101,Pagado,Transferencia
15072,Ana Torres,ana.t@email.com,IA Aplicada,Dra. Chen,drchen@uni.com,Sistemas,C-303,Pagado,Transferencia
15073,Diego Luna,dluna@email.com,IA Aplicada,Dra. Chen,drchen@uni.com,Sistemas,C-303,Pagado,Tarjeta
15074,Juan Pérez,juan.p@email.com,IA Aplicada,Dra. Chen,drchen@uni.com,Sistemas,C-303,Cancelado,Transferencia
15075,Diego Luna,dluna@email.com,IA Aplicada,Dra. Chen,drchen@uni.com,Sistemas,C-303,Pendiente,Efectivo
15076,Luis Gómez,luis.g@email.com,Matemáticas III,Dr. Gómez,gomez@uni.com,Ciencias,D-404,Pendiente,Transferencia
15077,Ana Torres,ana.t@email.com,Redes II,Lic. Martínez,martinez@uni.com,Telecom,B-202,Pagado,Tarjeta
15078,Laura Paz,l.paz@email.com,Matemáticas III,Dr. Gómez,gomez@uni.com,Ciencias,D-404,Cancelado,Tarjeta
15079,Sofía Vega,s.vega@email.com,Redes II,Lic. Martínez,martinez@uni.com,Telecom,B-202,Pagado,Tarjeta
15080,Diego Luna,dluna@email.com,Matemáticas III,Dr. Gómez,gomez@uni.com,Ciencias,D-404,Cancelado,Efectivo
15081,Luis Gómez,luis.g@email.com,Redes II,Lic. Martínez,martinez@uni.com,Telecom,B-202,Pendiente,Efectivo
15082,Laura Paz,l.paz@email.com,Redes II,Lic. Martínez,martinez@uni.com,Telecom,B-202,Cancelado,Efectivo
15083,Elena Díaz,e.diaz@email.com,Matemáticas III,Dr. Gómez,gomez@uni.com,Ciencias,D-404,Pagado,Efectivo
15084,Pedro Soto,psoto@email.com,Redes II,Lic. Martínez,martinez@uni.com,Telecom,B-202,Cancelado,Tarjeta
15085,Elena Díaz,e.diaz@email.com,Redes II,Lic. Martínez,martinez@uni.com,Telecom,B-202,Pendiente,Transferencia
15086,Elena Díaz,e.diaz@email.com,IA Aplicada,Dra. Chen,drchen@uni.com,Sistemas,C-303,Pagado,Transferencia
15087,Diego Luna,dluna@email.com,IA Aplicada,Dra. Chen,drchen@uni.com,Sistemas,C-303,Pendiente,Efectivo
15088,Diego Luna,dluna@email.com,IA Aplicada,Dra. Chen,drchen@uni.com,Sistemas,C-303,Pagado,Tarjeta
15089,Ana Torres,ana.t@email.com,Redes II,Lic. Martínez,martinez@uni.com,Telecom,B-202,Pagado,Efectivo
15090,Sofía Vega,s.vega@email.com,Matemáticas III,Dr. Gómez,gomez@uni.com,Ciencias,D-404,Pagado,Transferencia
15091,Laura Paz,l.paz@email.com,Redes II,Lic. Martínez,martinez@uni.com,Telecom,B-202,Cancelado,Tarjeta
15092,Elena Díaz,e.diaz@email.com,IA Aplicada,Dra. Chen,drchen@uni.com,Sistemas,C-303,Pendiente,Efectivo
15093,Diego Luna,dluna@email.com,IA Aplicada,Dra. Chen,drchen@uni.com,Sistemas,C-303,Pagado,Efectivo
15094,Juan Pérez,juan.p@email.com,Redes II,Lic. Martínez,martinez@uni.com,Telecom,B-202,Pagado,Efectivo
15095,Elena Díaz,e.diaz@email.com,IA Aplicada,Dra. Chen,drchen@uni.com,Sistemas,C-303,Cancelado,Transferencia
15096,María López,m.lopez@email.com,Redes II,Lic. Martínez,martinez@uni.com,Telecom,B-202,Pendiente,Transferencia
15097,Pedro Soto,psoto@email.com,Matemáticas III,Dr. Gómez,gomez@uni.com,Ciencias,D-404,Pagado,Transferencia
15098,Carlos Ruiz,cruiz@email.com,Redes II,Lic. Martínez,martinez@uni.com,Telecom,B-202,Pendiente,Efectivo
15099,Elena Díaz,e.diaz@email.com,IA Aplicada,Dra. Chen,drchen@uni.com,Sistemas,C-303,Pagado,Tarjeta
15100,Juan Pérez,juan.p@email.com,Redes II,Lic. Martínez,martinez@uni.com,Telecom,B-202,Cancelado,Tarjeta
15101,Laura Paz,l.paz@email.com,Matemáticas III,Dr. Gómez,gomez@uni.com,Ciencias,D-404,Pagado,Transferencia
15102,Ana Torres,ana.t@email.com,Matemáticas III,Dr. Gómez,gomez@uni.com,Ciencias,D-404,Pendiente,Transferencia
15103,Juan Pérez,juan.p@email.com,IA Aplicada,Dra. Chen,drchen@uni.com,Sistemas,C-303,Pagado,Transferencia
15104,Diego Luna,dluna@email.com,Matemáticas III,Dr. Gómez,gomez@uni.com,Ciencias,D-404,Pendiente,Efectivo
15105,Diego Luna,dluna@email.com,Matemáticas III,Dr. Gómez,gomez@uni.com,Ciencias,D-404,Pagado,Efectivo
15106,Elena Díaz,e.diaz@email.com,Redes II,Lic. Martínez,martinez@uni.com,Telecom,B-202,Pendiente,Efectivo
15107,Laura Paz,l.paz@email.com,Matemáticas III,Dr. Gómez,gomez@uni.com,Ciencias,D-404,Pagado,Transferencia
15108,Juan Pérez,juan.p@email.com,Base de Datos I,Ing. García,garcia@uni.com,Sistemas,A-101,Pendiente,Efectivo
15109,Luis Gómez,luis.g@email.com,Base de Datos I,Ing. García,garcia@uni.com,Sistemas,A-101,Pendiente,Tarjeta
15110,María López,m.lopez@email.com,IA Aplicada,Dra. Chen,drchen@uni.com,Sistemas,C-303,Cancelado,Efectivo
15111,Elena Díaz,e.diaz@email.com,IA Aplicada,Dra. Chen,drchen@uni.com,Sistemas,C-303,Cancelado,Efectivo
15112,Carlos Ruiz,cruiz@email.com,Base de Datos I,Ing. García,garcia@uni.com,Sistemas,A-101,Pagado,Tarjeta
15113,Carlos Ruiz,cruiz@email.com,Base de Datos I,Ing. García,garcia@uni.com,Sistemas,A-101,Pagado,Tarjeta
15114,María López,m.lopez@email.com,Redes II,Lic. Martínez,martinez@uni.com,Telecom,B-202,Pendiente,Transferencia
15115,María López,m.lopez@email.com,Redes II,Lic. Martínez,martinez@uni.com,Telecom,B-202,Pagado,Transferencia
15116,Carlos Ruiz,cruiz@email.com,Redes II,Lic. Martínez,martinez@uni.com,Telecom,B-202,Cancelado,Tarjeta
15117,Sofía Vega,s.vega@email.com,Matemáticas III,Dr. Gómez,gomez@uni.com,Ciencias,D-404,Pendiente,Efectivo
15118,Diego Luna,dluna@email.com,Base de Datos I,Ing. García,garcia@uni.com,Sistemas,A-101,Cancelado,Tarjeta
15119,Elena Díaz,e.diaz@email.com,Redes II,Lic. Martínez,martinez@uni.com,Telecom,B-202,Cancelado,Tarjeta
15120,Ana Torres,ana.t@email.com,Base de Datos I,Ing. García,garcia@uni.com,Sistemas,A-101,Pendiente,Tarjeta
15121,Diego Luna,dluna@email.com,Redes II,Lic. Martínez,martinez@uni.com,Telecom,B-202,Cancelado,Tarjeta
15122,Elena Díaz,e.diaz@email.com,Base de Datos I,Ing. García,garcia@uni.com,Sistemas,A-101,Cancelado,Tarjeta
15123,María López,m.lopez@email.com,Matemáticas III,Dr. Gómez,gomez@uni.com,Ciencias,D-404,Cancelado,Transferencia
15124,Ana Torres,ana.t@email.com,Matemáticas III,Dr. Gómez,gomez@uni.com,Ciencias,D-404,Cancelado,Transferencia
15125,Juan Pérez,juan.p@email.com,Base de Datos I,Ing. García,garcia@uni.com,Sistemas,A-101,Cancelado,Tarjeta
15126,María López,m.lopez@email.com,Matemáticas III,Dr. Gómez,gomez@uni.com,Ciencias,D-404,Pagado,Transferencia
15127,Diego Luna,dluna@email.com,Redes II,Lic. Martínez,martinez@uni.com,Telecom,B-202,Cancelado,Efectivo
15128,Diego Luna,dluna@email.com,Matemáticas III,Dr. Gómez,gomez@uni.com,Ciencias,D-404,Cancelado,Tarjeta
15129,Ana Torres,ana.t@email.com,IA Aplicada,Dra. Chen,drchen@uni.com,Sistemas,C-303,Pendiente,Tarjeta
15130,Ana Torres,ana.t@email.com,Redes II,Lic. Martínez,martinez@uni.com,Telecom,B-202,Pagado,Efectivo
15131,María López,m.lopez@email.com,Base de Datos I,Ing. García,garcia@uni.com,Sistemas,A-101,Pendiente,Efectivo
15132,Luis Gómez,luis.g@email.com,Redes II,Lic. Martínez,martinez@uni.com,Telecom,B-202,Pagado,Efectivo
15133,Ana Torres,ana.t@email.com,Matemáticas III,Dr. Gómez,gomez@uni.com,Ciencias,D-404,Cancelado,Efectivo
15134,Elena Díaz,e.diaz@email.com,Base de Datos I,Ing. García,garcia@uni.com,Sistemas,A-101,Cancelado,Efectivo
15135,Ana Torres,ana.t@email.com,Redes II,Lic. Martínez,martinez@uni.com,Telecom,B-202,Cancelado,Transferencia
15136,Sofía Vega,s.vega@email.com,Base de Datos I,Ing. García,garcia@uni.com,Sistemas,A-101,Cancelado,Tarjeta
15137,María López,m.lopez@email.com,Redes II,Lic. Martínez,martinez@uni.com,Telecom,B-202,Pagado,Tarjeta
15138,Elena Díaz,e.diaz@email.com,Base de Datos I,Ing. García,garcia@uni.com,Sistemas,A-101,Cancelado,Efectivo
15139,Laura Paz,l.paz@email.com,Redes II,Lic. Martínez,martinez@uni.com,Telecom,B-202,Pendiente,Efectivo
15140,Sofía Vega,s.vega@email.com,Redes II,Lic. Martínez,martinez@uni.com,Telecom,B-202,Pagado,Transferencia
15141,Elena Díaz,e.diaz@email.com,Redes II,Lic. Martínez,martinez@uni.com,Telecom,B-202,Cancelado,Efectivo
15142,Luis Gómez,luis.g@email.com,Base de Datos I,Ing. García,garcia@uni.com,Sistemas,A-101,Pagado,Tarjeta
15143,Luis Gómez,luis.g@email.com,IA Aplicada,Dra. Chen,drchen@uni.com,Sistemas,C-303,Pendiente,Efectivo
15144,Carlos Ruiz,cruiz@email.com,Redes II,Lic. Martínez,martinez@uni.com,Telecom,B-202,Cancelado,Tarjeta
15145,Pedro Soto,psoto@email.com,Redes II,Lic. Martínez,martinez@uni.com,Telecom,B-202,Pendiente,Efectivo
15146,Juan Pérez,juan.p@email.com,Matemáticas III,Dr. Gómez,gomez@uni.com,Ciencias,D-404,Pendiente,Tarjeta
15147,Sofía Vega,s.vega@email.com,Matemáticas III,Dr. Gómez,gomez@uni.com,Ciencias,D-404,Cancelado,Tarjeta
15148,Sofía Vega,s.vega@email.com,IA Aplicada,Dra. Chen,drchen@uni.com,Sistemas,C-303,Cancelado,Tarjeta
15149,María López,m.lopez@email.com,IA Aplicada,Dra. Chen,drchen@uni.com,Sistemas,C-303,Pagado,Efectivo
15150,Juan Pérez,juan.p@email.com,Matemáticas III,Dr. Gómez,gomez@uni.com,Ciencias,D-404,Pagado,Transferencia
15151,Ana Torres,ana.t@email.com,Base de Datos I,Ing. García,garcia@uni.com,Sistemas,A-101,Cancelado,Tarjeta
15152,Pedro Soto,psoto@email.com,IA Aplicada,Dra. Chen,drchen@uni.com,Sistemas,C-303,Pendiente,Tarjeta
15153,María López,m.lopez@email.com,Redes II,Lic. Martínez,martinez@uni.com,Telecom,B-202,Pagado,Tarjeta
15154,Pedro Soto,psoto@email.com,Redes II,Lic. Martínez,martinez@uni.com,Telecom,B-202,Cancelado,Efectivo
15155,Diego Luna,dluna@email.com,Matemáticas III,Dr. Gómez,gomez@uni.com,Ciencias,D-404,Pendiente,Transferencia
15156,Sofía Vega,s.vega@email.com,Base de Datos I,Ing. García,garcia@uni.com,Sistemas,A-101,Cancelado,Efectivo
15157,Elena Díaz,e.diaz@email.com,Base de Datos I,Ing. García,garcia@uni.com,Sistemas,A-101,Pendiente,Transferencia
15158,Sofía Vega,s.vega@email.com,Redes II,Lic. Martínez,martinez@uni.com,Telecom,B-202,Pagado,Efectivo
15159,Luis Gómez,luis.g@email.com,Base de Datos I,Ing. García,garcia@uni.com,Sistemas,A-101,Pendiente,Transferencia
15160,Luis Gómez,luis.g@email.com,Matemáticas III,Dr. Gómez,gomez@uni.com,Ciencias,D-404,Pendiente,Tarjeta
15161,Sofía Vega,s.vega@email.com,Base de Datos I,Ing. García,garcia@uni.com,Sistemas,A-101,Pagado,Transferencia
15162,Ana Torres,ana.t@email.com,Base de Datos I,Ing. García,garcia@uni.com,Sistemas,A-101,Pendiente,Efectivo
15163,Sofía Vega,s.vega@email.com,Redes II,Lic. Martínez,martinez@uni.com,Telecom,B-202,Pendiente,Efectivo
15164,Diego Luna,dluna@email.com,Base de Datos I,Ing. García,garcia@uni.com,Sistemas,A-101,Pendiente,Efectivo
15165,Laura Paz,l.paz@email.com,IA Aplicada,Dra. Chen,drchen@uni.com,Sistemas,C-303,Pendiente,Efectivo
15166,Pedro Soto,psoto@email.com,IA Aplicada,Dra. Chen,drchen@uni.com,Sistemas,C-303,Pendiente,Tarjeta
15167,Carlos Ruiz,cruiz@email.com,Base de Datos I,Ing. García,garcia@uni.com,Sistemas,A-101,Cancelado,Efectivo
15168,Pedro Soto,psoto@email.com,IA Aplicada,Dra. Chen,drchen@uni.com,Sistemas,C-303,Pendiente,Transferencia
15169,Juan Pérez,juan.p@email.com,Base de Datos I,Ing. García,garcia@uni.com,Sistemas,A-101,Pendiente,Efectivo
15170,Diego Luna,dluna@email.com,Base de Datos I,Ing. García,garcia@uni.com,Sistemas,A-101,Pendiente,Efectivo
15171,Laura Paz,l.paz@email.com,IA Aplicada,Dra. Chen,drchen@uni.com,Sistemas,C-303,Cancelado,Efectivo
15172,Carlos Ruiz,cruiz@email.com,Redes II,Lic. Martínez,martinez@uni.com,Telecom,B-202,Pagado,Efectivo
15173,Juan Pérez,juan.p@email.com,Redes II,Lic. Martínez,martinez@uni.com,Telecom,B-202,Cancelado,Efectivo
15174,Luis Gómez,luis.g@email.com,Base de Datos I,Ing. García,garcia@uni.com,Sistemas,A-101,Pagado,Transferencia
15175,Juan Pérez,juan.p@email.com,IA Aplicada,Dra. Chen,drchen@uni.com,Sistemas,C-303,Pagado,Transferencia
15176,Sofía Vega,s.vega@email.com,IA Aplicada,Dra. Chen,drchen@uni.com,Sistemas,C-303,Pagado,Tarjeta
15177,Juan Pérez,juan.p@email.com,IA Aplicada,Dra. Chen,drchen@uni.com,Sistemas,C-303,Cancelado,Tarjeta
15178,Carlos Ruiz,cruiz@email.com,Redes II,Lic. Martínez,martinez@uni.com,Telecom,B-202,Pendiente,Transferencia
15179,Carlos Ruiz,cruiz@email.com,IA Aplicada,Dra. Chen,drchen@uni.com,Sistemas,C-303,Cancelado,Efectivo
15180,María López,m.lopez@email.com,Matemáticas III,Dr. Gómez,gomez@uni.com,Ciencias,D-404,Pendiente,Efectivo
15181,Laura Paz,l.paz@email.com,Base de Datos I,Ing. García,garcia@uni.com,Sistemas,A-101,Pendiente,Tarjeta
15182,María López,m.lopez@email.com,IA Aplicada,Dra. Chen,drchen@uni.com,Sistemas,C-303,Pagado,Efectivo
15183,Laura Paz,l.paz@email.com,Base de Datos I,Ing. García,garcia@uni.com,Sistemas,A-101,Pendiente,Transferencia
15184,Laura Paz,l.paz@email.com,IA Aplicada,Dra. Chen,drchen@uni.com,Sistemas,C-303,Pagado,Transferencia
15185,Sofía Vega,s.vega@email.com,IA Aplicada,Dra. Chen,drchen@uni.com,Sistemas,C-303,Pagado,Transferencia
15186,Elena Díaz,e.diaz@email.com,Redes II,Lic. Martínez,martinez@uni.com,Telecom,B-202,Pagado,Tarjeta
15187,María López,m.lopez@email.com,Base de Datos I,Ing. García,garcia@uni.com,Sistemas,A-101,Cancelado,Tarjeta
15188,Laura Paz,l.paz@email.com,Redes II,Lic. Martínez,martinez@uni.com,Telecom,B-202,Cancelado,Tarjeta
15189,María López,m.lopez@email.com,IA Aplicada,Dra. Chen,drchen@uni.com,Sistemas,C-303,Pagado,Efectivo
15190,Carlos Ruiz,cruiz@email.com,Matemáticas III,Dr. Gómez,gomez@uni.com,Ciencias,D-404,Pagado,Efectivo
15191,Laura Paz,l.paz@email.com,Redes II,Lic. Martínez,martinez@uni.com,Telecom,B-202,Pagado,Transferencia
15192,Carlos Ruiz,cruiz@email.com,Redes II,Lic. Martínez,martinez@uni.com,Telecom,B-202,Cancelado,Efectivo
15193,Pedro Soto,psoto@email.com,IA Aplicada,Dra. Chen,drchen@uni.com,Sistemas,C-303,Pagado,Efectivo
15194,Luis Gómez,luis.g@email.com,Redes II,Lic. Martínez,martinez@uni.com,Telecom,B-202,Pagado,Efectivo
15195,Sofía Vega,s.vega@email.com,IA Aplicada,Dra. Chen,drchen@uni.com,Sistemas,C-303,Cancelado,Transferencia
15196,Ana Torres,ana.t@email.com,IA Aplicada,Dra. Chen,drchen@uni.com,Sistemas,C-303,Pendiente,Tarjeta
15197,Laura Paz,l.paz@email.com,Base de Datos I,Ing. García,garcia@uni.com,Sistemas,A-101,Cancelado,Tarjeta
15198,Elena Díaz,e.diaz@email.com,Redes II,Lic. Martínez,martinez@uni.com,Telecom,B-202,Pagado,Transferencia
15199,Laura Paz,l.paz@email.com,Base de Datos I,Ing. García,garcia@uni.com,Sistemas,A-101,Pendiente,Efectivo
15200,Ana Torres,ana.t@email.com,IA Aplicada,Dra. Chen,drchen@uni.com,Sistemas,C-303,Pagado,Transferencia
